asin,idea_list_titles,stable_meta_labels,idea_list_count,warning
0062126857,COFFEE TABLE BOOKS,IL_1NFO0QLH5HS6Y,1,
0062955861,COFFEE TABLE BOOKS,IL_1NFO0QLH5HS6Y,1,
0300254644,COFFEE TABLE BOOKS,IL_1NFO0QLH5HS6Y,1,
0307887987,BRIDE- Spoil Her for the Big Day!,IL_3R1F2KZC9BJXJ,1,
0385345267,COFFEE TABLE BOOKS,IL_1NFO0QLH5HS6Y,1,
0399579079,COFFEE TABLE BOOKS,IL_1NFO0QLH5HS6Y,1,
0500021546,COFFEE TABLE BOOKS,IL_1NFO0QLH5HS6Y,1,
0500513600,COFFEE TABLE BOOKS,IL_1NFO0QLH5HS6Y,1,
0525577076,GIFTS UNDER $25|PANTRY Organization,IL_1MKYF1CAY9E8G|IL_OJUSIV7RIXZX,2,
0593139313,COFFEE TABLE BOOKS,IL_1NFO0QLH5HS6Y,1,
0593232550,PANTRY Organization,IL_1MKYF1CAY9E8G,1,
0593235525,COFFEE TABLE BOOKS,IL_1NFO0QLH5HS6Y,1,
0593652886,COFFEE TABLE BOOKS,IL_1NFO0QLH5HS6Y,1,
0593796977,PANTRY Organization,IL_1MKYF1CAY9E8G,1,
0847826694,COFFEE TABLE BOOKS,IL_1NFO0QLH5HS6Y,1,
0847834891,COFFEE TABLE BOOKS,IL_1NFO0QLH5HS6Y,1,
0847843610,COFFEE TABLE BOOKS,IL_1NFO0QLH5HS6Y,1,
0847846075,COFFEE TABLE BOOKS,IL_1NFO0QLH5HS6Y,1,
0847860507,COFFEE TABLE BOOKS,IL_1NFO0QLH5HS6Y,1,
0847863700,COFFEE TABLE BOOKS,IL_1NFO0QLH5HS6Y,1,
0847864146,COFFEE TABLE BOOKS,IL_1NFO0QLH5HS6Y,1,
0847864375,COFFEE TABLE BOOKS,IL_1NFO0QLH5HS6Y,1,
1419705563,COFFEE TABLE BOOKS,IL_1NFO0QLH5HS6Y,1,
1419708635,COFFEE TABLE BOOKS,IL_1NFO0QLH5HS6Y,1,
1419717235,COFFEE TABLE BOOKS,IL_1NFO0QLH5HS6Y,1,
1419733338,COFFEE TABLE BOOKS,IL_1NFO0QLH5HS6Y,1,
1419738194,COFFEE TABLE BOOKS,IL_1NFO0QLH5HS6Y,1,
1419741462,COFFEE TABLE BOOKS,IL_1NFO0QLH5HS6Y,1,
1419751190,COFFEE TABLE BOOKS,IL_1NFO0QLH5HS6Y,1,
1419787632,Effortless Chic Home,IL_34RHZWFKXT7UT,1,
142364963X,COFFEE TABLE BOOKS,IL_1NFO0QLH5HS6Y,1,
1423654188,COFFEE TABLE BOOKS,IL_1NFO0QLH5HS6Y,1,
1476744874,COFFEE TABLE BOOKS,IL_1NFO0QLH5HS6Y,1,
1505117003,COFFEE TABLE BOOKS,IL_1NFO0QLH5HS6Y,1,
1604332379,HOLIDAY THEMES 2025,IL_CQQP654U5715,1,
1642729647,BRIDE- Spoil Her for the Big Day!,IL_3R1F2KZC9BJXJ,1,
1743793456,COFFEE TABLE BOOKS,IL_1NFO0QLH5HS6Y,1,
174379570X,COFFEE TABLE BOOKS,IL_1NFO0QLH5HS6Y,1,
1780979029,COFFEE TABLE BOOKS,IL_1NFO0QLH5HS6Y,1,
1782494111,COFFEE TABLE BOOKS,IL_1NFO0QLH5HS6Y,1,
1784727393,COFFEE TABLE BOOKS,IL_1NFO0QLH5HS6Y,1,
1786270528,COFFEE TABLE BOOKS,IL_1NFO0QLH5HS6Y,1,
1788792467,COFFEE TABLE BOOKS,IL_1NFO0QLH5HS6Y,1,
1797210165,COFFEE TABLE BOOKS,IL_1NFO0QLH5HS6Y,1,
1838663304,COFFEE TABLE BOOKS,IL_1NFO0QLH5HS6Y,1,
1849756139,COFFEE TABLE BOOKS,IL_1NFO0QLH5HS6Y,1,
1864708662,COFFEE TABLE BOOKS,IL_1NFO0QLH5HS6Y,1,
1913668983,COFFEE TABLE BOOKS,IL_1NFO0QLH5HS6Y,1,
1950968227,For the Big Kids,IL_22L0SLOF07ITQ,1,
1950968553,GIFTING,IL_YYM41OHGI1KQ,1,
1950968871,GIFTING,IL_YYM41OHGI1KQ,1,
1952842050,LUXURY GIFTS,IL_3KKGHGSJ1ZRYC,1,
1984823914,GIFTS UNDER $25,IL_OJUSIV7RIXZX,1,
1984859277,COFFEE TABLE BOOKS,IL_1NFO0QLH5HS6Y,1,
1984860682,COFFEE TABLE BOOKS,IL_1NFO0QLH5HS6Y,1,
1984863509,COFFEE TABLE BOOKS|MY TOP PRODUCTS FOR JULY,IL_1NFO0QLH5HS6Y|IL_OB8CSFU2LS6V,2,
208020159X,COFFEE TABLE BOOKS,IL_1NFO0QLH5HS6Y,1,
2080301454,COFFEE TABLE BOOKS,IL_1NFO0QLH5HS6Y,1,
2080305352,COFFEE TABLE BOOKS,IL_1NFO0QLH5HS6Y,1,
3899559819,COFFEE TABLE BOOKS,IL_1NFO0QLH5HS6Y,1,
B00000JBNX,TEEN GUYS|TWEEN BACK TO SCHOOL,IL_39AL8K1TZE306|IL_O65RH2OR0EF3,2,
B00007G309,KITCHEN Essentials|TOP 100 HOME PICKS|TOP 100+ PRIME DEALS,IL_286Q78OJSYZO8|IL_2DVQFMB8O8SDC|IL_330I4A3SQ3ERE,3,
B0000VLPAS,GIFTS UNDER $25,IL_OJUSIV7RIXZX,1,
B0002LCUIW,TEEN GUYS,IL_O65RH2OR0EF3,1,
B00062ADKO,JULY TOP PICKS|TOP 50 BEAUTY,IL_17SP6THMUJN6E|IL_9FXRQ038D494,2,
B0006V7Y8Y,BEAUTY & SKINCARE,IL_WPS59NJ19M48,1,
B0007PN9YM,FOR HIM - GIFT GUIDE,IL_26IY6FNENQC7M,1,
B0009EILKS,TOP 50 BEAUTY,IL_17SP6THMUJN6E,1,
B0009V1YR8,HAIR CARE,IL_3VBGW6RI08DIE,1,
B000GLN15O,FOR HIM - GIFT GUIDE,IL_26IY6FNENQC7M,1,
B000I1WP7W,GIFTS UNDER $50,IL_30ZOK8YSQFY5N,1,
B000J3Z7TC,HILLARY'S BEACH Bag Essentials,IL_29FTLXCTPVP41,1,
B000M23Q2U,TEEN GUYS|TWEEN BACK TO SCHOOL,IL_39AL8K1TZE306|IL_O65RH2OR0EF3,2,
B000MQUKPC,QUIET LUXURY/OLD MONEY,IL_310DHOAQUC0DH,1,
B000MS727E,BATHROOM Essentials|BATHROOM Organization|JANUARY Best Sellers,IL_F5Z67P4FFJC4|IL_L3V3XJ5WT8SV|IL_Q8UFO5D52NKD,3,
B000MWTI0O,FRIDGE Organization,IL_3HBHLKKIJRXAQ,1,
B000N501BK,HOME & BATH Essentials,IL_IRH0FVF815TU,1,
B000QTO78Q,DECEMBER Best Sellers,IL_2PQNIB7PVLPT1,1,
B0011YW8L8,HOLIDAY ON SALE,IL_81C70Z4U4BII,1,
B0012SNLJG,FOR HIM - GIFT GUIDE,IL_26IY6FNENQC7M,1,
B00175W3HK,AMAZING NEW Home Finds,IL_202RY6J21JOG9,1,
B00176B8BG,GIFTS UNDER $50,IL_30ZOK8YSQFY5N,1,
B0017CRZIK,BEAUTY MUST-HAVES|TOP 50 BEAUTY,IL_174AROJG7VER7|IL_17SP6THMUJN6E,2,
B0017HL7OS,THE DRESS SHOPPE - From BRUNCH to BLACK TIE,IL_1HHMN64HEUPU9,1,
B0017T6R8C,GIFTS UNDER $25,IL_OJUSIV7RIXZX,1,
B001ARP2LY,HAIR CARE,IL_3VBGW6RI08DIE,1,
B001B6CH0S,FOR HIM - GIFT GUIDE,IL_26IY6FNENQC7M,1,
B001D1FFZA,MY TOP PRODUCTS FOR JULY,IL_OB8CSFU2LS6V,1,
B001E7TVG2,FOR HIM - GIFT GUIDE,IL_26IY6FNENQC7M,1,
B001QERCC8,TOP 100 PRIME FASHION DEALS,IL_2LWBTUXIDQYKM,1,
B002EVPODQ,HOLIDAY ESSENTIALS,IL_ZN8TBHK35E0D,1,
B002G9UD8W,FOR HIM - GIFT GUIDE,IL_26IY6FNENQC7M,1,
B002MSN3QQ,BEAUTY MUST-HAVES|FEBRUARY Best Sellers,IL_174AROJG7VER7|IL_1MB9961G83COM,2,
B002RGQNF6,NEW HOME FINDS,IL_1QMBJFJU34FUR,1,
B002TH3SS8,HOLIDAY ON SALE,IL_81C70Z4U4BII,1,
B002U8FL54,BATHROOM Essentials,IL_L3V3XJ5WT8SV,1,
B002U8L8GK,BATHROOM Essentials,IL_L3V3XJ5WT8SV,1,
B002WJI52W,PANTRY Organization,IL_1MKYF1CAY9E8G,1,
B00325D0WK,LAST MINUTE GIFTS|TOP 50 BEAUTY,IL_17SP6THMUJN6E|IL_1OH1TVBZ3L337,2,
B0034CY912,HALLOWEEN,IL_TOLRF8ZU3T5K,1,
B00365DABC,TOP 50 BEAUTY,IL_17SP6THMUJN6E,1,
B003FO2B5U,TWEEN BACK TO SCHOOL,IL_39AL8K1TZE306,1,
B003IJ6HFM,STOCKING STUFFERS,IL_20274194WU668,1,
B003UFLNNA,BEAUTY & SKINCARE,IL_WPS59NJ19M48,1,
B003XKPI2E,VIRAL Holiday Finds,IL_3QCVRRMTI2TTQ,1,
B003ZVAEV6,Effortless Chic Home,IL_34RHZWFKXT7UT,1,
B00459VM6I,LUXURY GIFTS,IL_3KKGHGSJ1ZRYC,1,
B0045VLB30,HOLIDAY ON SALE,IL_81C70Z4U4BII,1,
B004ANSPUA,Hillary's NEWEST Finds,IL_1XPGUL8BC81KW,1,
B004BD107O,TOP SEPTEMBER DEALS,IL_JI222AIPC2S,1,
B004ERCLLQ,SUMMER HOSTING,IL_C4VDLQZK7ACP,1,
B004O2K7GW,PANTRY Organization,IL_1MKYF1CAY9E8G,1,
B004O4P5SA,BATHROOM REMODEL,IL_QWA0HLMH0ZPN,1,
B004RCNJ9Q,COFFEE BAR Essentials,IL_FJAM99COX1K9,1,
B004SGZ610,JUST IN...My Newest OBSESSIONS,IL_EAQUVLIMTM7R,1,
B004XWCQG2,APRIL Best Sellers,IL_181FEP0C2U0RU,1,
B004Z0XY1I,HALLOWEEN,IL_TOLRF8ZU3T5K,1,
B005KMDV9A,ORGANIZING Essentials,IL_27VCDHN1568QK,1,
B005VTE6YG,VIRAL Holiday Finds,IL_3QCVRRMTI2TTQ,1,
B0063E9DZA,HEALTHY Living,IL_136JGDBOWW0I4,1,
B0065JC4PE,HAIR CARE,IL_3VBGW6RI08DIE,1,
B006LXOJC0,ORGANIZING Essentials,IL_27VCDHN1568QK,1,
B00770OUUM,HOLIDAY COLOR CRUSHES 2025,IL_1LKQL9NF315YS,1,
B00791K88W,BATHROOM Organization,IL_Q8UFO5D52NKD,1,
B007JCHA6E,BATHROOM Essentials,IL_L3V3XJ5WT8SV,1,
B007K0GIPO,QUIET LUXURY/OLD MONEY,IL_310DHOAQUC0DH,1,
B007Q2M17K,ORGANIZING Essentials,IL_27VCDHN1568QK,1,
B007URARH2,BEST SELLERS,IL_3DS692CRM1BGS,1,
B007Y5ZXMY,LIGHTING - Designer Inspired,IL_K3IDK9BPXYFW,1,
B0085JI85W,ELEMENTARY SCHOOL,IL_13LSJDYI0DMAZ,1,
B0089HGSDE,BEAUTY & SKINCARE,IL_WPS59NJ19M48,1,
B008CDVXOO,BEDS. DRESSERS. NIGHTSTANDS.,IL_18H5BP5V6EGYM,1,
B008J7JS3G,VIRAL Holiday Finds,IL_3QCVRRMTI2TTQ,1,
B008X0VM0Q,BATHROOM Organization,IL_Q8UFO5D52NKD,1,
B008YA0Z44,STOCKING STUFFERS,IL_20274194WU668,1,
B009S3UP3W,LUXE JEWELRY & ACCESSORIES,IL_27BIT6UUHQ198,1,
B00A8UPX0Y,HOLIDAY ON SALE,IL_81C70Z4U4BII,1,
B00AHAWWO0,TOP SEPTEMBER DEALS,IL_JI222AIPC2S,1,
B00AJ3TSDI,LUXE Gifting,IL_B4MF8PKIS82A,1,
B00AYP7PEU,BED & BATH FINDS,IL_1QMQ9WWH79VRL,1,
B00BBD508C,TOP 50 BEAUTY,IL_17SP6THMUJN6E,1,
B00BBO926M,HAIR CARE,IL_3VBGW6RI08DIE,1,
B00BEUDWJQ,ORGANIZING Essentials,IL_27VCDHN1568QK,1,
B00BFW90VM,HAIR CARE,IL_3VBGW6RI08DIE,1,
B00BFW93LE,HAIR CARE,IL_3VBGW6RI08DIE,1,
B00BIGARH6,HAIR CARE,IL_3VBGW6RI08DIE,1,
B00BRMMVFM,APRIL Best Sellers,IL_181FEP0C2U0RU,1,
B00CQGTGXS,January Best Sellers 2|ORGANIZING Essentials,IL_27VCDHN1568QK|IL_2KYYGUEXPAOKJ,2,
B00CRGKCJO,HILLARY'S BEACH Bag Essentials,IL_29FTLXCTPVP41,1,
B00CVZ3NJ2,TOP SEPTEMBER DEALS,IL_JI222AIPC2S,1,
B00CX547FE,FASHION,IL_3LEWC1H0K68XB,1,
B00DND8XW8,GIFTS UNDER $50,IL_30ZOK8YSQFY5N,1,
B00DU5SRIY,ORGANIZING Essentials,IL_27VCDHN1568QK,1,
B00DZPGRCW,LUXE Gifting,IL_B4MF8PKIS82A,1,
B00E0MMW8M,HEALTHY Living,IL_136JGDBOWW0I4,1,
B00E8HIKWQ,HOLIDAY ON SALE,IL_81C70Z4U4BII,1,
B00ER4SYYY,HAIR CARE,IL_3VBGW6RI08DIE,1,
B00EV5AT6A,January Best Sellers 2,IL_2KYYGUEXPAOKJ,1,
B00GDJLKTC,MARCH Best Sellers|Your Currently MOST-LOVED,IL_13DUABZBTBJVY|IL_3BNM8CSCBJ7VF,2,
B00GDJLL0U,BEDDING. PILLOWS. THROWS. TOWELS.,IL_1LFWTJH9UBPKU,1,
B00GDJLLUA,BEDDING: LUXURY finds in Our Home|BEDROOM STYLE|JOCELYN'S Space,IL_1DXRHB098MRMA|IL_2HG2TBY26H9IW|IL_3MJSZFZU5658,3,
B00GXVVDG0,JUST IN...My Newest OBSESSIONS,IL_EAQUVLIMTM7R,1,
B00HCORMP8,BED & BATH FINDS,IL_1QMQ9WWH79VRL,1,
B00HDZ77Y2,TOP OCTOBER DEALS,IL_1E7EHNK9QTVEH,1,
B00HEODIZY,BED & BATH FINDS,IL_1QMQ9WWH79VRL,1,
B00HF1BBRS,SHOPBOP Favorites,IL_EEJXEINH2736,1,
B00HSDTQY8,Outdoor PLANTERS,IL_270Y6RLSPP10V,1,
B00I5H5Z1O,TRAVEL,IL_24ASC2W86JF33,1,
B00I6AJ9SK,EARLY Fall|RESTORATION VIBES,IL_2I5A3XFI29113|IL_ED3VXSBXPFO5,2,
B00IRKRK9O,TOP SEPTEMBER DEALS,IL_JI222AIPC2S,1,
B00J5KDCO2,BEAUTY MUST-HAVES,IL_174AROJG7VER7,1,
B00J82V3F2,BEDDING: LUXURY finds in Our Home,IL_3MJSZFZU5658,1,
B00JR5N0JM,For the Hostess - GIFT GUIDE,IL_2C66SA5TXKNJK,1,
B00KQMRR26,LAUNDRY Room Essentials,IL_27L1ENCS6OMON,1,
B00M2IAPXK,SUMMER HOSTING,IL_C4VDLQZK7ACP,1,
B00MH74S16,DORM ROOM ESSENTIALS,IL_1DUCBV6BSXOJF,1,
B00MN53B0G,HOLIDAY ON SALE,IL_81C70Z4U4BII,1,
B00MVAC6FY,HOLIDAY THEMES 2025|LUXE Holiday Home|TOP NOVEMBER DEALS,IL_21MLRQOMMKCFI|IL_2Z5U0A9S9OXF9|IL_CQQP654U5715,3,
B00NESCOY0,BED & BATH FINDS,IL_1QMQ9WWH79VRL,1,
B00NLLUMOE,HOME & BATH Essentials,IL_IRH0FVF815TU,1,
B00NMS1NNU,TOP NOVEMBER DEALS,IL_2Z5U0A9S9OXF9,1,
B00NQDGAP2,BEDDING. PILLOWS. THROWS. TOWELS.,IL_1LFWTJH9UBPKU,1,
B00O97D0DO,HOME & BATH Essentials,IL_IRH0FVF815TU,1,
B00OXEM75U,Our SITTING ROOM,IL_T9AHRYR4TO4W,1,
B00PIQRNHY,TWEEN BACK TO SCHOOL,IL_39AL8K1TZE306,1,
B00PJAJ5T8,HOLIDAY ESSENTIALS,IL_ZN8TBHK35E0D,1,
B00Q7OA2XS,BED & BATH FINDS,IL_1QMQ9WWH79VRL,1,
B00QANWYGO,JOCELYN'S Space,IL_1DXRHB098MRMA,1,
B00R5DSC2I,BEAUTY & SKINCARE,IL_WPS59NJ19M48,1,
B00RHZ877E,Outdoor PLANTERS,IL_270Y6RLSPP10V,1,
B00RHZ8B7K,Outdoor PLANTERS,IL_270Y6RLSPP10V,1,
B00RRDWWM2,CURTAINS,IL_O5BIFXCH5S3Y,1,
B00RZ4R0ZM,TOP 50 BEAUTY,IL_17SP6THMUJN6E,1,
B00SKADX1U,CLOSET Organizing,IL_1R4YIGU257W50,1,
B00SMLKEPA,MARCH Best Sellers|ORGANIZING Essentials,IL_13DUABZBTBJVY|IL_27VCDHN1568QK,2,
B00SNPCSUY,TOP SEPTEMBER DEALS,IL_JI222AIPC2S,1,
B00T0V58R0,NEW HOME FINDS,IL_1QMBJFJU34FUR,1,
B00TV5HCEW,BEST SELLERS|TOP OCTOBER DEALS,IL_1E7EHNK9QTVEH|IL_3DS692CRM1BGS,2,
B00URV4DC8,Our REMODEL HOME,IL_1RA73GK94YR1G,1,
B00VUJUFTG,HAIR CARE,IL_3VBGW6RI08DIE,1,
B00W8C10UM,CURTAINS,IL_O5BIFXCH5S3Y,1,
B00X5T5512,New Year's Must-Haves,IL_3H3WH72KSZXK3,1,
B00XNB6R6O,HARDWARE & FINISHES,IL_97O81RWTU3TG,1,
B00YST7NM2,JUNE TOP PICKS,IL_2Q5678F6BP61R,1,
B0100V7F4W,BATHROOM Essentials,IL_L3V3XJ5WT8SV,1,
B010TNR2R6,RUGS,IL_2N8O18PX5PHA3,1,
B011BOKR74,HARDWARE & FINISHES,IL_97O81RWTU3TG,1,
B011HAWZ2W,ORGANIZING Essentials,IL_27VCDHN1568QK,1,
B011U1LIK8,BEDDING: LUXURY finds in Our Home|BEDROOM STYLE|JOCELYN'S Space,IL_1DXRHB098MRMA|IL_2HG2TBY26H9IW|IL_3MJSZFZU5658,3,
B0126XBQK6,ELEVATED Bathroom Must-Haves,IL_21T7CCUQI2DH5,1,
B0134A5ZSY,HARDWARE & FINISHES,IL_97O81RWTU3TG,1,
B013LFCARG,APRIL Best Sellers,IL_181FEP0C2U0RU,1,
B01464G658,HOLIDAY THEMES 2025,IL_CQQP654U5715,1,
B014E2D6BY,48 Yr Old Mom of 5 - What I am OBSESSED over!|April Amazon Live|BEAUTY MUST-HAVES|CARTS DON'T LIE — These were May's biggest hits.|CREATOR Favorites|DECEMBER Best Sellers|GIFTING|January Best Sellers 2|MARCH Best Sellers|MY TOP PRODUCTS FOR JULY|Vanity Organization,IL_13DUABZBTBJVY|IL_174AROJG7VER7|IL_1BKDYBCCXK5YE|IL_1NSB6B4CK6NM1|IL_2KYYGUEXPAOKJ|IL_2PQNIB7PVLPT1|IL_J39K6QG9TPDR|IL_K5H00QYC3R1G|IL_OB8CSFU2LS6V|IL_WMCP8YLCXSCD|IL_YYM41OHGI1KQ,11,All memberships are included in internal_label; only the first 5 stable backup labels appear in custom_label_0-4.
B014G1G10Q,TOP SEPTEMBER DEALS,IL_JI222AIPC2S,1,
B014WOWNAY,LAUNDRY Room Essentials,IL_27L1ENCS6OMON,1,
B0151PJL76,FURNITURE In Our Home|Our SITTING ROOM,IL_2V9Q1BLJC4BNW|IL_T9AHRYR4TO4W,2,
B0153AZ0HO,TOP NOVEMBER DEALS,IL_2Z5U0A9S9OXF9,1,
B0153AZZOW,HOLIDAY ESSENTIALS,IL_ZN8TBHK35E0D,1,
B0154AS4T4,BED & BATH FINDS,IL_1QMQ9WWH79VRL,1,
B0155WHPQE,Outdoor PLANTERS,IL_270Y6RLSPP10V,1,
B015X3F9GS,MARCH Best Sellers,IL_13DUABZBTBJVY,1,
B016212UZ8,STOCKING STUFFERS,IL_20274194WU668,1,
B016TNJBUG,BARCART,IL_1YYODGJOLLLRT,1,
B017MO385K,RUGS,IL_2N8O18PX5PHA3,1,
B017PCGAXQ,$50 WINTER FASHION|2025 TOP SELLERS|48 Yr Old Mom of 5 - What I am OBSESSED over!|AFFORDABLE DECOR|AMAZING NEW Home Finds|APRIL Best Sellers|ATHEISURE|ATHLETIC DRESSES|AUGUST TOP PICKS|AUTUMN Vibes|Amazon Furniture in Our Home|April Amazon Live|BARCART|BATHROOM Essentials|BATHROOM Organization|BATHROOM REMODEL|BEAUTY & SKINCARE|BEAUTY MUST-HAVES|BED & BATH FINDS|BEDDING. PILLOWS. THROWS. TOWELS.|BEDDING: LUXURY finds in Our Home|BEDROOM STYLE|BEDS. DRESSERS. NIGHTSTANDS.|BEST SELLERS|BOY'S Bathroom|BRIDE- Spoil Her for the Big Day!|BURGUNDY CRUSH|CABINETS. SIDEBOARDS. BUFFETS. CONSOLES.|CANDLE HOLDERS. CANDLE STICKS.|CAR ORGANIZATION|CARTS DON'T LIE — These were May's biggest hits.|CHIC 2-PIECE SETS|CHIC WITHOUT THE SPLURGE TRAVEL|CLOSET Organizing|COFFEE BAR Essentials|COFFEE TABLE BOOKS|COFFEE TABLES. SIDE TABLES. ACCENT TABLES|CREATOR Favorites|CURTAINS|CYBER HOLIDAY|DATE NIGHT FASHION|DECEMBER Best Sellers|DESIGNER INSPIRED|DINING ROOM|DORM ROOM ESSENTIALS|EARLY Fall|EARNED A SPOT FOR LIFE!|ELEMENTARY SCHOOL|ELEVATED Bathroom Must-Haves|ELEVATED HOLIDAY FASHION|ELEVATED KITCHEN Must-Haves|ELEVATED SWIMWEAR|ENTERTAINING Essentials|ENTRYWAY. FOYER.|EUROPEAN SUMMER|Effortless Chic Home|FALL LOUNGE SETS|FASHION|FAUX & DRIED FLORALS|FAUX INDOOR/OUTDOOR|FEBRUARY Best Sellers|FOR HER - HANDBAGS|FOR HIM - GIFT GUIDE|FRIDGE Organization|FRONT PORCH|FURNITURE In Our Home|For the Big Kids|For the Hostess - GIFT GUIDE|Furniture Mover REEL|GADGETS I CANNOT live WITHOUT|GIFTING|GIFTS UNDER $25|GIFTS UNDER $50|HAIR CARE|HALLOWEEN|HARDWARE & FINISHES|HEALTHY Living|HILLARY'S BEACH Bag Essentials|HOLIDAY BEST SELLERS|HOLIDAY COLOR CRUSHES 2025|HOLIDAY ESSENTIALS|HOLIDAY EVENING Looks|HOLIDAY MUST-HAVES on AMAZON LIVE|HOLIDAY ON SALE|HOLIDAY THEMES 2025|HOME & BATH Essentials|HOME DECOR|HOME OFFICE Essentials|Hillary's NEWEST Finds|Home UPGRADES|In MY Travel Bag|JANUARY Best Sellers|JOCELYN'S Space|JULY TOP PICKS|JUNE TOP PICKS|JUST IN - Organizing & Home|JUST IN...My Newest OBSESSIONS|January Best Sellers 2|KITCHEN Essentials|KITCHEN Organizing|LAMPS|LAST MINUTE GIFTS|LAUNDRY Room Essentials|LIGHTING - Designer Inspired|LUXE Gifting|LUXE Holiday Home|LUXE JEWELRY & ACCESSORIES|LUXURY GIFTS|MARCH Best Sellers|MAXI DRESS EDIT|MEMORIAL DAY SALE FOLLOWER FAVORITES|MORE NEW FINDS|MUST-HAVE HOSTING|MY HOLIDAY Home|MY Holiday Styling List|MY TOP PRODUCTS FOR JULY|Moody Luxe Home|My Curated Gift Guide|My TOP Amazon Cleaning and Organizing|NEW Arrivals|NEW HOLIDAY Finds|NEW HOME FINDS|NIGHTSTAND Essentials|NO DRILL Home Improvement|New Year's Must-Haves|ORGANIZING Essentials|OUR Rental|OUTDOOR Oasis|OVER 40 & Fabulous HILLARY'S Capsule WARDROBE - Effortless & Chic|Our REMODEL HOME|Our SITTING ROOM|Outdoor PLANTERS|PANTRY Organization|PILATES PRINCESS|PILLOWS & THROWS|POWDER BATH|PRESCHOOL LITTLES|QUIET LUXURY/OLD MONEY|RESORT WEAR FASHION|RESTORATION VIBES|RH STYLE - Looks like a SPLURGE|RUGS|SHATTERPROOF Beverage Glasses|SHOP The Hillary Style|SHOPBOP Favorites|SKIMS LIKE BASICS|SOFAS. ACCENT CHAIRS. OTTOMANS.|SPORT MOM Style|STOCKING STUFFERS|SUMMER HOSTING|Spring Obsessed|Subtle Luxury Home|TABLETOP MUST-HAVES|TECH ESSENTIALS|TEEN GIRLIES|TEEN GUYS|THE DRESS SHOPPE - From BRUNCH to BLACK TIE|THE Little Black Dress|THE Littles - GIFT GUIDE|TOP 100 HOME PICKS|TOP 100 PRIME FASHION DEALS|TOP 100+ PRIME DEALS|TOP 50 BEAUTY|TOP MOVING/ORGANIZING|TOP NOVEMBER DEALS|TOP OCTOBER DEALS|TOP SEPTEMBER DEALS|TRANSITIONAL Fall Fashion|TRAVEL|TWEEN & TEEN - GIFT GUIDE|TWEEN BACK TO SCHOOL|The FALL EDIT|The Hillary Style Holiday|The STYLE EDIT - HOTTEST finds RIGHT NOW!|UNBOXING|UNDER $50 FALL Capsule|VANITY Must-Haves|VASES. TRAYS. BOXES.|VIRAL Holiday Finds|VIRAL Home Gadgets|Vanity Organization|WALL DECOR - MIRRORS. ART. FRAMES.|WINTER FASHION|WORK WEAR|Your Currently MOST-LOVED,IL_12L5JOTON77WY|IL_12LJ38VR8BIZT|IL_136JGDBOWW0I4|IL_13866CB1KN3RI|IL_13DUABZBTBJVY|IL_13LSJDYI0DMAZ|IL_14615HLXD512Y|IL_15NDDXZ7X0955|IL_16F1ZOLGB573M|IL_174AROJG7VER7|IL_17ITIHGPTINHX|IL_17SP6THMUJN6E|IL_181FEP0C2U0RU|IL_18H5BP5V6EGYM|IL_18JLLR8E7X2KU|IL_1BKDYBCCXK5YE|IL_1DUCBV6BSXOJF|IL_1DXRHB098MRMA|IL_1E7EHNK9QTVEH|IL_1GS6BISWIK7UN|IL_1HHMN64HEUPU9|IL_1HZQPC6SSAHFG|IL_1I8FQ5LPJG30D|IL_1K9R04PZQD03N|IL_1LFWTJH9UBPKU|IL_1LKQL9NF315YS|IL_1LVS8EBYWIS2J|IL_1MB9961G83COM|IL_1MKYF1CAY9E8G|IL_1NFO0QLH5HS6Y|IL_1NR6N43OIR93A|IL_1NSB6B4CK6NM1|IL_1OH1TVBZ3L337|IL_1Q6KH53S4CVWD|IL_1QMBJFJU34FUR|IL_1QMQ9WWH79VRL|IL_1R4YIGU257W50|IL_1RA73GK94YR1G|IL_1SLNDA7361JAR|IL_1UGCFJJRVROLC|IL_1XPGUL8BC81KW|IL_1YYODGJOLLLRT|IL_20274194WU668|IL_202RY6J21JOG9|IL_20ODL7UVO85YK|IL_20Q0HRFOLM3K2|IL_21CU9PVXLTL6P|IL_21IKKXKZPGWVW|IL_21MLRQOMMKCFI|IL_21T7CCUQI2DH5|IL_222ENLE1WDY2M|IL_22L0SLOF07ITQ|IL_23YO2PO28IXV|IL_24ASC2W86JF33|IL_26IY6FNENQC7M|IL_270Y6RLSPP10V|IL_27BIT6UUHQ198|IL_27L1ENCS6OMON|IL_27VCDHN1568QK|IL_286Q78OJSYZO8|IL_28Z72BVY6B71P|IL_2969EJ7F6BLI8|IL_29FTLXCTPVP41|IL_2ABZ85AO7D848|IL_2B46UO4I7XY3G|IL_2C66SA5TXKNJK|IL_2DHFOQ3A1Q5U2|IL_2DVQFMB8O8SDC|IL_2EHNEZELPW5NA|IL_2GHS9RLET14RQ|IL_2GR0M7LHWL1O|IL_2HG2TBY26H9IW|IL_2I5A3XFI29113|IL_2KYYGUEXPAOKJ|IL_2LWBTUXIDQYKM|IL_2N8O18PX5PHA3|IL_2NDA05KNMQH4|IL_2OL0SY0HD6BBS|IL_2P1RVZSE8RCAZ|IL_2PQNIB7PVLPT1|IL_2Q5678F6BP61R|IL_2Q8H0EUR30UN9|IL_2RA331651DDK8|IL_2RDBP13815B8R|IL_2V2HL7TFY8QE8|IL_2V4ZM0XXYOP34|IL_2V9Q1BLJC4BNW|IL_2WRZJHHWAS214|IL_2YQAXQUJ2H8KY|IL_2Z5U0A9S9OXF9|IL_30ZOK8YSQFY5N|IL_310DHOAQUC0DH|IL_311VGYMV97O78|IL_31KXTI157WXNV|IL_31LARMS9JHPGT|IL_31R6EZ6S1ERJH|IL_32JT2D5T30E4J|IL_32M44I5BF0O0R|IL_32NJAOW4JT5JB|IL_32TSU85USSAQZ|IL_330I4A3SQ3ERE|IL_33RG7LWDINUWO|IL_341JHBPWHDBNK|IL_34RHZWFKXT7UT|IL_34VIWGR89GOO8|IL_370XLUWUIJAX1|IL_395N3QLHWD5V7|IL_39AL8K1TZE306|IL_39FHE4P3M78YV|IL_3BMD6XLV7JIPG|IL_3BNM8CSCBJ7VF|IL_3CETAKAWP1P7C|IL_3CQZYKSH60HA3|IL_3DS692CRM1BGS|IL_3GE7XODL0Z5A3|IL_3H3WH72KSZXK3|IL_3HBHLKKIJRXAQ|IL_3ITM4V91K4422|IL_3J2NRGA0NCDGR|IL_3JCDIMAGNYZ0E|IL_3KKGHGSJ1ZRYC|IL_3LEWC1H0K68XB|IL_3MJSZFZU5658|IL_3QCVRRMTI2TTQ|IL_3QM5O5E9ELURW|IL_3R1F2KZC9BJXJ|IL_3RKTIOM3H9T72|IL_3RT5O1LPLW4HX|IL_3TE1WGJI4HUK8|IL_3U58T22AIU7ZR|IL_3U9GRAHOG87DY|IL_3UQI8VF6F9P66|IL_3VBGW6RI08DIE|IL_3VW7VU2STCZ6B|IL_43J6PJOVYKC9|IL_5MN6DE6JTTK2|IL_76ENHDCP4NP1|IL_81C70Z4U4BII|IL_97O81RWTU3TG|IL_9FXRQ038D494|IL_B4MF8PKIS82A|IL_BWHQ5TU85DA7|IL_C4VDLQZK7ACP|IL_CQQP654U5715|IL_CTNECHN1HUCU|IL_DB6CKD297DDB|IL_DSS93TBPVRP5|IL_EAQUVLIMTM7R|IL_ED3VXSBXPFO5|IL_EEJXEINH2736|IL_F5Z67P4FFJC4|IL_FJAM99COX1K9|IL_IE0BGUCCDZ8X|IL_IOIVGOQN9X1X|IL_IRH0FVF815TU|IL_ITC144HBA2XS|IL_J39K6QG9TPDR|IL_J4MBZKLMALLQ|IL_JI222AIPC2S|IL_K1RZXTONZLT1|IL_K3IDK9BPXYFW|IL_K5H00QYC3R1G|IL_KIGFVJQ0V3OW|IL_L3V3XJ5WT8SV|IL_M0U0DTYJP1BI|IL_M615BEYW486F|IL_O5BIFXCH5S3Y|IL_O65RH2OR0EF3|IL_OB8CSFU2LS6V|IL_OJUSIV7RIXZX|IL_PN4A9X7BMPFX|IL_Q8UFO5D52NKD|IL_QR27F03IP4AQ|IL_QWA0HLMH0ZPN|IL_SC6UJV027JAK|IL_T9AHRYR4TO4W|IL_TOLRF8ZU3T5K|IL_V4V7ASEQMWKK|IL_VI6A3WXDHHDU|IL_VRW78IY69242|IL_WMCP8YLCXSCD|IL_WPS59NJ19M48|IL_WU8FIFLKC1R5|IL_YYM41OHGI1KQ|IL_ZN8TBHK35E0D,185,All memberships are included in internal_label; only the first 5 stable backup labels appear in custom_label_0-4.
B01846P84Y,BEAUTY & SKINCARE,IL_WPS59NJ19M48,1,
B01848YYBU,BEAUTY & SKINCARE,IL_WPS59NJ19M48,1,
B018DKVWBE,GIFTS UNDER $50,IL_30ZOK8YSQFY5N,1,
B018E6TDTU,HEALTHY Living,IL_136JGDBOWW0I4,1,
B01A62KC5Y,WORK WEAR,IL_3J2NRGA0NCDGR,1,
B01A6BP10Q,ELEMENTARY SCHOOL,IL_13LSJDYI0DMAZ,1,
B01AL0039G,2025 TOP SELLERS,IL_3RT5O1LPLW4HX,1,
B01AYM2OJ8,LAUNDRY Room Essentials,IL_27L1ENCS6OMON,1,
B01B0PVGBK,AUTUMN Vibes,IL_2NDA05KNMQH4,1,
B01B6NOWTO,NIGHTSTAND Essentials|Spring Obsessed,IL_222ENLE1WDY2M|IL_2969EJ7F6BLI8,2,
B01B7AP3RQ,GIFTING,IL_YYM41OHGI1KQ,1,
B01BGBADVM,Outdoor PLANTERS,IL_270Y6RLSPP10V,1,
B01BGBAJF2,Outdoor PLANTERS,IL_270Y6RLSPP10V,1,
B01BZOKLOO,January Best Sellers 2,IL_2KYYGUEXPAOKJ,1,
B01C4IS4Q2,BED & BATH FINDS,IL_1QMQ9WWH79VRL,1,
B01C4N90YW,Effortless Chic Home,IL_34RHZWFKXT7UT,1,
B01CGGXTM6,BEDS. DRESSERS. NIGHTSTANDS.|ENTRYWAY. FOYER.,IL_18H5BP5V6EGYM|IL_M0U0DTYJP1BI,2,
B01CJSEYY8,VASES. TRAYS. BOXES.,IL_2YQAXQUJ2H8KY,1,
B01CVXSPBO,48 Yr Old Mom of 5 - What I am OBSESSED over!|JUNE TOP PICKS|LUXE Gifting|TOP 50 BEAUTY,IL_17SP6THMUJN6E|IL_1NSB6B4CK6NM1|IL_2Q5678F6BP61R|IL_B4MF8PKIS82A,4,
B01D1IKS5E,WINTER FASHION,IL_PN4A9X7BMPFX,1,
B01D3QZB2Y,TECH ESSENTIALS,IL_1LVS8EBYWIS2J,1,
B01DE29JW0,BEDDING. PILLOWS. THROWS. TOWELS.,IL_1LFWTJH9UBPKU,1,
B01DJZYVTS,ELEMENTARY SCHOOL|TWEEN BACK TO SCHOOL,IL_13LSJDYI0DMAZ|IL_39AL8K1TZE306,2,
B01DUJXFIQ,NEW HOME FINDS,IL_1QMBJFJU34FUR,1,
B01DZ7C502,April Amazon Live|CREATOR Favorites|GIFTING,IL_J39K6QG9TPDR|IL_K5H00QYC3R1G|IL_YYM41OHGI1KQ,3,
B01EIG6A4Q,AUGUST TOP PICKS,IL_DSS93TBPVRP5,1,
B01EK974VE,AFFORDABLE DECOR|JUNE TOP PICKS|Our REMODEL HOME,IL_1RA73GK94YR1G|IL_2EHNEZELPW5NA|IL_2Q5678F6BP61R,3,
B01EZASETO,HOLIDAY ESSENTIALS,IL_ZN8TBHK35E0D,1,
B01FIJELF2,QUIET LUXURY/OLD MONEY,IL_310DHOAQUC0DH,1,
B01G3WS3PW,BED & BATH FINDS,IL_1QMQ9WWH79VRL,1,
B01GFZTA18,THE Littles - GIFT GUIDE,IL_3BMD6XLV7JIPG,1,
B01GHD9NKQ,AUTUMN Vibes,IL_2NDA05KNMQH4,1,
B01GJ0C4X0,TOP OCTOBER DEALS,IL_1E7EHNK9QTVEH,1,
B01GQCUUKU,AUTUMN Vibes,IL_2NDA05KNMQH4,1,
B01GS0RY4U,RUGS,IL_2N8O18PX5PHA3,1,
B01GS0VV62,RUGS,IL_2N8O18PX5PHA3,1,
B01GS0WGLQ,MORE NEW FINDS,IL_32M44I5BF0O0R,1,
B01GSJTZQG,WALL DECOR - MIRRORS. ART. FRAMES.,IL_1HZQPC6SSAHFG,1,
B01GW7BZ6M,LAMPS,IL_28Z72BVY6B71P,1,
B01H1UHV5S,$50 WINTER FASHION|TOP SEPTEMBER DEALS|WORK WEAR,IL_3J2NRGA0NCDGR|IL_43J6PJOVYKC9|IL_JI222AIPC2S,3,
B01HB7LDPA,For the Big Kids,IL_22L0SLOF07ITQ,1,
B01HGSJPMW,JULY TOP PICKS,IL_9FXRQ038D494,1,
B01HSKOJ38,COFFEE TABLES. SIDE TABLES. ACCENT TABLES,IL_2RDBP13815B8R,1,
B01IBGB4SQ,FOR HER - HANDBAGS,IL_3ITM4V91K4422,1,
B01IMZLO90,BEDDING: LUXURY finds in Our Home,IL_3MJSZFZU5658,1,
B01IPGTI76,Effortless Chic Home,IL_34RHZWFKXT7UT,1,
B01IQDWKR8,Amazon Furniture in Our Home,IL_1UGCFJJRVROLC,1,
B01IRR9SYQ,HOLIDAY THEMES 2025,IL_CQQP654U5715,1,
B01J248HWM,JULY TOP PICKS|TOP NOVEMBER DEALS,IL_2Z5U0A9S9OXF9|IL_9FXRQ038D494,2,
B01JEAKSN0,BEDDING. PILLOWS. THROWS. TOWELS.,IL_1LFWTJH9UBPKU,1,
B01JG5VDVO,LUXURY GIFTS,IL_3KKGHGSJ1ZRYC,1,
B01JGG5CH4,GIFTING,IL_YYM41OHGI1KQ,1,
B01JN1G2FS,BEDDING. PILLOWS. THROWS. TOWELS.,IL_1LFWTJH9UBPKU,1,
B01JPECQBM,BED & BATH FINDS,IL_1QMQ9WWH79VRL,1,
B01KJBVL3E,New Year's Must-Haves,IL_3H3WH72KSZXK3,1,
B01KKKTSTS,HOLIDAY ESSENTIALS,IL_ZN8TBHK35E0D,1,
B01KP0VO4A,LUXE Gifting,IL_B4MF8PKIS82A,1,
B01KXHGWQU,GIFTS UNDER $50,IL_30ZOK8YSQFY5N,1,
B01L737E02,KITCHEN Essentials,IL_286Q78OJSYZO8,1,
B01L8BZIMO,RH STYLE - Looks like a SPLURGE,IL_32TSU85USSAQZ,1,
B01LDTHA2M,HOLIDAY ESSENTIALS,IL_ZN8TBHK35E0D,1,
B01LPSXY80,MORE NEW FINDS,IL_32M44I5BF0O0R,1,
B01LVY0G0Y,HAIR CARE,IL_3VBGW6RI08DIE,1,
B01LWMW9UQ,BED & BATH FINDS,IL_1QMQ9WWH79VRL,1,
B01LWUENS6,RUGS,IL_2N8O18PX5PHA3,1,
B01LYNW421,BEDDING: LUXURY finds in Our Home|BEDROOM STYLE|CARTS DON'T LIE — These were May's biggest hits.|DECEMBER Best Sellers|EARNED A SPOT FOR LIFE!|MEMORIAL DAY SALE FOLLOWER FAVORITES,IL_17ITIHGPTINHX|IL_1BKDYBCCXK5YE|IL_2HG2TBY26H9IW|IL_2PQNIB7PVLPT1|IL_3MJSZFZU5658|IL_76ENHDCP4NP1,6,All memberships are included in internal_label; only the first 5 stable backup labels appear in custom_label_0-4.
B01LZG4ZM2,RUGS,IL_2N8O18PX5PHA3,1,
B01M1DHO4T,RUGS,IL_2N8O18PX5PHA3,1,
B01M3RIX4D,VASES. TRAYS. BOXES.,IL_2YQAXQUJ2H8KY,1,
B01M66MBWZ,LAUNDRY Room Essentials,IL_27L1ENCS6OMON,1,
B01M6YG6EW,VASES. TRAYS. BOXES.,IL_2YQAXQUJ2H8KY,1,
B01MDIZ7X1,BED & BATH FINDS,IL_1QMQ9WWH79VRL,1,
B01MEEEABB,ENTRYWAY. FOYER.,IL_M0U0DTYJP1BI,1,
B01MEGZ3W6,LAST MINUTE GIFTS,IL_1OH1TVBZ3L337,1,
B01MFXDAL8,BEAUTY MUST-HAVES,IL_174AROJG7VER7,1,
B01MQCHQHD,GADGETS I CANNOT live WITHOUT,IL_12L5JOTON77WY,1,
B01MQPV8TE,Outdoor PLANTERS,IL_270Y6RLSPP10V,1,
B01MR2Z876,MORE NEW FINDS,IL_32M44I5BF0O0R,1,
B01MS43Q8F,HOLIDAY ESSENTIALS,IL_ZN8TBHK35E0D,1,
B01MU15Q9J,GIFTS UNDER $25,IL_OJUSIV7RIXZX,1,
B01MUVUZ6E,VASES. TRAYS. BOXES.,IL_2YQAXQUJ2H8KY,1,
B01MUY85IR,WALL DECOR - MIRRORS. ART. FRAMES.,IL_1HZQPC6SSAHFG,1,
B01MY6H8EY,CAR ORGANIZATION|JANUARY Best Sellers,IL_3TE1WGJI4HUK8|IL_F5Z67P4FFJC4,2,
B01MYM3KV7,48 Yr Old Mom of 5 - What I am OBSESSED over!|JUST IN...My Newest OBSESSIONS|MY TOP PRODUCTS FOR JULY,IL_1NSB6B4CK6NM1|IL_EAQUVLIMTM7R|IL_OB8CSFU2LS6V,3,
B01MYVATSJ,BEDDING: LUXURY finds in Our Home,IL_3MJSZFZU5658,1,
B01MZ14LJV,TOP SEPTEMBER DEALS,IL_JI222AIPC2S,1,
B01MZCQ4UM,MARCH Best Sellers,IL_13DUABZBTBJVY,1,
B01N0DDKL7,CLOSET Organizing,IL_1R4YIGU257W50,1,
B01N0KE1FA,VIRAL Holiday Finds,IL_3QCVRRMTI2TTQ,1,
B01N0UB2GO,BED & BATH FINDS,IL_1QMQ9WWH79VRL,1,
B01N1LL62W,TOP 50 BEAUTY,IL_17SP6THMUJN6E,1,
B01N1NV1HZ,BEDDING: LUXURY finds in Our Home,IL_3MJSZFZU5658,1,
B01N23GRYD,VIRAL Home Gadgets,IL_14615HLXD512Y,1,
B01N2VYF50,DECEMBER Best Sellers,IL_2PQNIB7PVLPT1,1,
B01N3QFZHR,LUXE Holiday Home,IL_21MLRQOMMKCFI,1,
B01N4DG2PI,AUTUMN Vibes,IL_2NDA05KNMQH4,1,
B01N5LQOCP,THE Little Black Dress,IL_CTNECHN1HUCU,1,
B01N5Q0XBI,NEW HOME FINDS,IL_1QMBJFJU34FUR,1,
B01N5RE1SO,ENTRYWAY. FOYER.,IL_M0U0DTYJP1BI,1,
B01N6448R8,HOLIDAY EVENING Looks,IL_2OL0SY0HD6BBS,1,
B01N6UQCQT,GIFTS UNDER $50,IL_30ZOK8YSQFY5N,1,
B01N76HIEU,TOP OCTOBER DEALS,IL_1E7EHNK9QTVEH,1,
B01N7ENHO6,LUXE Gifting,IL_B4MF8PKIS82A,1,
B01N7K7EFF,BATHROOM Essentials,IL_L3V3XJ5WT8SV,1,
B01N96DG8U,HALLOWEEN,IL_TOLRF8ZU3T5K,1,
B01N9LU26A,AFFORDABLE DECOR|NEW HOME FINDS,IL_1QMBJFJU34FUR|IL_2EHNEZELPW5NA,2,
B01N9VOJBY,BRIDE- Spoil Her for the Big Day!,IL_3R1F2KZC9BJXJ,1,
B01NAJ4UBQ,STOCKING STUFFERS|TWEEN & TEEN - GIFT GUIDE,IL_1I8FQ5LPJG30D|IL_20274194WU668,2,
B01NAQD0KD,January Best Sellers 2|MARCH Best Sellers,IL_13DUABZBTBJVY|IL_2KYYGUEXPAOKJ,2,
B01NBALTZT,GIFTS UNDER $25,IL_OJUSIV7RIXZX,1,
B01NBSX6WB,HOLIDAY ESSENTIALS,IL_ZN8TBHK35E0D,1,
B01NBY5Z9T,BATHROOM Organization,IL_Q8UFO5D52NKD,1,
B06VSZ1NVQ,GIFTS UNDER $50,IL_30ZOK8YSQFY5N,1,
B06WLH1CF1,BEAUTY & SKINCARE,IL_WPS59NJ19M48,1,
B06WVDV1ND,BEAUTY & SKINCARE,IL_WPS59NJ19M48,1,
B06X3T8D1R,KITCHEN Essentials,IL_286Q78OJSYZO8,1,
B06X421WJ6,DORM ROOM ESSENTIALS,IL_1DUCBV6BSXOJF,1,
B06X9MNV1M,Amazon Furniture in Our Home,IL_1UGCFJJRVROLC,1,
B06X9NQ8GX,KITCHEN Essentials,IL_286Q78OJSYZO8,1,
B06X9QCX9N,CURTAINS,IL_O5BIFXCH5S3Y,1,
B06XHXJCR9,DINING ROOM,IL_3RKTIOM3H9T72,1,
B06XQ5R46N,ELEVATED Bathroom Must-Haves,IL_21T7CCUQI2DH5,1,
B06XR7XTZZ,MY HOLIDAY Home,IL_18JLLR8E7X2KU,1,
B06XRMZNTD,STOCKING STUFFERS,IL_20274194WU668,1,
B06XTC9X8S,My Curated Gift Guide|STOCKING STUFFERS|Vanity Organization,IL_20274194WU668|IL_IE0BGUCCDZ8X|IL_WMCP8YLCXSCD,3,
B06XWM7QX3,HARDWARE & FINISHES,IL_97O81RWTU3TG,1,
B06XY32DP9,TOP SEPTEMBER DEALS,IL_JI222AIPC2S,1,
B06Y2YRKQ2,GIFTS UNDER $25,IL_OJUSIV7RIXZX,1,
B06ZY1X37F,BEAUTY & SKINCARE|JULY TOP PICKS,IL_9FXRQ038D494|IL_WPS59NJ19M48,2,
B0714K41PB,BED & BATH FINDS,IL_1QMQ9WWH79VRL,1,
B0719CXWW5,VIRAL Home Gadgets,IL_14615HLXD512Y,1,
B0719PP9VY,CURTAINS,IL_O5BIFXCH5S3Y,1,
B071D4D5DT,48 Yr Old Mom of 5 - What I am OBSESSED over!|BEAUTY MUST-HAVES|CARTS DON'T LIE — These were May's biggest hits.,IL_174AROJG7VER7|IL_1BKDYBCCXK5YE|IL_1NSB6B4CK6NM1,3,
B071GKLQSV,HOLIDAY ESSENTIALS,IL_ZN8TBHK35E0D,1,
B071HLCJTT,PILLOWS & THROWS,IL_J4MBZKLMALLQ,1,
B071KW9GTT,FEBRUARY Best Sellers,IL_1MB9961G83COM,1,
B071NJF3Q8,FOR HER - HANDBAGS,IL_3ITM4V91K4422,1,
B071VMKLRK,My Curated Gift Guide|Our REMODEL HOME,IL_1RA73GK94YR1G|IL_IE0BGUCCDZ8X,2,
B071Z7ZL6R,JUNE TOP PICKS|STOCKING STUFFERS,IL_20274194WU668|IL_2Q5678F6BP61R,2,
B071ZLXDT7,LAMPS,IL_28Z72BVY6B71P,1,
B0725XWF6R,GIFTING,IL_YYM41OHGI1KQ,1,
B072BHZ41J,LUXE Gifting|STOCKING STUFFERS|TWEEN & TEEN - GIFT GUIDE,IL_1I8FQ5LPJG30D|IL_20274194WU668|IL_B4MF8PKIS82A,3,
B072KD4T1P,HOLIDAY ESSENTIALS,IL_ZN8TBHK35E0D,1,
B072QKRG26,PILLOWS & THROWS,IL_J4MBZKLMALLQ,1,
B072QRN7HR,TEEN GUYS,IL_O65RH2OR0EF3,1,
B072VN3XYP,CURTAINS,IL_O5BIFXCH5S3Y,1,
B072YVWBXH,FOR HIM - GIFT GUIDE,IL_26IY6FNENQC7M,1,
B0734VXS5R,48 Yr Old Mom of 5 - What I am OBSESSED over!|LUXE Gifting,IL_1NSB6B4CK6NM1|IL_B4MF8PKIS82A,2,
B0738B8SQS,DORM ROOM ESSENTIALS,IL_1DUCBV6BSXOJF,1,
B073B31V3L,HOME & BATH Essentials,IL_IRH0FVF815TU,1,
B073B852C2,THE DRESS SHOPPE - From BRUNCH to BLACK TIE,IL_1HHMN64HEUPU9,1,
B073CWSQ51,MY TOP PRODUCTS FOR JULY,IL_OB8CSFU2LS6V,1,
B073CXJX6K,HOME & BATH Essentials,IL_IRH0FVF815TU,1,
B073HLJ1G3,SOFAS. ACCENT CHAIRS. OTTOMANS.,IL_34VIWGR89GOO8,1,
B073HN5CPY,RUGS,IL_2N8O18PX5PHA3,1,
B073PPYJ53,MORE NEW FINDS,IL_32M44I5BF0O0R,1,
B073Q2N8SS,DINING ROOM,IL_3RKTIOM3H9T72,1,
B073RQNY1T,GIFTS UNDER $25,IL_OJUSIV7RIXZX,1,
B073RZMNKC,FOR HIM - GIFT GUIDE,IL_26IY6FNENQC7M,1,
B073S693BG,GIFTING,IL_YYM41OHGI1KQ,1,
B073VBNPMB,For the Big Kids,IL_22L0SLOF07ITQ,1,
B073VD5VNF,ELEVATED HOLIDAY FASHION,IL_WU8FIFLKC1R5,1,
B073WZN1BD,GIFTING,IL_YYM41OHGI1KQ,1,
B073YBNCFD,PILLOWS & THROWS,IL_J4MBZKLMALLQ,1,
B0742LBB6F,HARDWARE & FINISHES,IL_97O81RWTU3TG,1,
B0747GZJHD,BRIDE- Spoil Her for the Big Day!,IL_3R1F2KZC9BJXJ,1,
B074BBXY5H,HOLIDAY BEST SELLERS,IL_1Q6KH53S4CVWD,1,
B074HBLG44,MORE NEW FINDS,IL_32M44I5BF0O0R,1,
B074HX3PW2,WINTER FASHION,IL_PN4A9X7BMPFX,1,
B074JKF3PJ,Moody Luxe Home,IL_DB6CKD297DDB,1,
B074NVMD5Y,CAR ORGANIZATION,IL_3TE1WGJI4HUK8,1,
B074PTZCNW,LUXE Gifting,IL_B4MF8PKIS82A,1,
B074ZNLY8F,LAMPS,IL_28Z72BVY6B71P,1,
B07518RBH2,FOR HIM - GIFT GUIDE,IL_26IY6FNENQC7M,1,
B0754NHX8H,FOR HIM - GIFT GUIDE,IL_26IY6FNENQC7M,1,
B0755BLG49,LUXE Holiday Home,IL_21MLRQOMMKCFI,1,
B0756BJK83,PILLOWS & THROWS,IL_J4MBZKLMALLQ,1,
B0757ZLMLZ,BEAUTY & SKINCARE|LUXE JEWELRY & ACCESSORIES,IL_27BIT6UUHQ198|IL_WPS59NJ19M48,2,
B07582RTPY,LUXE Gifting,IL_B4MF8PKIS82A,1,
B07594HZ6Y,GIFTS UNDER $50,IL_30ZOK8YSQFY5N,1,
B075CYMYK6,January Best Sellers 2,IL_2KYYGUEXPAOKJ,1,
B075DVZBGV,My Curated Gift Guide,IL_IE0BGUCCDZ8X,1,
B075F9HK77,PILLOWS & THROWS,IL_J4MBZKLMALLQ,1,
B075FBWGC8,Moody Luxe Home,IL_DB6CKD297DDB,1,
B075G1RCBH,GIFTS UNDER $25,IL_OJUSIV7RIXZX,1,
B075M8B83Y,FOR HER - HANDBAGS,IL_3ITM4V91K4422,1,
B075N1K64L,HOLIDAY ESSENTIALS,IL_ZN8TBHK35E0D,1,
B075PNP4VV,2025 TOP SELLERS|MY TOP PRODUCTS FOR JULY|ORGANIZING Essentials|TOP 100+ PRIME DEALS,IL_27VCDHN1568QK|IL_330I4A3SQ3ERE|IL_3RT5O1LPLW4HX|IL_OB8CSFU2LS6V,4,
B075R3J6CF,BEDDING. PILLOWS. THROWS. TOWELS.,IL_1LFWTJH9UBPKU,1,
B075S543DR,GIFTS UNDER $25,IL_OJUSIV7RIXZX,1,
B075SWNW59,HOLIDAY THEMES 2025,IL_CQQP654U5715,1,
B075VDYC7Z,Your Currently MOST-LOVED,IL_3BNM8CSCBJ7VF,1,
B075VH5BJR,TABLETOP MUST-HAVES,IL_2RA331651DDK8,1,
B075W8HC3W,GIFTS UNDER $50,IL_30ZOK8YSQFY5N,1,
B075WZ42KZ,BATHROOM Organization,IL_Q8UFO5D52NKD,1,
B075X1KPLZ,GIFTS UNDER $50,IL_30ZOK8YSQFY5N,1,
B0764HS4SL,CREATOR Favorites|JANUARY Best Sellers,IL_F5Z67P4FFJC4|IL_J39K6QG9TPDR,2,
B0765Z6HXX,GIFTS UNDER $50,IL_30ZOK8YSQFY5N,1,
B07665XKNS,BARCART|FURNITURE In Our Home|SHATTERPROOF Beverage Glasses|SUMMER HOSTING,IL_1YYODGJOLLLRT|IL_2V9Q1BLJC4BNW|IL_3U9GRAHOG87DY|IL_C4VDLQZK7ACP,4,
B0766653HK,BEDDING. PILLOWS. THROWS. TOWELS.,IL_1LFWTJH9UBPKU,1,
B076B1VFSV,BURGUNDY CRUSH,IL_32JT2D5T30E4J,1,
B076BSN41T,HOLIDAY ON SALE,IL_81C70Z4U4BII,1,
B076CLJV6C,BEDDING. PILLOWS. THROWS. TOWELS.,IL_1LFWTJH9UBPKU,1,
B076F26KN3,BED & BATH FINDS,IL_1QMQ9WWH79VRL,1,
B076J1P5H6,TOP SEPTEMBER DEALS,IL_JI222AIPC2S,1,
B076TZPTHT,WINTER FASHION,IL_PN4A9X7BMPFX,1,
B07712H557,DORM ROOM ESSENTIALS,IL_1DUCBV6BSXOJF,1,
B077JBXWYJ,VIRAL Holiday Finds,IL_3QCVRRMTI2TTQ,1,
B077JC5SBX,VIRAL Holiday Finds,IL_3QCVRRMTI2TTQ,1,
B077JS1MNP,BATHROOM Essentials,IL_L3V3XJ5WT8SV,1,
B077MDHVH5,JANUARY Best Sellers,IL_F5Z67P4FFJC4,1,
B077MDR5RD,FOR HIM - GIFT GUIDE,IL_26IY6FNENQC7M,1,
B077MDRCBP,FOR HIM - GIFT GUIDE,IL_26IY6FNENQC7M,1,
B077MXG7Z5,LAUNDRY Room Essentials,IL_27L1ENCS6OMON,1,
B077MXLJFD,JULY TOP PICKS,IL_9FXRQ038D494,1,
B077Y4CPJ2,BATHROOM Essentials,IL_L3V3XJ5WT8SV,1,
B0786HY59M,PILLOWS & THROWS,IL_J4MBZKLMALLQ,1,
B0787GLBMV,TOP SEPTEMBER DEALS,IL_JI222AIPC2S,1,
B0788NGWVC,HOLIDAY BEST SELLERS,IL_1Q6KH53S4CVWD,1,
B0789TVGFL,BEDDING. PILLOWS. THROWS. TOWELS.,IL_1LFWTJH9UBPKU,1,
B078HDFGS7,RUGS,IL_2N8O18PX5PHA3,1,
B078JZ3V1V,TABLETOP MUST-HAVES,IL_2RA331651DDK8,1,
B078N8DGDC,VASES. TRAYS. BOXES.,IL_2YQAXQUJ2H8KY,1,
B078NJ4C3T,GIFTS UNDER $25|GIFTS UNDER $50,IL_30ZOK8YSQFY5N|IL_OJUSIV7RIXZX,2,
B078SRMFJJ,EUROPEAN SUMMER,IL_341JHBPWHDBNK,1,
B078WPCDV1,BEAUTY MUST-HAVES,IL_174AROJG7VER7,1,
B078Y73TXK,TOP SEPTEMBER DEALS,IL_JI222AIPC2S,1,
B079395B2B,COFFEE BAR Essentials,IL_FJAM99COX1K9,1,
B0793GW5RZ,HARDWARE & FINISHES,IL_97O81RWTU3TG,1,
B0797FJQT8,SPORT MOM Style,IL_33RG7LWDINUWO,1,
B0798RWHC9,January Best Sellers 2,IL_2KYYGUEXPAOKJ,1,
B0799N54V4,TEEN GUYS,IL_O65RH2OR0EF3,1,
B079C2P64T,TWEEN & TEEN - GIFT GUIDE,IL_1I8FQ5LPJG30D,1,
B079DNJBBH,HARDWARE & FINISHES,IL_97O81RWTU3TG,1,
B079H2YF6K,Spring Obsessed,IL_222ENLE1WDY2M,1,
B079HLGXPN,HOLIDAY ESSENTIALS,IL_ZN8TBHK35E0D,1,
B079HV3TC9,HILLARY'S BEACH Bag Essentials,IL_29FTLXCTPVP41,1,
B079W5PCNX,COFFEE TABLES. SIDE TABLES. ACCENT TABLES,IL_2RDBP13815B8R,1,
B079ZQK1FT,PILLOWS & THROWS,IL_J4MBZKLMALLQ,1,
B07B111WW1,BEDS. DRESSERS. NIGHTSTANDS.,IL_18H5BP5V6EGYM,1,
B07B2KX563,CURTAINS,IL_O5BIFXCH5S3Y,1,
B07B2LH9CG,CURTAINS,IL_O5BIFXCH5S3Y,1,
B07B44N2NV,PILLOWS & THROWS,IL_J4MBZKLMALLQ,1,
B07B49Z6B9,RUGS,IL_2N8O18PX5PHA3,1,
B07B6HXQT2,POWDER BATH,IL_311VGYMV97O78,1,
B07B895KND,BEAUTY & SKINCARE,IL_WPS59NJ19M48,1,
B07BB4YXHW,GIFTS UNDER $25,IL_OJUSIV7RIXZX,1,
B07BF6TJJ3,EARNED A SPOT FOR LIFE!|NEW HOME FINDS,IL_1QMBJFJU34FUR|IL_76ENHDCP4NP1,2,
B07BK3KQ3X,MEMORIAL DAY SALE FOLLOWER FAVORITES,IL_17ITIHGPTINHX,1,
B07BVFMDYR,BEDDING. PILLOWS. THROWS. TOWELS.,IL_1LFWTJH9UBPKU,1,
B07BVFMFF9,AUGUST TOP PICKS,IL_DSS93TBPVRP5,1,
B07BVFT1QZ,AUTUMN Vibes,IL_2NDA05KNMQH4,1,
B07BVN8C4D,AUGUST TOP PICKS,IL_DSS93TBPVRP5,1,
B07BVQS4JM,PILLOWS & THROWS,IL_J4MBZKLMALLQ,1,
B07BVR1111,PILLOWS & THROWS,IL_J4MBZKLMALLQ,1,
B07BYCHMVY,RUGS,IL_2N8O18PX5PHA3,1,
B07BYJ4BLZ,KITCHEN Essentials,IL_286Q78OJSYZO8,1,
B07C73KF5Q,GIFTS UNDER $25,IL_OJUSIV7RIXZX,1,
B07C772YD7,CLOSET Organizing,IL_1R4YIGU257W50,1,
B07C7JBZYT,BATHROOM Organization,IL_Q8UFO5D52NKD,1,
B07C9ZD3P8,HOLIDAY COLOR CRUSHES 2025|JUST IN...My Newest OBSESSIONS,IL_1LKQL9NF315YS|IL_EAQUVLIMTM7R,2,
B07C9ZK1K2,JUST IN...My Newest OBSESSIONS,IL_EAQUVLIMTM7R,1,
B07CF5GQTT,MARCH Best Sellers,IL_13DUABZBTBJVY,1,
B07CJF1D7X,HAIR CARE,IL_3VBGW6RI08DIE,1,
B07CJF6J6M,HAIR CARE,IL_3VBGW6RI08DIE,1,
B07CJV6TXP,DORM ROOM ESSENTIALS,IL_1DUCBV6BSXOJF,1,
B07CMKX3C7,BED & BATH FINDS,IL_1QMQ9WWH79VRL,1,
B07CSFG5KM,BATHROOM Organization,IL_Q8UFO5D52NKD,1,
B07CSH78LV,JANUARY Best Sellers,IL_F5Z67P4FFJC4,1,
B07CTBN29F,FOR HER - HANDBAGS,IL_3ITM4V91K4422,1,
B07CW7RFTC,RUGS,IL_2N8O18PX5PHA3,1,
B07CXZKSCD,COFFEE BAR Essentials,IL_FJAM99COX1K9,1,
B07CYMD35V,LUXE Gifting,IL_B4MF8PKIS82A,1,
B07CZDSDC2,ENTRYWAY. FOYER.,IL_M0U0DTYJP1BI,1,
B07D1LH5Q2,For the Hostess - GIFT GUIDE,IL_2C66SA5TXKNJK,1,
B07D2WHVT4,BED & BATH FINDS,IL_1QMQ9WWH79VRL,1,
B07D2Y132D,FASHION,IL_3LEWC1H0K68XB,1,
B07D35W6NL,MY HOLIDAY Home,IL_18JLLR8E7X2KU,1,
B07D395945,TWEEN & TEEN - GIFT GUIDE,IL_1I8FQ5LPJG30D,1,
B07D3HWH3S,DINING ROOM,IL_3RKTIOM3H9T72,1,
B07D619BMN,In MY Travel Bag,IL_SC6UJV027JAK,1,
B07DGNXPM8,LAMPS,IL_28Z72BVY6B71P,1,
B07DJ2GH2S,TOP SEPTEMBER DEALS,IL_JI222AIPC2S,1,
B07DK4X2Z3,HARDWARE & FINISHES,IL_97O81RWTU3TG,1,
B07DK8F28D,BATHROOM Essentials,IL_L3V3XJ5WT8SV,1,
B07DLVRC83,BEDS. DRESSERS. NIGHTSTANDS.,IL_18H5BP5V6EGYM,1,
B07DPK28GH,BED & BATH FINDS,IL_1QMQ9WWH79VRL,1,
B07DQKTW3K,GIFTS UNDER $50,IL_30ZOK8YSQFY5N,1,
B07DSJRF46,TOP 50 BEAUTY,IL_17SP6THMUJN6E,1,
B07DTJFJH1,TABLETOP MUST-HAVES,IL_2RA331651DDK8,1,
B07DXHHTJT,CURTAINS,IL_O5BIFXCH5S3Y,1,
B07DY2YZW6,CREATOR Favorites|MARCH Best Sellers|My Curated Gift Guide|Vanity Organization,IL_13DUABZBTBJVY|IL_IE0BGUCCDZ8X|IL_J39K6QG9TPDR|IL_WMCP8YLCXSCD,4,
B07DZDMQXW,HOLIDAY EVENING Looks,IL_2OL0SY0HD6BBS,1,
B07DZM6H1S,WINTER FASHION,IL_PN4A9X7BMPFX,1,
B07DZMZ4TM,GIFTS UNDER $25,IL_OJUSIV7RIXZX,1,
B07F119MDM,HOLIDAY COLOR CRUSHES 2025,IL_1LKQL9NF315YS,1,
B07F4128P2,KITCHEN Essentials,IL_286Q78OJSYZO8,1,
B07F6HQ9W2,HOLIDAY ESSENTIALS,IL_ZN8TBHK35E0D,1,
B07F76N72J,CARTS DON'T LIE — These were May's biggest hits.|Your Currently MOST-LOVED,IL_1BKDYBCCXK5YE|IL_3BNM8CSCBJ7VF,2,
B07F8GZQG4,BATHROOM Organization|ELEVATED Bathroom Must-Haves|Effortless Chic Home|MEMORIAL DAY SALE FOLLOWER FAVORITES,IL_17ITIHGPTINHX|IL_21T7CCUQI2DH5|IL_34RHZWFKXT7UT|IL_Q8UFO5D52NKD,4,
B07F8KY4V3,GIFTS UNDER $25,IL_OJUSIV7RIXZX,1,
B07F8LR1C2,BATHROOM Organization|JUNE TOP PICKS|MORE NEW FINDS|TOP 100+ PRIME DEALS,IL_2Q5678F6BP61R|IL_32M44I5BF0O0R|IL_330I4A3SQ3ERE|IL_Q8UFO5D52NKD,4,
B07FC9SKR7,CARTS DON'T LIE — These were May's biggest hits.|EARNED A SPOT FOR LIFE!|GADGETS I CANNOT live WITHOUT,IL_12L5JOTON77WY|IL_1BKDYBCCXK5YE|IL_76ENHDCP4NP1,3,
B07FCK69CX,HOLIDAY ESSENTIALS,IL_ZN8TBHK35E0D,1,
B07FDQK2J6,HOLIDAY ESSENTIALS,IL_ZN8TBHK35E0D,1,
B07FJMB85K,MY Holiday Styling List|The Hillary Style Holiday,IL_12LJ38VR8BIZT|IL_2V2HL7TFY8QE8,2,
B07FJVDRCT,FOR HER - HANDBAGS,IL_3ITM4V91K4422,1,
B07FKXGKM6,AFFORDABLE DECOR,IL_2EHNEZELPW5NA,1,
B07FP3686J,STOCKING STUFFERS|TWEEN & TEEN - GIFT GUIDE,IL_1I8FQ5LPJG30D|IL_20274194WU668,2,
B07FQL68WH,PILATES PRINCESS,IL_3QM5O5E9ELURW,1,
B07FR4P51T,GIFTS UNDER $25,IL_OJUSIV7RIXZX,1,
B07FRF619W,Amazon Furniture in Our Home|BEDDING: LUXURY finds in Our Home|BEDROOM STYLE|JOCELYN'S Space|January Best Sellers 2|Your Currently MOST-LOVED,IL_1DXRHB098MRMA|IL_1UGCFJJRVROLC|IL_2HG2TBY26H9IW|IL_2KYYGUEXPAOKJ|IL_3BNM8CSCBJ7VF|IL_3MJSZFZU5658,6,All memberships are included in internal_label; only the first 5 stable backup labels appear in custom_label_0-4.
B07FRF9MDK,48 Yr Old Mom of 5 - What I am OBSESSED over!|JUNE TOP PICKS|MY HOLIDAY Home,IL_18JLLR8E7X2KU|IL_1NSB6B4CK6NM1|IL_2Q5678F6BP61R,3,
B07FRK837K,BEDDING: LUXURY finds in Our Home|JUNE TOP PICKS|Our REMODEL HOME|QUIET LUXURY/OLD MONEY|RESTORATION VIBES,IL_1RA73GK94YR1G|IL_2I5A3XFI29113|IL_2Q5678F6BP61R|IL_310DHOAQUC0DH|IL_3MJSZFZU5658,5,
B07FRKDRD5,PILLOWS & THROWS,IL_J4MBZKLMALLQ,1,
B07FTG84SW,TECH ESSENTIALS,IL_1LVS8EBYWIS2J,1,
B07FVX9Z9H,HEALTHY Living,IL_136JGDBOWW0I4,1,
B07FWBCBJH,GIFTING,IL_YYM41OHGI1KQ,1,
B07FYJB7TJ,BEDDING. PILLOWS. THROWS. TOWELS.,IL_1LFWTJH9UBPKU,1,
B07FYJB95Y,BEDDING. PILLOWS. THROWS. TOWELS.,IL_1LFWTJH9UBPKU,1,
B07G7DM41X,GIFTS UNDER $25,IL_OJUSIV7RIXZX,1,
B07G9D97WJ,HALLOWEEN,IL_TOLRF8ZU3T5K,1,
B07GBX9YH6,FOR HIM - GIFT GUIDE,IL_26IY6FNENQC7M,1,
B07GC1PR8J,LAST MINUTE GIFTS,IL_1OH1TVBZ3L337,1,
B07GG441X6,TABLETOP MUST-HAVES,IL_2RA331651DDK8,1,
B07GHB1NTZ,BATHROOM Essentials|BED & BATH FINDS,IL_1QMQ9WWH79VRL|IL_L3V3XJ5WT8SV,2,
B07GKMDHVQ,HOLIDAY ESSENTIALS,IL_ZN8TBHK35E0D,1,
B07GKZD7JQ,PRESCHOOL LITTLES,IL_16F1ZOLGB573M,1,
B07GP47G3R,HOLIDAY THEMES 2025,IL_CQQP654U5715,1,
B07GPJ9PW2,TOP NOVEMBER DEALS,IL_2Z5U0A9S9OXF9,1,
B07GPKHFWF,TABLETOP MUST-HAVES,IL_2RA331651DDK8,1,
B07GV2W5B4,BEAUTY & SKINCARE,IL_WPS59NJ19M48,1,
B07GXT6L4P,LAMPS,IL_28Z72BVY6B71P,1,
B07GXT6M7V,Our REMODEL HOME,IL_1RA73GK94YR1G,1,
B07GY3WZT6,BEDROOM STYLE|Subtle Luxury Home,IL_2HG2TBY26H9IW|IL_BWHQ5TU85DA7,2,
B07H14RYTV,CANDLE HOLDERS. CANDLE STICKS.,IL_ITC144HBA2XS,1,
B07H2SSBXN,BATHROOM Organization,IL_Q8UFO5D52NKD,1,
B07H325M4G,CLOSET Organizing,IL_1R4YIGU257W50,1,
B07H52SVM7,BEAUTY & SKINCARE|My Curated Gift Guide|STOCKING STUFFERS|VANITY Must-Haves,IL_20274194WU668|IL_IE0BGUCCDZ8X|IL_K1RZXTONZLT1|IL_WPS59NJ19M48,4,
B07H5Z2JC2,COFFEE TABLES. SIDE TABLES. ACCENT TABLES,IL_2RDBP13815B8R,1,
B07H7VCYSP,HALLOWEEN,IL_TOLRF8ZU3T5K,1,
B07H83L67V,AUTUMN Vibes|Moody Luxe Home,IL_2NDA05KNMQH4|IL_DB6CKD297DDB,2,
B07H84JZZC,NEW HOLIDAY Finds,IL_13866CB1KN3RI,1,
B07H87HJG8,GIFTS UNDER $25,IL_OJUSIV7RIXZX,1,
B07H9GL1CV,TOP OCTOBER DEALS|VIRAL Holiday Finds,IL_1E7EHNK9QTVEH|IL_3QCVRRMTI2TTQ,2,
B07HBGN7W2,RUGS,IL_2N8O18PX5PHA3,1,
B07HCCYQJN,RESTORATION VIBES,IL_2I5A3XFI29113,1,
B07HCJL6L7,LUXE Gifting,IL_B4MF8PKIS82A,1,
B07HD61PYN,LUXURY GIFTS,IL_3KKGHGSJ1ZRYC,1,
B07HF2Q28Z,HEALTHY Living,IL_136JGDBOWW0I4,1,
B07HF88NWJ,HAIR CARE,IL_3VBGW6RI08DIE,1,
B07HFMC4WS,LAMPS,IL_28Z72BVY6B71P,1,
B07HHBQJGJ,TOP NOVEMBER DEALS,IL_2Z5U0A9S9OXF9,1,
B07HHCB2XG,FEBRUARY Best Sellers|TOP 50 BEAUTY,IL_17SP6THMUJN6E|IL_1MB9961G83COM,2,
B07HJFXHKV,FRIDGE Organization,IL_3HBHLKKIJRXAQ,1,
B07HKQ6YGX,LAST MINUTE GIFTS,IL_1OH1TVBZ3L337,1,
B07HKVFB41,BATHROOM Essentials,IL_L3V3XJ5WT8SV,1,
B07HLD2HC4,BEAUTY MUST-HAVES,IL_174AROJG7VER7,1,
B07HMFWSF3,FOR HER - HANDBAGS,IL_3ITM4V91K4422,1,
B07HNG2YLR,FOR HIM - GIFT GUIDE,IL_26IY6FNENQC7M,1,
B07HNKPX1S,Subtle Luxury Home,IL_BWHQ5TU85DA7,1,
B07HQM6NH8,DESIGNER INSPIRED,IL_3JCDIMAGNYZ0E,1,
B07HSS58J9,SPORT MOM Style,IL_33RG7LWDINUWO,1,
B07J54B1NY,Furniture Mover REEL|RUGS,IL_2ABZ85AO7D848|IL_2N8O18PX5PHA3,2,
B07J5VL8CG,HALLOWEEN,IL_TOLRF8ZU3T5K,1,
B07J67B92V,HOLIDAY EVENING Looks,IL_2OL0SY0HD6BBS,1,
B07J6BQJJR,COFFEE BAR Essentials,IL_FJAM99COX1K9,1,
B07J9PNRSC,FOR HER - HANDBAGS,IL_3ITM4V91K4422,1,
B07JBN2Y82,LUXURY GIFTS|Vanity Organization,IL_3KKGHGSJ1ZRYC|IL_WMCP8YLCXSCD,2,
B07JGSNT2V,BARCART|For the Hostess - GIFT GUIDE|TABLETOP MUST-HAVES,IL_1YYODGJOLLLRT|IL_2C66SA5TXKNJK|IL_2RA331651DDK8,3,
B07JGWSB8T,TOP MOVING/ORGANIZING,IL_3VW7VU2STCZ6B,1,
B07JHJSNPS,AUTUMN Vibes,IL_2NDA05KNMQH4,1,
B07JHZNYFQ,PILLOWS & THROWS,IL_J4MBZKLMALLQ,1,
B07JJQ4JP9,HARDWARE & FINISHES,IL_97O81RWTU3TG,1,
B07JKBM28B,FOR HER - HANDBAGS,IL_3ITM4V91K4422,1,
B07JW9HT2P,DECEMBER Best Sellers|KITCHEN Organizing|QUIET LUXURY/OLD MONEY,IL_2B46UO4I7XY3G|IL_2PQNIB7PVLPT1|IL_310DHOAQUC0DH,3,
B07JZTTJ4W,TOP SEPTEMBER DEALS,IL_JI222AIPC2S,1,
B07K1KNPH9,HOME DECOR|RUGS,IL_2N8O18PX5PHA3|IL_2V4ZM0XXYOP34,2,
B07K1V7SDR,VASES. TRAYS. BOXES.,IL_2YQAXQUJ2H8KY,1,
B07K1W7RFS,LAMPS,IL_28Z72BVY6B71P,1,
B07K21DCPH,For the Hostess - GIFT GUIDE|LUXE Holiday Home,IL_21MLRQOMMKCFI|IL_2C66SA5TXKNJK,2,
B07K25C5YQ,BEDS. DRESSERS. NIGHTSTANDS.,IL_18H5BP5V6EGYM,1,
B07K3WY2NX,BEDS. DRESSERS. NIGHTSTANDS.,IL_18H5BP5V6EGYM,1,
B07K4Q7VV9,HOLIDAY COLOR CRUSHES 2025,IL_1LKQL9NF315YS,1,
B07K7ZS54V,HOLIDAY ESSENTIALS,IL_ZN8TBHK35E0D,1,
B07KDQWMK2,HOLIDAY COLOR CRUSHES 2025,IL_1LKQL9NF315YS,1,
B07KF1KYWX,DECEMBER Best Sellers,IL_2PQNIB7PVLPT1,1,
B07KP21KWC,TABLETOP MUST-HAVES,IL_2RA331651DDK8,1,
B07KPLXH9R,HOLIDAY ESSENTIALS,IL_ZN8TBHK35E0D,1,
B07KSRH44T,GIFTING,IL_YYM41OHGI1KQ,1,
B07KT5S6CJ,FASHION,IL_3LEWC1H0K68XB,1,
B07KV4TYXK,KITCHEN Organizing,IL_2B46UO4I7XY3G,1,
B07KXLVYBR,HARDWARE & FINISHES,IL_97O81RWTU3TG,1,
B07KYS96VY,$50 WINTER FASHION,IL_43J6PJOVYKC9,1,
B07L5PQ7KJ,OVER 40 & Fabulous HILLARY'S Capsule WARDROBE - Effortless & Chic|WORK WEAR,IL_1GS6BISWIK7UN|IL_3J2NRGA0NCDGR,2,
B07L5QJJD2,$50 WINTER FASHION,IL_43J6PJOVYKC9,1,
B07L96HY4N,ENTERTAINING Essentials,IL_2GHS9RLET14RQ,1,
B07LBDXFBX,April Amazon Live,IL_K5H00QYC3R1G,1,
B07LBLK57Q,TOP OCTOBER DEALS,IL_1E7EHNK9QTVEH,1,
B07LC64H8Z,JOCELYN'S Space,IL_1DXRHB098MRMA,1,
B07LCH93HL,CHIC WITHOUT THE SPLURGE TRAVEL,IL_2GR0M7LHWL1O,1,
B07LD69XYT,BOY'S Bathroom,IL_3CQZYKSH60HA3,1,
B07LDJ6CHM,EARNED A SPOT FOR LIFE!,IL_76ENHDCP4NP1,1,
B07LGRH14F,HOLIDAY ESSENTIALS,IL_ZN8TBHK35E0D,1,
B07LH1DR5F,BATHROOM Organization|ELEVATED Bathroom Must-Haves|NO DRILL Home Improvement|Your Currently MOST-LOVED,IL_21T7CCUQI2DH5|IL_2P1RVZSE8RCAZ|IL_3BNM8CSCBJ7VF|IL_Q8UFO5D52NKD,4,
B07M5X4D3P,BEAUTY MUST-HAVES,IL_174AROJG7VER7,1,
B07M6VPZ19,MARCH Best Sellers,IL_13DUABZBTBJVY,1,
B07M7K65P4,BED & BATH FINDS,IL_1QMQ9WWH79VRL,1,
B07M7M1QCH,WORK WEAR,IL_3J2NRGA0NCDGR,1,
B07MF3J53G,THE Littles - GIFT GUIDE,IL_3BMD6XLV7JIPG,1,
B07MG5D349,Vanity Organization,IL_WMCP8YLCXSCD,1,
B07MH1KHJ2,DECEMBER Best Sellers,IL_2PQNIB7PVLPT1,1,
B07MH6LV4C,For the Big Kids,IL_22L0SLOF07ITQ,1,
B07MHM248Q,BEDDING. PILLOWS. THROWS. TOWELS.,IL_1LFWTJH9UBPKU,1,
B07MJYSBFQ,For the Big Kids,IL_22L0SLOF07ITQ,1,
B07ML324GG,GIFTS UNDER $25,IL_OJUSIV7RIXZX,1,
B07MLSYKSC,Subtle Luxury Home,IL_BWHQ5TU85DA7,1,
B07MM1J2HX,BATHROOM Organization,IL_Q8UFO5D52NKD,1,
B07MNB88TR,NIGHTSTAND Essentials|Your Currently MOST-LOVED,IL_2969EJ7F6BLI8|IL_3BNM8CSCBJ7VF,2,
B07MNLD61C,BEDDING: LUXURY finds in Our Home|BEDROOM STYLE|EARNED A SPOT FOR LIFE!,IL_2HG2TBY26H9IW|IL_3MJSZFZU5658|IL_76ENHDCP4NP1,3,
B07MRV34KK,TOP SEPTEMBER DEALS,IL_JI222AIPC2S,1,
B07MSF3LMX,BOY'S Bathroom,IL_3CQZYKSH60HA3,1,
B07MVZ3NN3,BEAUTY & SKINCARE,IL_WPS59NJ19M48,1,
B07MWSRJ89,LAST MINUTE GIFTS,IL_1OH1TVBZ3L337,1,
B07MZ51DJH,HARDWARE & FINISHES,IL_97O81RWTU3TG,1,
B07MZQZWF7,THE Little Black Dress,IL_CTNECHN1HUCU,1,
B07N29MLNZ,HEALTHY Living,IL_136JGDBOWW0I4,1,
B07N29X3Y8,January Best Sellers 2,IL_2KYYGUEXPAOKJ,1,
B07N2DWLPC,FOR HER - HANDBAGS,IL_3ITM4V91K4422,1,
B07N4P3XGM,Effortless Chic Home,IL_34RHZWFKXT7UT,1,
B07N6J7L7Q,VASES. TRAYS. BOXES.,IL_2YQAXQUJ2H8KY,1,
B07N7KFHVH,TOP SEPTEMBER DEALS,IL_JI222AIPC2S,1,
B07NC79SBS,AUTUMN Vibes,IL_2NDA05KNMQH4,1,
B07NC7BRG2,HALLOWEEN|MORE NEW FINDS,IL_32M44I5BF0O0R|IL_TOLRF8ZU3T5K,2,
B07NC8BZJB,GIFTS UNDER $25,IL_OJUSIV7RIXZX,1,
B07NC8XSHV,HOME DECOR,IL_2V4ZM0XXYOP34,1,
B07NHBXJ1Z,LAMPS,IL_28Z72BVY6B71P,1,
B07NJSDBQ3,BEDROOM STYLE,IL_2HG2TBY26H9IW,1,
B07NNLTY8L,For the Hostess - GIFT GUIDE,IL_2C66SA5TXKNJK,1,
B07NPJ23BX,ELEVATED KITCHEN Must-Haves,IL_V4V7ASEQMWKK,1,
B07NPRXG8S,GIFTING,IL_YYM41OHGI1KQ,1,
B07NQRM6ML,JANUARY Best Sellers,IL_F5Z67P4FFJC4,1,
B07NQXX8YW,WALL DECOR - MIRRORS. ART. FRAMES.,IL_1HZQPC6SSAHFG,1,
B07NR79ZLF,QUIET LUXURY/OLD MONEY,IL_310DHOAQUC0DH,1,
B07NRSF8M2,LAUNDRY Room Essentials,IL_27L1ENCS6OMON,1,
B07NSFG924,LAMPS,IL_28Z72BVY6B71P,1,
B07NTYRDS1,TABLETOP MUST-HAVES,IL_2RA331651DDK8,1,
B07NVKLMDS,VIRAL Home Gadgets,IL_14615HLXD512Y,1,
B07NVZ5657,FEBRUARY Best Sellers,IL_1MB9961G83COM,1,
B07NW2PQ85,BEDS. DRESSERS. NIGHTSTANDS.,IL_18H5BP5V6EGYM,1,
B07NZ1Y76Q,TWEEN & TEEN - GIFT GUIDE,IL_1I8FQ5LPJG30D,1,
B07NZWWWX9,HARDWARE & FINISHES,IL_97O81RWTU3TG,1,
B07NZXR8M7,HARDWARE & FINISHES,IL_97O81RWTU3TG,1,
B07P1DV6WZ,48 Yr Old Mom of 5 - What I am OBSESSED over!|EARNED A SPOT FOR LIFE!|ELEVATED KITCHEN Must-Haves|JUNE TOP PICKS,IL_1NSB6B4CK6NM1|IL_2Q5678F6BP61R|IL_76ENHDCP4NP1|IL_V4V7ASEQMWKK,4,
B07P48TN7G,CLOSET Organizing,IL_1R4YIGU257W50,1,
B07P5D1GPL,HAIR CARE,IL_3VBGW6RI08DIE,1,
B07P85JN52,WORK WEAR,IL_3J2NRGA0NCDGR,1,
B07P9VVCMW,HOLIDAY THEMES 2025,IL_CQQP654U5715,1,
B07PBN3RXF,LAST MINUTE GIFTS,IL_1OH1TVBZ3L337,1,
B07PBWFWT1,HARDWARE & FINISHES,IL_97O81RWTU3TG,1,
B07PBXXNCY,$50 WINTER FASHION|2025 TOP SELLERS|48 Yr Old Mom of 5 - What I am OBSESSED over!|AFFORDABLE DECOR|AMAZING NEW Home Finds|APRIL Best Sellers|ATHEISURE|ATHLETIC DRESSES|AUGUST TOP PICKS|AUTUMN Vibes|Amazon Furniture in Our Home|April Amazon Live|BARCART|BATHROOM Essentials|BATHROOM Organization|BATHROOM REMODEL|BEAUTY & SKINCARE|BEAUTY MUST-HAVES|BED & BATH FINDS|BEDDING. PILLOWS. THROWS. TOWELS.|BEDDING: LUXURY finds in Our Home|BEDROOM STYLE|BEDS. DRESSERS. NIGHTSTANDS.|BEST SELLERS|BOY'S Bathroom|BRIDE- Spoil Her for the Big Day!|BURGUNDY CRUSH|CABINETS. SIDEBOARDS. BUFFETS. CONSOLES.|CANDLE HOLDERS. CANDLE STICKS.|CAR ORGANIZATION|CARTS DON'T LIE — These were May's biggest hits.|CHIC 2-PIECE SETS|CHIC WITHOUT THE SPLURGE TRAVEL|CLOSET Organizing|COFFEE BAR Essentials|COFFEE TABLE BOOKS|COFFEE TABLES. SIDE TABLES. ACCENT TABLES|CREATOR Favorites|CURTAINS|CYBER HOLIDAY|DATE NIGHT FASHION|DECEMBER Best Sellers|DESIGNER INSPIRED|DINING ROOM|DORM ROOM ESSENTIALS|EARLY Fall|EARNED A SPOT FOR LIFE!|ELEMENTARY SCHOOL|ELEVATED Bathroom Must-Haves|ELEVATED HOLIDAY FASHION|ELEVATED KITCHEN Must-Haves|ELEVATED SWIMWEAR|ENTERTAINING Essentials|ENTRYWAY. FOYER.|EUROPEAN SUMMER|Effortless Chic Home|FALL LOUNGE SETS|FASHION|FAUX & DRIED FLORALS|FAUX INDOOR/OUTDOOR|FEBRUARY Best Sellers|FOR HER - HANDBAGS|FOR HIM - GIFT GUIDE|FRIDGE Organization|FRONT PORCH|FURNITURE In Our Home|For the Big Kids|For the Hostess - GIFT GUIDE|Furniture Mover REEL|GADGETS I CANNOT live WITHOUT|GIFTING|GIFTS UNDER $25|GIFTS UNDER $50|HAIR CARE|HALLOWEEN|HARDWARE & FINISHES|HEALTHY Living|HILLARY'S BEACH Bag Essentials|HOLIDAY BEST SELLERS|HOLIDAY COLOR CRUSHES 2025|HOLIDAY ESSENTIALS|HOLIDAY EVENING Looks|HOLIDAY MUST-HAVES on AMAZON LIVE|HOLIDAY ON SALE|HOLIDAY THEMES 2025|HOME & BATH Essentials|HOME DECOR|HOME OFFICE Essentials|Hillary's NEWEST Finds|Home UPGRADES|In MY Travel Bag|JANUARY Best Sellers|JOCELYN'S Space|JULY TOP PICKS|JUNE TOP PICKS|JUST IN - Organizing & Home|JUST IN...My Newest OBSESSIONS|January Best Sellers 2|KITCHEN Essentials|KITCHEN Organizing|LAMPS|LAST MINUTE GIFTS|LAUNDRY Room Essentials|LIGHTING - Designer Inspired|LUXE Gifting|LUXE Holiday Home|LUXE JEWELRY & ACCESSORIES|LUXURY GIFTS|MARCH Best Sellers|MAXI DRESS EDIT|MEMORIAL DAY SALE FOLLOWER FAVORITES|MORE NEW FINDS|MUST-HAVE HOSTING|MY HOLIDAY Home|MY Holiday Styling List|MY TOP PRODUCTS FOR JULY|Moody Luxe Home|My Curated Gift Guide|My TOP Amazon Cleaning and Organizing|NEW Arrivals|NEW HOLIDAY Finds|NEW HOME FINDS|NIGHTSTAND Essentials|NO DRILL Home Improvement|New Year's Must-Haves|ORGANIZING Essentials|OUR Rental|OUTDOOR Oasis|OVER 40 & Fabulous HILLARY'S Capsule WARDROBE - Effortless & Chic|Our REMODEL HOME|Our SITTING ROOM|Outdoor PLANTERS|PANTRY Organization|PILATES PRINCESS|PILLOWS & THROWS|POWDER BATH|PRESCHOOL LITTLES|QUIET LUXURY/OLD MONEY|RESORT WEAR FASHION|RESTORATION VIBES|RH STYLE - Looks like a SPLURGE|RUGS|SHATTERPROOF Beverage Glasses|SHOP The Hillary Style|SHOPBOP Favorites|SKIMS LIKE BASICS|SOFAS. ACCENT CHAIRS. OTTOMANS.|SPORT MOM Style|STOCKING STUFFERS|SUMMER HOSTING|Spring Obsessed|Subtle Luxury Home|TABLETOP MUST-HAVES|TECH ESSENTIALS|TEEN GIRLIES|TEEN GUYS|THE DRESS SHOPPE - From BRUNCH to BLACK TIE|THE Little Black Dress|THE Littles - GIFT GUIDE|TOP 100 HOME PICKS|TOP 100 PRIME FASHION DEALS|TOP 100+ PRIME DEALS|TOP 50 BEAUTY|TOP MOVING/ORGANIZING|TOP NOVEMBER DEALS|TOP OCTOBER DEALS|TOP SEPTEMBER DEALS|TRANSITIONAL Fall Fashion|TRAVEL|TWEEN & TEEN - GIFT GUIDE|TWEEN BACK TO SCHOOL|The FALL EDIT|The Hillary Style Holiday|The STYLE EDIT - HOTTEST finds RIGHT NOW!|UNBOXING|UNDER $50 FALL Capsule|VANITY Must-Haves|VASES. TRAYS. BOXES.|VIRAL Holiday Finds|VIRAL Home Gadgets|Vanity Organization|WALL DECOR - MIRRORS. ART. FRAMES.|WINTER FASHION|WORK WEAR|Your Currently MOST-LOVED,IL_12L5JOTON77WY|IL_12LJ38VR8BIZT|IL_136JGDBOWW0I4|IL_13866CB1KN3RI|IL_13DUABZBTBJVY|IL_13LSJDYI0DMAZ|IL_14615HLXD512Y|IL_15NDDXZ7X0955|IL_16F1ZOLGB573M|IL_174AROJG7VER7|IL_17ITIHGPTINHX|IL_17SP6THMUJN6E|IL_181FEP0C2U0RU|IL_18H5BP5V6EGYM|IL_18JLLR8E7X2KU|IL_1BKDYBCCXK5YE|IL_1DUCBV6BSXOJF|IL_1DXRHB098MRMA|IL_1E7EHNK9QTVEH|IL_1GS6BISWIK7UN|IL_1HHMN64HEUPU9|IL_1HZQPC6SSAHFG|IL_1I8FQ5LPJG30D|IL_1K9R04PZQD03N|IL_1LFWTJH9UBPKU|IL_1LKQL9NF315YS|IL_1LVS8EBYWIS2J|IL_1MB9961G83COM|IL_1MKYF1CAY9E8G|IL_1NFO0QLH5HS6Y|IL_1NR6N43OIR93A|IL_1NSB6B4CK6NM1|IL_1OH1TVBZ3L337|IL_1Q6KH53S4CVWD|IL_1QMBJFJU34FUR|IL_1QMQ9WWH79VRL|IL_1R4YIGU257W50|IL_1RA73GK94YR1G|IL_1SLNDA7361JAR|IL_1UGCFJJRVROLC|IL_1XPGUL8BC81KW|IL_1YYODGJOLLLRT|IL_20274194WU668|IL_202RY6J21JOG9|IL_20ODL7UVO85YK|IL_20Q0HRFOLM3K2|IL_21CU9PVXLTL6P|IL_21IKKXKZPGWVW|IL_21MLRQOMMKCFI|IL_21T7CCUQI2DH5|IL_222ENLE1WDY2M|IL_22L0SLOF07ITQ|IL_23YO2PO28IXV|IL_24ASC2W86JF33|IL_26IY6FNENQC7M|IL_270Y6RLSPP10V|IL_27BIT6UUHQ198|IL_27L1ENCS6OMON|IL_27VCDHN1568QK|IL_286Q78OJSYZO8|IL_28Z72BVY6B71P|IL_2969EJ7F6BLI8|IL_29FTLXCTPVP41|IL_2ABZ85AO7D848|IL_2B46UO4I7XY3G|IL_2C66SA5TXKNJK|IL_2DHFOQ3A1Q5U2|IL_2DVQFMB8O8SDC|IL_2EHNEZELPW5NA|IL_2GHS9RLET14RQ|IL_2GR0M7LHWL1O|IL_2HG2TBY26H9IW|IL_2I5A3XFI29113|IL_2KYYGUEXPAOKJ|IL_2LWBTUXIDQYKM|IL_2N8O18PX5PHA3|IL_2NDA05KNMQH4|IL_2OL0SY0HD6BBS|IL_2P1RVZSE8RCAZ|IL_2PQNIB7PVLPT1|IL_2Q5678F6BP61R|IL_2Q8H0EUR30UN9|IL_2RA331651DDK8|IL_2RDBP13815B8R|IL_2V2HL7TFY8QE8|IL_2V4ZM0XXYOP34|IL_2V9Q1BLJC4BNW|IL_2WRZJHHWAS214|IL_2YQAXQUJ2H8KY|IL_2Z5U0A9S9OXF9|IL_30ZOK8YSQFY5N|IL_310DHOAQUC0DH|IL_311VGYMV97O78|IL_31KXTI157WXNV|IL_31LARMS9JHPGT|IL_31R6EZ6S1ERJH|IL_32JT2D5T30E4J|IL_32M44I5BF0O0R|IL_32NJAOW4JT5JB|IL_32TSU85USSAQZ|IL_330I4A3SQ3ERE|IL_33RG7LWDINUWO|IL_341JHBPWHDBNK|IL_34RHZWFKXT7UT|IL_34VIWGR89GOO8|IL_370XLUWUIJAX1|IL_395N3QLHWD5V7|IL_39AL8K1TZE306|IL_39FHE4P3M78YV|IL_3BMD6XLV7JIPG|IL_3BNM8CSCBJ7VF|IL_3CETAKAWP1P7C|IL_3CQZYKSH60HA3|IL_3DS692CRM1BGS|IL_3GE7XODL0Z5A3|IL_3H3WH72KSZXK3|IL_3HBHLKKIJRXAQ|IL_3ITM4V91K4422|IL_3J2NRGA0NCDGR|IL_3JCDIMAGNYZ0E|IL_3KKGHGSJ1ZRYC|IL_3LEWC1H0K68XB|IL_3MJSZFZU5658|IL_3QCVRRMTI2TTQ|IL_3QM5O5E9ELURW|IL_3R1F2KZC9BJXJ|IL_3RKTIOM3H9T72|IL_3RT5O1LPLW4HX|IL_3TE1WGJI4HUK8|IL_3U58T22AIU7ZR|IL_3U9GRAHOG87DY|IL_3UQI8VF6F9P66|IL_3VBGW6RI08DIE|IL_3VW7VU2STCZ6B|IL_43J6PJOVYKC9|IL_5MN6DE6JTTK2|IL_76ENHDCP4NP1|IL_81C70Z4U4BII|IL_97O81RWTU3TG|IL_9FXRQ038D494|IL_B4MF8PKIS82A|IL_BWHQ5TU85DA7|IL_C4VDLQZK7ACP|IL_CQQP654U5715|IL_CTNECHN1HUCU|IL_DB6CKD297DDB|IL_DSS93TBPVRP5|IL_EAQUVLIMTM7R|IL_ED3VXSBXPFO5|IL_EEJXEINH2736|IL_F5Z67P4FFJC4|IL_FJAM99COX1K9|IL_IE0BGUCCDZ8X|IL_IOIVGOQN9X1X|IL_IRH0FVF815TU|IL_ITC144HBA2XS|IL_J39K6QG9TPDR|IL_J4MBZKLMALLQ|IL_JI222AIPC2S|IL_K1RZXTONZLT1|IL_K3IDK9BPXYFW|IL_K5H00QYC3R1G|IL_KIGFVJQ0V3OW|IL_L3V3XJ5WT8SV|IL_M0U0DTYJP1BI|IL_M615BEYW486F|IL_O5BIFXCH5S3Y|IL_O65RH2OR0EF3|IL_OB8CSFU2LS6V|IL_OJUSIV7RIXZX|IL_PN4A9X7BMPFX|IL_Q8UFO5D52NKD|IL_QR27F03IP4AQ|IL_QWA0HLMH0ZPN|IL_SC6UJV027JAK|IL_T9AHRYR4TO4W|IL_TOLRF8ZU3T5K|IL_V4V7ASEQMWKK|IL_VI6A3WXDHHDU|IL_VRW78IY69242|IL_WMCP8YLCXSCD|IL_WPS59NJ19M48|IL_WU8FIFLKC1R5|IL_YYM41OHGI1KQ|IL_ZN8TBHK35E0D,185,All memberships are included in internal_label; only the first 5 stable backup labels appear in custom_label_0-4.
B07PCQKTCN,2025 TOP SELLERS|BED & BATH FINDS|BEDDING: LUXURY finds in Our Home|BEDROOM STYLE|JOCELYN'S Space,IL_1DXRHB098MRMA|IL_1QMQ9WWH79VRL|IL_2HG2TBY26H9IW|IL_3MJSZFZU5658|IL_3RT5O1LPLW4HX,5,
B07PCRFVT3,BEDDING: LUXURY finds in Our Home|EARNED A SPOT FOR LIFE!|January Best Sellers 2,IL_2KYYGUEXPAOKJ|IL_3MJSZFZU5658|IL_76ENHDCP4NP1,3,
B07PGSK15M,ELEVATED HOLIDAY FASHION,IL_WU8FIFLKC1R5,1,
B07PH19Y5S,TABLETOP MUST-HAVES,IL_2RA331651DDK8,1,
B07PJ38PJD,BATHROOM REMODEL,IL_QWA0HLMH0ZPN,1,
B07PJ54S1Z,BEAUTY & SKINCARE,IL_WPS59NJ19M48,1,
B07PJJDVWY,BEAUTY MUST-HAVES|CARTS DON'T LIE — These were May's biggest hits.|LUXURY GIFTS|TOP 50 BEAUTY,IL_174AROJG7VER7|IL_17SP6THMUJN6E|IL_1BKDYBCCXK5YE|IL_3KKGHGSJ1ZRYC,4,
B07PMLCQM2,MORE NEW FINDS,IL_32M44I5BF0O0R,1,
B07PP59W85,For the Big Kids,IL_22L0SLOF07ITQ,1,
B07PR467S5,TWEEN & TEEN - GIFT GUIDE,IL_1I8FQ5LPJG30D,1,
B07PRN6DCY,BATHROOM REMODEL,IL_QWA0HLMH0ZPN,1,
B07PYRB18V,AUTUMN Vibes,IL_2NDA05KNMQH4,1,
B07Q13QDND,TWEEN & TEEN - GIFT GUIDE,IL_1I8FQ5LPJG30D,1,
B07Q2HL3BJ,CURTAINS,IL_O5BIFXCH5S3Y,1,
B07Q2SKH9V,GIFTS UNDER $25,IL_OJUSIV7RIXZX,1,
B07Q39P7W4,JUNE TOP PICKS|TOP 50 BEAUTY,IL_17SP6THMUJN6E|IL_2Q5678F6BP61R,2,
B07Q931S9G,THE Little Black Dress,IL_CTNECHN1HUCU,1,
B07QB4HDPM,TABLETOP MUST-HAVES,IL_2RA331651DDK8,1,
B07QB993GQ,TWEEN BACK TO SCHOOL,IL_39AL8K1TZE306,1,
B07QBNGQQK,For the Hostess - GIFT GUIDE|TOP NOVEMBER DEALS,IL_2C66SA5TXKNJK|IL_2Z5U0A9S9OXF9,2,
B07QC7WYQL,LIGHTING - Designer Inspired,IL_K3IDK9BPXYFW,1,
B07QFWX3CM,JANUARY Best Sellers,IL_F5Z67P4FFJC4,1,
B07QG9VJMS,HARDWARE & FINISHES,IL_97O81RWTU3TG,1,
B07QLK56D4,DORM ROOM ESSENTIALS,IL_1DUCBV6BSXOJF,1,
B07QN9SHDC,HOLIDAY ON SALE|NEW HOLIDAY Finds|TOP NOVEMBER DEALS|VIRAL Holiday Finds,IL_13866CB1KN3RI|IL_2Z5U0A9S9OXF9|IL_3QCVRRMTI2TTQ|IL_81C70Z4U4BII,4,
B07QNPJJ2R,Outdoor PLANTERS,IL_270Y6RLSPP10V,1,
B07QNZP171,FOR HER - HANDBAGS,IL_3ITM4V91K4422,1,
B07QPRPM86,LAMPS,IL_28Z72BVY6B71P,1,
B07QQ3M74T,ORGANIZING Essentials,IL_27VCDHN1568QK,1,
B07QR7RXPJ,BED & BATH FINDS,IL_1QMQ9WWH79VRL,1,
B07QSCRBH6,BATHROOM Essentials,IL_L3V3XJ5WT8SV,1,
B07QX2VW13,HARDWARE & FINISHES,IL_97O81RWTU3TG,1,
B07QX36HYD,SPORT MOM Style,IL_33RG7LWDINUWO,1,
B07QX853W9,Moody Luxe Home,IL_DB6CKD297DDB,1,
B07R3HFQP5,ENTRYWAY. FOYER.,IL_M0U0DTYJP1BI,1,
B07R48J5GK,BATHROOM Essentials,IL_L3V3XJ5WT8SV,1,
B07R6QM9B4,LUXE JEWELRY & ACCESSORIES,IL_27BIT6UUHQ198,1,
B07R7RBRSM,GIFTS UNDER $25,IL_OJUSIV7RIXZX,1,
B07R8VW2CT,NO DRILL Home Improvement,IL_2P1RVZSE8RCAZ,1,
B07R92F8RH,48 Yr Old Mom of 5 - What I am OBSESSED over!|BEAUTY MUST-HAVES|LUXURY GIFTS|TOP 50 BEAUTY|TOP NOVEMBER DEALS,IL_174AROJG7VER7|IL_17SP6THMUJN6E|IL_1NSB6B4CK6NM1|IL_2Z5U0A9S9OXF9|IL_3KKGHGSJ1ZRYC,5,
B07RCYJ8N6,Effortless Chic Home,IL_34RHZWFKXT7UT,1,
B07RGS5ZQZ,TRAVEL,IL_24ASC2W86JF33,1,
B07RHNPL9J,48 Yr Old Mom of 5 - What I am OBSESSED over!|KITCHEN Organizing|NEW Arrivals|RH STYLE - Looks like a SPLURGE,IL_1NSB6B4CK6NM1|IL_2B46UO4I7XY3G|IL_2DHFOQ3A1Q5U2|IL_32TSU85USSAQZ,4,
B07RJVT9RP,HOLIDAY ON SALE|LUXE Holiday Home,IL_21MLRQOMMKCFI|IL_81C70Z4U4BII,2,
B07RK4HST7,TOP 50 BEAUTY,IL_17SP6THMUJN6E,1,
B07RKK5KMW,CURTAINS,IL_O5BIFXCH5S3Y,1,
B07RKLTM6C,THE Little Black Dress,IL_CTNECHN1HUCU,1,
B07RKMYDV2,BEDDING. PILLOWS. THROWS. TOWELS.,IL_1LFWTJH9UBPKU,1,
B07RMJZTJJ,BEAUTY MUST-HAVES|CARTS DON'T LIE — These were May's biggest hits.|JUNE TOP PICKS,IL_174AROJG7VER7|IL_1BKDYBCCXK5YE|IL_2Q5678F6BP61R,3,
B07RP4GRDH,LAUNDRY Room Essentials,IL_27L1ENCS6OMON,1,
B07RQ6T65B,HARDWARE & FINISHES,IL_97O81RWTU3TG,1,
B07RQ9C81Q,HARDWARE & FINISHES,IL_97O81RWTU3TG,1,
B07RQ9F43Y,HARDWARE & FINISHES,IL_97O81RWTU3TG,1,
B07RTH8LM7,AUGUST TOP PICKS,IL_DSS93TBPVRP5,1,
B07RTZBVZ7,January Best Sellers 2,IL_2KYYGUEXPAOKJ,1,
B07RWDVC4M,COFFEE TABLE BOOKS,IL_1NFO0QLH5HS6Y,1,
B07RXJ6DDG,GIFTS UNDER $25,IL_OJUSIV7RIXZX,1,
B07RYRYC2Z,HARDWARE & FINISHES,IL_97O81RWTU3TG,1,
B07S31L4BJ,For the Big Kids,IL_22L0SLOF07ITQ,1,
B07S4842S6,RESORT WEAR FASHION,IL_15NDDXZ7X0955,1,
B07S4D3LGF,SUMMER HOSTING|TABLETOP MUST-HAVES,IL_2RA331651DDK8|IL_C4VDLQZK7ACP,2,
B07S5ZJ8JW,BED & BATH FINDS,IL_1QMQ9WWH79VRL,1,
B07S652B12,ORGANIZING Essentials,IL_27VCDHN1568QK,1,
B07S7FX8WX,VIRAL Home Gadgets,IL_14615HLXD512Y,1,
B07S8DZ1T5,HOME & BATH Essentials,IL_IRH0FVF815TU,1,
B07SFHYV4Z,FEBRUARY Best Sellers,IL_1MB9961G83COM,1,
B07SJ92DVT,FOR HIM - GIFT GUIDE|STOCKING STUFFERS,IL_20274194WU668|IL_26IY6FNENQC7M,2,
B07SLM3HHR,FOR HIM - GIFT GUIDE,IL_26IY6FNENQC7M,1,
B07SLR3T9F,BED & BATH FINDS|FEBRUARY Best Sellers,IL_1MB9961G83COM|IL_1QMQ9WWH79VRL,2,
B07SM61FCT,CREATOR Favorites|JANUARY Best Sellers|January Best Sellers 2,IL_2KYYGUEXPAOKJ|IL_F5Z67P4FFJC4|IL_J39K6QG9TPDR,3,
B07SMXZGKJ,HOLIDAY EVENING Looks,IL_2OL0SY0HD6BBS,1,
B07SPKC554,Subtle Luxury Home,IL_BWHQ5TU85DA7,1,
B07SRRLVQ1,STOCKING STUFFERS,IL_20274194WU668,1,
B07SRV3SN8,HEALTHY Living,IL_136JGDBOWW0I4,1,
B07SRWTX4T,BATHROOM Organization,IL_Q8UFO5D52NKD,1,
B07SST1K8Z,Subtle Luxury Home,IL_BWHQ5TU85DA7,1,
B07SVFH8HQ,My Curated Gift Guide,IL_IE0BGUCCDZ8X,1,
B07SYPQ8LZ,BATHROOM REMODEL,IL_QWA0HLMH0ZPN,1,
B07SYYQ27X,2025 TOP SELLERS,IL_3RT5O1LPLW4HX,1,
B07SYYRM28,ATHEISURE,IL_31LARMS9JHPGT,1,
B07T13HFXT,April Amazon Live|MEMORIAL DAY SALE FOLLOWER FAVORITES|OUTDOOR Oasis,IL_17ITIHGPTINHX|IL_K5H00QYC3R1G|IL_VI6A3WXDHHDU,3,
B07T1CH2HH,KITCHEN Essentials,IL_286Q78OJSYZO8,1,
B07T2NBJYZ,Subtle Luxury Home,IL_BWHQ5TU85DA7,1,
B07T4X1J1J,MY Holiday Styling List,IL_12LJ38VR8BIZT,1,
B07T9GSP5P,HOLIDAY ESSENTIALS,IL_ZN8TBHK35E0D,1,
B07T9N5T79,GIFTS UNDER $25|THE DRESS SHOPPE - From BRUNCH to BLACK TIE,IL_1HHMN64HEUPU9|IL_OJUSIV7RIXZX,2,
B07TCZ3H37,CURTAINS,IL_O5BIFXCH5S3Y,1,
B07THCFJMZ,THE Littles - GIFT GUIDE,IL_3BMD6XLV7JIPG,1,
B07TJ1NKF1,EUROPEAN SUMMER,IL_341JHBPWHDBNK,1,
B07TJ95CBM,LAST MINUTE GIFTS,IL_1OH1TVBZ3L337,1,
B07TKQQD35,WINTER FASHION,IL_PN4A9X7BMPFX,1,
B07TLXSW2C,FAUX & DRIED FLORALS,IL_2WRZJHHWAS214,1,
B07TP2VBGV,UNBOXING,IL_1NR6N43OIR93A,1,
B07TSJHJ7V,GIFTS UNDER $50,IL_30ZOK8YSQFY5N,1,
B07TSTW5PJ,FEBRUARY Best Sellers,IL_1MB9961G83COM,1,
B07TTLT441,BEDDING: LUXURY finds in Our Home|TOP NOVEMBER DEALS,IL_2Z5U0A9S9OXF9|IL_3MJSZFZU5658,2,
B07TTP3YTP,VIRAL Home Gadgets,IL_14615HLXD512Y,1,
B07TWRBTRV,FEBRUARY Best Sellers,IL_1MB9961G83COM,1,
B07TX92XTH,JANUARY Best Sellers,IL_F5Z67P4FFJC4,1,
B07TY46KF7,HARDWARE & FINISHES,IL_97O81RWTU3TG,1,
B07TYCJ7MP,BATHROOM REMODEL,IL_QWA0HLMH0ZPN,1,
B07TYJHXQX,AUTUMN Vibes,IL_2NDA05KNMQH4,1,
B07V1CYRCS,TWEEN & TEEN - GIFT GUIDE,IL_1I8FQ5LPJG30D,1,
B07V1F35K1,FOR HER - HANDBAGS,IL_3ITM4V91K4422,1,
B07V39K883,ORGANIZING Essentials,IL_27VCDHN1568QK,1,
B07V3JS7ZS,HOME & BATH Essentials|HOME DECOR,IL_2V4ZM0XXYOP34|IL_IRH0FVF815TU,2,
B07V5X4KDZ,FEBRUARY Best Sellers,IL_1MB9961G83COM,1,
B07V738J4Y,HOLIDAY ESSENTIALS,IL_ZN8TBHK35E0D,1,
B07V91437Y,AUGUST TOP PICKS|LAUNDRY Room Essentials|MY TOP PRODUCTS FOR JULY|ORGANIZING Essentials,IL_27L1ENCS6OMON|IL_27VCDHN1568QK|IL_DSS93TBPVRP5|IL_OB8CSFU2LS6V,4,
B07VB92K8Z,Effortless Chic Home,IL_34RHZWFKXT7UT,1,
B07VBNCH1B,GIFTS UNDER $25,IL_OJUSIV7RIXZX,1,
B07VDGDTHB,LAMPS,IL_28Z72BVY6B71P,1,
B07VGB6SQX,TOP SEPTEMBER DEALS,IL_JI222AIPC2S,1,
B07VHCNHF6,STOCKING STUFFERS|TOP OCTOBER DEALS,IL_1E7EHNK9QTVEH|IL_20274194WU668,2,
B07VHR9HPK,GIFTS UNDER $25,IL_OJUSIV7RIXZX,1,
B07VLHGWFJ,WINTER FASHION,IL_PN4A9X7BMPFX,1,
B07VNQRWDW,PILLOWS & THROWS,IL_J4MBZKLMALLQ,1,
B07VNS2778,CURTAINS,IL_O5BIFXCH5S3Y,1,
B07VPDNTQ5,COFFEE TABLES. SIDE TABLES. ACCENT TABLES,IL_2RDBP13815B8R,1,
B07VPG8422,For the Big Kids,IL_22L0SLOF07ITQ,1,
B07VQ5QNYT,BURGUNDY CRUSH,IL_32JT2D5T30E4J,1,
B07VQ5R5Y6,CHIC WITHOUT THE SPLURGE TRAVEL|LUXE JEWELRY & ACCESSORIES,IL_27BIT6UUHQ198|IL_2GR0M7LHWL1O,2,
B07VQWJRC9,THE DRESS SHOPPE - From BRUNCH to BLACK TIE,IL_1HHMN64HEUPU9,1,
B07VQXGS5V,CURTAINS,IL_O5BIFXCH5S3Y,1,
B07VQY1L9D,CURTAINS,IL_O5BIFXCH5S3Y,1,
B07VR9MHC3,RESORT WEAR FASHION,IL_15NDDXZ7X0955,1,
B07VRHH5SY,BEST SELLERS,IL_3DS692CRM1BGS,1,
B07VTN3GBL,BED & BATH FINDS,IL_1QMQ9WWH79VRL,1,
B07VVDTX2K,January Best Sellers 2|TOP 100 PRIME FASHION DEALS,IL_2KYYGUEXPAOKJ|IL_2LWBTUXIDQYKM,2,
B07VVK39F7,TOP 100+ PRIME DEALS,IL_330I4A3SQ3ERE,1,
B07VWJ1QQV,ENTERTAINING Essentials|TABLETOP MUST-HAVES,IL_2GHS9RLET14RQ|IL_2RA331651DDK8,2,
B07VXB8CJ7,LUXE Gifting,IL_B4MF8PKIS82A,1,
B07VXKWDLW,HOLIDAY THEMES 2025,IL_CQQP654U5715,1,
B07VXYQLWM,HOLIDAY ON SALE,IL_81C70Z4U4BII,1,
B07VYC6156,LAST MINUTE GIFTS,IL_1OH1TVBZ3L337,1,
B07VZMYQVG,FEBRUARY Best Sellers|TOP 100 PRIME FASHION DEALS,IL_1MB9961G83COM|IL_2LWBTUXIDQYKM,2,
B07W4MHWVV,LAST MINUTE GIFTS,IL_1OH1TVBZ3L337,1,
B07W4Z51FZ,BATHROOM Organization,IL_Q8UFO5D52NKD,1,
B07W59Q5MD,HOLIDAY COLOR CRUSHES 2025,IL_1LKQL9NF315YS,1,
B07W5K84SW,ENTRYWAY. FOYER.,IL_M0U0DTYJP1BI,1,
B07W6XFZP9,FOR HER - HANDBAGS,IL_3ITM4V91K4422,1,
B07W71YMBL,BEST SELLERS,IL_3DS692CRM1BGS,1,
B07W7646SJ,HOLIDAY ESSENTIALS,IL_ZN8TBHK35E0D,1,
B07W81RH1K,EUROPEAN SUMMER,IL_341JHBPWHDBNK,1,
B07W8MW37C,New Year's Must-Haves,IL_3H3WH72KSZXK3,1,
B07WCM3S3G,BATHROOM Essentials,IL_L3V3XJ5WT8SV,1,
B07WFCZ58Q,GADGETS I CANNOT live WITHOUT,IL_12L5JOTON77WY,1,
B07WFM8BV6,Spring Obsessed,IL_222ENLE1WDY2M,1,
B07WG18RLT,TOP SEPTEMBER DEALS,IL_JI222AIPC2S,1,
B07WGS18PY,For the Hostess - GIFT GUIDE|KITCHEN Organizing,IL_2B46UO4I7XY3G|IL_2C66SA5TXKNJK,2,
B07WJVS6DN,GIFTS UNDER $25,IL_OJUSIV7RIXZX,1,
B07WK1BMQF,HOME & BATH Essentials,IL_IRH0FVF815TU,1,
B07WK34GC1,HARDWARE & FINISHES,IL_97O81RWTU3TG,1,
B07WLCNVDF,HOLIDAY COLOR CRUSHES 2025,IL_1LKQL9NF315YS,1,
B07WN2YC5T,HARDWARE & FINISHES,IL_97O81RWTU3TG,1,
B07WNS9GKF,Effortless Chic Home,IL_34RHZWFKXT7UT,1,
B07WP63Q7B,GIFTS UNDER $50,IL_30ZOK8YSQFY5N,1,
B07WQB5NGF,JULY TOP PICKS|MORE NEW FINDS,IL_32M44I5BF0O0R|IL_9FXRQ038D494,2,
B07WRDL2VZ,My Curated Gift Guide|VIRAL Holiday Finds,IL_3QCVRRMTI2TTQ|IL_IE0BGUCCDZ8X,2,
B07WRX84M8,TEEN GIRLIES|TWEEN BACK TO SCHOOL,IL_370XLUWUIJAX1|IL_39AL8K1TZE306,2,
B07WSS1R3S,BEDS. DRESSERS. NIGHTSTANDS.,IL_18H5BP5V6EGYM,1,
B07WVW8GMY,LAMPS,IL_28Z72BVY6B71P,1,
B07WW3T6L5,COFFEE BAR Essentials,IL_FJAM99COX1K9,1,
B07WW87DW7,GIFTS UNDER $50,IL_30ZOK8YSQFY5N,1,
B07WWC3T9Q,LAST MINUTE GIFTS,IL_1OH1TVBZ3L337,1,
B07WWZTWXZ,LIGHTING - Designer Inspired,IL_K3IDK9BPXYFW,1,
B07WX9QR9G,LAMPS,IL_28Z72BVY6B71P,1,
B07WYK8YZ8,BEDS. DRESSERS. NIGHTSTANDS.,IL_18H5BP5V6EGYM,1,
B07WYX1D4H,TECH ESSENTIALS,IL_1LVS8EBYWIS2J,1,
B07WYY6KKC,MARCH Best Sellers|TOP 100+ PRIME DEALS,IL_13DUABZBTBJVY|IL_330I4A3SQ3ERE,2,
B07X2X9JQ2,ELEVATED Bathroom Must-Haves,IL_21T7CCUQI2DH5,1,
B07X3H28S8,HOLIDAY COLOR CRUSHES 2025,IL_1LKQL9NF315YS,1,
B07X57498X,LAMPS,IL_28Z72BVY6B71P,1,
B07X8F3GXN,January Best Sellers 2,IL_2KYYGUEXPAOKJ,1,
B07X8R8P73,CANDLE HOLDERS. CANDLE STICKS.,IL_ITC144HBA2XS,1,
B07X8TQ8PD,LUXE Gifting,IL_B4MF8PKIS82A,1,
B07XD5R45V,BEDDING. PILLOWS. THROWS. TOWELS.,IL_1LFWTJH9UBPKU,1,
B07XF71JFZ,BED & BATH FINDS,IL_1QMQ9WWH79VRL,1,
B07XFQVN57,BEAUTY MUST-HAVES,IL_174AROJG7VER7,1,
B07XFR5WQQ,ENTERTAINING Essentials,IL_2GHS9RLET14RQ,1,
B07XKCTRWL,THE Littles - GIFT GUIDE,IL_3BMD6XLV7JIPG,1,
B07XLNPSFP,GADGETS I CANNOT live WITHOUT,IL_12L5JOTON77WY,1,
B07XM91DDM,FEBRUARY Best Sellers|HEALTHY Living,IL_136JGDBOWW0I4|IL_1MB9961G83COM,2,
B07XNX7WTM,CURTAINS,IL_O5BIFXCH5S3Y,1,
B07XNY1YBF,CURTAINS,IL_O5BIFXCH5S3Y,1,
B07XPS1PWG,BEDS. DRESSERS. NIGHTSTANDS.|Effortless Chic Home,IL_18H5BP5V6EGYM|IL_34RHZWFKXT7UT,2,
B07XW8Y77J,TEEN GUYS,IL_O65RH2OR0EF3,1,
B07XXFZ3DG,CLOSET Organizing,IL_1R4YIGU257W50,1,
B07XXRKMCW,BED & BATH FINDS,IL_1QMQ9WWH79VRL,1,
B07XYMY7Q3,FRIDGE Organization|GADGETS I CANNOT live WITHOUT|HEALTHY Living,IL_12L5JOTON77WY|IL_136JGDBOWW0I4|IL_3HBHLKKIJRXAQ,3,
B07XYPZF66,CANDLE HOLDERS. CANDLE STICKS.,IL_ITC144HBA2XS,1,
B07XYYBHFT,PILATES PRINCESS,IL_3QM5O5E9ELURW,1,
B07Y29PQ45,For the Big Kids,IL_22L0SLOF07ITQ,1,
B07Y4YBWMV,CHIC WITHOUT THE SPLURGE TRAVEL,IL_2GR0M7LHWL1O,1,
B07Y9KKXCS,In MY Travel Bag,IL_SC6UJV027JAK,1,
B07Y9QYW88,BEDDING: LUXURY finds in Our Home,IL_3MJSZFZU5658,1,
B07YBFXR5P,ELEVATED KITCHEN Must-Haves|KITCHEN Organizing|Subtle Luxury Home,IL_2B46UO4I7XY3G|IL_BWHQ5TU85DA7|IL_V4V7ASEQMWKK,3,
B07YBJLT99,BATHROOM Essentials|CANDLE HOLDERS. CANDLE STICKS.|ELEVATED Bathroom Must-Haves|For the Hostess - GIFT GUIDE|GIFTS UNDER $50,IL_21T7CCUQI2DH5|IL_2C66SA5TXKNJK|IL_30ZOK8YSQFY5N|IL_ITC144HBA2XS|IL_L3V3XJ5WT8SV,5,
B07YCLHHB4,LUXE Gifting,IL_B4MF8PKIS82A,1,
B07YCWTRPG,COFFEE BAR Essentials,IL_FJAM99COX1K9,1,
B07YD3KQ5S,MARCH Best Sellers|MY TOP PRODUCTS FOR JULY,IL_13DUABZBTBJVY|IL_OB8CSFU2LS6V,2,
B07YDKVYLH,ENTRYWAY. FOYER.,IL_M0U0DTYJP1BI,1,
B07YFC27WZ,GIFTING,IL_YYM41OHGI1KQ,1,
B07YFW44RN,CHIC WITHOUT THE SPLURGE TRAVEL|OVER 40 & Fabulous HILLARY'S Capsule WARDROBE - Effortless & Chic,IL_1GS6BISWIK7UN|IL_2GR0M7LHWL1O,2,
B07YFWL6ZF,GIFTS UNDER $25|January Best Sellers 2,IL_2KYYGUEXPAOKJ|IL_OJUSIV7RIXZX,2,
B07YG18FGK,My Curated Gift Guide,IL_IE0BGUCCDZ8X,1,
B07YGWJKD7,BEDDING. PILLOWS. THROWS. TOWELS.,IL_1LFWTJH9UBPKU,1,
B07YHGPQ8L,HOLIDAY EVENING Looks,IL_2OL0SY0HD6BBS,1,
B07YHNXMS8,DECEMBER Best Sellers|MY Holiday Styling List|The Hillary Style Holiday,IL_12LJ38VR8BIZT|IL_2PQNIB7PVLPT1|IL_2V2HL7TFY8QE8,3,
B07YJ1S1PW,LAMPS,IL_28Z72BVY6B71P,1,
B07YJHPZ55,JULY TOP PICKS|RESTORATION VIBES,IL_2I5A3XFI29113|IL_9FXRQ038D494,2,
B07YJWQ8QV,HOLIDAY ON SALE,IL_81C70Z4U4BII,1,
B07YKLSMFM,BEDROOM STYLE|MEMORIAL DAY SALE FOLLOWER FAVORITES,IL_17ITIHGPTINHX|IL_2HG2TBY26H9IW,2,
B07YKLXB3Y,January Best Sellers 2|MARCH Best Sellers|TOP NOVEMBER DEALS,IL_13DUABZBTBJVY|IL_2KYYGUEXPAOKJ|IL_2Z5U0A9S9OXF9,3,
B07YKVWK14,BATHROOM Essentials,IL_L3V3XJ5WT8SV,1,
B07YNZ2HSK,HARDWARE & FINISHES,IL_97O81RWTU3TG,1,
B07YPW66JQ,For the Hostess - GIFT GUIDE|GIFTS UNDER $50|LAST MINUTE GIFTS,IL_1OH1TVBZ3L337|IL_2C66SA5TXKNJK|IL_30ZOK8YSQFY5N,3,
B07YQJWW37,Effortless Chic Home,IL_34RHZWFKXT7UT,1,
B07YTD8JBL,HARDWARE & FINISHES,IL_97O81RWTU3TG,1,
B07YYT6XGM,ENTRYWAY. FOYER.,IL_M0U0DTYJP1BI,1,
B07Z24TJGQ,LAMPS,IL_28Z72BVY6B71P,1,
B07Z252R4M,LAMPS,IL_28Z72BVY6B71P,1,
B07Z52HNG3,Outdoor PLANTERS,IL_270Y6RLSPP10V,1,
B07Z5HQ126,GIFTING,IL_YYM41OHGI1KQ,1,
B07Z8X7TPN,TOP MOVING/ORGANIZING,IL_3VW7VU2STCZ6B,1,
B07ZB116NK,COFFEE TABLES. SIDE TABLES. ACCENT TABLES,IL_2RDBP13815B8R,1,
B07ZBNWG1L,HAIR CARE,IL_3VBGW6RI08DIE,1,
B07ZGG33KN,PRESCHOOL LITTLES,IL_16F1ZOLGB573M,1,
B07ZGHMJ9D,CAR ORGANIZATION,IL_3TE1WGJI4HUK8,1,
B07ZJ4XCSV,LUXE Holiday Home,IL_21MLRQOMMKCFI,1,
B07ZJR5XKB,Spring Obsessed,IL_222ENLE1WDY2M,1,
B07ZK7RZZB,LUXE Holiday Home,IL_21MLRQOMMKCFI,1,
B07ZKLWPFV,BEAUTY & SKINCARE,IL_WPS59NJ19M48,1,
B07ZLSQXCS,SKIMS LIKE BASICS,IL_395N3QLHWD5V7,1,
B07ZNSWPZL,HOLIDAY COLOR CRUSHES 2025|LUXE Holiday Home,IL_1LKQL9NF315YS|IL_21MLRQOMMKCFI,2,
B07ZNWH48K,January Best Sellers 2|TRAVEL,IL_24ASC2W86JF33|IL_2KYYGUEXPAOKJ,2,
B07ZPSD8KV,WINTER FASHION,IL_PN4A9X7BMPFX,1,
B07ZQTGV8Q,GIFTS UNDER $50,IL_30ZOK8YSQFY5N,1,
B07ZS26VNC,JANUARY Best Sellers,IL_F5Z67P4FFJC4,1,
B07ZVHK4RC,GIFTS UNDER $25,IL_OJUSIV7RIXZX,1,
B07ZX5XHFM,QUIET LUXURY/OLD MONEY,IL_310DHOAQUC0DH,1,
B07ZZG8DH7,LAST MINUTE GIFTS,IL_1OH1TVBZ3L337,1,
B0815BLNX1,48 Yr Old Mom of 5 - What I am OBSESSED over!|MEMORIAL DAY SALE FOLLOWER FAVORITES|MY TOP PRODUCTS FOR JULY|RUGS,IL_17ITIHGPTINHX|IL_1NSB6B4CK6NM1|IL_2N8O18PX5PHA3|IL_OB8CSFU2LS6V,4,
B0815J4NTV,ENTRYWAY. FOYER.,IL_M0U0DTYJP1BI,1,
B0815JGGBX,ENTRYWAY. FOYER.,IL_M0U0DTYJP1BI,1,
B081BJ7W2D,LAMPS,IL_28Z72BVY6B71P,1,
B081D6QL74,BATHROOM Essentials,IL_L3V3XJ5WT8SV,1,
B081D7WX76,TECH ESSENTIALS,IL_1LVS8EBYWIS2J,1,
B081PQTKSZ,TEEN GIRLIES|TEEN GUYS|TWEEN BACK TO SCHOOL,IL_370XLUWUIJAX1|IL_39AL8K1TZE306|IL_O65RH2OR0EF3,3,
B081QPKTRL,GIFTS UNDER $25,IL_OJUSIV7RIXZX,1,
B081S5YW29,HOLIDAY ESSENTIALS,IL_ZN8TBHK35E0D,1,
B081T7N948,CAR ORGANIZATION,IL_3TE1WGJI4HUK8,1,
B081VDRSKL,LUXE JEWELRY & ACCESSORIES,IL_27BIT6UUHQ198,1,
B081YFV3TN,Effortless Chic Home,IL_34RHZWFKXT7UT,1,
B082133H1B,OUR Rental,IL_21IKKXKZPGWVW,1,
B08215GC3H,LAMPS,IL_28Z72BVY6B71P,1,
B0821TFVXK,CLOSET Organizing,IL_1R4YIGU257W50,1,
B08221BRZ7,HALLOWEEN,IL_TOLRF8ZU3T5K,1,
B0822XQ9DZ,BEDDING. PILLOWS. THROWS. TOWELS.,IL_1LFWTJH9UBPKU,1,
B08246CXZQ,DINING ROOM,IL_3RKTIOM3H9T72,1,
B08248TT3D,BATHROOM Organization,IL_Q8UFO5D52NKD,1,
B0824SFJ8K,HOLIDAY COLOR CRUSHES 2025|NEW HOLIDAY Finds,IL_13866CB1KN3RI|IL_1LKQL9NF315YS,2,
B08264XHCZ,TECH ESSENTIALS,IL_1LVS8EBYWIS2J,1,
B0827RDJFP,ELEVATED HOLIDAY FASHION,IL_WU8FIFLKC1R5,1,
B0829WQD39,JANUARY Best Sellers,IL_F5Z67P4FFJC4,1,
B082BB1PK6,LAMPS,IL_28Z72BVY6B71P,1,
B082DNQXFZ,BED & BATH FINDS,IL_1QMQ9WWH79VRL,1,
B082DT45JG,2025 TOP SELLERS|FAUX INDOOR/OUTDOOR,IL_3RT5O1LPLW4HX|IL_VRW78IY69242,2,
B082KY1MX8,CANDLE HOLDERS. CANDLE STICKS.,IL_ITC144HBA2XS,1,
B082PJZ6R2,RUGS,IL_2N8O18PX5PHA3,1,
B082Q6HLW3,BEDS. DRESSERS. NIGHTSTANDS.,IL_18H5BP5V6EGYM,1,
B082S42J2D,TOP 50 BEAUTY,IL_17SP6THMUJN6E,1,
B082TPDTM2,48 Yr Old Mom of 5 - What I am OBSESSED over!|CREATOR Favorites|MY TOP PRODUCTS FOR JULY|TOP 50 BEAUTY|TOP OCTOBER DEALS,IL_17SP6THMUJN6E|IL_1E7EHNK9QTVEH|IL_1NSB6B4CK6NM1|IL_J39K6QG9TPDR|IL_OB8CSFU2LS6V,5,
B082VJS1T1,GIFTS UNDER $25,IL_OJUSIV7RIXZX,1,
B082VL8NR7,GIFTS UNDER $25,IL_OJUSIV7RIXZX,1,
B082WN9NJL,LUXE Gifting,IL_B4MF8PKIS82A,1,
B082WW7FZ9,RESORT WEAR FASHION,IL_15NDDXZ7X0955,1,
B082WZJ69R,TOP 50 BEAUTY,IL_17SP6THMUJN6E,1,
B082XRB79L,ELEVATED KITCHEN Must-Haves|ORGANIZING Essentials|Our REMODEL HOME,IL_1RA73GK94YR1G|IL_27VCDHN1568QK|IL_V4V7ASEQMWKK,3,
B082XVVMGR,VASES. TRAYS. BOXES.,IL_2YQAXQUJ2H8KY,1,
B082YL5ZT1,HOME DECOR,IL_2V4ZM0XXYOP34,1,
B082ZC351S,GIFTS UNDER $25,IL_OJUSIV7RIXZX,1,
B0831B42J5,TOP 100+ PRIME DEALS,IL_330I4A3SQ3ERE,1,
B0831B9P4Y,BEDROOM STYLE|NEW HOLIDAY Finds|QUIET LUXURY/OLD MONEY|TOP 100 HOME PICKS,IL_13866CB1KN3RI|IL_2DVQFMB8O8SDC|IL_2HG2TBY26H9IW|IL_310DHOAQUC0DH,4,
B0831C3538,Moody Luxe Home,IL_DB6CKD297DDB,1,
B0834JQ4RF,LAST MINUTE GIFTS|My Curated Gift Guide,IL_1OH1TVBZ3L337|IL_IE0BGUCCDZ8X,2,
B0835MFJRG,CHIC WITHOUT THE SPLURGE TRAVEL,IL_2GR0M7LHWL1O,1,
B0836Q5L6P,TWEEN & TEEN - GIFT GUIDE,IL_1I8FQ5LPJG30D,1,
B0837F3Y9S,PRESCHOOL LITTLES,IL_16F1ZOLGB573M,1,
B08386C7PL,WINTER FASHION,IL_PN4A9X7BMPFX,1,
B083BC5W58,COFFEE BAR Essentials,IL_FJAM99COX1K9,1,
B083F6RFX5,Effortless Chic Home,IL_34RHZWFKXT7UT,1,
B083FH4KF7,BED & BATH FINDS,IL_1QMQ9WWH79VRL,1,
B083GPR5X7,THE Littles - GIFT GUIDE,IL_3BMD6XLV7JIPG,1,
B083L8RNJR,LAST MINUTE GIFTS,IL_1OH1TVBZ3L337,1,
B083LC7M5C,CAR ORGANIZATION,IL_3TE1WGJI4HUK8,1,
B083LDQZYM,LUXE Gifting,IL_B4MF8PKIS82A,1,
B083LGC771,TOP MOVING/ORGANIZING,IL_3VW7VU2STCZ6B,1,
B083LJPT4T,HEALTHY Living,IL_136JGDBOWW0I4,1,
B083QPZTWD,CLOSET Organizing,IL_1R4YIGU257W50,1,
B083QQB55Q,CLOSET Organizing,IL_1R4YIGU257W50,1,
B083RH5VJL,TOP 50 BEAUTY,IL_17SP6THMUJN6E,1,
B083S627CQ,ELEVATED KITCHEN Must-Haves|VIRAL Home Gadgets,IL_14615HLXD512Y|IL_V4V7ASEQMWKK,2,
B083TGNYBS,FOR HER - HANDBAGS,IL_3ITM4V91K4422,1,
B083TRZ71G,BEDDING: LUXURY finds in Our Home|JOCELYN'S Space|MARCH Best Sellers,IL_13DUABZBTBJVY|IL_1DXRHB098MRMA|IL_3MJSZFZU5658,3,
B083XT1WBH,RUGS,IL_2N8O18PX5PHA3,1,
B0842RPRKT,TEEN GUYS,IL_O65RH2OR0EF3,1,
B084GY7284,COFFEE BAR Essentials,IL_FJAM99COX1K9,1,
B084GYKJ58,COFFEE BAR Essentials,IL_FJAM99COX1K9,1,
B084H7K9LY,HEALTHY Living,IL_136JGDBOWW0I4,1,
B084HLCHCJ,FOR HIM - GIFT GUIDE,IL_26IY6FNENQC7M,1,
B084LLCN3S,BATHROOM Essentials,IL_L3V3XJ5WT8SV,1,
B084LLN2N3,AFFORDABLE DECOR,IL_2EHNEZELPW5NA,1,
B084LN66XD,GIFTS UNDER $25,IL_OJUSIV7RIXZX,1,
B084LNK64Y,GIFTS UNDER $25,IL_OJUSIV7RIXZX,1,
B084QD3ZFW,BEDS. DRESSERS. NIGHTSTANDS.,IL_18H5BP5V6EGYM,1,
B084TPK3WY,48 Yr Old Mom of 5 - What I am OBSESSED over!|BEAUTY MUST-HAVES,IL_174AROJG7VER7|IL_1NSB6B4CK6NM1,2,
B084YRJXMZ,BEST SELLERS|TOP OCTOBER DEALS,IL_1E7EHNK9QTVEH|IL_3DS692CRM1BGS,2,
B084YV3TG4,BEDDING. PILLOWS. THROWS. TOWELS.,IL_1LFWTJH9UBPKU,1,
B084ZQLRDN,Amazon Furniture in Our Home|OUR Rental,IL_1UGCFJJRVROLC|IL_21IKKXKZPGWVW,2,
B084ZQVQD8,Outdoor PLANTERS,IL_270Y6RLSPP10V,1,
B084ZQXJ9H,Outdoor PLANTERS,IL_270Y6RLSPP10V,1,
B084ZR12BX,Outdoor PLANTERS,IL_270Y6RLSPP10V,1,
B084ZR49VY,VASES. TRAYS. BOXES.,IL_2YQAXQUJ2H8KY,1,
B08515B2WG,LAUNDRY Room Essentials,IL_27L1ENCS6OMON,1,
B0851R64S8,VASES. TRAYS. BOXES.,IL_2YQAXQUJ2H8KY,1,
B085282C1R,TWEEN & TEEN - GIFT GUIDE,IL_1I8FQ5LPJG30D,1,
B0855JSKW2,BATHROOM Essentials,IL_L3V3XJ5WT8SV,1,
B085CJHSHJ,TOP SEPTEMBER DEALS,IL_JI222AIPC2S,1,
B085JP95LV,KITCHEN Organizing,IL_2B46UO4I7XY3G,1,
B085KYTNN4,New Year's Must-Haves,IL_3H3WH72KSZXK3,1,
B085N9KZ63,KITCHEN Organizing|NEW Arrivals,IL_2B46UO4I7XY3G|IL_2DHFOQ3A1Q5U2,2,
B085RS35SR,Amazon Furniture in Our Home|CURTAINS|Our SITTING ROOM,IL_1UGCFJJRVROLC|IL_O5BIFXCH5S3Y|IL_T9AHRYR4TO4W,3,
B085S9YFR5,TWEEN & TEEN - GIFT GUIDE,IL_1I8FQ5LPJG30D,1,
B085TH7DN4,Hillary's NEWEST Finds|OUTDOOR Oasis|TOP 100 HOME PICKS,IL_1XPGUL8BC81KW|IL_2DVQFMB8O8SDC|IL_VI6A3WXDHHDU,3,
B085VKYGZT,HARDWARE & FINISHES,IL_97O81RWTU3TG,1,
B085XSB71V,HEALTHY Living,IL_136JGDBOWW0I4,1,
B085XSPZNS,CURTAINS|LAUNDRY Room Essentials,IL_27L1ENCS6OMON|IL_O5BIFXCH5S3Y,2,
B085ZZT4NG,GIFTS UNDER $25,IL_OJUSIV7RIXZX,1,
B08616PS69,BEDDING: LUXURY finds in Our Home|LUXURY GIFTS|TOP OCTOBER DEALS,IL_1E7EHNK9QTVEH|IL_3KKGHGSJ1ZRYC|IL_3MJSZFZU5658,3,
B0862YK4YM,COFFEE TABLES. SIDE TABLES. ACCENT TABLES,IL_2RDBP13815B8R,1,
B08637XW4H,BED & BATH FINDS,IL_1QMQ9WWH79VRL,1,
B0869G5R14,HARDWARE & FINISHES,IL_97O81RWTU3TG,1,
B0869LKSQ5,LAMPS,IL_28Z72BVY6B71P,1,
B086HNGNFZ,PILATES PRINCESS,IL_3QM5O5E9ELURW,1,
B086KTP5TG,BATHROOM Essentials,IL_L3V3XJ5WT8SV,1,
B086LKXSGB,TWEEN & TEEN - GIFT GUIDE,IL_1I8FQ5LPJG30D,1,
B086QM34G5,AUTUMN Vibes,IL_2NDA05KNMQH4,1,
B086QXGCN5,LAUNDRY Room Essentials,IL_27L1ENCS6OMON,1,
B086QXVS81,KITCHEN Organizing|NEW Arrivals,IL_2B46UO4I7XY3G|IL_2DHFOQ3A1Q5U2,2,
B086SPVS7S,CLOSET Organizing|MEMORIAL DAY SALE FOLLOWER FAVORITES,IL_17ITIHGPTINHX|IL_1R4YIGU257W50,2,
B086W2L7LZ,STOCKING STUFFERS,IL_20274194WU668,1,
B086WB2XP6,BEDS. DRESSERS. NIGHTSTANDS.,IL_18H5BP5V6EGYM,1,
B086X6362X,LAMPS,IL_28Z72BVY6B71P,1,
B086ZK8GTL,JUST IN...My Newest OBSESSIONS,IL_EAQUVLIMTM7R,1,
B086ZR6M3D,SPORT MOM Style,IL_33RG7LWDINUWO,1,
B0872B1WR5,HOLIDAY EVENING Looks,IL_2OL0SY0HD6BBS,1,
B0872ZZVTC,HAIR CARE|TOP 50 BEAUTY,IL_17SP6THMUJN6E|IL_3VBGW6RI08DIE,2,
B0873DQ7DJ,LUXE JEWELRY & ACCESSORIES,IL_27BIT6UUHQ198,1,
B0875L692H,TOP MOVING/ORGANIZING,IL_3VW7VU2STCZ6B,1,
B087CRWSXZ,HARDWARE & FINISHES,IL_97O81RWTU3TG,1,
B087CYNFX2,NO DRILL Home Improvement,IL_2P1RVZSE8RCAZ,1,
B087D55WK2,LAST MINUTE GIFTS,IL_1OH1TVBZ3L337,1,
B087F53H6Y,DINING ROOM,IL_3RKTIOM3H9T72,1,
B087GY3RC4,HOLIDAY EVENING Looks,IL_2OL0SY0HD6BBS,1,
B087JB2QLJ,GIFTS UNDER $25,IL_OJUSIV7RIXZX,1,
B087JJ8Q8J,JUST IN - Organizing & Home,IL_3UQI8VF6F9P66,1,
B087JM98PW,ELEVATED KITCHEN Must-Haves,IL_V4V7ASEQMWKK,1,
B087JRV75R,ORGANIZING Essentials,IL_27VCDHN1568QK,1,
B087NJQ365,BEDS. DRESSERS. NIGHTSTANDS.,IL_18H5BP5V6EGYM,1,
B087PTW7F5,COFFEE BAR Essentials,IL_FJAM99COX1K9,1,
B087QYSB37,BED & BATH FINDS,IL_1QMQ9WWH79VRL,1,
B087TW7656,PILLOWS & THROWS,IL_J4MBZKLMALLQ,1,
B087VWNN4F,ENTRYWAY. FOYER.,IL_M0U0DTYJP1BI,1,
B087WSR36V,For the Big Kids,IL_22L0SLOF07ITQ,1,
B087WTKJ9V,Spring Obsessed,IL_222ENLE1WDY2M,1,
B087WXD9KR,HOLIDAY ON SALE,IL_81C70Z4U4BII,1,
B087YQTYF9,PILLOWS & THROWS,IL_J4MBZKLMALLQ,1,
B0884DP5P2,SUMMER HOSTING,IL_C4VDLQZK7ACP,1,
B0887TL1JG,FOR HIM - GIFT GUIDE,IL_26IY6FNENQC7M,1,
B088CR5P8P,OUTDOOR Oasis,IL_VI6A3WXDHHDU,1,
B088FW6B9T,CURTAINS|OUR Rental,IL_21IKKXKZPGWVW|IL_O5BIFXCH5S3Y,2,
B088GVJGHM,KITCHEN Essentials,IL_286Q78OJSYZO8,1,
B088KFR74X,HARDWARE & FINISHES,IL_97O81RWTU3TG,1,
B088M5Z6ZR,AUGUST TOP PICKS,IL_DSS93TBPVRP5,1,
B088P86M2C,AUTUMN Vibes|GIFTS UNDER $25,IL_2NDA05KNMQH4|IL_OJUSIV7RIXZX,2,
B088QMX65V,BATHROOM Essentials,IL_L3V3XJ5WT8SV,1,
B088RKDC67,ELEVATED HOLIDAY FASHION,IL_WU8FIFLKC1R5,1,
B088S4BDZN,BEDS. DRESSERS. NIGHTSTANDS.,IL_18H5BP5V6EGYM,1,
B088W7L534,BEAUTY & SKINCARE,IL_WPS59NJ19M48,1,
B088WT76XZ,For the Big Kids,IL_22L0SLOF07ITQ,1,
B088ZTHR4X,KITCHEN Essentials,IL_286Q78OJSYZO8,1,
B088ZVVJBJ,BEDDING. PILLOWS. THROWS. TOWELS.,IL_1LFWTJH9UBPKU,1,
B0892TW82K,HOME & BATH Essentials,IL_IRH0FVF815TU,1,
B0893MVG6M,HOLIDAY MUST-HAVES on AMAZON LIVE,IL_3U58T22AIU7ZR,1,
B0893P24NQ,JANUARY Best Sellers|LAUNDRY Room Essentials,IL_27L1ENCS6OMON|IL_F5Z67P4FFJC4,2,
B08953NX78,BEDDING. PILLOWS. THROWS. TOWELS.,IL_1LFWTJH9UBPKU,1,
B08953X7XY,Vanity Organization,IL_WMCP8YLCXSCD,1,
B0895K6LG7,HAIR CARE,IL_3VBGW6RI08DIE,1,
B0899PYRS1,STOCKING STUFFERS,IL_20274194WU668,1,
B0899TRSLM,EARNED A SPOT FOR LIFE!|HEALTHY Living|LAUNDRY Room Essentials|NEW Arrivals|PANTRY Organization,IL_136JGDBOWW0I4|IL_1MKYF1CAY9E8G|IL_27L1ENCS6OMON|IL_2DHFOQ3A1Q5U2|IL_76ENHDCP4NP1,5,
B089CRXTGK,TRAVEL,IL_24ASC2W86JF33,1,
B089D3Q24T,LUXE Gifting,IL_B4MF8PKIS82A,1,
B089JJHK8Y,BATHROOM Organization,IL_Q8UFO5D52NKD,1,
B089K3L5GZ,HOME & BATH Essentials,IL_IRH0FVF815TU,1,
B089KGB3RH,Subtle Luxury Home,IL_BWHQ5TU85DA7,1,
B089KSJLDK,BED & BATH FINDS,IL_1QMQ9WWH79VRL,1,
B089MCZYFT,FOR HER - HANDBAGS,IL_3ITM4V91K4422,1,
B089N1CNRJ,In MY Travel Bag,IL_SC6UJV027JAK,1,
B089N7PYZZ,MUST-HAVE HOSTING|SHATTERPROOF Beverage Glasses,IL_23YO2PO28IXV|IL_3U9GRAHOG87DY,2,
B089NZ31C6,LUXURY GIFTS,IL_3KKGHGSJ1ZRYC,1,
B089P3CYY7,HEALTHY Living,IL_136JGDBOWW0I4,1,
B089Q279R3,DORM ROOM ESSENTIALS,IL_1DUCBV6BSXOJF,1,
B089QR9252,LAMPS,IL_28Z72BVY6B71P,1,
B089QXMQXK,MARCH Best Sellers,IL_13DUABZBTBJVY,1,
B089TQ82WT,TOP 100+ PRIME DEALS,IL_330I4A3SQ3ERE,1,
B089W1FV3K,FASHION,IL_3LEWC1H0K68XB,1,
B089XVH987,GIFTS UNDER $25,IL_OJUSIV7RIXZX,1,
B089XY29Z6,HOLIDAY COLOR CRUSHES 2025,IL_1LKQL9NF315YS,1,
B089Y1354D,BEDDING. PILLOWS. THROWS. TOWELS.,IL_1LFWTJH9UBPKU,1,
B08B1L6CYQ,POWDER BATH,IL_311VGYMV97O78,1,
B08B1MFC8L,$50 WINTER FASHION|GIFTS UNDER $25|LUXE JEWELRY & ACCESSORIES,IL_27BIT6UUHQ198|IL_43J6PJOVYKC9|IL_OJUSIV7RIXZX,3,
B08B1N3XPS,JULY TOP PICKS,IL_9FXRQ038D494,1,
B08B397DMF,ELEVATED KITCHEN Must-Haves|GADGETS I CANNOT live WITHOUT|TOP 100+ PRIME DEALS,IL_12L5JOTON77WY|IL_330I4A3SQ3ERE|IL_V4V7ASEQMWKK,3,
B08B46QG9M,BEDROOM STYLE,IL_2HG2TBY26H9IW,1,
B08B4B78X2,BEDROOM STYLE,IL_2HG2TBY26H9IW,1,
B08B4BXVSR,DINING ROOM,IL_3RKTIOM3H9T72,1,
B08B5S8JV5,HARDWARE & FINISHES,IL_97O81RWTU3TG,1,
B08B8YRV67,LAST MINUTE GIFTS,IL_1OH1TVBZ3L337,1,
B08BGCRR7F,BEAUTY MUST-HAVES,IL_174AROJG7VER7,1,
B08BL5LB3W,BATHROOM Essentials,IL_L3V3XJ5WT8SV,1,
B08BMMNYW7,BATHROOM Essentials,IL_L3V3XJ5WT8SV,1,
B08BQBNXSQ,HOME & BATH Essentials,IL_IRH0FVF815TU,1,
B08BTRZHSY,VASES. TRAYS. BOXES.,IL_2YQAXQUJ2H8KY,1,
B08BWDVPQY,BEDDING: LUXURY finds in Our Home,IL_3MJSZFZU5658,1,
B08BX98J9S,FOR HIM - GIFT GUIDE,IL_26IY6FNENQC7M,1,
B08BXBSV3L,BEAUTY & SKINCARE|TOP 50 BEAUTY,IL_17SP6THMUJN6E|IL_WPS59NJ19M48,2,
B08BYJ8KSR,FOR HIM - GIFT GUIDE|LAST MINUTE GIFTS,IL_1OH1TVBZ3L337|IL_26IY6FNENQC7M,2,
B08BZWT3KM,COFFEE TABLES. SIDE TABLES. ACCENT TABLES,IL_2RDBP13815B8R,1,
B08C2X6QGH,FOR HER - HANDBAGS,IL_3ITM4V91K4422,1,
B08C58TCGJ,JUNE TOP PICKS,IL_2Q5678F6BP61R,1,
B08C5H5YR7,$50 WINTER FASHION,IL_43J6PJOVYKC9,1,
B08C5H6TT3,WORK WEAR,IL_3J2NRGA0NCDGR,1,
B08C65FMTZ,GIFTS UNDER $50,IL_30ZOK8YSQFY5N,1,
B08C9HQLHS,BED & BATH FINDS,IL_1QMQ9WWH79VRL,1,
B08CG27C3B,DINING ROOM,IL_3RKTIOM3H9T72,1,
B08CG7MLDN,COFFEE TABLES. SIDE TABLES. ACCENT TABLES,IL_2RDBP13815B8R,1,
B08CHLBY7L,QUIET LUXURY/OLD MONEY,IL_310DHOAQUC0DH,1,
B08CJZ614V,In MY Travel Bag,IL_SC6UJV027JAK,1,
B08CK6VYSN,Your Currently MOST-LOVED,IL_3BNM8CSCBJ7VF,1,
B08CPCMMK4,AFFORDABLE DECOR,IL_2EHNEZELPW5NA,1,
B08CPT2FX3,Outdoor PLANTERS,IL_270Y6RLSPP10V,1,
B08CR94R4M,ENTERTAINING Essentials,IL_2GHS9RLET14RQ,1,
B08CRDNJCQ,NIGHTSTAND Essentials,IL_2969EJ7F6BLI8,1,
B08CRNYYXS,BATHROOM Essentials,IL_L3V3XJ5WT8SV,1,
B08CRX5TKN,TOP 100 PRIME FASHION DEALS,IL_2LWBTUXIDQYKM,1,
B08CS92DCB,LUXE Gifting,IL_B4MF8PKIS82A,1,
B08CT74FHF,GIFTS UNDER $25,IL_OJUSIV7RIXZX,1,
B08CVT1VTR,Outdoor PLANTERS,IL_270Y6RLSPP10V,1,
B08CXCMWXL,BEDDING. PILLOWS. THROWS. TOWELS.,IL_1LFWTJH9UBPKU,1,
B08CXG4Z9B,TOP 100+ PRIME DEALS,IL_330I4A3SQ3ERE,1,
B08CXGK81V,BEDDING. PILLOWS. THROWS. TOWELS.,IL_1LFWTJH9UBPKU,1,
B08CXHK2JT,BED & BATH FINDS,IL_1QMQ9WWH79VRL,1,
B08CXJCX7D,BEDDING. PILLOWS. THROWS. TOWELS.,IL_1LFWTJH9UBPKU,1,
B08CXNGZFJ,BED & BATH FINDS,IL_1QMQ9WWH79VRL,1,
B08CXRMYQP,BED & BATH FINDS,IL_1QMQ9WWH79VRL,1,
B08CXSH8L5,FOR HIM - GIFT GUIDE,IL_26IY6FNENQC7M,1,
B08CXXTGTW,GADGETS I CANNOT live WITHOUT|NIGHTSTAND Essentials|TOP 100+ PRIME DEALS|Vanity Organization,IL_12L5JOTON77WY|IL_2969EJ7F6BLI8|IL_330I4A3SQ3ERE|IL_WMCP8YLCXSCD,4,
B08CYNR6T6,HOLIDAY EVENING Looks,IL_2OL0SY0HD6BBS,1,
B08CZSFC4W,TOP NOVEMBER DEALS,IL_2Z5U0A9S9OXF9,1,
B08D3CTZ54,TWEEN & TEEN - GIFT GUIDE,IL_1I8FQ5LPJG30D,1,
B08D3FXF64,48 Yr Old Mom of 5 - What I am OBSESSED over!|BEAUTY & SKINCARE|LUXURY GIFTS|Vanity Organization,IL_1NSB6B4CK6NM1|IL_3KKGHGSJ1ZRYC|IL_WMCP8YLCXSCD|IL_WPS59NJ19M48,4,
B08D3GDZMZ,HOLIDAY THEMES 2025,IL_CQQP654U5715,1,
B08D43LHYP,BEAUTY MUST-HAVES,IL_174AROJG7VER7,1,
B08D6F1Z2S,DATE NIGHT FASHION,IL_20Q0HRFOLM3K2,1,
B08D98NZJG,DESIGNER INSPIRED,IL_3JCDIMAGNYZ0E,1,
B08DG3C22G,JANUARY Best Sellers,IL_F5Z67P4FFJC4,1,
B08DHGV466,NO DRILL Home Improvement,IL_2P1RVZSE8RCAZ,1,
B08DHN5TF2,Subtle Luxury Home,IL_BWHQ5TU85DA7,1,
B08DHP95ZJ,FEBRUARY Best Sellers,IL_1MB9961G83COM,1,
B08DHW8MY3,HEALTHY Living,IL_136JGDBOWW0I4,1,
B08DJ7T5K6,FRIDGE Organization,IL_3HBHLKKIJRXAQ,1,
B08DJ9RDZT,HARDWARE & FINISHES,IL_97O81RWTU3TG,1,
B08DKD818S,MARCH Best Sellers,IL_13DUABZBTBJVY,1,
B08DKFXG4H,GIFTS UNDER $25,IL_OJUSIV7RIXZX,1,
B08DL7P3DV,GIFTS UNDER $25,IL_OJUSIV7RIXZX,1,
B08DLW3S7R,HARDWARE & FINISHES,IL_97O81RWTU3TG,1,
B08DMFSZZQ,HALLOWEEN,IL_TOLRF8ZU3T5K,1,
B08DNYDVQV,Outdoor PLANTERS,IL_270Y6RLSPP10V,1,
B08DP2L1SZ,Outdoor PLANTERS,IL_270Y6RLSPP10V,1,
B08DP2TTTY,Outdoor PLANTERS,IL_270Y6RLSPP10V,1,
B08DP58SQF,VIRAL Holiday Finds,IL_3QCVRRMTI2TTQ,1,
B08DPQXYYB,BATHROOM Essentials,IL_L3V3XJ5WT8SV,1,
B08DPT8Y9T,AUTUMN Vibes|PILLOWS & THROWS,IL_2NDA05KNMQH4|IL_J4MBZKLMALLQ,2,
B08DPWNNXR,GIFTS UNDER $50,IL_30ZOK8YSQFY5N,1,
B08DPZ8C6F,TABLETOP MUST-HAVES,IL_2RA331651DDK8,1,
B08DPZWRDR,GIFTING,IL_YYM41OHGI1KQ,1,
B08DT8TWNX,TABLETOP MUST-HAVES,IL_2RA331651DDK8,1,
B08DT932ZB,HARDWARE & FINISHES,IL_97O81RWTU3TG,1,
B08DTFFWPX,CURTAINS,IL_O5BIFXCH5S3Y,1,
B08DTMKJW8,HARDWARE & FINISHES,IL_97O81RWTU3TG,1,
B08DTQ5V25,HARDWARE & FINISHES,IL_97O81RWTU3TG,1,
B08DTTPDZ1,BATHROOM Essentials,IL_L3V3XJ5WT8SV,1,
B08DTW51LX,2025 TOP SELLERS,IL_3RT5O1LPLW4HX,1,
B08DVDYHGK,For the Big Kids,IL_22L0SLOF07ITQ,1,
B08DVY3Y2R,TABLETOP MUST-HAVES,IL_2RA331651DDK8,1,
B08DW5SJSX,BATHROOM Essentials,IL_L3V3XJ5WT8SV,1,
B08DXHFKB1,2025 TOP SELLERS|In MY Travel Bag|LUXURY GIFTS,IL_3KKGHGSJ1ZRYC|IL_3RT5O1LPLW4HX|IL_SC6UJV027JAK,3,
B08DXVZ6QP,DECEMBER Best Sellers|LAST MINUTE GIFTS|Vanity Organization,IL_1OH1TVBZ3L337|IL_2PQNIB7PVLPT1|IL_WMCP8YLCXSCD,3,
B08F2FLBC2,WINTER FASHION,IL_PN4A9X7BMPFX,1,
B08F6GPQQ7,TECH ESSENTIALS,IL_1LVS8EBYWIS2J,1,
B08FCJMV6V,PILLOWS & THROWS,IL_J4MBZKLMALLQ,1,
B08FDCLXNP,My Curated Gift Guide|STOCKING STUFFERS,IL_20274194WU668|IL_IE0BGUCCDZ8X,2,
B08FFG722N,ELEVATED HOLIDAY FASHION,IL_WU8FIFLKC1R5,1,
B08FJ678YK,TECH ESSENTIALS,IL_1LVS8EBYWIS2J,1,
B08FJDML42,VIRAL Holiday Finds,IL_3QCVRRMTI2TTQ,1,
B08FLFKT2D,AUTUMN Vibes|JULY TOP PICKS|NEW Arrivals,IL_2DHFOQ3A1Q5U2|IL_2NDA05KNMQH4|IL_9FXRQ038D494,3,
B08FLY35V4,BEDS. DRESSERS. NIGHTSTANDS.,IL_18H5BP5V6EGYM,1,
B08FMB1TGS,THE Littles - GIFT GUIDE,IL_3BMD6XLV7JIPG,1,
B08FTDK2TL,ELEVATED HOLIDAY FASHION,IL_WU8FIFLKC1R5,1,
B08FW63P3B,MARCH Best Sellers,IL_13DUABZBTBJVY,1,
B08FY1VPLC,HILLARY'S BEACH Bag Essentials,IL_29FTLXCTPVP41,1,
B08FY4LHDF,TWEEN & TEEN - GIFT GUIDE,IL_1I8FQ5LPJG30D,1,
B08FYN2L7B,CLOSET Organizing,IL_1R4YIGU257W50,1,
B08G1G8Y1Q,BOY'S Bathroom|For the Hostess - GIFT GUIDE|KITCHEN Organizing|VIRAL Home Gadgets,IL_14615HLXD512Y|IL_2B46UO4I7XY3G|IL_2C66SA5TXKNJK|IL_3CQZYKSH60HA3,4,
B08G1RGVR9,Our REMODEL HOME,IL_1RA73GK94YR1G,1,
B08G31TKG2,SPORT MOM Style,IL_33RG7LWDINUWO,1,
B08G4R4PJP,CLOSET Organizing|MEMORIAL DAY SALE FOLLOWER FAVORITES|Your Currently MOST-LOVED,IL_17ITIHGPTINHX|IL_1R4YIGU257W50|IL_3BNM8CSCBJ7VF,3,
B08G5W2H4L,BEAUTY MUST-HAVES|LUXURY GIFTS|TOP 50 BEAUTY,IL_174AROJG7VER7|IL_17SP6THMUJN6E|IL_3KKGHGSJ1ZRYC,3,
B08GCFWBHM,BED & BATH FINDS|LUXE Gifting,IL_1QMQ9WWH79VRL|IL_B4MF8PKIS82A,2,
B08GFBQS3X,JANUARY Best Sellers,IL_F5Z67P4FFJC4,1,
B08GG79RS7,BATHROOM Essentials,IL_L3V3XJ5WT8SV,1,
B08GG8KJWQ,BATHROOM Essentials,IL_L3V3XJ5WT8SV,1,
B08GK834CW,TWEEN & TEEN - GIFT GUIDE,IL_1I8FQ5LPJG30D,1,
B08GKW2FMT,KITCHEN Essentials,IL_286Q78OJSYZO8,1,
B08GLRLH25,FEBRUARY Best Sellers,IL_1MB9961G83COM,1,
B08GPR88MX,JUST IN - Organizing & Home,IL_3UQI8VF6F9P66,1,
B08GQZ7T24,My Curated Gift Guide|STOCKING STUFFERS|Vanity Organization,IL_20274194WU668|IL_IE0BGUCCDZ8X|IL_WMCP8YLCXSCD,3,
B08GSMP57N,January Best Sellers 2,IL_2KYYGUEXPAOKJ,1,
B08GYFJBL4,For the Big Kids,IL_22L0SLOF07ITQ,1,
B08H152JCY,January Best Sellers 2,IL_2KYYGUEXPAOKJ,1,
B08H23FL2H,TABLETOP MUST-HAVES,IL_2RA331651DDK8,1,
B08H2CXRNK,EARLY Fall|HALLOWEEN,IL_ED3VXSBXPFO5|IL_TOLRF8ZU3T5K,2,
B08H786R4B,HAIR CARE|TOP 50 BEAUTY|Vanity Organization,IL_17SP6THMUJN6E|IL_3VBGW6RI08DIE|IL_WMCP8YLCXSCD,3,
B08HCHMPJZ,MUST-HAVE HOSTING,IL_23YO2PO28IXV,1,
B08HD89CX6,THE Littles - GIFT GUIDE,IL_3BMD6XLV7JIPG,1,
B08HLB3N8K,BATHROOM Organization,IL_Q8UFO5D52NKD,1,
B08HP8RYFN,HOLIDAY ESSENTIALS,IL_ZN8TBHK35E0D,1,
B08HPRMJ41,FOR HER - HANDBAGS,IL_3ITM4V91K4422,1,
B08HPRXGX9,UNBOXING,IL_1NR6N43OIR93A,1,
B08HQRN9VM,HILLARY'S BEACH Bag Essentials,IL_29FTLXCTPVP41,1,
B08HRNYF2J,TECH ESSENTIALS,IL_1LVS8EBYWIS2J,1,
B08HVJQ2YP,TOP SEPTEMBER DEALS,IL_JI222AIPC2S,1,
B08HX5C3M5,ENTERTAINING Essentials,IL_2GHS9RLET14RQ,1,
B08J2HRZVB,VIRAL Holiday Finds,IL_3QCVRRMTI2TTQ,1,
B08J3V6W1V,BATHROOM REMODEL,IL_QWA0HLMH0ZPN,1,
B08J4C8871,TECH ESSENTIALS,IL_1LVS8EBYWIS2J,1,
B08J7QMTVC,WINTER FASHION,IL_PN4A9X7BMPFX,1,
B08J8DFD3S,LAST MINUTE GIFTS,IL_1OH1TVBZ3L337,1,
B08J8GZXKZ,48 Yr Old Mom of 5 - What I am OBSESSED over!|ELEVATED KITCHEN Must-Haves|HOME & BATH Essentials|KITCHEN Essentials|KITCHEN Organizing|LAST MINUTE GIFTS|MUST-HAVE HOSTING|NEW Arrivals|NEW HOME FINDS|VIRAL Home Gadgets,IL_14615HLXD512Y|IL_1NSB6B4CK6NM1|IL_1OH1TVBZ3L337|IL_1QMBJFJU34FUR|IL_23YO2PO28IXV|IL_286Q78OJSYZO8|IL_2B46UO4I7XY3G|IL_2DHFOQ3A1Q5U2|IL_IRH0FVF815TU|IL_V4V7ASEQMWKK,10,All memberships are included in internal_label; only the first 5 stable backup labels appear in custom_label_0-4.
B08JFZPFYD,WALL DECOR - MIRRORS. ART. FRAMES.,IL_1HZQPC6SSAHFG,1,
B08JGZ43L9,AFFORDABLE DECOR,IL_2EHNEZELPW5NA,1,
B08JJ2D7XH,TOP OCTOBER DEALS,IL_1E7EHNK9QTVEH,1,
B08JNKYPBF,LUXURY GIFTS|TOP 50 BEAUTY,IL_17SP6THMUJN6E|IL_3KKGHGSJ1ZRYC,2,
B08JPYQ3XM,GIFTING,IL_YYM41OHGI1KQ,1,
B08JQ672VN,BEDDING. PILLOWS. THROWS. TOWELS.,IL_1LFWTJH9UBPKU,1,
B08JSCB6L4,AUGUST TOP PICKS|LAMPS|MY TOP PRODUCTS FOR JULY|RH STYLE - Looks like a SPLURGE,IL_28Z72BVY6B71P|IL_32TSU85USSAQZ|IL_DSS93TBPVRP5|IL_OB8CSFU2LS6V,4,
B08JSL9W6K,January Best Sellers 2,IL_2KYYGUEXPAOKJ,1,
B08JSMR854,TOP SEPTEMBER DEALS,IL_JI222AIPC2S,1,
B08JSSXHPC,BATHROOM Essentials,IL_L3V3XJ5WT8SV,1,
B08JTYNHF5,Our SITTING ROOM,IL_T9AHRYR4TO4W,1,
B08JV8FFPW,BATHROOM Essentials,IL_L3V3XJ5WT8SV,1,
B08JYDY6TV,FEBRUARY Best Sellers,IL_1MB9961G83COM,1,
B08K3NCS9S,ORGANIZING Essentials,IL_27VCDHN1568QK,1,
B08K8RPZVX,For the Big Kids,IL_22L0SLOF07ITQ,1,
B08KFX561X,ORGANIZING Essentials,IL_27VCDHN1568QK,1,
B08KG2WTPD,HARDWARE & FINISHES,IL_97O81RWTU3TG,1,
B08KHSDF2R,LAUNDRY Room Essentials,IL_27L1ENCS6OMON,1,
B08KRZF2K1,ELEVATED Bathroom Must-Haves,IL_21T7CCUQI2DH5,1,
B08KSLHNTC,HARDWARE & FINISHES,IL_97O81RWTU3TG,1,
B08KTQVGDN,BEDDING. PILLOWS. THROWS. TOWELS.,IL_1LFWTJH9UBPKU,1,
B08KWM42R3,HOME DECOR,IL_2V4ZM0XXYOP34,1,
B08KXKFSJF,BRIDE- Spoil Her for the Big Day!,IL_3R1F2KZC9BJXJ,1,
B08KXKVT4K,DECEMBER Best Sellers|KITCHEN Organizing|Vanity Organization,IL_2B46UO4I7XY3G|IL_2PQNIB7PVLPT1|IL_WMCP8YLCXSCD,3,
B08L4XLXRR,For the Hostess - GIFT GUIDE,IL_2C66SA5TXKNJK,1,
B08L539CFR,CAR ORGANIZATION,IL_3TE1WGJI4HUK8,1,
B08L55W9CC,DINING ROOM,IL_3RKTIOM3H9T72,1,
B08L894PX9,ENTERTAINING Essentials,IL_2GHS9RLET14RQ,1,
B08LGB4Z5C,JANUARY Best Sellers,IL_F5Z67P4FFJC4,1,
B08LH2FP7K,GIFTS UNDER $50,IL_30ZOK8YSQFY5N,1,
B08LJQ3DW5,BOY'S Bathroom,IL_3CQZYKSH60HA3,1,
B08LKBFLF5,ELEVATED HOLIDAY FASHION,IL_WU8FIFLKC1R5,1,
B08LKXT6H1,WINTER FASHION,IL_PN4A9X7BMPFX,1,
B08LLG11DD,HARDWARE & FINISHES,IL_97O81RWTU3TG,1,
B08LMJZG5J,HEALTHY Living,IL_136JGDBOWW0I4,1,
B08LMN64MC,BATHROOM Organization,IL_Q8UFO5D52NKD,1,
B08LNVLGMZ,Outdoor PLANTERS,IL_270Y6RLSPP10V,1,
B08LNWYFH1,HOME DECOR|LAMPS,IL_28Z72BVY6B71P|IL_2V4ZM0XXYOP34,2,
B08LNXPZ58,LAMPS,IL_28Z72BVY6B71P,1,
B08LNY25XB,LAMPS,IL_28Z72BVY6B71P,1,
B08LQXMNRL,ENTRYWAY. FOYER.,IL_M0U0DTYJP1BI,1,
B08LQXNT97,LUXE JEWELRY & ACCESSORIES,IL_27BIT6UUHQ198,1,
B08LV3Q5CQ,TECH ESSENTIALS,IL_1LVS8EBYWIS2J,1,
B08LVQ81XN,CAR ORGANIZATION,IL_3TE1WGJI4HUK8,1,
B08LYFNQNH,New Year's Must-Haves,IL_3H3WH72KSZXK3,1,
B08LZ786K2,CAR ORGANIZATION,IL_3TE1WGJI4HUK8,1,
B08LZ857SF,FRONT PORCH,IL_31R6EZ6S1ERJH,1,
B08M15L528,Your Currently MOST-LOVED,IL_3BNM8CSCBJ7VF,1,
B08M3CQXR3,New Year's Must-Haves,IL_3H3WH72KSZXK3,1,
B08M42XN8J,LAMPS,IL_28Z72BVY6B71P,1,
B08M492V4L,HARDWARE & FINISHES,IL_97O81RWTU3TG,1,
B08M5HSNQS,TABLETOP MUST-HAVES,IL_2RA331651DDK8,1,
B08M617ML1,ELEVATED HOLIDAY FASHION,IL_WU8FIFLKC1R5,1,
B08M6KH2TK,GIFTS UNDER $25,IL_OJUSIV7RIXZX,1,
B08MGYPPSH,For the Big Kids,IL_22L0SLOF07ITQ,1,
B08MHNK18Z,AUTUMN Vibes,IL_2NDA05KNMQH4,1,
B08MJ6GNVM,MY Holiday Styling List,IL_12LJ38VR8BIZT,1,
B08MLGXSPH,BEST SELLERS,IL_3DS692CRM1BGS,1,
B08MRW1XWJ,HOLIDAY ESSENTIALS,IL_ZN8TBHK35E0D,1,
B08MSYBSVS,TOP SEPTEMBER DEALS,IL_JI222AIPC2S,1,
B08MT46VXW,PILLOWS & THROWS,IL_J4MBZKLMALLQ,1,
B08MT86NYF,HOLIDAY ESSENTIALS,IL_ZN8TBHK35E0D,1,
B08MWX34HG,RUGS,IL_2N8O18PX5PHA3,1,
B08N4BWD36,TOP OCTOBER DEALS,IL_1E7EHNK9QTVEH,1,
B08N4TZQQM,Our SITTING ROOM,IL_T9AHRYR4TO4W,1,
B08N6GPML1,LUXE Gifting|STOCKING STUFFERS,IL_20274194WU668|IL_B4MF8PKIS82A,2,
B08N6NZB5G,FOR HER - HANDBAGS,IL_3ITM4V91K4422,1,
B08N6R37TN,FOR HER - HANDBAGS,IL_3ITM4V91K4422,1,
B08NCN3MZ9,EARNED A SPOT FOR LIFE!|January Best Sellers 2|LAUNDRY Room Essentials|ORGANIZING Essentials|PANTRY Organization,IL_1MKYF1CAY9E8G|IL_27L1ENCS6OMON|IL_27VCDHN1568QK|IL_2KYYGUEXPAOKJ|IL_76ENHDCP4NP1,5,
B08NCRHNW9,LUXE Gifting,IL_B4MF8PKIS82A,1,
B08NF71GSV,CLOSET Organizing,IL_1R4YIGU257W50,1,
B08NHFJB13,LUXE Gifting|NIGHTSTAND Essentials,IL_2969EJ7F6BLI8|IL_B4MF8PKIS82A,2,
B08NLL4L2J,GIFTS UNDER $50,IL_30ZOK8YSQFY5N,1,
B08NR9YY6M,PILLOWS & THROWS,IL_J4MBZKLMALLQ,1,
B08NSWTM65,Effortless Chic Home,IL_34RHZWFKXT7UT,1,
B08NWGNQPS,KITCHEN Essentials,IL_286Q78OJSYZO8,1,
B08P2ZRFQY,COFFEE TABLE BOOKS,IL_1NFO0QLH5HS6Y,1,
B08P3WWGLX,GIFTS UNDER $25,IL_OJUSIV7RIXZX,1,
B08P456NHG,MY TOP PRODUCTS FOR JULY,IL_OB8CSFU2LS6V,1,
B08P4BGYJ7,TABLETOP MUST-HAVES,IL_2RA331651DDK8,1,
B08PC6D476,GIFTS UNDER $25,IL_OJUSIV7RIXZX,1,
B08PC6HXQ3,GIFTS UNDER $25,IL_OJUSIV7RIXZX,1,
B08PDRZ5J3,2025 TOP SELLERS,IL_3RT5O1LPLW4HX,1,
B08PF1ZD5Q,TWEEN & TEEN - GIFT GUIDE,IL_1I8FQ5LPJG30D,1,
B08PL4SFFJ,BATHROOM Essentials,IL_L3V3XJ5WT8SV,1,
B08PL6DC82,BATHROOM Organization,IL_Q8UFO5D52NKD,1,
B08PN3XD6D,BATHROOM REMODEL|JUST IN...My Newest OBSESSIONS|QUIET LUXURY/OLD MONEY|The Hillary Style Holiday,IL_2V2HL7TFY8QE8|IL_310DHOAQUC0DH|IL_EAQUVLIMTM7R|IL_QWA0HLMH0ZPN,4,
B08PV56H4Q,HOME & BATH Essentials|JOCELYN'S Space|Subtle Luxury Home|TOP NOVEMBER DEALS|TOP OCTOBER DEALS,IL_1DXRHB098MRMA|IL_1E7EHNK9QTVEH|IL_2Z5U0A9S9OXF9|IL_BWHQ5TU85DA7|IL_IRH0FVF815TU,5,
B08PYW9F5F,DORM ROOM ESSENTIALS,IL_1DUCBV6BSXOJF,1,
B08PYZ274N,BATHROOM Organization,IL_Q8UFO5D52NKD,1,
B08PZDWCV6,TOP 100 PRIME FASHION DEALS,IL_2LWBTUXIDQYKM,1,
B08Q1K5JSW,BRIDE- Spoil Her for the Big Day!,IL_3R1F2KZC9BJXJ,1,
B08Q365T6K,VIRAL Holiday Finds,IL_3QCVRRMTI2TTQ,1,
B08Q3CQM7X,FEBRUARY Best Sellers,IL_1MB9961G83COM,1,
B08Q3WC3B9,HOME & BATH Essentials,IL_IRH0FVF815TU,1,
B08Q5G5B2X,GIFTING,IL_YYM41OHGI1KQ,1,
B08Q5J4465,FOR HER - HANDBAGS|HOLIDAY EVENING Looks,IL_2OL0SY0HD6BBS|IL_3ITM4V91K4422,2,
B08Q7HS33J,TRANSITIONAL Fall Fashion,IL_5MN6DE6JTTK2,1,
B08Q89DT94,TABLETOP MUST-HAVES,IL_2RA331651DDK8,1,
B08Q8HKYN3,VASES. TRAYS. BOXES.,IL_2YQAXQUJ2H8KY,1,
B08QF6VP9K,The FALL EDIT,IL_IOIVGOQN9X1X,1,
B08QFGNNYS,GIFTS UNDER $25,IL_OJUSIV7RIXZX,1,
B08QFN4LNP,April Amazon Live,IL_K5H00QYC3R1G,1,
B08QFR8B3N,April Amazon Live,IL_K5H00QYC3R1G,1,
B08QHTN5L1,TEEN GUYS,IL_O65RH2OR0EF3,1,
B08QNGHYLG,JANUARY Best Sellers,IL_F5Z67P4FFJC4,1,
B08QV55QCX,CANDLE HOLDERS. CANDLE STICKS.,IL_ITC144HBA2XS,1,
B08QV7ZD6Z,THE Littles - GIFT GUIDE,IL_3BMD6XLV7JIPG,1,
B08QVBP4RC,My Curated Gift Guide,IL_IE0BGUCCDZ8X,1,
B08QXB9BH5,FEBRUARY Best Sellers,IL_1MB9961G83COM,1,
B08R17N9VV,AUGUST TOP PICKS,IL_DSS93TBPVRP5,1,
B08R6CBLZS,DORM ROOM ESSENTIALS|TEEN GUYS|TWEEN BACK TO SCHOOL,IL_1DUCBV6BSXOJF|IL_39AL8K1TZE306|IL_O65RH2OR0EF3,3,
B08R6VYDSP,For the Hostess - GIFT GUIDE,IL_2C66SA5TXKNJK,1,
B08R7HQ77W,ELEVATED SWIMWEAR,IL_20ODL7UVO85YK,1,
B08R8RZX38,The STYLE EDIT - HOTTEST finds RIGHT NOW!,IL_1SLNDA7361JAR,1,
B08RBXNKL8,DECEMBER Best Sellers,IL_2PQNIB7PVLPT1,1,
B08RDCPB3G,BED & BATH FINDS|CAR ORGANIZATION|HILLARY'S BEACH Bag Essentials,IL_1QMQ9WWH79VRL|IL_29FTLXCTPVP41|IL_3TE1WGJI4HUK8,3,
B08RHQRDN7,MARCH Best Sellers,IL_13DUABZBTBJVY,1,
B08RJC5B74,DORM ROOM ESSENTIALS,IL_1DUCBV6BSXOJF,1,
B08RNM4WYK,LAST MINUTE GIFTS,IL_1OH1TVBZ3L337,1,
B08RSJRPXX,BATHROOM Essentials,IL_L3V3XJ5WT8SV,1,
B08RSRV4BT,RUGS,IL_2N8O18PX5PHA3,1,
B08RSTT8H7,RUGS,IL_2N8O18PX5PHA3,1,
B08RSTYF5S,RUGS,IL_2N8O18PX5PHA3,1,
B08RV3GR5S,RUGS,IL_2N8O18PX5PHA3,1,
B08RV6PNSN,RUGS,IL_2N8O18PX5PHA3,1,
B08RXWZS5T,BATHROOM REMODEL|LAUNDRY Room Essentials,IL_27L1ENCS6OMON|IL_QWA0HLMH0ZPN,2,
B08RYGG2HY,GIFTING,IL_YYM41OHGI1KQ,1,
B08S5VR5YK,PILLOWS & THROWS,IL_J4MBZKLMALLQ,1,
B08S7C27KT,GIFTING,IL_YYM41OHGI1KQ,1,
B08S8RH7MQ,TWEEN & TEEN - GIFT GUIDE,IL_1I8FQ5LPJG30D,1,
B08SBQBF2R,FEBRUARY Best Sellers,IL_1MB9961G83COM,1,
B08SBZ3X95,TRAVEL,IL_24ASC2W86JF33,1,
B08SGH7NKX,THE Littles - GIFT GUIDE,IL_3BMD6XLV7JIPG,1,
B08SGJTNZT,CLOSET Organizing,IL_1R4YIGU257W50,1,
B08SGZFRNS,AUTUMN Vibes,IL_2NDA05KNMQH4,1,
B08SJK8TDJ,UNBOXING,IL_1NR6N43OIR93A,1,
B08SM1N4NB,RESTORATION VIBES,IL_2I5A3XFI29113,1,
B08SM93FCZ,LAUNDRY Room Essentials,IL_27L1ENCS6OMON,1,
B08SQL4GHP,48 Yr Old Mom of 5 - What I am OBSESSED over!|BEAUTY MUST-HAVES|CARTS DON'T LIE — These were May's biggest hits.|JUNE TOP PICKS|TOP 50 BEAUTY,IL_174AROJG7VER7|IL_17SP6THMUJN6E|IL_1BKDYBCCXK5YE|IL_1NSB6B4CK6NM1|IL_2Q5678F6BP61R,5,
B08SQX2FDB,BEDDING. PILLOWS. THROWS. TOWELS.,IL_1LFWTJH9UBPKU,1,
B08SS8FQP9,TEEN GUYS|TWEEN BACK TO SCHOOL,IL_39AL8K1TZE306|IL_O65RH2OR0EF3,2,
B08SV2F7X3,LAUNDRY Room Essentials,IL_27L1ENCS6OMON,1,
B08SW893LW,GIFTS UNDER $50,IL_30ZOK8YSQFY5N,1,
B08T61TKZB,FEBRUARY Best Sellers,IL_1MB9961G83COM,1,
B08T8282QS,Our REMODEL HOME,IL_1RA73GK94YR1G,1,
B08TBYPGVC,TOP OCTOBER DEALS,IL_1E7EHNK9QTVEH,1,
B08TCBFBXV,Spring Obsessed,IL_222ENLE1WDY2M,1,
B08TH5X2ZN,Spring Obsessed|Subtle Luxury Home,IL_222ENLE1WDY2M|IL_BWHQ5TU85DA7,2,
B08TH8TZVW,BED & BATH FINDS,IL_1QMQ9WWH79VRL,1,
B08TLWJ43D,BATHROOM Organization,IL_Q8UFO5D52NKD,1,
B08TLWYKLS,LAST MINUTE GIFTS,IL_1OH1TVBZ3L337,1,
B08TLWZZGQ,HOLIDAY EVENING Looks,IL_2OL0SY0HD6BBS,1,
B08TN2GC94,ORGANIZING Essentials,IL_27VCDHN1568QK,1,
B08TQQTKD2,BEDDING. PILLOWS. THROWS. TOWELS.,IL_1LFWTJH9UBPKU,1,
B08TR1CFFZ,LAMPS,IL_28Z72BVY6B71P,1,
B08TR1H7LG,GIFTS UNDER $50,IL_30ZOK8YSQFY5N,1,
B08TRDX87F,JANUARY Best Sellers|Moody Luxe Home,IL_DB6CKD297DDB|IL_F5Z67P4FFJC4,2,
B08TT4YHG1,ORGANIZING Essentials,IL_27VCDHN1568QK,1,
B08TTYPTYD,CANDLE HOLDERS. CANDLE STICKS.|JANUARY Best Sellers|VIRAL Holiday Finds,IL_3QCVRRMTI2TTQ|IL_F5Z67P4FFJC4|IL_ITC144HBA2XS,3,
B08TX143D9,GADGETS I CANNOT live WITHOUT,IL_12L5JOTON77WY,1,
B08TX2PMFL,BATHROOM Organization,IL_Q8UFO5D52NKD,1,
B08V1X7XHT,AUTUMN Vibes,IL_2NDA05KNMQH4,1,
B08V1YW8P3,CANDLE HOLDERS. CANDLE STICKS.,IL_ITC144HBA2XS,1,
B08V1ZNJQ6,WALL DECOR - MIRRORS. ART. FRAMES.,IL_1HZQPC6SSAHFG,1,
B08V213WZ2,CANDLE HOLDERS. CANDLE STICKS.,IL_ITC144HBA2XS,1,
B08V22KJ6Z,QUIET LUXURY/OLD MONEY,IL_310DHOAQUC0DH,1,
B08V22NRV7,GIFTS UNDER $25,IL_OJUSIV7RIXZX,1,
B08V3JGB1F,BEAUTY MUST-HAVES|TOP 50 BEAUTY|Vanity Organization,IL_174AROJG7VER7|IL_17SP6THMUJN6E|IL_WMCP8YLCXSCD,3,
B08V55MSB2,ENTRYWAY. FOYER.,IL_M0U0DTYJP1BI,1,
B08VDX9ZT9,CAR ORGANIZATION,IL_3TE1WGJI4HUK8,1,
B08VFXFP1V,GIFTS UNDER $25,IL_OJUSIV7RIXZX,1,
B08VGN4F2Z,GIFTS UNDER $25,IL_OJUSIV7RIXZX,1,
B08VGRY6MD,CAR ORGANIZATION|In MY Travel Bag|LUXURY GIFTS|STOCKING STUFFERS|VANITY Must-Haves|Vanity Organization,IL_20274194WU668|IL_3KKGHGSJ1ZRYC|IL_3TE1WGJI4HUK8|IL_K1RZXTONZLT1|IL_SC6UJV027JAK|IL_WMCP8YLCXSCD,6,All memberships are included in internal_label; only the first 5 stable backup labels appear in custom_label_0-4.
B08VGSVTRF,In MY Travel Bag,IL_SC6UJV027JAK,1,
B08VLD15ZL,TECH ESSENTIALS,IL_1LVS8EBYWIS2J,1,
B08VLGDFYW,THE DRESS SHOPPE - From BRUNCH to BLACK TIE,IL_1HHMN64HEUPU9,1,
B08VNNL8ZD,PILLOWS & THROWS,IL_J4MBZKLMALLQ,1,
B08VNWG185,Our REMODEL HOME,IL_1RA73GK94YR1G,1,
B08VQ581KQ,BEAUTY & SKINCARE,IL_WPS59NJ19M48,1,
B08VRPPZW6,VIRAL Holiday Finds,IL_3QCVRRMTI2TTQ,1,
B08VS1SQ2Q,Subtle Luxury Home,IL_BWHQ5TU85DA7,1,
B08VS6LH7D,BEDS. DRESSERS. NIGHTSTANDS.,IL_18H5BP5V6EGYM,1,
B08VVWGL7B,HOLIDAY THEMES 2025,IL_CQQP654U5715,1,
B08VVZB3VC,VIRAL Holiday Finds,IL_3QCVRRMTI2TTQ,1,
B08VW2NSR5,Spring Obsessed,IL_222ENLE1WDY2M,1,
B08VWR329F,MY HOLIDAY Home,IL_18JLLR8E7X2KU,1,
B08WGD6R81,My Curated Gift Guide,IL_IE0BGUCCDZ8X,1,
B08WHGKYDC,Home UPGRADES,IL_M615BEYW486F,1,
B08WHLJ5G1,Home UPGRADES,IL_M615BEYW486F,1,
B08WHXVF2F,NEW HOME FINDS,IL_1QMBJFJU34FUR,1,
B08WJ787K6,COFFEE TABLES. SIDE TABLES. ACCENT TABLES,IL_2RDBP13815B8R,1,
B08WN9LYQ8,Outdoor PLANTERS,IL_270Y6RLSPP10V,1,
B08WR9MFTF,HOLIDAY ON SALE,IL_81C70Z4U4BII,1,
B08WYN8L7F,Moody Luxe Home,IL_DB6CKD297DDB,1,
B08WYXNVQ7,HEALTHY Living,IL_136JGDBOWW0I4,1,
B08X148391,LAMPS,IL_28Z72BVY6B71P,1,
B08X164BTC,LAMPS,IL_28Z72BVY6B71P,1,
B08X1CLTSG,FOR HER - HANDBAGS,IL_3ITM4V91K4422,1,
B08X2GM18F,FOR HIM - GIFT GUIDE,IL_26IY6FNENQC7M,1,
B08X2HXKFQ,HARDWARE & FINISHES,IL_97O81RWTU3TG,1,
B08X4LRWK9,TABLETOP MUST-HAVES,IL_2RA331651DDK8,1,
B08X6S9WCZ,For the Big Kids,IL_22L0SLOF07ITQ,1,
B08X976H6W,HAIR CARE,IL_3VBGW6RI08DIE,1,
B08XGDB1NG,LAMPS,IL_28Z72BVY6B71P,1,
B08XGQ1WNH,LAMPS,IL_28Z72BVY6B71P,1,
B08XJN92PB,BOY'S Bathroom,IL_3CQZYKSH60HA3,1,
B08XKGWP64,BOY'S Bathroom,IL_3CQZYKSH60HA3,1,
B08XM1B6ZX,KITCHEN Essentials,IL_286Q78OJSYZO8,1,
B08XVYZ1Y5,GIFTS UNDER $50,IL_30ZOK8YSQFY5N,1,
B08XWTKLGS,GIFTS UNDER $25,IL_OJUSIV7RIXZX,1,
B08XYZMR39,THE Littles - GIFT GUIDE,IL_3BMD6XLV7JIPG,1,
B08Y25VJXC,ENTERTAINING Essentials,IL_2GHS9RLET14RQ,1,
B08Y5Q2H85,RESORT WEAR FASHION,IL_15NDDXZ7X0955,1,
B08Y5Z43D9,ELEVATED SWIMWEAR,IL_20ODL7UVO85YK,1,
B08Y8PD557,RESORT WEAR FASHION,IL_15NDDXZ7X0955,1,
B08YH1NDGG,HOLIDAY ESSENTIALS,IL_ZN8TBHK35E0D,1,
B08YKG1D87,April Amazon Live,IL_K5H00QYC3R1G,1,
B08YNNF5TZ,CHIC WITHOUT THE SPLURGE TRAVEL|DESIGNER INSPIRED|EUROPEAN SUMMER|In MY Travel Bag|LUXE JEWELRY & ACCESSORIES|MAXI DRESS EDIT|OVER 40 & Fabulous HILLARY'S Capsule WARDROBE - Effortless & Chic,IL_1GS6BISWIK7UN|IL_27BIT6UUHQ198|IL_2GR0M7LHWL1O|IL_341JHBPWHDBNK|IL_3CETAKAWP1P7C|IL_3JCDIMAGNYZ0E|IL_SC6UJV027JAK,7,All memberships are included in internal_label; only the first 5 stable backup labels appear in custom_label_0-4.
B08YRPWLX5,ATHEISURE,IL_31LARMS9JHPGT,1,
B08YYMC1HD,PILATES PRINCESS,IL_3QM5O5E9ELURW,1,
B08Z2GHKHK,HARDWARE & FINISHES,IL_97O81RWTU3TG,1,
B08Z3JV77P,The STYLE EDIT - HOTTEST finds RIGHT NOW!,IL_1SLNDA7361JAR,1,
B08Z42WT3S,BOY'S Bathroom|NO DRILL Home Improvement,IL_2P1RVZSE8RCAZ|IL_3CQZYKSH60HA3,2,
B08Z6TTRDL,BED & BATH FINDS,IL_1QMQ9WWH79VRL,1,
B08Z79GJQD,PANTRY Organization,IL_1MKYF1CAY9E8G,1,
B08Z7GTDT4,MAXI DRESS EDIT,IL_3CETAKAWP1P7C,1,
B08Z7KFHS9,BATHROOM REMODEL|HOME & BATH Essentials,IL_IRH0FVF815TU|IL_QWA0HLMH0ZPN,2,
B08Z7MSYV4,AFFORDABLE DECOR|BEDDING: LUXURY finds in Our Home|BEDROOM STYLE|Your Currently MOST-LOVED,IL_2EHNEZELPW5NA|IL_2HG2TBY26H9IW|IL_3BNM8CSCBJ7VF|IL_3MJSZFZU5658,4,
B08ZB6XJXF,Subtle Luxury Home,IL_BWHQ5TU85DA7,1,
B08ZC574MP,BED & BATH FINDS,IL_1QMQ9WWH79VRL,1,
B08ZHRZR8Y,Spring Obsessed,IL_222ENLE1WDY2M,1,
B08ZHSDLH5,GIFTS UNDER $50,IL_30ZOK8YSQFY5N,1,
B08ZHW83TG,HARDWARE & FINISHES,IL_97O81RWTU3TG,1,
B08ZJ6X47X,HARDWARE & FINISHES,IL_97O81RWTU3TG,1,
B08ZJSSG4D,Home UPGRADES,IL_M615BEYW486F,1,
B08ZJWK47V,Home UPGRADES,IL_M615BEYW486F,1,
B08ZK5WDWN,January Best Sellers 2|KITCHEN Organizing,IL_2B46UO4I7XY3G|IL_2KYYGUEXPAOKJ,2,
B08ZM6PJJT,Home UPGRADES,IL_M615BEYW486F,1,
B08ZM7455J,Home UPGRADES,IL_M615BEYW486F,1,
B08ZMD29TX,Home UPGRADES,IL_M615BEYW486F,1,
B08ZMGDNRS,Home UPGRADES,IL_M615BEYW486F,1,
B08ZMXQRPZ,BED & BATH FINDS|ELEVATED Bathroom Must-Haves|LAUNDRY Room Essentials|TOP 100+ PRIME DEALS,IL_1QMQ9WWH79VRL|IL_21T7CCUQI2DH5|IL_27L1ENCS6OMON|IL_330I4A3SQ3ERE,4,
B08ZXTVWNS,BEDDING. PILLOWS. THROWS. TOWELS.,IL_1LFWTJH9UBPKU,1,
B08ZY6TVCV,SKIMS LIKE BASICS,IL_395N3QLHWD5V7,1,
B08ZY8HT1G,KITCHEN Organizing,IL_2B46UO4I7XY3G,1,
B08ZYKFNLK,Vanity Organization,IL_WMCP8YLCXSCD,1,
B08ZYM1NYQ,BEDDING. PILLOWS. THROWS. TOWELS.,IL_1LFWTJH9UBPKU,1,
B08ZYS34GW,MY Holiday Styling List,IL_12LJ38VR8BIZT,1,
B08ZYV6VQ4,BATHROOM Organization,IL_Q8UFO5D52NKD,1,
B0912T69SG,CLOSET Organizing|LUXE JEWELRY & ACCESSORIES,IL_1R4YIGU257W50|IL_27BIT6UUHQ198,2,
B09131Y9SC,RESORT WEAR FASHION,IL_15NDDXZ7X0955,1,
B0913G7XS7,WORK WEAR,IL_3J2NRGA0NCDGR,1,
B0916L9BLY,HEALTHY Living,IL_136JGDBOWW0I4,1,
B091BG4GC7,BEAUTY MUST-HAVES,IL_174AROJG7VER7,1,
B091CHRKVH,COFFEE BAR Essentials|HOME & BATH Essentials,IL_FJAM99COX1K9|IL_IRH0FVF815TU,2,
B091DKNXPK,CLOSET Organizing,IL_1R4YIGU257W50,1,
B091DN26MQ,MARCH Best Sellers,IL_13DUABZBTBJVY,1,
B091DPJKRZ,BATHROOM Organization,IL_Q8UFO5D52NKD,1,
B091FGPYC6,HARDWARE & FINISHES,IL_97O81RWTU3TG,1,
B091FX488Q,PILATES PRINCESS,IL_3QM5O5E9ELURW,1,
B091J5QDJR,HOME & BATH Essentials,IL_IRH0FVF815TU,1,
B091JRLFN5,HARDWARE & FINISHES,IL_97O81RWTU3TG,1,
B091JXDLDX,HOME & BATH Essentials|TOP SEPTEMBER DEALS,IL_IRH0FVF815TU|IL_JI222AIPC2S,2,
B091KFT7WN,2025 TOP SELLERS|CLOSET Organizing|DECEMBER Best Sellers|MEMORIAL DAY SALE FOLLOWER FAVORITES,IL_17ITIHGPTINHX|IL_1R4YIGU257W50|IL_2PQNIB7PVLPT1|IL_3RT5O1LPLW4HX,4,
B091N923Y9,LUXE JEWELRY & ACCESSORIES,IL_27BIT6UUHQ198,1,
B091PGM3JL,BEDDING. PILLOWS. THROWS. TOWELS.,IL_1LFWTJH9UBPKU,1,
B091V7VJ23,FEBRUARY Best Sellers,IL_1MB9961G83COM,1,
B091Z1C7WQ,For the Hostess - GIFT GUIDE|LUXE Gifting|TABLETOP MUST-HAVES,IL_2C66SA5TXKNJK|IL_2RA331651DDK8|IL_B4MF8PKIS82A,3,
B0921NX1WJ,STOCKING STUFFERS,IL_20274194WU668,1,
B0921ZVMVK,THE Littles - GIFT GUIDE,IL_3BMD6XLV7JIPG,1,
B0924YJJHR,ENTRYWAY. FOYER.,IL_M0U0DTYJP1BI,1,
B0925V8WHC,CLOSET Organizing,IL_1R4YIGU257W50,1,
B09263VNFQ,MEMORIAL DAY SALE FOLLOWER FAVORITES,IL_17ITIHGPTINHX,1,
B0926QF71K,GIFTS UNDER $25,IL_OJUSIV7RIXZX,1,
B0928DQBTL,TABLETOP MUST-HAVES,IL_2RA331651DDK8,1,
B0928NQHGZ,TWEEN BACK TO SCHOOL,IL_39AL8K1TZE306,1,
B092CFXJ4T,DECEMBER Best Sellers,IL_2PQNIB7PVLPT1,1,
B092CSJP6R,ORGANIZING Essentials,IL_27VCDHN1568QK,1,
B092JQX8MF,DINING ROOM,IL_3RKTIOM3H9T72,1,
B092MCYWQ5,WALL DECOR - MIRRORS. ART. FRAMES.,IL_1HZQPC6SSAHFG,1,
B092MQ6JBF,FOR HER - HANDBAGS,IL_3ITM4V91K4422,1,
B092Q28F36,JUNE TOP PICKS|LUXE JEWELRY & ACCESSORIES,IL_27BIT6UUHQ198|IL_2Q5678F6BP61R,2,
B092QRCRG9,CLOSET Organizing,IL_1R4YIGU257W50,1,
B092R2MT34,April Amazon Live,IL_K5H00QYC3R1G,1,
B092V4BCYD,LUXE Gifting,IL_B4MF8PKIS82A,1,
B092V728WG,CLOSET Organizing,IL_1R4YIGU257W50,1,
B092VJXZJ9,BATHROOM Essentials,IL_L3V3XJ5WT8SV,1,
B092W7QJ6F,COFFEE TABLES. SIDE TABLES. ACCENT TABLES,IL_2RDBP13815B8R,1,
B092YWL326,BEDS. DRESSERS. NIGHTSTANDS.,IL_18H5BP5V6EGYM,1,
B092ZC5P9P,LUXE JEWELRY & ACCESSORIES,IL_27BIT6UUHQ198,1,
B092ZKKTYZ,NEW HOME FINDS,IL_1QMBJFJU34FUR,1,
B092ZT13S6,HAIR CARE|VANITY Must-Haves,IL_3VBGW6RI08DIE|IL_K1RZXTONZLT1,2,
B09321ZB4N,GIFTS UNDER $25,IL_OJUSIV7RIXZX,1,
B09323QZQY,BARCART,IL_1YYODGJOLLLRT,1,
B0932GGQ6B,LAST MINUTE GIFTS,IL_1OH1TVBZ3L337,1,
B0932R62GX,GIFTS UNDER $50,IL_30ZOK8YSQFY5N,1,
B0932Y9NDZ,HOLIDAY ON SALE,IL_81C70Z4U4BII,1,
B0933BVK6T,HILLARY'S BEACH Bag Essentials,IL_29FTLXCTPVP41,1,
B0935NHG1Q,VANITY Must-Haves,IL_K1RZXTONZLT1,1,
B0936FGLQS,KITCHEN Essentials,IL_286Q78OJSYZO8,1,
B0936K9PML,TEEN GUYS,IL_O65RH2OR0EF3,1,
B093BC6KG7,COFFEE TABLES. SIDE TABLES. ACCENT TABLES,IL_2RDBP13815B8R,1,
B093CTM3WQ,DATE NIGHT FASHION,IL_20Q0HRFOLM3K2,1,
B093H11HJ6,CHIC WITHOUT THE SPLURGE TRAVEL,IL_2GR0M7LHWL1O,1,
B093HLTRZF,April Amazon Live,IL_K5H00QYC3R1G,1,
B093KVYJV1,JULY TOP PICKS,IL_9FXRQ038D494,1,
B093MRBQ84,KITCHEN Organizing,IL_2B46UO4I7XY3G,1,
B093N116ZY,SKIMS LIKE BASICS,IL_395N3QLHWD5V7,1,
B093SS5GD6,MUST-HAVE HOSTING,IL_23YO2PO28IXV,1,
B093SXNKFW,LUXE JEWELRY & ACCESSORIES,IL_27BIT6UUHQ198,1,
B093TSRPQM,MEMORIAL DAY SALE FOLLOWER FAVORITES,IL_17ITIHGPTINHX,1,
B0941RDLGW,For the Big Kids,IL_22L0SLOF07ITQ,1,
B0945YTB5K,FOR HER - HANDBAGS,IL_3ITM4V91K4422,1,
B09476PMBR,RUGS,IL_2N8O18PX5PHA3,1,
B094795S6S,For the Big Kids,IL_22L0SLOF07ITQ,1,
B0947G7LYT,LAST MINUTE GIFTS|QUIET LUXURY/OLD MONEY,IL_1OH1TVBZ3L337|IL_310DHOAQUC0DH,2,
B0947HHQSF,For the Hostess - GIFT GUIDE|Subtle Luxury Home,IL_2C66SA5TXKNJK|IL_BWHQ5TU85DA7,2,
B0947W9C43,GIFTING|Vanity Organization,IL_WMCP8YLCXSCD|IL_YYM41OHGI1KQ,2,
B0949S7VRS,AUTUMN Vibes,IL_2NDA05KNMQH4,1,
B094NTC8KH,ELEVATED KITCHEN Must-Haves|Subtle Luxury Home,IL_BWHQ5TU85DA7|IL_V4V7ASEQMWKK,2,
B094QCMTJJ,CANDLE HOLDERS. CANDLE STICKS.,IL_ITC144HBA2XS,1,
B094VHNV7G,FOR HER - HANDBAGS,IL_3ITM4V91K4422,1,
B094VHT88C,FOR HER - HANDBAGS,IL_3ITM4V91K4422,1,
B094WZMXVT,ENTRYWAY. FOYER.,IL_M0U0DTYJP1BI,1,
B094YXX3BZ,LAMPS,IL_28Z72BVY6B71P,1,
B094ZJ75Q1,TOP 100 PRIME FASHION DEALS,IL_2LWBTUXIDQYKM,1,
B0952TKCT4,BEDDING. PILLOWS. THROWS. TOWELS.,IL_1LFWTJH9UBPKU,1,
B0953F5SD6,Our SITTING ROOM,IL_T9AHRYR4TO4W,1,
B0953W7WFX,Subtle Luxury Home,IL_BWHQ5TU85DA7,1,
B0956TV2LL,DORM ROOM ESSENTIALS,IL_1DUCBV6BSXOJF,1,
B095C2T5LY,JANUARY Best Sellers,IL_F5Z67P4FFJC4,1,
B095CKMKG6,NEW HOME FINDS,IL_1QMBJFJU34FUR,1,
B095CT5QMK,OUTDOOR Oasis,IL_VI6A3WXDHHDU,1,
B095CWB9NW,SUMMER HOSTING,IL_C4VDLQZK7ACP,1,
B095CXKGVK,APRIL Best Sellers|OUTDOOR Oasis|TOP 100 HOME PICKS,IL_181FEP0C2U0RU|IL_2DVQFMB8O8SDC|IL_VI6A3WXDHHDU,3,
B095KBKGNV,FOR HER - HANDBAGS,IL_3ITM4V91K4422,1,
B095KMPVJR,BEAUTY MUST-HAVES|In MY Travel Bag|MY TOP PRODUCTS FOR JULY|Vanity Organization,IL_174AROJG7VER7|IL_OB8CSFU2LS6V|IL_SC6UJV027JAK|IL_WMCP8YLCXSCD,4,
B095M7FSZP,VASES. TRAYS. BOXES.,IL_2YQAXQUJ2H8KY,1,
B095MP1FLV,PILATES PRINCESS,IL_3QM5O5E9ELURW,1,
B095P2N57B,BATHROOM Essentials,IL_L3V3XJ5WT8SV,1,
B095R8N1RB,FOR HER - HANDBAGS,IL_3ITM4V91K4422,1,
B095WHFT8S,GIFTS UNDER $50,IL_30ZOK8YSQFY5N,1,
B095WQQKK6,Hillary's NEWEST Finds,IL_1XPGUL8BC81KW,1,
B095YCZD8L,TRANSITIONAL Fall Fashion,IL_5MN6DE6JTTK2,1,
B095YJW56C,HOME & BATH Essentials|TECH ESSENTIALS,IL_1LVS8EBYWIS2J|IL_IRH0FVF815TU,2,
B0963R2ZBQ,CLOSET Organizing,IL_1R4YIGU257W50,1,
B09644MGFZ,RUGS,IL_2N8O18PX5PHA3,1,
B0964ZXCHV,BEDROOM STYLE,IL_2HG2TBY26H9IW,1,
B0965SL7BR,Subtle Luxury Home,IL_BWHQ5TU85DA7,1,
B0966LFPW9,PILLOWS & THROWS,IL_J4MBZKLMALLQ,1,
B0967HYR5M,TWEEN & TEEN - GIFT GUIDE,IL_1I8FQ5LPJG30D,1,
B0969BWWPM,BATHROOM Organization,IL_Q8UFO5D52NKD,1,
B0969DK239,ORGANIZING Essentials,IL_27VCDHN1568QK,1,
B096FHTPTP,BATHROOM Organization,IL_Q8UFO5D52NKD,1,
B096G58MW6,LAMPS,IL_28Z72BVY6B71P,1,
B096G5F9LV,LAMPS,IL_28Z72BVY6B71P,1,
B096KL8467,The STYLE EDIT - HOTTEST finds RIGHT NOW!,IL_1SLNDA7361JAR,1,
B096M5PN9W,FOR HER - HANDBAGS,IL_3ITM4V91K4422,1,
B096NP52PK,JANUARY Best Sellers,IL_F5Z67P4FFJC4,1,
B096SV8SJG,LAST MINUTE GIFTS,IL_1OH1TVBZ3L337,1,
B096XB6XX5,COFFEE TABLES. SIDE TABLES. ACCENT TABLES,IL_2RDBP13815B8R,1,
B096ZNMRMV,FOR HER - HANDBAGS,IL_3ITM4V91K4422,1,
B0971PPC51,BEDDING: LUXURY finds in Our Home,IL_3MJSZFZU5658,1,
B0971SKMDG,HARDWARE & FINISHES,IL_97O81RWTU3TG,1,
B0972N8K6F,AUTUMN Vibes,IL_2NDA05KNMQH4,1,
B09736B6N7,Vanity Organization,IL_WMCP8YLCXSCD,1,
B0973DDH1F,January Best Sellers 2,IL_2KYYGUEXPAOKJ,1,
B0973DGD8P,MARCH Best Sellers|TOP MOVING/ORGANIZING,IL_13DUABZBTBJVY|IL_3VW7VU2STCZ6B,2,
B09741MW6J,BATHROOM Essentials,IL_L3V3XJ5WT8SV,1,
B0974RF12M,For the Hostess - GIFT GUIDE,IL_2C66SA5TXKNJK,1,
B09785T5GW,GIFTS UNDER $25,IL_OJUSIV7RIXZX,1,
B0979QJWQJ,GIFTING|LUXE JEWELRY & ACCESSORIES,IL_27BIT6UUHQ198|IL_YYM41OHGI1KQ,2,
B0979T13F9,FAUX & DRIED FLORALS,IL_2WRZJHHWAS214,1,
B097CNMZF5,GIFTS UNDER $50,IL_30ZOK8YSQFY5N,1,
B097D5ZP88,The STYLE EDIT - HOTTEST finds RIGHT NOW!,IL_1SLNDA7361JAR,1,
B097DLVM3C,BARCART|For the Hostess - GIFT GUIDE,IL_1YYODGJOLLLRT|IL_2C66SA5TXKNJK,2,
B097GXLR4G,BATHROOM REMODEL|NO DRILL Home Improvement,IL_2P1RVZSE8RCAZ|IL_QWA0HLMH0ZPN,2,
B097JHLY56,LAST MINUTE GIFTS,IL_1OH1TVBZ3L337,1,
B097LCHG33,LUXE JEWELRY & ACCESSORIES,IL_27BIT6UUHQ198,1,
B097MX4P72,Our REMODEL HOME,IL_1RA73GK94YR1G,1,
B097P1LWZK,TWEEN & TEEN - GIFT GUIDE,IL_1I8FQ5LPJG30D,1,
B097PRB7VF,MARCH Best Sellers,IL_13DUABZBTBJVY,1,
B097QVD897,Outdoor PLANTERS,IL_270Y6RLSPP10V,1,
B097R8B5NR,FOR HER - HANDBAGS,IL_3ITM4V91K4422,1,
B0984PNFJD,BEAUTY & SKINCARE,IL_WPS59NJ19M48,1,
B0986VFBWQ,EARNED A SPOT FOR LIFE!,IL_76ENHDCP4NP1,1,
B0986WZMVX,CARTS DON'T LIE — These were May's biggest hits.,IL_1BKDYBCCXK5YE,1,
B0988X73FW,CAR ORGANIZATION|MY TOP PRODUCTS FOR JULY,IL_3TE1WGJI4HUK8|IL_OB8CSFU2LS6V,2,
B098GFK3VD,RUGS,IL_2N8O18PX5PHA3,1,
B098GRW8K8,QUIET LUXURY/OLD MONEY,IL_310DHOAQUC0DH,1,
B098JD1Q5P,CHIC WITHOUT THE SPLURGE TRAVEL|ELEVATED HOLIDAY FASHION|LUXE JEWELRY & ACCESSORIES,IL_27BIT6UUHQ198|IL_2GR0M7LHWL1O|IL_WU8FIFLKC1R5,3,
B098MH2RNV,THE Littles - GIFT GUIDE,IL_3BMD6XLV7JIPG,1,
B098NCF1W2,FRONT PORCH,IL_31R6EZ6S1ERJH,1,
B098NCZNLG,EARNED A SPOT FOR LIFE!|PANTRY Organization,IL_1MKYF1CAY9E8G|IL_76ENHDCP4NP1,2,
B098NH8VSF,BATHROOM Essentials,IL_L3V3XJ5WT8SV,1,
B098QVSYZD,48 Yr Old Mom of 5 - What I am OBSESSED over!|BEAUTY MUST-HAVES|LUXURY GIFTS|TOP 100+ PRIME DEALS|TOP 50 BEAUTY,IL_174AROJG7VER7|IL_17SP6THMUJN6E|IL_1NSB6B4CK6NM1|IL_330I4A3SQ3ERE|IL_3KKGHGSJ1ZRYC,5,
B098SSF6FX,AUTUMN Vibes,IL_2NDA05KNMQH4,1,
B098TTY5V7,Outdoor PLANTERS,IL_270Y6RLSPP10V,1,
B098VYV9WP,GIFTS UNDER $25,IL_OJUSIV7RIXZX,1,
B098Z2976P,BATHROOM Essentials,IL_L3V3XJ5WT8SV,1,
B0992N573D,THE Littles - GIFT GUIDE,IL_3BMD6XLV7JIPG,1,
B09964WTF5,JANUARY Best Sellers,IL_F5Z67P4FFJC4,1,
B0997XK2T1,ELEVATED KITCHEN Must-Haves,IL_V4V7ASEQMWKK,1,
B09986F9GF,Amazon Furniture in Our Home,IL_1UGCFJJRVROLC,1,
B09992PM6S,LAMPS,IL_28Z72BVY6B71P,1,
B0999DWN5Y,January Best Sellers 2,IL_2KYYGUEXPAOKJ,1,
B099DT4CBX,EARLY Fall,IL_ED3VXSBXPFO5,1,
B099K6BMHH,BATHROOM Essentials,IL_L3V3XJ5WT8SV,1,
B099KGRN27,LUXURY GIFTS,IL_3KKGHGSJ1ZRYC,1,
B099LMW698,TABLETOP MUST-HAVES,IL_2RA331651DDK8,1,
B099LP4B6J,CABINETS. SIDEBOARDS. BUFFETS. CONSOLES.,IL_2Q8H0EUR30UN9,1,
B099NHNXCV,CLOSET Organizing,IL_1R4YIGU257W50,1,
B099QJL2YX,FOR HER - HANDBAGS,IL_3ITM4V91K4422,1,
B099QML87M,BATHROOM Organization,IL_Q8UFO5D52NKD,1,
B099QY6X7W,FOR HER - HANDBAGS,IL_3ITM4V91K4422,1,
B099RL5XXP,TABLETOP MUST-HAVES,IL_2RA331651DDK8,1,
B099SBXQZ8,HOLIDAY ESSENTIALS,IL_ZN8TBHK35E0D,1,
B099SF5WR2,HOLIDAY COLOR CRUSHES 2025,IL_1LKQL9NF315YS,1,
B099X3HLNW,WALL DECOR - MIRRORS. ART. FRAMES.,IL_1HZQPC6SSAHFG,1,
B099X9S8DF,BATHROOM Organization|BOY'S Bathroom|HOME & BATH Essentials|NO DRILL Home Improvement,IL_2P1RVZSE8RCAZ|IL_3CQZYKSH60HA3|IL_IRH0FVF815TU|IL_Q8UFO5D52NKD,4,
B099X9WM16,NO DRILL Home Improvement,IL_2P1RVZSE8RCAZ,1,
B099YMDK2L,HARDWARE & FINISHES,IL_97O81RWTU3TG,1,
B09B16VRJ7,BEAUTY MUST-HAVES,IL_174AROJG7VER7,1,
B09B2SBHQK,TECH ESSENTIALS,IL_1LVS8EBYWIS2J,1,
B09B3FZS1L,UNBOXING,IL_1NR6N43OIR93A,1,
B09B3K6CYB,DINING ROOM,IL_3RKTIOM3H9T72,1,
B09B4J82ZW,AFFORDABLE DECOR,IL_2EHNEZELPW5NA,1,
B09B4KP49X,TOP NOVEMBER DEALS|VASES. TRAYS. BOXES.,IL_2YQAXQUJ2H8KY|IL_2Z5U0A9S9OXF9,2,
B09B5JG86R,LAMPS,IL_28Z72BVY6B71P,1,
B09B5KJ6PN,LAMPS,IL_28Z72BVY6B71P,1,
B09B5VB786,PILLOWS & THROWS,IL_J4MBZKLMALLQ,1,
B09B5YVG25,THE Littles - GIFT GUIDE,IL_3BMD6XLV7JIPG,1,
B09B7946SH,SUMMER HOSTING,IL_C4VDLQZK7ACP,1,
B09B7B6P55,LIGHTING - Designer Inspired,IL_K3IDK9BPXYFW,1,
B09B7G47WK,April Amazon Live,IL_K5H00QYC3R1G,1,
B09B7SB46R,HOME & BATH Essentials,IL_IRH0FVF815TU,1,
B09B8V1LZ3,GIFTS UNDER $50,IL_30ZOK8YSQFY5N,1,
B09B94RL1R,TECH ESSENTIALS,IL_1LVS8EBYWIS2J,1,
B09BB225YN,LUXURY GIFTS|The FALL EDIT,IL_3KKGHGSJ1ZRYC|IL_IOIVGOQN9X1X,2,
B09BCF8ZQP,GIFTING,IL_YYM41OHGI1KQ,1,
B09BCNBNMH,Subtle Luxury Home,IL_BWHQ5TU85DA7,1,
B09BCWTKYP,FOR HER - HANDBAGS,IL_3ITM4V91K4422,1,
B09BDCTN2W,AFFORDABLE DECOR|EARLY Fall|RH STYLE - Looks like a SPLURGE,IL_2EHNEZELPW5NA|IL_32TSU85USSAQZ|IL_ED3VXSBXPFO5,3,
B09BDD86MX,BEDS. DRESSERS. NIGHTSTANDS.,IL_18H5BP5V6EGYM,1,
B09BDFLP76,Our SITTING ROOM,IL_T9AHRYR4TO4W,1,
B09BDFSD9Z,VASES. TRAYS. BOXES.,IL_2YQAXQUJ2H8KY,1,
B09BDFWTR1,AFFORDABLE DECOR,IL_2EHNEZELPW5NA,1,
B09BDG14S1,AFFORDABLE DECOR|Subtle Luxury Home,IL_2EHNEZELPW5NA|IL_BWHQ5TU85DA7,2,
B09BDG2CGQ,ENTRYWAY. FOYER.,IL_M0U0DTYJP1BI,1,
B09BDGL55V,EARLY Fall|JUNE TOP PICKS|RESTORATION VIBES|RH STYLE - Looks like a SPLURGE|TOP 100 HOME PICKS|TOP 100+ PRIME DEALS,IL_2DVQFMB8O8SDC|IL_2I5A3XFI29113|IL_2Q5678F6BP61R|IL_32TSU85USSAQZ|IL_330I4A3SQ3ERE|IL_ED3VXSBXPFO5,6,All memberships are included in internal_label; only the first 5 stable backup labels appear in custom_label_0-4.
B09BDGRK2F,Our SITTING ROOM,IL_T9AHRYR4TO4W,1,
B09BDGS4D3,WALL DECOR - MIRRORS. ART. FRAMES.,IL_1HZQPC6SSAHFG,1,
B09BDGS4DX,DECEMBER Best Sellers|LAMPS,IL_28Z72BVY6B71P|IL_2PQNIB7PVLPT1,2,
B09BDGT799,CABINETS. SIDEBOARDS. BUFFETS. CONSOLES.,IL_2Q8H0EUR30UN9,1,
B09BDGTBW2,2025 TOP SELLERS|Amazon Furniture in Our Home|FURNITURE In Our Home|JUST IN...My Newest OBSESSIONS|Our REMODEL HOME|Our SITTING ROOM|RH STYLE - Looks like a SPLURGE,IL_1RA73GK94YR1G|IL_1UGCFJJRVROLC|IL_2V9Q1BLJC4BNW|IL_32TSU85USSAQZ|IL_3RT5O1LPLW4HX|IL_EAQUVLIMTM7R|IL_T9AHRYR4TO4W,7,All memberships are included in internal_label; only the first 5 stable backup labels appear in custom_label_0-4.
B09BDV7VXZ,PILLOWS & THROWS,IL_J4MBZKLMALLQ,1,
B09BFJ286Y,HOLIDAY ON SALE|TOP NOVEMBER DEALS,IL_2Z5U0A9S9OXF9|IL_81C70Z4U4BII,2,
B09BFJLBS9,BEST SELLERS,IL_3DS692CRM1BGS,1,
B09BFJWQWX,BRIDE- Spoil Her for the Big Day!,IL_3R1F2KZC9BJXJ,1,
B09BJMY8HL,ORGANIZING Essentials,IL_27VCDHN1568QK,1,
B09BMY2CZ9,COFFEE BAR Essentials,IL_FJAM99COX1K9,1,
B09BN78Q97,BED & BATH FINDS,IL_1QMQ9WWH79VRL,1,
B09BQSLP2F,WINTER FASHION,IL_PN4A9X7BMPFX,1,
B09BQW2953,WINTER FASHION,IL_PN4A9X7BMPFX,1,
B09BRTSTXN,FOR HER - HANDBAGS,IL_3ITM4V91K4422,1,
B09BVCCV2B,GIFTING|LUXE JEWELRY & ACCESSORIES,IL_27BIT6UUHQ198|IL_YYM41OHGI1KQ,2,
B09C5WN5CL,HOLIDAY THEMES 2025|VIRAL Holiday Finds,IL_3QCVRRMTI2TTQ|IL_CQQP654U5715,2,
B09C6R863K,ENTRYWAY. FOYER.,IL_M0U0DTYJP1BI,1,
B09C85761B,LAMPS,IL_28Z72BVY6B71P,1,
B09C8L2VD1,ATHLETIC DRESSES,IL_3GE7XODL0Z5A3,1,
B09CCZNW4M,DECEMBER Best Sellers,IL_2PQNIB7PVLPT1,1,
B09CD88N2T,TOP NOVEMBER DEALS,IL_2Z5U0A9S9OXF9,1,
B09CHGPFQY,RESORT WEAR FASHION,IL_15NDDXZ7X0955,1,
B09CM4X4JF,ELEVATED KITCHEN Must-Haves,IL_V4V7ASEQMWKK,1,
B09CPVK3GG,HOLIDAY THEMES 2025,IL_CQQP654U5715,1,
B09CQ1QLTK,NEW HOLIDAY Finds,IL_13866CB1KN3RI,1,
B09CQ89YWL,FEBRUARY Best Sellers,IL_1MB9961G83COM,1,
B09CRKVFSM,GIFTS UNDER $25,IL_OJUSIV7RIXZX,1,
B09CT1C8CR,VIRAL Holiday Finds,IL_3QCVRRMTI2TTQ,1,
B09CTN654D,BATHROOM Essentials,IL_L3V3XJ5WT8SV,1,
B09CV4ZZDL,HOLIDAY ON SALE,IL_81C70Z4U4BII,1,
B09CXQRRWC,TOP 100+ PRIME DEALS,IL_330I4A3SQ3ERE,1,
B09D3Y8XKN,LUXE Gifting,IL_B4MF8PKIS82A,1,
B09D7JL6P8,FOR HER - HANDBAGS,IL_3ITM4V91K4422,1,
B09D7N3P51,Home UPGRADES,IL_M615BEYW486F,1,
B09D8Q569H,LUXE Holiday Home,IL_21MLRQOMMKCFI,1,
B09D8QQKDR,Home UPGRADES,IL_M615BEYW486F,1,
B09D8T11YS,HEALTHY Living,IL_136JGDBOWW0I4,1,
B09DDHN7V1,SOFAS. ACCENT CHAIRS. OTTOMANS.,IL_34VIWGR89GOO8,1,
B09DF9NWC7,PILATES PRINCESS,IL_3QM5O5E9ELURW,1,
B09DFKKLWC,DINING ROOM,IL_3RKTIOM3H9T72,1,
B09DFPLJG3,Effortless Chic Home|SOFAS. ACCENT CHAIRS. OTTOMANS.,IL_34RHZWFKXT7UT|IL_34VIWGR89GOO8,2,
B09DJH4SDP,VIRAL Holiday Finds,IL_3QCVRRMTI2TTQ,1,
B09DKV2Y2W,WORK WEAR,IL_3J2NRGA0NCDGR,1,
B09DL7Z4KL,BATHROOM Organization,IL_Q8UFO5D52NKD,1,
B09DPLPHLQ,SOFAS. ACCENT CHAIRS. OTTOMANS.,IL_34VIWGR89GOO8,1,
B09DSJY6VZ,ENTRYWAY. FOYER.,IL_M0U0DTYJP1BI,1,
B09DSMRB9Z,EUROPEAN SUMMER,IL_341JHBPWHDBNK,1,
B09DST87XH,RESORT WEAR FASHION,IL_15NDDXZ7X0955,1,
B09DXZFRX5,HOLIDAY ESSENTIALS,IL_ZN8TBHK35E0D,1,
B09DYDCXXS,TABLETOP MUST-HAVES,IL_2RA331651DDK8,1,
B09F2J4SX1,DORM ROOM ESSENTIALS|GIFTS UNDER $50,IL_1DUCBV6BSXOJF|IL_30ZOK8YSQFY5N,2,
B09F3717QG,LUXE Holiday Home,IL_21MLRQOMMKCFI,1,
B09F38BJRC,DORM ROOM ESSENTIALS,IL_1DUCBV6BSXOJF,1,
B09F5141VJ,FOR HIM - GIFT GUIDE,IL_26IY6FNENQC7M,1,
B09F5LS3TH,LUXE Holiday Home,IL_21MLRQOMMKCFI,1,
B09FF13PV1,CURTAINS,IL_O5BIFXCH5S3Y,1,
B09FFV9TNY,LAMPS,IL_28Z72BVY6B71P,1,
B09FGYVHX5,KITCHEN Organizing,IL_2B46UO4I7XY3G,1,
B09FJX8CRJ,FASHION,IL_3LEWC1H0K68XB,1,
B09FQCS4BH,BEDROOM STYLE|TOP 100 HOME PICKS,IL_2DVQFMB8O8SDC|IL_2HG2TBY26H9IW,2,
B09FS8X45R,BATHROOM Organization,IL_Q8UFO5D52NKD,1,
B09FTNKX6F,HARDWARE & FINISHES,IL_97O81RWTU3TG,1,
B09FYHDW6P,GIFTS UNDER $25|In MY Travel Bag|STOCKING STUFFERS|VANITY Must-Haves,IL_20274194WU668|IL_K1RZXTONZLT1|IL_OJUSIV7RIXZX|IL_SC6UJV027JAK,4,
B09FYMNNPQ,HILLARY'S BEACH Bag Essentials|MORE NEW FINDS,IL_29FTLXCTPVP41|IL_32M44I5BF0O0R,2,
B09G155XZW,ORGANIZING Essentials,IL_27VCDHN1568QK,1,
B09G2JRTSK,MORE NEW FINDS,IL_32M44I5BF0O0R,1,
B09G2S1KZ2,BATHROOM REMODEL|LUXE Gifting,IL_B4MF8PKIS82A|IL_QWA0HLMH0ZPN,2,
B09G2ZLN3G,CAR ORGANIZATION,IL_3TE1WGJI4HUK8,1,
B09G686SRY,TRAVEL,IL_24ASC2W86JF33,1,
B09G9KZ1T7,$50 WINTER FASHION,IL_43J6PJOVYKC9,1,
B09GBBRJN8,TOP NOVEMBER DEALS,IL_2Z5U0A9S9OXF9,1,
B09GD1WLW1,VIRAL Holiday Finds,IL_3QCVRRMTI2TTQ,1,
B09GFSN4HW,Subtle Luxury Home,IL_BWHQ5TU85DA7,1,
B09GJGPRM1,HOLIDAY ESSENTIALS|TOP NOVEMBER DEALS,IL_2Z5U0A9S9OXF9|IL_ZN8TBHK35E0D,2,
B09GK8D1PG,GIFTS UNDER $25,IL_OJUSIV7RIXZX,1,
B09GLK26TR,LUXE Holiday Home,IL_21MLRQOMMKCFI,1,
B09GNNZYLY,BATHROOM Organization,IL_Q8UFO5D52NKD,1,
B09GQ1CLTL,TECH ESSENTIALS,IL_1LVS8EBYWIS2J,1,
B09GTN6BN1,KITCHEN Essentials,IL_286Q78OJSYZO8,1,
B09GTRVJQM,DORM ROOM ESSENTIALS,IL_1DUCBV6BSXOJF,1,
B09GTWWFCH,BATHROOM Essentials,IL_L3V3XJ5WT8SV,1,
B09GV519BW,TOP MOVING/ORGANIZING,IL_3VW7VU2STCZ6B,1,
B09GVDLVBZ,BATHROOM Organization,IL_Q8UFO5D52NKD,1,
B09GYRBHBP,ATHEISURE|AUGUST TOP PICKS,IL_31LARMS9JHPGT|IL_DSS93TBPVRP5,2,
B09GYVHQYR,AUTUMN Vibes,IL_2NDA05KNMQH4,1,
B09GYW3VBY,AUTUMN Vibes,IL_2NDA05KNMQH4,1,
B09GYWBWCH,AUTUMN Vibes,IL_2NDA05KNMQH4,1,
B09GZBVJXP,AUTUMN Vibes,IL_2NDA05KNMQH4,1,
B09H2NLWYJ,UNDER $50 FALL Capsule,IL_39FHE4P3M78YV,1,
B09H3MXRCP,RUGS,IL_2N8O18PX5PHA3,1,
B09H3MZQ4P,ATHEISURE,IL_31LARMS9JHPGT,1,
B09H4MQZWQ,PILLOWS & THROWS,IL_J4MBZKLMALLQ,1,
B09H9J5Q25,RUGS,IL_2N8O18PX5PHA3,1,
B09H9RK4RB,RUGS,IL_2N8O18PX5PHA3,1,
B09HBW95GW,GIFTS UNDER $50,IL_30ZOK8YSQFY5N,1,
B09HH328JH,ENTERTAINING Essentials,IL_2GHS9RLET14RQ,1,
B09HH9X8VW,HARDWARE & FINISHES,IL_97O81RWTU3TG,1,
B09HJWZWWF,BRIDE- Spoil Her for the Big Day!,IL_3R1F2KZC9BJXJ,1,
B09HK31XF9,TRANSITIONAL Fall Fashion|The FALL EDIT,IL_5MN6DE6JTTK2|IL_IOIVGOQN9X1X,2,
B09HKWBB9T,RUGS,IL_2N8O18PX5PHA3,1,
B09HKX1PFK,RUGS,IL_2N8O18PX5PHA3,1,
B09HKXDJ4Q,RUGS,IL_2N8O18PX5PHA3,1,
B09HN2WMBJ,DECEMBER Best Sellers,IL_2PQNIB7PVLPT1,1,
B09HN5PTYP,GIFTS UNDER $25,IL_OJUSIV7RIXZX,1,
B09HP44BMY,FOR HER - HANDBAGS,IL_3ITM4V91K4422,1,
B09HRKMN4B,Effortless Chic Home|WINTER FASHION,IL_34RHZWFKXT7UT|IL_PN4A9X7BMPFX,2,
B09HTTH7T6,CLOSET Organizing,IL_1R4YIGU257W50,1,
B09HV8L2Q2,VIRAL Holiday Finds,IL_3QCVRRMTI2TTQ,1,
B09HV9NPHX,LUXE Holiday Home,IL_21MLRQOMMKCFI,1,
B09HVC4J6L,WINTER FASHION,IL_PN4A9X7BMPFX,1,
B09HXCMDQV,FOR HER - HANDBAGS,IL_3ITM4V91K4422,1,
B09HXYR953,BEDDING: LUXURY finds in Our Home,IL_3MJSZFZU5658,1,
B09J14DY4K,Subtle Luxury Home,IL_BWHQ5TU85DA7,1,
B09J1FK7RK,AUGUST TOP PICKS,IL_DSS93TBPVRP5,1,
B09J2BPN5K,DECEMBER Best Sellers,IL_2PQNIB7PVLPT1,1,
B09J3JVLXJ,CAR ORGANIZATION,IL_3TE1WGJI4HUK8,1,
B09J3MSV31,OUR Rental,IL_21IKKXKZPGWVW,1,
B09J3V1MN1,LIGHTING - Designer Inspired,IL_K3IDK9BPXYFW,1,
B09J4SQLMY,LAMPS,IL_28Z72BVY6B71P,1,
B09J4TL375,LAMPS,IL_28Z72BVY6B71P,1,
B09J746BHB,FOR HIM - GIFT GUIDE|STOCKING STUFFERS,IL_20274194WU668|IL_26IY6FNENQC7M,2,
B09J827CJ2,NO DRILL Home Improvement,IL_2P1RVZSE8RCAZ,1,
B09J8FQLQX,RESORT WEAR FASHION,IL_15NDDXZ7X0955,1,
B09J8J9CNH,BOY'S Bathroom|NO DRILL Home Improvement|POWDER BATH|Your Currently MOST-LOVED,IL_2P1RVZSE8RCAZ|IL_311VGYMV97O78|IL_3BNM8CSCBJ7VF|IL_3CQZYKSH60HA3,4,
B09J95V2DG,HEALTHY Living,IL_136JGDBOWW0I4,1,
B09JBZ13W2,FRONT PORCH,IL_31R6EZ6S1ERJH,1,
B09JGDKHKN,FAUX INDOOR/OUTDOOR,IL_VRW78IY69242,1,
B09JNR3G2Q,VASES. TRAYS. BOXES.,IL_2YQAXQUJ2H8KY,1,
B09JVSLPL8,VASES. TRAYS. BOXES.,IL_2YQAXQUJ2H8KY,1,
B09JZF88QP,HOLIDAY THEMES 2025|TOP OCTOBER DEALS,IL_1E7EHNK9QTVEH|IL_CQQP654U5715,2,
B09JZYX4FW,BEDDING: LUXURY finds in Our Home,IL_3MJSZFZU5658,1,
B09K3T4M8C,2025 TOP SELLERS|ENTERTAINING Essentials|SUMMER HOSTING,IL_2GHS9RLET14RQ|IL_3RT5O1LPLW4HX|IL_C4VDLQZK7ACP,3,
B09K7CJCRJ,For the Hostess - GIFT GUIDE,IL_2C66SA5TXKNJK,1,
B09K7F1Y43,FOR HER - HANDBAGS,IL_3ITM4V91K4422,1,
B09KBF663S,BRIDE- Spoil Her for the Big Day!,IL_3R1F2KZC9BJXJ,1,
B09KGCR45L,MUST-HAVE HOSTING,IL_23YO2PO28IXV,1,
B09KGLTGT3,PILATES PRINCESS,IL_3QM5O5E9ELURW,1,
B09KLG9535,2025 TOP SELLERS,IL_3RT5O1LPLW4HX,1,
B09KLV417B,JOCELYN'S Space,IL_1DXRHB098MRMA,1,
B09KM64RN5,HOME & BATH Essentials,IL_IRH0FVF815TU,1,
B09KMRWDB3,BATHROOM Organization,IL_Q8UFO5D52NKD,1,
B09KNGQZV4,DECEMBER Best Sellers,IL_2PQNIB7PVLPT1,1,
B09KNKV49W,JANUARY Best Sellers,IL_F5Z67P4FFJC4,1,
B09KRB9JSJ,CAR ORGANIZATION,IL_3TE1WGJI4HUK8,1,
B09KRL35YQ,HOME OFFICE Essentials,IL_31KXTI157WXNV,1,
B09KTXBK2F,ENTRYWAY. FOYER.,IL_M0U0DTYJP1BI,1,
B09KV1NZ92,CANDLE HOLDERS. CANDLE STICKS.,IL_ITC144HBA2XS,1,
B09KV3JRZ3,CAR ORGANIZATION,IL_3TE1WGJI4HUK8,1,
B09KV6GK5F,KITCHEN Organizing,IL_2B46UO4I7XY3G,1,
B09KVLBTDT,Hillary's NEWEST Finds|OUTDOOR Oasis|TOP 100 HOME PICKS|TOP 100+ PRIME DEALS,IL_1XPGUL8BC81KW|IL_2DVQFMB8O8SDC|IL_330I4A3SQ3ERE|IL_VI6A3WXDHHDU,4,
B09KYKPHZW,ENTERTAINING Essentials|TABLETOP MUST-HAVES,IL_2GHS9RLET14RQ|IL_2RA331651DDK8,2,
B09KZG2NLG,2025 TOP SELLERS|ELEVATED KITCHEN Must-Haves,IL_3RT5O1LPLW4HX|IL_V4V7ASEQMWKK,2,
B09L334F6W,JUNE TOP PICKS|KITCHEN Essentials,IL_286Q78OJSYZO8|IL_2Q5678F6BP61R,2,
B09L4JD11K,TWEEN & TEEN - GIFT GUIDE,IL_1I8FQ5LPJG30D,1,
B09L5BZR7W,PILATES PRINCESS,IL_3QM5O5E9ELURW,1,
B09L5M71P7,BARCART,IL_1YYODGJOLLLRT,1,
B09L5RYD54,JANUARY Best Sellers,IL_F5Z67P4FFJC4,1,
B09L81C2LD,OUTDOOR Oasis,IL_VI6A3WXDHHDU,1,
B09L9NFXPV,WORK WEAR,IL_3J2NRGA0NCDGR,1,
B09LC4PCHL,STOCKING STUFFERS,IL_20274194WU668,1,
B09LCTBVWF,FRIDGE Organization,IL_3HBHLKKIJRXAQ,1,
B09LD8T445,CREATOR Favorites,IL_J39K6QG9TPDR,1,
B09LDFT82M,BEDS. DRESSERS. NIGHTSTANDS.,IL_18H5BP5V6EGYM,1,
B09LDFW4V8,BEDS. DRESSERS. NIGHTSTANDS.,IL_18H5BP5V6EGYM,1,
B09LDG5GNG,DINING ROOM,IL_3RKTIOM3H9T72,1,
B09LDJ2R26,HEALTHY Living,IL_136JGDBOWW0I4,1,
B09LDJ6XKX,Amazon Furniture in Our Home|BEDROOM STYLE|BEDS. DRESSERS. NIGHTSTANDS.|FURNITURE In Our Home,IL_18H5BP5V6EGYM|IL_1UGCFJJRVROLC|IL_2HG2TBY26H9IW|IL_2V9Q1BLJC4BNW,4,
B09LGZ365F,BATHROOM REMODEL|HOME & BATH Essentials,IL_IRH0FVF815TU|IL_QWA0HLMH0ZPN,2,
B09LHNMP36,For the Big Kids,IL_22L0SLOF07ITQ,1,
B09LHXS8F4,BRIDE- Spoil Her for the Big Day!,IL_3R1F2KZC9BJXJ,1,
B09LL9PKDN,FEBRUARY Best Sellers,IL_1MB9961G83COM,1,
B09LLFKFR1,CHIC 2-PIECE SETS,IL_QR27F03IP4AQ,1,
B09LMC5JLX,HALLOWEEN,IL_TOLRF8ZU3T5K,1,
B09LPB21TQ,LUXE Gifting,IL_B4MF8PKIS82A,1,
B09LQ4SY6C,GIFTS UNDER $25|LAST MINUTE GIFTS,IL_1OH1TVBZ3L337|IL_OJUSIV7RIXZX,2,
B09LSDN1CX,HOLIDAY ON SALE,IL_81C70Z4U4BII,1,
B09LT8THGS,TECH ESSENTIALS,IL_1LVS8EBYWIS2J,1,
B09M393DH2,TOP MOVING/ORGANIZING,IL_3VW7VU2STCZ6B,1,
B09M3KPC5R,LAMPS,IL_28Z72BVY6B71P,1,
B09M6S8FD9,WINTER FASHION,IL_PN4A9X7BMPFX,1,
B09M7TC6MP,HOLIDAY ON SALE,IL_81C70Z4U4BII,1,
B09M7WWTFP,MARCH Best Sellers|RUGS,IL_13DUABZBTBJVY|IL_2N8O18PX5PHA3,2,
B09M7XFN6G,BATHROOM Organization,IL_Q8UFO5D52NKD,1,
B09M8YGQDM,PRESCHOOL LITTLES,IL_16F1ZOLGB573M,1,
B09MCKXW2V,MEMORIAL DAY SALE FOLLOWER FAVORITES|SPORT MOM Style,IL_17ITIHGPTINHX|IL_33RG7LWDINUWO,2,
B09MCX673Y,HOME & BATH Essentials,IL_IRH0FVF815TU,1,
B09MFDXZHJ,BED & BATH FINDS,IL_1QMQ9WWH79VRL,1,
B09MFTRJKS,BEDS. DRESSERS. NIGHTSTANDS.,IL_18H5BP5V6EGYM,1,
B09MJVJFRH,JANUARY Best Sellers,IL_F5Z67P4FFJC4,1,
B09MJYTFBT,TWEEN & TEEN - GIFT GUIDE,IL_1I8FQ5LPJG30D,1,
B09MKKGCV8,BED & BATH FINDS,IL_1QMQ9WWH79VRL,1,
B09MKNL9M3,TEEN GIRLIES|TWEEN BACK TO SCHOOL,IL_370XLUWUIJAX1|IL_39AL8K1TZE306,2,
B09MLXVSF4,ELEVATED KITCHEN Must-Haves,IL_V4V7ASEQMWKK,1,
B09MLYW12S,LAUNDRY Room Essentials,IL_27L1ENCS6OMON,1,
B09MNJQZZX,Subtle Luxury Home,IL_BWHQ5TU85DA7,1,
B09MP5VDWF,GIFTS UNDER $50|My Curated Gift Guide|TWEEN & TEEN - GIFT GUIDE,IL_1I8FQ5LPJG30D|IL_30ZOK8YSQFY5N|IL_IE0BGUCCDZ8X,3,
B09MQ3VVZ4,Our REMODEL HOME,IL_1RA73GK94YR1G,1,
B09MQLJ1KL,ELEVATED HOLIDAY FASHION,IL_WU8FIFLKC1R5,1,
B09MRZJ985,EUROPEAN SUMMER|WORK WEAR,IL_341JHBPWHDBNK|IL_3J2NRGA0NCDGR,2,
B09MS41GLQ,DORM ROOM ESSENTIALS,IL_1DUCBV6BSXOJF,1,
B09MT81DX6,AUTUMN Vibes,IL_2NDA05KNMQH4,1,
B09MTZJ13S,TOP SEPTEMBER DEALS,IL_JI222AIPC2S,1,
B09MZ1NH79,NEW HOME FINDS,IL_1QMBJFJU34FUR,1,
B09MZXJ9GW,TOP 50 BEAUTY,IL_17SP6THMUJN6E,1,
B09N35Y2KK,April Amazon Live|BATHROOM Organization|ELEVATED Bathroom Must-Haves|HOME & BATH Essentials|JUNE TOP PICKS|MEMORIAL DAY SALE FOLLOWER FAVORITES|Subtle Luxury Home,IL_17ITIHGPTINHX|IL_21T7CCUQI2DH5|IL_2Q5678F6BP61R|IL_BWHQ5TU85DA7|IL_IRH0FVF815TU|IL_K5H00QYC3R1G|IL_Q8UFO5D52NKD,7,All memberships are included in internal_label; only the first 5 stable backup labels appear in custom_label_0-4.
B09N7B3FZD,FOR HER - HANDBAGS,IL_3ITM4V91K4422,1,
B09N7L4Q29,FOR HER - HANDBAGS,IL_3ITM4V91K4422,1,
B09N8QVHF6,ENTRYWAY. FOYER.,IL_M0U0DTYJP1BI,1,
B09N8W3Z9H,ENTRYWAY. FOYER.,IL_M0U0DTYJP1BI,1,
B09N8X4Q9F,The Hillary Style Holiday,IL_2V2HL7TFY8QE8,1,
B09N94KHDP,LAMPS,IL_28Z72BVY6B71P,1,
B09N9Y49M7,BRIDE- Spoil Her for the Big Day!,IL_3R1F2KZC9BJXJ,1,
B09NB15G1T,For the Big Kids,IL_22L0SLOF07ITQ,1,
B09NBH1JLF,New Year's Must-Haves,IL_3H3WH72KSZXK3,1,
B09NBJFQTY,FOR HER - HANDBAGS,IL_3ITM4V91K4422,1,
B09NBMFPCW,Our SITTING ROOM,IL_T9AHRYR4TO4W,1,
B09NBQZXHQ,FOR HER - HANDBAGS,IL_3ITM4V91K4422,1,
B09ND846RJ,BATHROOM Essentials,IL_L3V3XJ5WT8SV,1,
B09NF1J4LX,PRESCHOOL LITTLES,IL_16F1ZOLGB573M,1,
B09NGZGYT9,RESORT WEAR FASHION,IL_15NDDXZ7X0955,1,
B09NLRPWYN,HARDWARE & FINISHES,IL_97O81RWTU3TG,1,
B09NMRLPHS,RUGS,IL_2N8O18PX5PHA3,1,
B09NMSH813,HEALTHY Living,IL_136JGDBOWW0I4,1,
B09NMYFFMC,HEALTHY Living,IL_136JGDBOWW0I4,1,
B09NR45951,FOR HER - HANDBAGS,IL_3ITM4V91K4422,1,
B09NR98D7X,Vanity Organization,IL_WMCP8YLCXSCD,1,
B09NRDCLPP,LUXURY GIFTS,IL_3KKGHGSJ1ZRYC,1,
B09NVJVH7F,My TOP Amazon Cleaning and Organizing,IL_KIGFVJQ0V3OW,1,
B09NWG51YL,LUXE JEWELRY & ACCESSORIES,IL_27BIT6UUHQ198,1,
B09NXMGN3J,FEBRUARY Best Sellers,IL_1MB9961G83COM,1,
B09NYFH98Q,Hillary's NEWEST Finds,IL_1XPGUL8BC81KW,1,
B09NZDYMZP,SUMMER HOSTING,IL_C4VDLQZK7ACP,1,
B09NZLC6WF,LAMPS,IL_28Z72BVY6B71P,1,
B09P1FDWFD,HOLIDAY THEMES 2025,IL_CQQP654U5715,1,
B09P1NKBFH,SKIMS LIKE BASICS,IL_395N3QLHWD5V7,1,
B09P2RKRWX,ORGANIZING Essentials,IL_27VCDHN1568QK,1,
B09P32JQ24,FOR HER - HANDBAGS,IL_3ITM4V91K4422,1,
B09P3KTLF9,ELEVATED HOLIDAY FASHION,IL_WU8FIFLKC1R5,1,
B09P3Q3HQ9,For the Hostess - GIFT GUIDE,IL_2C66SA5TXKNJK,1,
B09P3S1RNR,For the Hostess - GIFT GUIDE,IL_2C66SA5TXKNJK,1,
B09P7GFHBR,BATHROOM Essentials,IL_L3V3XJ5WT8SV,1,
B09P8GK5GT,FOR HER - HANDBAGS,IL_3ITM4V91K4422,1,
B09P8SF46C,CAR ORGANIZATION,IL_3TE1WGJI4HUK8,1,
B09P9WQ51T,VASES. TRAYS. BOXES.,IL_2YQAXQUJ2H8KY,1,
B09PD44WFN,LAMPS,IL_28Z72BVY6B71P,1,
B09PDSTT6H,CHIC WITHOUT THE SPLURGE TRAVEL,IL_2GR0M7LHWL1O,1,
B09PDZ5X61,GIFTS UNDER $25,IL_OJUSIV7RIXZX,1,
B09PFY1KX1,BEDS. DRESSERS. NIGHTSTANDS.,IL_18H5BP5V6EGYM,1,
B09PG26Z9M,TWEEN BACK TO SCHOOL,IL_39AL8K1TZE306,1,
B09PG51ZQT,FASHION,IL_3LEWC1H0K68XB,1,
B09PKYH8T2,PILLOWS & THROWS,IL_J4MBZKLMALLQ,1,
B09PLNNSYV,CREATOR Favorites|HAIR CARE|VANITY Must-Haves,IL_3VBGW6RI08DIE|IL_J39K6QG9TPDR|IL_K1RZXTONZLT1,3,
B09PMHDLW1,FRIDGE Organization,IL_3HBHLKKIJRXAQ,1,
B09PMHPRDP,MY Holiday Styling List,IL_12LJ38VR8BIZT,1,
B09PMVTQRP,NIGHTSTAND Essentials|Vanity Organization,IL_2969EJ7F6BLI8|IL_WMCP8YLCXSCD,2,
B09PNTBVLB,TWEEN BACK TO SCHOOL,IL_39AL8K1TZE306,1,
B09PNVQG9B,WINTER FASHION,IL_PN4A9X7BMPFX,1,
B09PTQN2SC,HARDWARE & FINISHES,IL_97O81RWTU3TG,1,
B09PTWKX24,TOP SEPTEMBER DEALS,IL_JI222AIPC2S,1,
B09PV1F8PR,April Amazon Live|NO DRILL Home Improvement|OUTDOOR Oasis,IL_2P1RVZSE8RCAZ|IL_K5H00QYC3R1G|IL_VI6A3WXDHHDU,3,
B09PV5PC31,HARDWARE & FINISHES,IL_97O81RWTU3TG,1,
B09PW5XJN5,COFFEE TABLES. SIDE TABLES. ACCENT TABLES,IL_2RDBP13815B8R,1,
B09PZCWH5N,DINING ROOM,IL_3RKTIOM3H9T72,1,
B09PZCY3MM,BEDS. DRESSERS. NIGHTSTANDS.,IL_18H5BP5V6EGYM,1,
B09Q257KSQ,January Best Sellers 2,IL_2KYYGUEXPAOKJ,1,
B09Q28DHZK,BEST SELLERS,IL_3DS692CRM1BGS,1,
B09Q38H2J4,HOME & BATH Essentials,IL_IRH0FVF815TU,1,
B09Q38PT22,VASES. TRAYS. BOXES.,IL_2YQAXQUJ2H8KY,1,
B09Q5BFP9Z,TOP 50 BEAUTY,IL_17SP6THMUJN6E,1,
B09Q5LD9V5,TEEN GIRLIES|TWEEN BACK TO SCHOOL,IL_370XLUWUIJAX1|IL_39AL8K1TZE306,2,
B09Q5P6B7B,THE DRESS SHOPPE - From BRUNCH to BLACK TIE,IL_1HHMN64HEUPU9,1,
B09Q61Y2DZ,JULY TOP PICKS|NEW Arrivals|TRANSITIONAL Fall Fashion,IL_2DHFOQ3A1Q5U2|IL_5MN6DE6JTTK2|IL_9FXRQ038D494,3,
B09Q76MCY5,BED & BATH FINDS,IL_1QMQ9WWH79VRL,1,
B09Q8TBNV8,DESIGNER INSPIRED,IL_3JCDIMAGNYZ0E,1,
B09Q91DZGZ,CLOSET Organizing,IL_1R4YIGU257W50,1,
B09Q92C26Z,CLOSET Organizing,IL_1R4YIGU257W50,1,
B09QD6TSS9,PILLOWS & THROWS,IL_J4MBZKLMALLQ,1,
B09QHFJ2MD,TWEEN BACK TO SCHOOL,IL_39AL8K1TZE306,1,
B09QKRJ5VM,FOR HER - HANDBAGS,IL_3ITM4V91K4422,1,
B09QKT967C,WINTER FASHION,IL_PN4A9X7BMPFX,1,
B09QL281KS,BEDS. DRESSERS. NIGHTSTANDS.,IL_18H5BP5V6EGYM,1,
B09QLG7D8Q,RUGS,IL_2N8O18PX5PHA3,1,
B09QLG8CT6,RUGS,IL_2N8O18PX5PHA3,1,
B09QLGYX3V,RUGS,IL_2N8O18PX5PHA3,1,
B09QLH11BP,RUGS,IL_2N8O18PX5PHA3,1,
B09QLJ35NT,RUGS,IL_2N8O18PX5PHA3,1,
B09QLJ67CN,RUGS,IL_2N8O18PX5PHA3,1,
B09QLKCYNV,PILLOWS & THROWS,IL_J4MBZKLMALLQ,1,
B09QM4VQZG,HOME DECOR,IL_2V4ZM0XXYOP34,1,
B09QMQZW36,PRESCHOOL LITTLES,IL_16F1ZOLGB573M,1,
B09QNYZ9DH,COFFEE TABLES. SIDE TABLES. ACCENT TABLES,IL_2RDBP13815B8R,1,
B09QPFFNRF,LAMPS,IL_28Z72BVY6B71P,1,
B09QPXMP1P,WINTER FASHION,IL_PN4A9X7BMPFX,1,
B09QQ4NH5J,The STYLE EDIT - HOTTEST finds RIGHT NOW!,IL_1SLNDA7361JAR,1,
B09QQ9T4XY,TOP NOVEMBER DEALS,IL_2Z5U0A9S9OXF9,1,
B09QQWQ1YP,HAIR CARE|TOP NOVEMBER DEALS,IL_2Z5U0A9S9OXF9|IL_3VBGW6RI08DIE,2,
B09QRZYXMN,HAIR CARE,IL_3VBGW6RI08DIE,1,
B09QSX3412,FOR HER - HANDBAGS|GIFTS UNDER $50,IL_30ZOK8YSQFY5N|IL_3ITM4V91K4422,2,
B09QT1MH95,CAR ORGANIZATION|HOME OFFICE Essentials|MY TOP PRODUCTS FOR JULY|TEEN GIRLIES,IL_31KXTI157WXNV|IL_370XLUWUIJAX1|IL_3TE1WGJI4HUK8|IL_OB8CSFU2LS6V,4,
B09QWD7YD5,MORE NEW FINDS,IL_32M44I5BF0O0R,1,
B09QX6DDH1,FEBRUARY Best Sellers,IL_1MB9961G83COM,1,
B09QXP18NP,BEST SELLERS,IL_3DS692CRM1BGS,1,
B09QY1C63P,HOME & BATH Essentials,IL_IRH0FVF815TU,1,
B09R196Z7F,FRIDGE Organization,IL_3HBHLKKIJRXAQ,1,
B09R1KX4C2,BEAUTY MUST-HAVES|FEBRUARY Best Sellers,IL_174AROJG7VER7|IL_1MB9961G83COM,2,
B09R1PBWTZ,RESORT WEAR FASHION,IL_15NDDXZ7X0955,1,
B09R2C138G,THE Littles - GIFT GUIDE,IL_3BMD6XLV7JIPG,1,
B09R2GKHGS,HOLIDAY COLOR CRUSHES 2025,IL_1LKQL9NF315YS,1,
B09R3TX28G,FOR HER - HANDBAGS,IL_3ITM4V91K4422,1,
B09R9MG4ZP,KITCHEN Essentials,IL_286Q78OJSYZO8,1,
B09RFWXJQN,ELEMENTARY SCHOOL,IL_13LSJDYI0DMAZ,1,
B09RPJ4N8T,ELEVATED Bathroom Must-Haves|Subtle Luxury Home,IL_21T7CCUQI2DH5|IL_BWHQ5TU85DA7,2,
B09RPKGVDW,BRIDE- Spoil Her for the Big Day!,IL_3R1F2KZC9BJXJ,1,
B09RQ9GLDJ,BEAUTY MUST-HAVES,IL_174AROJG7VER7,1,
B09RQGJW5P,48 Yr Old Mom of 5 - What I am OBSESSED over!|In MY Travel Bag|LUXE Gifting|TOP 50 BEAUTY,IL_17SP6THMUJN6E|IL_1NSB6B4CK6NM1|IL_B4MF8PKIS82A|IL_SC6UJV027JAK,4,
B09RRHWYD8,BEDS. DRESSERS. NIGHTSTANDS.,IL_18H5BP5V6EGYM,1,
B09RRWJ8J1,BEDS. DRESSERS. NIGHTSTANDS.,IL_18H5BP5V6EGYM,1,
B09RTPBK6N,MY TOP PRODUCTS FOR JULY,IL_OB8CSFU2LS6V,1,
B09RXWFW1V,BEAUTY & SKINCARE,IL_WPS59NJ19M48,1,
B09RZXJH1F,OVER 40 & Fabulous HILLARY'S Capsule WARDROBE - Effortless & Chic,IL_1GS6BISWIK7UN,1,
B09S23SWRG,JUST IN...My Newest OBSESSIONS|QUIET LUXURY/OLD MONEY|TOP SEPTEMBER DEALS,IL_310DHOAQUC0DH|IL_EAQUVLIMTM7R|IL_JI222AIPC2S,3,
B09S4PVZ81,GIFTS UNDER $25|TOP OCTOBER DEALS,IL_1E7EHNK9QTVEH|IL_OJUSIV7RIXZX,2,
B09S5JVQ7K,THE Littles - GIFT GUIDE,IL_3BMD6XLV7JIPG,1,
B09SBMQ5NG,HOLIDAY ON SALE,IL_81C70Z4U4BII,1,
B09SBR2KBP,BEDDING: LUXURY finds in Our Home,IL_3MJSZFZU5658,1,
B09SDB6TK5,HARDWARE & FINISHES,IL_97O81RWTU3TG,1,
B09SHBV8TX,BATHROOM Essentials,IL_L3V3XJ5WT8SV,1,
B09SHD8K91,WALL DECOR - MIRRORS. ART. FRAMES.,IL_1HZQPC6SSAHFG,1,
B09SL1GW74,HEALTHY Living,IL_136JGDBOWW0I4,1,
B09SP4BWGH,BRIDE- Spoil Her for the Big Day!,IL_3R1F2KZC9BJXJ,1,
B09SWC53JV,BATHROOM REMODEL|HOME & BATH Essentials,IL_IRH0FVF815TU|IL_QWA0HLMH0ZPN,2,
B09SWJH5G3,QUIET LUXURY/OLD MONEY,IL_310DHOAQUC0DH,1,
B09SYVKYHF,ENTRYWAY. FOYER.,IL_M0U0DTYJP1BI,1,
B09SZQHYSL,BEAUTY MUST-HAVES,IL_174AROJG7VER7,1,
B09T1DSTVR,LAMPS,IL_28Z72BVY6B71P,1,
B09T2LD52W,AFFORDABLE DECOR|CANDLE HOLDERS. CANDLE STICKS.,IL_2EHNEZELPW5NA|IL_ITC144HBA2XS,2,
B09T2LX3QV,BATHROOM Essentials,IL_L3V3XJ5WT8SV,1,
B09T2XZXC3,AUTUMN Vibes,IL_2NDA05KNMQH4,1,
B09T337TRT,ENTRYWAY. FOYER.,IL_M0U0DTYJP1BI,1,
B09T35QPXS,GIFTS UNDER $25,IL_OJUSIV7RIXZX,1,
B09T3DMLJT,WALL DECOR - MIRRORS. ART. FRAMES.,IL_1HZQPC6SSAHFG,1,
B09T4YZGQR,ORGANIZING Essentials,IL_27VCDHN1568QK,1,
B09T5DDDD7,LAUNDRY Room Essentials,IL_27L1ENCS6OMON,1,
B09T92HMHS,2025 TOP SELLERS|48 Yr Old Mom of 5 - What I am OBSESSED over!,IL_1NSB6B4CK6NM1|IL_3RT5O1LPLW4HX,2,
B09T9854DQ,HEALTHY Living,IL_136JGDBOWW0I4,1,
B09T9K6WM5,GIFTING|My Curated Gift Guide,IL_IE0BGUCCDZ8X|IL_YYM41OHGI1KQ,2,
B09TCQ5DZQ,TABLETOP MUST-HAVES,IL_2RA331651DDK8,1,
B09TDD86RC,The FALL EDIT,IL_IOIVGOQN9X1X,1,
B09TDRDY8F,AUTUMN Vibes,IL_2NDA05KNMQH4,1,
B09TF37BVK,SKIMS LIKE BASICS,IL_395N3QLHWD5V7,1,
B09TFZRQL5,EARNED A SPOT FOR LIFE!|PANTRY Organization,IL_1MKYF1CAY9E8G|IL_76ENHDCP4NP1,2,
B09TG5DRB6,HOLIDAY COLOR CRUSHES 2025,IL_1LKQL9NF315YS,1,
B09TG5FQ91,PILLOWS & THROWS,IL_J4MBZKLMALLQ,1,
B09TG5MJQ3,PILLOWS & THROWS,IL_J4MBZKLMALLQ,1,
B09TG5QX86,PILLOWS & THROWS,IL_J4MBZKLMALLQ,1,
B09TG61VB2,PILLOWS & THROWS,IL_J4MBZKLMALLQ,1,
B09TG6JTWH,PILLOWS & THROWS,IL_J4MBZKLMALLQ,1,
B09TG6WM7L,PILLOWS & THROWS,IL_J4MBZKLMALLQ,1,
B09TG7K8VL,PILLOWS & THROWS,IL_J4MBZKLMALLQ,1,
B09TG7SZ5C,PILLOWS & THROWS,IL_J4MBZKLMALLQ,1,
B09TG86XY9,FEBRUARY Best Sellers,IL_1MB9961G83COM,1,
B09TKC7T1J,FOR HER - HANDBAGS,IL_3ITM4V91K4422,1,
B09TLCMVGW,AFFORDABLE DECOR,IL_2EHNEZELPW5NA,1,
B09TLHTZ63,Subtle Luxury Home,IL_BWHQ5TU85DA7,1,
B09TM1Q4LX,OUTDOOR Oasis,IL_VI6A3WXDHHDU,1,
B09TMBMH5Z,APRIL Best Sellers|EARLY Fall|FRONT PORCH|Outdoor PLANTERS,IL_181FEP0C2U0RU|IL_270Y6RLSPP10V|IL_31R6EZ6S1ERJH|IL_ED3VXSBXPFO5,4,
B09TMF1PBW,APRIL Best Sellers|FRONT PORCH|NEW HOME FINDS|OUTDOOR Oasis,IL_181FEP0C2U0RU|IL_1QMBJFJU34FUR|IL_31R6EZ6S1ERJH|IL_VI6A3WXDHHDU,4,
B09TNLVFJN,WALL DECOR - MIRRORS. ART. FRAMES.,IL_1HZQPC6SSAHFG,1,
B09TNSTVVB,48 Yr Old Mom of 5 - What I am OBSESSED over!|EARNED A SPOT FOR LIFE!|ELEVATED KITCHEN Must-Haves,IL_1NSB6B4CK6NM1|IL_76ENHDCP4NP1|IL_V4V7ASEQMWKK,3,
B09TP392RC,THE Littles - GIFT GUIDE,IL_3BMD6XLV7JIPG,1,
B09TP9NMZP,FASHION,IL_3LEWC1H0K68XB,1,
B09TPPZ11J,FEBRUARY Best Sellers|TRAVEL,IL_1MB9961G83COM|IL_24ASC2W86JF33,2,
B09TQ7RPSF,SOFAS. ACCENT CHAIRS. OTTOMANS.,IL_34VIWGR89GOO8,1,
B09TQC4X79,WALL DECOR - MIRRORS. ART. FRAMES.,IL_1HZQPC6SSAHFG,1,
B09TRCCPCB,TRAVEL,IL_24ASC2W86JF33,1,
B09TSVT52Z,BARCART,IL_1YYODGJOLLLRT,1,
B09TVGV9ZG,CABINETS. SIDEBOARDS. BUFFETS. CONSOLES.,IL_2Q8H0EUR30UN9,1,
B09V23DWYT,BATHROOM Essentials,IL_L3V3XJ5WT8SV,1,
B09V2BCJG4,RESORT WEAR FASHION,IL_15NDDXZ7X0955,1,
B09V72QNW7,BEDS. DRESSERS. NIGHTSTANDS.,IL_18H5BP5V6EGYM,1,
B09V7J12K1,BATHROOM REMODEL,IL_QWA0HLMH0ZPN,1,
B09V7Z4TJG,MY TOP PRODUCTS FOR JULY|TOP 50 BEAUTY,IL_17SP6THMUJN6E|IL_OB8CSFU2LS6V,2,
B09VCSN6VM,TWEEN BACK TO SCHOOL,IL_39AL8K1TZE306,1,
B09VCVHTBB,BRIDE- Spoil Her for the Big Day!,IL_3R1F2KZC9BJXJ,1,
B09VCXC3BY,HARDWARE & FINISHES,IL_97O81RWTU3TG,1,
B09VFWWG2Y,ELEVATED KITCHEN Must-Haves,IL_V4V7ASEQMWKK,1,
B09VG7DV4H,GIFTING,IL_YYM41OHGI1KQ,1,
B09VGK91ZX,RH STYLE - Looks like a SPLURGE|WALL DECOR - MIRRORS. ART. FRAMES.,IL_1HZQPC6SSAHFG|IL_32TSU85USSAQZ,2,
B09VGR2GLY,WALL DECOR - MIRRORS. ART. FRAMES.,IL_1HZQPC6SSAHFG,1,
B09VJSPM71,DORM ROOM ESSENTIALS,IL_1DUCBV6BSXOJF,1,
B09VK1W6S7,HILLARY'S BEACH Bag Essentials,IL_29FTLXCTPVP41,1,
B09VK2QQ3D,HOLIDAY ON SALE,IL_81C70Z4U4BII,1,
B09VK3FD69,HOLIDAY ON SALE|TOP NOVEMBER DEALS,IL_2Z5U0A9S9OXF9|IL_81C70Z4U4BII,2,
B09VK3Q6V9,PILLOWS & THROWS,IL_J4MBZKLMALLQ,1,
B09VKDZ34F,For the Hostess - GIFT GUIDE,IL_2C66SA5TXKNJK,1,
B09VKJ4ZH3,LUXE Holiday Home,IL_21MLRQOMMKCFI,1,
B09VMCP3J3,COFFEE TABLES. SIDE TABLES. ACCENT TABLES,IL_2RDBP13815B8R,1,
B09VMJLKP3,WALL DECOR - MIRRORS. ART. FRAMES.,IL_1HZQPC6SSAHFG,1,
B09VMM1L3J,WALL DECOR - MIRRORS. ART. FRAMES.,IL_1HZQPC6SSAHFG,1,
B09VPDJGM8,THE Littles - GIFT GUIDE,IL_3BMD6XLV7JIPG,1,
B09VPDX476,LAUNDRY Room Essentials,IL_27L1ENCS6OMON,1,
B09VVN34YD,PRESCHOOL LITTLES,IL_16F1ZOLGB573M,1,
B09VZ11WHK,FRIDGE Organization|MARCH Best Sellers,IL_13DUABZBTBJVY|IL_3HBHLKKIJRXAQ,2,
B09W228N13,THE Littles - GIFT GUIDE,IL_3BMD6XLV7JIPG,1,
B09W27J1SD,BEDS. DRESSERS. NIGHTSTANDS.,IL_18H5BP5V6EGYM,1,
B09W2G325H,January Best Sellers 2|TRAVEL,IL_24ASC2W86JF33|IL_2KYYGUEXPAOKJ,2,
B09W4375DY,CAR ORGANIZATION|CARTS DON'T LIE — These were May's biggest hits.,IL_1BKDYBCCXK5YE|IL_3TE1WGJI4HUK8,2,
B09W49CMPS,CAR ORGANIZATION,IL_3TE1WGJI4HUK8,1,
B09W4K14YT,CAR ORGANIZATION,IL_3TE1WGJI4HUK8,1,
B09W4TZVPZ,CARTS DON'T LIE — These were May's biggest hits.,IL_1BKDYBCCXK5YE,1,
B09W5Q1RJ7,DATE NIGHT FASHION,IL_20Q0HRFOLM3K2,1,
B09W5RZR3G,The STYLE EDIT - HOTTEST finds RIGHT NOW!,IL_1SLNDA7361JAR,1,
B09W858541,New Year's Must-Haves,IL_3H3WH72KSZXK3,1,
B09W89YJP1,My Curated Gift Guide,IL_IE0BGUCCDZ8X,1,
B09W8Q6X3B,For the Big Kids,IL_22L0SLOF07ITQ,1,
B09W8S1P53,48 Yr Old Mom of 5 - What I am OBSESSED over!|CLOSET Organizing,IL_1NSB6B4CK6NM1|IL_1R4YIGU257W50,2,
B09W92K9TR,LUXURY GIFTS,IL_3KKGHGSJ1ZRYC,1,
B09W9NMSQB,TABLETOP MUST-HAVES,IL_2RA331651DDK8,1,
B09WDDCNBQ,AUGUST TOP PICKS,IL_DSS93TBPVRP5,1,
B09WDGKKNS,TEEN GIRLIES|TWEEN BACK TO SCHOOL,IL_370XLUWUIJAX1|IL_39AL8K1TZE306,2,
B09WDWLQ5J,JUST IN...My Newest OBSESSIONS,IL_EAQUVLIMTM7R,1,
B09WF7P5VM,CANDLE HOLDERS. CANDLE STICKS.,IL_ITC144HBA2XS,1,
B09WHXFJ7P,BARCART,IL_1YYODGJOLLLRT,1,
B09WJPNGRK,ORGANIZING Essentials,IL_27VCDHN1568QK,1,
B09WJYFGDV,ELEVATED KITCHEN Must-Haves|KITCHEN Organizing,IL_2B46UO4I7XY3G|IL_V4V7ASEQMWKK,2,
B09WM2HKRZ,BATHROOM Essentials,IL_L3V3XJ5WT8SV,1,
B09WMS353B,BATHROOM Organization,IL_Q8UFO5D52NKD,1,
B09WN4RBGQ,FOR HER - HANDBAGS,IL_3ITM4V91K4422,1,
B09WNK39JN,TECH ESSENTIALS,IL_1LVS8EBYWIS2J,1,
B09WTJ2VGL,BOY'S Bathroom,IL_3CQZYKSH60HA3,1,
B09WV2QG38,CHIC WITHOUT THE SPLURGE TRAVEL|EUROPEAN SUMMER,IL_2GR0M7LHWL1O|IL_341JHBPWHDBNK,2,
B09WVMR7N7,RESTORATION VIBES,IL_2I5A3XFI29113,1,
B09WZ8SV6N,BATHROOM Essentials,IL_L3V3XJ5WT8SV,1,
B09X1N7QY6,BED & BATH FINDS,IL_1QMQ9WWH79VRL,1,
B09X2ZS3SN,FASHION,IL_3LEWC1H0K68XB,1,
B09X3WGJ3R,KITCHEN Essentials,IL_286Q78OJSYZO8,1,
B09X45YPTL,FOR HER - HANDBAGS,IL_3ITM4V91K4422,1,
B09X4JG477,PANTRY Organization,IL_1MKYF1CAY9E8G,1,
B09X55PDB7,CAR ORGANIZATION,IL_3TE1WGJI4HUK8,1,
B09X5884SJ,GIFTS UNDER $25,IL_OJUSIV7RIXZX,1,
B09X5J4HDP,PILATES PRINCESS,IL_3QM5O5E9ELURW,1,
B09X7CGCFT,COFFEE TABLES. SIDE TABLES. ACCENT TABLES,IL_2RDBP13815B8R,1,
B09XDDCGPF,BATHROOM Essentials|ELEVATED Bathroom Must-Haves,IL_21T7CCUQI2DH5|IL_L3V3XJ5WT8SV,2,
B09XDSLK4K,FOR HER - HANDBAGS,IL_3ITM4V91K4422,1,
B09XFGWM2B,MARCH Best Sellers,IL_13DUABZBTBJVY,1,
B09XG5GLZ5,KITCHEN Essentials,IL_286Q78OJSYZO8,1,
B09XHHZQRN,RESORT WEAR FASHION,IL_15NDDXZ7X0955,1,
B09XHWC6MS,PILLOWS & THROWS,IL_J4MBZKLMALLQ,1,
B09XHXH424,PILLOWS & THROWS,IL_J4MBZKLMALLQ,1,
B09XHXMZTQ,BEDDING. PILLOWS. THROWS. TOWELS.,IL_1LFWTJH9UBPKU,1,
B09XJ42LGT,Vanity Organization,IL_WMCP8YLCXSCD,1,
B09XJD6FRP,HOLIDAY ESSENTIALS,IL_ZN8TBHK35E0D,1,
B09XJHK59B,BEAUTY MUST-HAVES,IL_174AROJG7VER7,1,
B09XKLW544,BATHROOM REMODEL,IL_QWA0HLMH0ZPN,1,
B09XLK2FGX,New Year's Must-Haves,IL_3H3WH72KSZXK3,1,
B09XMLJ29P,HOME DECOR,IL_2V4ZM0XXYOP34,1,
B09XMMZSWW,CARTS DON'T LIE — These were May's biggest hits.|HOME OFFICE Essentials|MY TOP PRODUCTS FOR JULY|ORGANIZING Essentials,IL_1BKDYBCCXK5YE|IL_27VCDHN1568QK|IL_31KXTI157WXNV|IL_OB8CSFU2LS6V,4,
B09XPWDRJK,For the Hostess - GIFT GUIDE,IL_2C66SA5TXKNJK,1,
B09XQ7SRVC,HEALTHY Living,IL_136JGDBOWW0I4,1,
B09XQS8SWR,UNDER $50 FALL Capsule,IL_39FHE4P3M78YV,1,
B09XR4LX82,CLOSET Organizing,IL_1R4YIGU257W50,1,
B09XR6DHCD,GIFTS UNDER $50,IL_30ZOK8YSQFY5N,1,
B09XRDRW3M,PILATES PRINCESS,IL_3QM5O5E9ELURW,1,
B09XSDMT4F,TECH ESSENTIALS,IL_1LVS8EBYWIS2J,1,
B09XTGHQR1,TOP 100+ PRIME DEALS,IL_330I4A3SQ3ERE,1,
B09XTNMVZT,PILLOWS & THROWS,IL_J4MBZKLMALLQ,1,
B09XTXCRC9,2025 TOP SELLERS|LAUNDRY Room Essentials|PANTRY Organization,IL_1MKYF1CAY9E8G|IL_27L1ENCS6OMON|IL_3RT5O1LPLW4HX,3,
B09XV783NB,FRIDGE Organization|GADGETS I CANNOT live WITHOUT|HOME & BATH Essentials,IL_12L5JOTON77WY|IL_3HBHLKKIJRXAQ|IL_IRH0FVF815TU,3,
B09XVLDWYF,AFFORDABLE DECOR|RUGS,IL_2EHNEZELPW5NA|IL_2N8O18PX5PHA3,2,
B09XWHBYZ7,FEBRUARY Best Sellers|KITCHEN Essentials,IL_1MB9961G83COM|IL_286Q78OJSYZO8,2,
B09XWNB8L4,KITCHEN Essentials,IL_286Q78OJSYZO8,1,
B09XWX43X8,BATHROOM Essentials,IL_L3V3XJ5WT8SV,1,
B09XZXL6QL,BED & BATH FINDS,IL_1QMQ9WWH79VRL,1,
B09Y13746W,LIGHTING - Designer Inspired,IL_K3IDK9BPXYFW,1,
B09Y1C3HDJ,NO DRILL Home Improvement,IL_2P1RVZSE8RCAZ,1,
B09Y1YCQRS,MORE NEW FINDS,IL_32M44I5BF0O0R,1,
B09Y2BPXYH,NEW Arrivals,IL_2DHFOQ3A1Q5U2,1,
B09Y2J13D9,KITCHEN Essentials,IL_286Q78OJSYZO8,1,
B09Y2R1TB2,WALL DECOR - MIRRORS. ART. FRAMES.,IL_1HZQPC6SSAHFG,1,
B09Y5HDFQG,NO DRILL Home Improvement,IL_2P1RVZSE8RCAZ,1,
B09Y65FF4M,WINTER FASHION,IL_PN4A9X7BMPFX,1,
B09Y6BFVDD,CAR ORGANIZATION,IL_3TE1WGJI4HUK8,1,
B09Y7VV8GR,FOR HER - HANDBAGS,IL_3ITM4V91K4422,1,
B09YBRN7N9,APRIL Best Sellers|BARCART|CARTS DON'T LIE — These were May's biggest hits.|Outdoor PLANTERS|Your Currently MOST-LOVED,IL_181FEP0C2U0RU|IL_1BKDYBCCXK5YE|IL_1YYODGJOLLLRT|IL_270Y6RLSPP10V|IL_3BNM8CSCBJ7VF,5,
B09YBRQWR1,Outdoor PLANTERS,IL_270Y6RLSPP10V,1,
B09YBXDPYG,APRIL Best Sellers|FRONT PORCH,IL_181FEP0C2U0RU|IL_31R6EZ6S1ERJH,2,
B09YCD2FHQ,BED & BATH FINDS,IL_1QMQ9WWH79VRL,1,
B09YCFL64W,EARLY Fall,IL_ED3VXSBXPFO5,1,
B09YCP3GZ4,CARTS DON'T LIE — These were May's biggest hits.,IL_1BKDYBCCXK5YE,1,
B09YCQTTTG,HILLARY'S BEACH Bag Essentials|In MY Travel Bag|SPORT MOM Style,IL_29FTLXCTPVP41|IL_33RG7LWDINUWO|IL_SC6UJV027JAK,3,
B09YD5F14N,PILLOWS & THROWS,IL_J4MBZKLMALLQ,1,
B09YDLJ6R6,APRIL Best Sellers|FRONT PORCH|Furniture Mover REEL|Outdoor PLANTERS,IL_181FEP0C2U0RU|IL_270Y6RLSPP10V|IL_2ABZ85AO7D848|IL_31R6EZ6S1ERJH,4,
B09YDMQH48,Hillary's NEWEST Finds,IL_1XPGUL8BC81KW,1,
B09YDS8BHK,TECH ESSENTIALS,IL_1LVS8EBYWIS2J,1,
B09YGXQGKZ,LIGHTING - Designer Inspired,IL_K3IDK9BPXYFW,1,
B09YJY4FXY,LAMPS,IL_28Z72BVY6B71P,1,
B09YK1F7LG,LAMPS|Subtle Luxury Home,IL_28Z72BVY6B71P|IL_BWHQ5TU85DA7,2,
B09YK2WGTD,LAMPS,IL_28Z72BVY6B71P,1,
B09YM372LR,DORM ROOM ESSENTIALS|TOP 100 HOME PICKS,IL_1DUCBV6BSXOJF|IL_2DVQFMB8O8SDC,2,
B09YM4CPNJ,VIRAL Holiday Finds,IL_3QCVRRMTI2TTQ,1,
B09YP5F5ZL,FOR HER - HANDBAGS,IL_3ITM4V91K4422,1,
B09YQ1WHLJ,GIFTS UNDER $25,IL_OJUSIV7RIXZX,1,
B09YRDS5HM,TABLETOP MUST-HAVES,IL_2RA331651DDK8,1,
B09YRKN9H4,CANDLE HOLDERS. CANDLE STICKS.,IL_ITC144HBA2XS,1,
B09YRNT5MG,COFFEE BAR Essentials|KITCHEN Essentials,IL_286Q78OJSYZO8|IL_FJAM99COX1K9,2,
B09YSR271Y,JULY TOP PICKS,IL_9FXRQ038D494,1,
B09YT2H35S,JANUARY Best Sellers|My Curated Gift Guide,IL_F5Z67P4FFJC4|IL_IE0BGUCCDZ8X,2,
B09YTF82SH,CAR ORGANIZATION|HILLARY'S BEACH Bag Essentials|PILATES PRINCESS,IL_29FTLXCTPVP41|IL_3QM5O5E9ELURW|IL_3TE1WGJI4HUK8,3,
B09YTWFM64,THE Little Black Dress,IL_CTNECHN1HUCU,1,
B09YVKPMWV,DECEMBER Best Sellers,IL_2PQNIB7PVLPT1,1,
B09Z1ST385,QUIET LUXURY/OLD MONEY,IL_310DHOAQUC0DH,1,
B09Z1TPKFT,HOLIDAY EVENING Looks,IL_2OL0SY0HD6BBS,1,
B09Z27YHDP,BEAUTY & SKINCARE,IL_WPS59NJ19M48,1,
B09Z28W5CN,For the Hostess - GIFT GUIDE,IL_2C66SA5TXKNJK,1,
B09Z29BCQC,ELEVATED KITCHEN Must-Haves,IL_V4V7ASEQMWKK,1,
B09Z2B3HS4,THE Littles - GIFT GUIDE,IL_3BMD6XLV7JIPG,1,
B09Z2DQS3N,The STYLE EDIT - HOTTEST finds RIGHT NOW!,IL_1SLNDA7361JAR,1,
B09Z2SPP1F,WINTER FASHION,IL_PN4A9X7BMPFX,1,
B09Z347YY2,WALL DECOR - MIRRORS. ART. FRAMES.,IL_1HZQPC6SSAHFG,1,
B09Z6Q39QX,MARCH Best Sellers,IL_13DUABZBTBJVY,1,
B09Z739WPT,HARDWARE & FINISHES,IL_97O81RWTU3TG,1,
B09Z7CWJCJ,ENTERTAINING Essentials,IL_2GHS9RLET14RQ,1,
B09Z7L79K6,JANUARY Best Sellers|Vanity Organization,IL_F5Z67P4FFJC4|IL_WMCP8YLCXSCD,2,
B09Z7TVWN1,TOP SEPTEMBER DEALS,IL_JI222AIPC2S,1,
B09ZCZS9KN,TEEN GUYS,IL_O65RH2OR0EF3,1,
B09ZHJW1JQ,FOR HER - HANDBAGS,IL_3ITM4V91K4422,1,
B09ZHWB4XG,SUMMER HOSTING,IL_C4VDLQZK7ACP,1,
B09ZJWKHH4,LIGHTING - Designer Inspired,IL_K3IDK9BPXYFW,1,
B09ZK4YL73,TRAVEL,IL_24ASC2W86JF33,1,
B09ZK5TFQW,RH STYLE - Looks like a SPLURGE,IL_32TSU85USSAQZ,1,
B09ZKM9T33,Effortless Chic Home,IL_34RHZWFKXT7UT,1,
B09ZNPF8TR,BATHROOM Organization,IL_Q8UFO5D52NKD,1,
B09ZNRZ6F2,DECEMBER Best Sellers|KITCHEN Essentials,IL_286Q78OJSYZO8|IL_2PQNIB7PVLPT1,2,
B09ZP924W8,2025 TOP SELLERS|ELEVATED Bathroom Must-Haves|HOME & BATH Essentials,IL_21T7CCUQI2DH5|IL_3RT5O1LPLW4HX|IL_IRH0FVF815TU,3,
B09ZPN6CQX,DECEMBER Best Sellers,IL_2PQNIB7PVLPT1,1,
B09ZPPKC6B,BRIDE- Spoil Her for the Big Day!,IL_3R1F2KZC9BJXJ,1,
B09ZQLW6TF,ENTERTAINING Essentials,IL_2GHS9RLET14RQ,1,
B09ZXHHZ8X,BATHROOM Essentials,IL_L3V3XJ5WT8SV,1,
B09ZY15YMH,QUIET LUXURY/OLD MONEY,IL_310DHOAQUC0DH,1,
B09ZY9NC7V,JUST IN...My Newest OBSESSIONS,IL_EAQUVLIMTM7R,1,
B0B11Q7SKH,Our REMODEL HOME,IL_1RA73GK94YR1G,1,
B0B11VH4NT,TRAVEL,IL_24ASC2W86JF33,1,
B0B127LZ2T,SUMMER HOSTING,IL_C4VDLQZK7ACP,1,
B0B12QSLFW,PILATES PRINCESS,IL_3QM5O5E9ELURW,1,
B0B13QFM5X,Effortless Chic Home,IL_34RHZWFKXT7UT,1,
B0B14HN2CY,TOP 100 HOME PICKS,IL_2DVQFMB8O8SDC,1,
B0B14V6F8T,My Curated Gift Guide,IL_IE0BGUCCDZ8X,1,
B0B15MZD5W,BEST SELLERS|TOP OCTOBER DEALS,IL_1E7EHNK9QTVEH|IL_3DS692CRM1BGS,2,
B0B174HDPR,Outdoor PLANTERS,IL_270Y6RLSPP10V,1,
B0B18X75ZK,TWEEN BACK TO SCHOOL,IL_39AL8K1TZE306,1,
B0B1B1GN1S,FOR HER - HANDBAGS,IL_3ITM4V91K4422,1,
B0B1FC665V,AUTUMN Vibes,IL_2NDA05KNMQH4,1,
B0B1HNJC5Y,APRIL Best Sellers|FAUX INDOOR/OUTDOOR,IL_181FEP0C2U0RU|IL_VRW78IY69242,2,
B0B1LHJHYN,APRIL Best Sellers,IL_181FEP0C2U0RU,1,
B0B1LPRDVG,TRAVEL,IL_24ASC2W86JF33,1,
B0B1M22DJ8,TRAVEL,IL_24ASC2W86JF33,1,
B0B1M6ML2J,DECEMBER Best Sellers|TOP 100+ PRIME DEALS|TOP NOVEMBER DEALS,IL_2PQNIB7PVLPT1|IL_2Z5U0A9S9OXF9|IL_330I4A3SQ3ERE,3,
B0B1M6YLKS,CANDLE HOLDERS. CANDLE STICKS.|Effortless Chic Home,IL_34RHZWFKXT7UT|IL_ITC144HBA2XS,2,
B0B1Q6B9XP,JANUARY Best Sellers,IL_F5Z67P4FFJC4,1,
B0B1QK6XCR,ELEVATED HOLIDAY FASHION,IL_WU8FIFLKC1R5,1,
B0B1QNB6TR,Outdoor PLANTERS,IL_270Y6RLSPP10V,1,
B0B1RY79P3,New Year's Must-Haves,IL_3H3WH72KSZXK3,1,
B0B1TFCKNP,TABLETOP MUST-HAVES,IL_2RA331651DDK8,1,
B0B1TZ6ZWP,BEAUTY & SKINCARE,IL_WPS59NJ19M48,1,
B0B1V7KTKP,GIFTS UNDER $50,IL_30ZOK8YSQFY5N,1,
B0B1V7ZP42,LAMPS,IL_28Z72BVY6B71P,1,
B0B1VB5N8Q,WALL DECOR - MIRRORS. ART. FRAMES.,IL_1HZQPC6SSAHFG,1,
B0B1VYLDLY,MUST-HAVE HOSTING,IL_23YO2PO28IXV,1,
B0B1VZHCFS,KITCHEN Essentials,IL_286Q78OJSYZO8,1,
B0B1ZH65MG,HALLOWEEN,IL_TOLRF8ZU3T5K,1,
B0B1ZLNQTQ,SKIMS LIKE BASICS,IL_395N3QLHWD5V7,1,
B0B1ZP645F,BED & BATH FINDS,IL_1QMQ9WWH79VRL,1,
B0B25JTC5X,AUTUMN Vibes,IL_2NDA05KNMQH4,1,
B0B287Y6GR,SPORT MOM Style,IL_33RG7LWDINUWO,1,
B0B28RHKXB,TRAVEL,IL_24ASC2W86JF33,1,
B0B28VTMMT,HOLIDAY EVENING Looks,IL_2OL0SY0HD6BBS,1,
B0B2BY4ZG7,TECH ESSENTIALS,IL_1LVS8EBYWIS2J,1,
B0B2CDBRSY,BATHROOM Essentials,IL_L3V3XJ5WT8SV,1,
B0B2D44D5G,HALLOWEEN,IL_TOLRF8ZU3T5K,1,
B0B2DHRTK4,EARLY Fall,IL_ED3VXSBXPFO5,1,
B0B2F6HK11,BEDDING: LUXURY finds in Our Home,IL_3MJSZFZU5658,1,
B0B2JCJNQN,AUTUMN Vibes,IL_2NDA05KNMQH4,1,
B0B2JR296F,HOLIDAY EVENING Looks|WINTER FASHION,IL_2OL0SY0HD6BBS|IL_PN4A9X7BMPFX,2,
B0B2KRT937,BATHROOM Essentials|BATHROOM Organization,IL_L3V3XJ5WT8SV|IL_Q8UFO5D52NKD,2,
B0B2KXT124,RUGS,IL_2N8O18PX5PHA3,1,
B0B2LXFJQ4,BOY'S Bathroom|NO DRILL Home Improvement,IL_2P1RVZSE8RCAZ|IL_3CQZYKSH60HA3,2,
B0B2NZGW23,2025 TOP SELLERS|MY TOP PRODUCTS FOR JULY,IL_3RT5O1LPLW4HX|IL_OB8CSFU2LS6V,2,
B0B2RF12W8,DECEMBER Best Sellers,IL_2PQNIB7PVLPT1,1,
B0B2RM68G2,48 Yr Old Mom of 5 - What I am OBSESSED over!|LUXE Gifting|MARCH Best Sellers|MY TOP PRODUCTS FOR JULY|My Curated Gift Guide|TOP 50 BEAUTY,IL_13DUABZBTBJVY|IL_17SP6THMUJN6E|IL_1NSB6B4CK6NM1|IL_B4MF8PKIS82A|IL_IE0BGUCCDZ8X|IL_OB8CSFU2LS6V,6,All memberships are included in internal_label; only the first 5 stable backup labels appear in custom_label_0-4.
B0B2TR278K,AUGUST TOP PICKS,IL_DSS93TBPVRP5,1,
B0B2WD62MH,FOR HER - HANDBAGS|GIFTS UNDER $50,IL_30ZOK8YSQFY5N|IL_3ITM4V91K4422,2,
B0B2WKK2RP,THE Littles - GIFT GUIDE,IL_3BMD6XLV7JIPG,1,
B0B2WL3F95,TOP 50 BEAUTY,IL_17SP6THMUJN6E,1,
B0B2X92HDC,TEEN GIRLIES,IL_370XLUWUIJAX1,1,
B0B2Z6NMHP,TOP OCTOBER DEALS,IL_1E7EHNK9QTVEH,1,
B0B2ZPD64N,For the Hostess - GIFT GUIDE,IL_2C66SA5TXKNJK,1,
B0B323Q3Z1,TOP NOVEMBER DEALS,IL_2Z5U0A9S9OXF9,1,
B0B33484RJ,AUTUMN Vibes,IL_2NDA05KNMQH4,1,
B0B34M3ZL7,LAMPS,IL_28Z72BVY6B71P,1,
B0B383Q66F,AUTUMN Vibes|CANDLE HOLDERS. CANDLE STICKS.,IL_2NDA05KNMQH4|IL_ITC144HBA2XS,2,
B0B386DYPQ,TRAVEL,IL_24ASC2W86JF33,1,
B0B38878QH,CHIC 2-PIECE SETS,IL_QR27F03IP4AQ,1,
B0B38NZ18B,THE DRESS SHOPPE - From BRUNCH to BLACK TIE|WORK WEAR,IL_1HHMN64HEUPU9|IL_3J2NRGA0NCDGR,2,
B0B38ZHWZF,COFFEE BAR Essentials|DECEMBER Best Sellers|ELEVATED Bathroom Must-Haves,IL_21T7CCUQI2DH5|IL_2PQNIB7PVLPT1|IL_FJAM99COX1K9,3,
B0B39JNFQ7,PANTRY Organization,IL_1MKYF1CAY9E8G,1,
B0B3C2ZSFK,BOY'S Bathroom,IL_3CQZYKSH60HA3,1,
B0B3CP6VY9,ATHEISURE,IL_31LARMS9JHPGT,1,
B0B3D6TMKS,January Best Sellers 2,IL_2KYYGUEXPAOKJ,1,
B0B3HGHT68,ELEVATED KITCHEN Must-Haves,IL_V4V7ASEQMWKK,1,
B0B3J6D5MK,ELEVATED HOLIDAY FASHION,IL_WU8FIFLKC1R5,1,
B0B3JJYJSS,BED & BATH FINDS,IL_1QMQ9WWH79VRL,1,
B0B3KDJ2S5,For the Hostess - GIFT GUIDE,IL_2C66SA5TXKNJK,1,
B0B3QHDZ9B,JUST IN...My Newest OBSESSIONS,IL_EAQUVLIMTM7R,1,
B0B3QWTHQ3,NEW HOLIDAY Finds,IL_13866CB1KN3RI,1,
B0B3QXWZNW,CLOSET Organizing|MEMORIAL DAY SALE FOLLOWER FAVORITES,IL_17ITIHGPTINHX|IL_1R4YIGU257W50,2,
B0B3TJF1D1,TOP NOVEMBER DEALS,IL_2Z5U0A9S9OXF9,1,
B0B3TKJMGF,The FALL EDIT,IL_IOIVGOQN9X1X,1,
B0B3TL9PXH,The FALL EDIT,IL_IOIVGOQN9X1X,1,
B0B3X1KJLY,GIFTS UNDER $50,IL_30ZOK8YSQFY5N,1,
B0B3XKSMRS,WINTER FASHION|WORK WEAR,IL_3J2NRGA0NCDGR|IL_PN4A9X7BMPFX,2,
B0B41WNXF8,HAIR CARE,IL_3VBGW6RI08DIE,1,
B0B41YBLF7,ELEVATED KITCHEN Must-Haves,IL_V4V7ASEQMWKK,1,
B0B424Y48P,HOLIDAY ESSENTIALS,IL_ZN8TBHK35E0D,1,
B0B4374SXK,BATHROOM Essentials,IL_L3V3XJ5WT8SV,1,
B0B45VF7VD,WALL DECOR - MIRRORS. ART. FRAMES.,IL_1HZQPC6SSAHFG,1,
B0B46SJR4X,SOFAS. ACCENT CHAIRS. OTTOMANS.,IL_34VIWGR89GOO8,1,
B0B46SNC4W,SOFAS. ACCENT CHAIRS. OTTOMANS.,IL_34VIWGR89GOO8,1,
B0B46TCPFT,CABINETS. SIDEBOARDS. BUFFETS. CONSOLES.,IL_2Q8H0EUR30UN9,1,
B0B46TN2XM,ENTRYWAY. FOYER.,IL_M0U0DTYJP1BI,1,
B0B49LHNZ2,BEDDING: LUXURY finds in Our Home,IL_3MJSZFZU5658,1,
B0B4BC97JT,GIFTING,IL_YYM41OHGI1KQ,1,
B0B4DP6FPG,BATHROOM Essentials,IL_L3V3XJ5WT8SV,1,
B0B4F3YKMR,GIFTS UNDER $25,IL_OJUSIV7RIXZX,1,
B0B4H5D963,HOLIDAY THEMES 2025,IL_CQQP654U5715,1,
B0B4JJ6XG6,The STYLE EDIT - HOTTEST finds RIGHT NOW!,IL_1SLNDA7361JAR,1,
B0B4JP8QCP,TRANSITIONAL Fall Fashion,IL_5MN6DE6JTTK2,1,
B0B4JQR93Y,GIFTS UNDER $50,IL_30ZOK8YSQFY5N,1,
B0B4K8VWK2,FASHION,IL_3LEWC1H0K68XB,1,
B0B4MMMYPP,TEEN GIRLIES|TWEEN BACK TO SCHOOL,IL_370XLUWUIJAX1|IL_39AL8K1TZE306,2,
B0B4NRZSHZ,STOCKING STUFFERS,IL_20274194WU668,1,
B0B4P1L44H,HALLOWEEN,IL_TOLRF8ZU3T5K,1,
B0B4PLTJV7,VIRAL Holiday Finds,IL_3QCVRRMTI2TTQ,1,
B0B4T6RTZ2,My Curated Gift Guide,IL_IE0BGUCCDZ8X,1,
B0B4VMBLBH,WALL DECOR - MIRRORS. ART. FRAMES.,IL_1HZQPC6SSAHFG,1,
B0B4ZJR3DL,MARCH Best Sellers,IL_13DUABZBTBJVY,1,
B0B516831S,COFFEE TABLES. SIDE TABLES. ACCENT TABLES,IL_2RDBP13815B8R,1,
B0B52KZ2D4,BEDDING. PILLOWS. THROWS. TOWELS.,IL_1LFWTJH9UBPKU,1,
B0B52T33D8,MARCH Best Sellers,IL_13DUABZBTBJVY,1,
B0B53LK4XM,KITCHEN Essentials,IL_286Q78OJSYZO8,1,
B0B55V25TZ,LAMPS,IL_28Z72BVY6B71P,1,
B0B55VXHMH,LAMPS,IL_28Z72BVY6B71P,1,
B0B568Z9V6,CLOSET Organizing,IL_1R4YIGU257W50,1,
B0B56CDG7M,WINTER FASHION,IL_PN4A9X7BMPFX,1,
B0B56GZV81,FOR HER - HANDBAGS,IL_3ITM4V91K4422,1,
B0B56Z3RM9,Outdoor PLANTERS,IL_270Y6RLSPP10V,1,
B0B5845TYF,WALL DECOR - MIRRORS. ART. FRAMES.,IL_1HZQPC6SSAHFG,1,
B0B5848FSB,BEST SELLERS,IL_3DS692CRM1BGS,1,
B0B587X1S8,BEDDING: LUXURY finds in Our Home|BEDROOM STYLE|Our REMODEL HOME,IL_1RA73GK94YR1G|IL_2HG2TBY26H9IW|IL_3MJSZFZU5658,3,
B0B5CP9DWC,FOR HER - HANDBAGS,IL_3ITM4V91K4422,1,
B0B5F9SZW7,TECH ESSENTIALS,IL_1LVS8EBYWIS2J,1,
B0B5H33HTJ,LUXE Gifting,IL_B4MF8PKIS82A,1,
B0B5KCB8WQ,TWEEN & TEEN - GIFT GUIDE,IL_1I8FQ5LPJG30D,1,
B0B5KCNMGW,ENTERTAINING Essentials,IL_2GHS9RLET14RQ,1,
B0B5LYW5L4,LUXE Holiday Home,IL_21MLRQOMMKCFI,1,
B0B5QCMSP8,JUST IN - Organizing & Home,IL_3UQI8VF6F9P66,1,
B0B5QHP5Q1,KITCHEN Organizing|NEW Arrivals,IL_2B46UO4I7XY3G|IL_2DHFOQ3A1Q5U2,2,
B0B5R9DX9K,WINTER FASHION,IL_PN4A9X7BMPFX,1,
B0B5SKSDBD,TRAVEL,IL_24ASC2W86JF33,1,
B0B5THNRX5,BED & BATH FINDS,IL_1QMQ9WWH79VRL,1,
B0B5TQGXVL,FOR HER - HANDBAGS,IL_3ITM4V91K4422,1,
B0B5VTZJ6W,COFFEE TABLES. SIDE TABLES. ACCENT TABLES,IL_2RDBP13815B8R,1,
B0B5WCLD16,SKIMS LIKE BASICS,IL_395N3QLHWD5V7,1,
B0B5X4CQ3D,FOR HIM - GIFT GUIDE,IL_26IY6FNENQC7M,1,
B0B5XGNTSX,JUST IN - Organizing & Home,IL_3UQI8VF6F9P66,1,
B0B653TTY7,BEST SELLERS|TOP OCTOBER DEALS,IL_1E7EHNK9QTVEH|IL_3DS692CRM1BGS,2,
B0B66DFQW9,BED & BATH FINDS,IL_1QMQ9WWH79VRL,1,
B0B68SBPKL,TRANSITIONAL Fall Fashion,IL_5MN6DE6JTTK2,1,
B0B6B8M9ZS,WALL DECOR - MIRRORS. ART. FRAMES.,IL_1HZQPC6SSAHFG,1,
B0B6DBM5HM,AUGUST TOP PICKS,IL_DSS93TBPVRP5,1,
B0B6FC5D8J,AUTUMN Vibes,IL_2NDA05KNMQH4,1,
B0B6FNY8QH,FOR HER - HANDBAGS,IL_3ITM4V91K4422,1,
B0B6GJFDZF,VIRAL Holiday Finds,IL_3QCVRRMTI2TTQ,1,
B0B6H37HXT,WORK WEAR,IL_3J2NRGA0NCDGR,1,
B0B6HDH7B4,WINTER FASHION,IL_PN4A9X7BMPFX,1,
B0B6HXQV6N,FRIDGE Organization,IL_3HBHLKKIJRXAQ,1,
B0B6JFQRSJ,BEAUTY & SKINCARE,IL_WPS59NJ19M48,1,
B0B6NDK9WR,BATHROOM Organization,IL_Q8UFO5D52NKD,1,
B0B6P19GWG,AFFORDABLE DECOR|BEDDING: LUXURY finds in Our Home|Effortless Chic Home|MARCH Best Sellers|NEW HOLIDAY Finds|PILLOWS & THROWS,IL_13866CB1KN3RI|IL_13DUABZBTBJVY|IL_2EHNEZELPW5NA|IL_34RHZWFKXT7UT|IL_3MJSZFZU5658|IL_J4MBZKLMALLQ,6,All memberships are included in internal_label; only the first 5 stable backup labels appear in custom_label_0-4.
B0B6P5NDGV,BEDROOM STYLE|Our REMODEL HOME|RESTORATION VIBES,IL_1RA73GK94YR1G|IL_2HG2TBY26H9IW|IL_2I5A3XFI29113,3,
B0B6PBK3V2,WORK WEAR,IL_3J2NRGA0NCDGR,1,
B0B6PJ78KQ,Effortless Chic Home,IL_34RHZWFKXT7UT,1,
B0B6Q4RKPG,AUGUST TOP PICKS,IL_DSS93TBPVRP5,1,
B0B6R358LV,SUMMER HOSTING,IL_C4VDLQZK7ACP,1,
B0B6R6HDCF,BRIDE- Spoil Her for the Big Day!,IL_3R1F2KZC9BJXJ,1,
B0B6VR9ZFS,BEST SELLERS|HOLIDAY ON SALE|TOP OCTOBER DEALS,IL_1E7EHNK9QTVEH|IL_3DS692CRM1BGS|IL_81C70Z4U4BII,3,
B0B6YD75R4,ORGANIZING Essentials,IL_27VCDHN1568QK,1,
B0B6YPTYNZ,AFFORDABLE DECOR|HOME DECOR|Our REMODEL HOME|TOP 100 HOME PICKS|WALL DECOR - MIRRORS. ART. FRAMES.,IL_1HZQPC6SSAHFG|IL_1RA73GK94YR1G|IL_2DVQFMB8O8SDC|IL_2EHNEZELPW5NA|IL_2V4ZM0XXYOP34,5,
B0B726K59N,LAMPS|RH STYLE - Looks like a SPLURGE,IL_28Z72BVY6B71P|IL_32TSU85USSAQZ,2,
B0B7457H7R,LAST MINUTE GIFTS,IL_1OH1TVBZ3L337,1,
B0B74Z589D,RH STYLE - Looks like a SPLURGE,IL_32TSU85USSAQZ,1,
B0B75323SB,Hillary's NEWEST Finds,IL_1XPGUL8BC81KW,1,
B0B75PSC34,APRIL Best Sellers,IL_181FEP0C2U0RU,1,
B0B75V4XD1,$50 WINTER FASHION,IL_43J6PJOVYKC9,1,
B0B774YL1V,In MY Travel Bag|TRAVEL,IL_24ASC2W86JF33|IL_SC6UJV027JAK,2,
B0B781V81S,Moody Luxe Home,IL_DB6CKD297DDB,1,
B0B784F78V,EARLY Fall|JULY TOP PICKS|RESTORATION VIBES|RH STYLE - Looks like a SPLURGE,IL_2I5A3XFI29113|IL_32TSU85USSAQZ|IL_9FXRQ038D494|IL_ED3VXSBXPFO5,4,
B0B79ZH4JD,APRIL Best Sellers,IL_181FEP0C2U0RU,1,
B0B7BFC2NX,HILLARY'S BEACH Bag Essentials,IL_29FTLXCTPVP41,1,
B0B7BG1TYT,KITCHEN Organizing,IL_2B46UO4I7XY3G,1,
B0B7BG9YPW,OUTDOOR Oasis,IL_VI6A3WXDHHDU,1,
B0B7DKK3Q7,MORE NEW FINDS,IL_32M44I5BF0O0R,1,
B0B7DNGK2H,EARLY Fall,IL_ED3VXSBXPFO5,1,
B0B7DZCVW1,LUXE Holiday Home|OUTDOOR Oasis,IL_21MLRQOMMKCFI|IL_VI6A3WXDHHDU,2,
B0B7GDVBL7,HILLARY'S BEACH Bag Essentials,IL_29FTLXCTPVP41,1,
B0B7KH29FX,JUNE TOP PICKS,IL_2Q5678F6BP61R,1,
B0B7MN16ZB,GIFTS UNDER $50,IL_30ZOK8YSQFY5N,1,
B0B7NDWBF4,FOR HER - HANDBAGS,IL_3ITM4V91K4422,1,
B0B7NYFPNZ,Amazon Furniture in Our Home|BEDROOM STYLE|BEDS. DRESSERS. NIGHTSTANDS.,IL_18H5BP5V6EGYM|IL_1UGCFJJRVROLC|IL_2HG2TBY26H9IW,3,
B0B7QR28CW,SPORT MOM Style,IL_33RG7LWDINUWO,1,
B0B7RW2HFM,ENTRYWAY. FOYER.,IL_M0U0DTYJP1BI,1,
B0B7SNGQM4,VIRAL Holiday Finds,IL_3QCVRRMTI2TTQ,1,
B0B7WQGR94,DINING ROOM,IL_3RKTIOM3H9T72,1,
B0B7WYVLY1,The Hillary Style Holiday,IL_2V2HL7TFY8QE8,1,
B0B7XSNHPX,HALLOWEEN,IL_TOLRF8ZU3T5K,1,
B0B81BN8NH,STOCKING STUFFERS,IL_20274194WU668,1,
B0B824RPS8,LUXE JEWELRY & ACCESSORIES,IL_27BIT6UUHQ198,1,
B0B82C64VX,BEDS. DRESSERS. NIGHTSTANDS.,IL_18H5BP5V6EGYM,1,
B0B82XPJ89,COFFEE TABLES. SIDE TABLES. ACCENT TABLES,IL_2RDBP13815B8R,1,
B0B83W38H6,NEW HOME FINDS,IL_1QMBJFJU34FUR,1,
B0B84QW74S,KITCHEN Organizing,IL_2B46UO4I7XY3G,1,
B0B87PJ7GL,MORE NEW FINDS,IL_32M44I5BF0O0R,1,
B0B87RZXFV,$50 WINTER FASHION,IL_43J6PJOVYKC9,1,
B0B89P16MC,TOP 100+ PRIME DEALS,IL_330I4A3SQ3ERE,1,
B0B8C5L2FZ,EUROPEAN SUMMER,IL_341JHBPWHDBNK,1,
B0B8F1Y3M1,BEDDING: LUXURY finds in Our Home,IL_3MJSZFZU5658,1,
B0B8F31XBH,For the Big Kids,IL_22L0SLOF07ITQ,1,
B0B8HHGBB1,BATHROOM Essentials,IL_L3V3XJ5WT8SV,1,
B0B8J62SLL,CABINETS. SIDEBOARDS. BUFFETS. CONSOLES.,IL_2Q8H0EUR30UN9,1,
B0B8NB394P,TRANSITIONAL Fall Fashion,IL_5MN6DE6JTTK2,1,
B0B8P8W534,FOR HER - HANDBAGS,IL_3ITM4V91K4422,1,
B0B8W81WJ3,BEDROOM STYLE,IL_2HG2TBY26H9IW,1,
B0B8XN7TP4,TEEN GIRLIES|TWEEN BACK TO SCHOOL,IL_370XLUWUIJAX1|IL_39AL8K1TZE306,2,
B0B9233TYX,PILLOWS & THROWS,IL_J4MBZKLMALLQ,1,
B0B92RD6S7,BEST SELLERS|TOP OCTOBER DEALS,IL_1E7EHNK9QTVEH|IL_3DS692CRM1BGS,2,
B0B92XHTZW,LAMPS,IL_28Z72BVY6B71P,1,
B0B93HTY9Y,FRIDGE Organization,IL_3HBHLKKIJRXAQ,1,
B0B93Q8BLP,WALL DECOR - MIRRORS. ART. FRAMES.,IL_1HZQPC6SSAHFG,1,
B0B94PB8SW,CABINETS. SIDEBOARDS. BUFFETS. CONSOLES.|LUXE Holiday Home,IL_21MLRQOMMKCFI|IL_2Q8H0EUR30UN9,2,
B0B94S3ZDM,DINING ROOM,IL_3RKTIOM3H9T72,1,
B0B94XLPBM,STOCKING STUFFERS,IL_20274194WU668,1,
B0B96RLD7H,BEDS. DRESSERS. NIGHTSTANDS.,IL_18H5BP5V6EGYM,1,
B0B973N596,HOLIDAY BEST SELLERS,IL_1Q6KH53S4CVWD,1,
B0B97661QQ,DINING ROOM,IL_3RKTIOM3H9T72,1,
B0B99NR7M2,AUTUMN Vibes,IL_2NDA05KNMQH4,1,
B0B99RX1GW,New Year's Must-Haves,IL_3H3WH72KSZXK3,1,
B0B9BLD7BK,FRIDGE Organization|KITCHEN Organizing,IL_2B46UO4I7XY3G|IL_3HBHLKKIJRXAQ,2,
B0B9BMFHQL,HOLIDAY THEMES 2025,IL_CQQP654U5715,1,
B0B9CJGK8H,TWEEN & TEEN - GIFT GUIDE,IL_1I8FQ5LPJG30D,1,
B0B9CZ6XBQ,TOP 100+ PRIME DEALS,IL_330I4A3SQ3ERE,1,
B0B9G74PN9,WINTER FASHION,IL_PN4A9X7BMPFX,1,
B0B9MPY9T7,FAUX INDOOR/OUTDOOR,IL_VRW78IY69242,1,
B0B9MQ82YR,FOR HER - HANDBAGS,IL_3ITM4V91K4422,1,
B0B9QZG32F,For the Hostess - GIFT GUIDE,IL_2C66SA5TXKNJK,1,
B0B9SXHKXL,KITCHEN Organizing,IL_2B46UO4I7XY3G,1,
B0B9SY7N38,SHATTERPROOF Beverage Glasses,IL_3U9GRAHOG87DY,1,
B0B9VC917J,RH STYLE - Looks like a SPLURGE,IL_32TSU85USSAQZ,1,
B0B9WLDLX3,BOY'S Bathroom,IL_3CQZYKSH60HA3,1,
B0B9WRK296,For the Hostess - GIFT GUIDE,IL_2C66SA5TXKNJK,1,
B0B9ZMZ65C,TOP 100+ PRIME DEALS,IL_330I4A3SQ3ERE,1,
B0B9ZSP5P3,CAR ORGANIZATION,IL_3TE1WGJI4HUK8,1,
B0BB2SVYG1,AUTUMN Vibes,IL_2NDA05KNMQH4,1,
B0BB2SWBV7,SOFAS. ACCENT CHAIRS. OTTOMANS.,IL_34VIWGR89GOO8,1,
B0BB2V6B5R,DINING ROOM,IL_3RKTIOM3H9T72,1,
B0BB2VVBQT,SOFAS. ACCENT CHAIRS. OTTOMANS.,IL_34VIWGR89GOO8,1,
B0BB2W5LRL,SOFAS. ACCENT CHAIRS. OTTOMANS.,IL_34VIWGR89GOO8,1,
B0BB2XZXL9,DINING ROOM,IL_3RKTIOM3H9T72,1,
B0BB2YM63N,DINING ROOM,IL_3RKTIOM3H9T72,1,
B0BB6W9SR2,BARCART,IL_1YYODGJOLLLRT,1,
B0BB7T94PQ,BEDS. DRESSERS. NIGHTSTANDS.,IL_18H5BP5V6EGYM,1,
B0BBCL7L9Z,HEALTHY Living,IL_136JGDBOWW0I4,1,
B0BBCQVB5D,2025 TOP SELLERS|LAUNDRY Room Essentials,IL_27L1ENCS6OMON|IL_3RT5O1LPLW4HX,2,
B0BBDYH6DJ,THE Littles - GIFT GUIDE,IL_3BMD6XLV7JIPG,1,
B0BBGQ2GLZ,HEALTHY Living|JUNE TOP PICKS|NEW Arrivals|TOP 100+ PRIME DEALS,IL_136JGDBOWW0I4|IL_2DHFOQ3A1Q5U2|IL_2Q5678F6BP61R|IL_330I4A3SQ3ERE,4,
B0BBL5NK8M,BURGUNDY CRUSH,IL_32JT2D5T30E4J,1,
B0BBN98C7Z,BEDS. DRESSERS. NIGHTSTANDS.,IL_18H5BP5V6EGYM,1,
B0BBQKQ624,LAMPS,IL_28Z72BVY6B71P,1,
B0BBR4TNWD,WINTER FASHION,IL_PN4A9X7BMPFX,1,
B0BBRLZ5M4,AUTUMN Vibes,IL_2NDA05KNMQH4,1,
B0BBSK62CT,LUXE Holiday Home,IL_21MLRQOMMKCFI,1,
B0BBSKJRS3,VIRAL Holiday Finds,IL_3QCVRRMTI2TTQ,1,
B0BBSLBQ97,LUXE Holiday Home,IL_21MLRQOMMKCFI,1,
B0BBSMRF72,VIRAL Holiday Finds,IL_3QCVRRMTI2TTQ,1,
B0BBSN89RQ,VIRAL Holiday Finds,IL_3QCVRRMTI2TTQ,1,
B0BBSQH1RR,VIRAL Holiday Finds,IL_3QCVRRMTI2TTQ,1,
B0BBSSRNHM,BEAUTY MUST-HAVES,IL_174AROJG7VER7,1,
B0BBT7ZFBY,MARCH Best Sellers,IL_13DUABZBTBJVY,1,
B0BBV3JBRN,HOLIDAY THEMES 2025,IL_CQQP654U5715,1,
B0BBVHPXYF,KITCHEN Organizing,IL_2B46UO4I7XY3G,1,
B0BBVX9KLW,GIFTS UNDER $50,IL_30ZOK8YSQFY5N,1,
B0BBWJJKLF,KITCHEN Essentials,IL_286Q78OJSYZO8,1,
B0BBWKPL2T,$50 WINTER FASHION,IL_43J6PJOVYKC9,1,
B0BBXKYPWG,LAMPS,IL_28Z72BVY6B71P,1,
B0BBYLDHDY,ORGANIZING Essentials,IL_27VCDHN1568QK,1,
B0BBYN81HP,VIRAL Home Gadgets,IL_14615HLXD512Y,1,
B0BBZP9442,THE Littles - GIFT GUIDE,IL_3BMD6XLV7JIPG,1,
B0BC119Q9C,COFFEE BAR Essentials|Our REMODEL HOME,IL_1RA73GK94YR1G|IL_FJAM99COX1K9,2,
B0BC1NNPHZ,LUXE Holiday Home,IL_21MLRQOMMKCFI,1,
B0BC272PPC,BEDS. DRESSERS. NIGHTSTANDS.,IL_18H5BP5V6EGYM,1,
B0BC3L26WJ,April Amazon Live,IL_K5H00QYC3R1G,1,
B0BC4159S9,COFFEE TABLE BOOKS,IL_1NFO0QLH5HS6Y,1,
B0BC5CN77W,AUTUMN Vibes,IL_2NDA05KNMQH4,1,
B0BC5DFCVQ,RESTORATION VIBES|RH STYLE - Looks like a SPLURGE,IL_2I5A3XFI29113|IL_32TSU85USSAQZ,2,
B0BC8MJZG1,HOLIDAY THEMES 2025,IL_CQQP654U5715,1,
B0BC9W3HS5,TECH ESSENTIALS,IL_1LVS8EBYWIS2J,1,
B0BCFJQYXQ,BEAUTY MUST-HAVES|TOP 50 BEAUTY,IL_174AROJG7VER7|IL_17SP6THMUJN6E,2,
B0BCJPGP4Q,HOLIDAY EVENING Looks,IL_2OL0SY0HD6BBS,1,
B0BCJXVPBK,TOP NOVEMBER DEALS,IL_2Z5U0A9S9OXF9,1,
B0BCJZ9K5F,BEST SELLERS,IL_3DS692CRM1BGS,1,
B0BCK2L26P,FOR HER - HANDBAGS,IL_3ITM4V91K4422,1,
B0BCKXZ37M,VIRAL Home Gadgets,IL_14615HLXD512Y,1,
B0BCLWRR2V,AFFORDABLE DECOR|MORE NEW FINDS,IL_2EHNEZELPW5NA|IL_32M44I5BF0O0R,2,
B0BCNK7H7X,HOLIDAY ON SALE|TOP NOVEMBER DEALS,IL_2Z5U0A9S9OXF9|IL_81C70Z4U4BII,2,
B0BCNX6WSM,HOME & BATH Essentials|NEW HOME FINDS,IL_1QMBJFJU34FUR|IL_IRH0FVF815TU,2,
B0BCP1RG4B,BATHROOM Essentials|BATHROOM Organization|ELEVATED Bathroom Must-Haves|HOME & BATH Essentials,IL_21T7CCUQI2DH5|IL_IRH0FVF815TU|IL_L3V3XJ5WT8SV|IL_Q8UFO5D52NKD,4,
B0BCPJH5LW,JULY TOP PICKS,IL_9FXRQ038D494,1,
B0BCW5ZTVX,LUXE Holiday Home,IL_21MLRQOMMKCFI,1,
B0BCYHYZ88,OUTDOOR Oasis,IL_VI6A3WXDHHDU,1,
B0BCYKCGPT,LIGHTING - Designer Inspired,IL_K3IDK9BPXYFW,1,
B0BCZ1WC5Y,Vanity Organization,IL_WMCP8YLCXSCD,1,
B0BD2X82V1,BRIDE- Spoil Her for the Big Day!,IL_3R1F2KZC9BJXJ,1,
B0BD39LL88,LIGHTING - Designer Inspired,IL_K3IDK9BPXYFW,1,
B0BD4JPRL7,FOR HER - HANDBAGS,IL_3ITM4V91K4422,1,
B0BD6WRJ5T,CLOSET Organizing,IL_1R4YIGU257W50,1,
B0BD8PHR5R,Subtle Luxury Home,IL_BWHQ5TU85DA7,1,
B0BDB6871R,ELEVATED HOLIDAY FASHION,IL_WU8FIFLKC1R5,1,
B0BDBD3HRJ,HOLIDAY THEMES 2025,IL_CQQP654U5715,1,
B0BDCRFB9T,FEBRUARY Best Sellers,IL_1MB9961G83COM,1,
B0BDD3ZNZP,NO DRILL Home Improvement,IL_2P1RVZSE8RCAZ,1,
B0BDD7D34M,MARCH Best Sellers,IL_13DUABZBTBJVY,1,
B0BDDF3NMG,FOR HER - HANDBAGS,IL_3ITM4V91K4422,1,
B0BDFRFBL6,LAMPS,IL_28Z72BVY6B71P,1,
B0BDGJC6QV,BATHROOM REMODEL|Our REMODEL HOME,IL_1RA73GK94YR1G|IL_QWA0HLMH0ZPN,2,
B0BDGJSQVG,SHATTERPROOF Beverage Glasses,IL_3U9GRAHOG87DY,1,
B0BDGLSCNL,BATHROOM REMODEL,IL_QWA0HLMH0ZPN,1,
B0BDJK82S4,ENTERTAINING Essentials|MUST-HAVE HOSTING|TABLETOP MUST-HAVES,IL_23YO2PO28IXV|IL_2GHS9RLET14RQ|IL_2RA331651DDK8,3,
B0BDKJH2G3,FRIDGE Organization,IL_3HBHLKKIJRXAQ,1,
B0BDL7Q6KG,ENTRYWAY. FOYER.,IL_M0U0DTYJP1BI,1,
B0BDM57FLM,LAMPS,IL_28Z72BVY6B71P,1,
B0BDM5GHB5,MY HOLIDAY Home|MY Holiday Styling List|RESTORATION VIBES,IL_12LJ38VR8BIZT|IL_18JLLR8E7X2KU|IL_2I5A3XFI29113,3,
B0BDM79DLT,SUMMER HOSTING,IL_C4VDLQZK7ACP,1,
B0BDMLTBXP,BARCART|SUMMER HOSTING,IL_1YYODGJOLLLRT|IL_C4VDLQZK7ACP,2,
B0BDMTZYXZ,JUST IN - Organizing & Home,IL_3UQI8VF6F9P66,1,
B0BDND45FW,JOCELYN'S Space,IL_1DXRHB098MRMA,1,
B0BDNFL7P2,BATHROOM Organization,IL_Q8UFO5D52NKD,1,
B0BDRPD2LZ,BEDS. DRESSERS. NIGHTSTANDS.,IL_18H5BP5V6EGYM,1,
B0BDRPVPQM,FOR HIM - GIFT GUIDE,IL_26IY6FNENQC7M,1,
B0BDRRR1D5,The FALL EDIT,IL_IOIVGOQN9X1X,1,
B0BDRWWR37,CAR ORGANIZATION,IL_3TE1WGJI4HUK8,1,
B0BDS3X6SK,CABINETS. SIDEBOARDS. BUFFETS. CONSOLES.,IL_2Q8H0EUR30UN9,1,
B0BDS91F62,JUST IN...My Newest OBSESSIONS,IL_EAQUVLIMTM7R,1,
B0BDXLC9MS,COFFEE BAR Essentials|EARNED A SPOT FOR LIFE!|NEW Arrivals|PANTRY Organization,IL_1MKYF1CAY9E8G|IL_2DHFOQ3A1Q5U2|IL_76ENHDCP4NP1|IL_FJAM99COX1K9,4,
B0BDXLGBXN,ELEVATED SWIMWEAR,IL_20ODL7UVO85YK,1,
B0BDXNQWMQ,FASHION|RESORT WEAR FASHION,IL_15NDDXZ7X0955|IL_3LEWC1H0K68XB,2,
B0BDZQ336S,LIGHTING - Designer Inspired|Our REMODEL HOME,IL_1RA73GK94YR1G|IL_K3IDK9BPXYFW,2,
B0BF43VHLJ,BRIDE- Spoil Her for the Big Day!,IL_3R1F2KZC9BJXJ,1,
B0BF7F7DH3,CARTS DON'T LIE — These were May's biggest hits.|FRIDGE Organization|MEMORIAL DAY SALE FOLLOWER FAVORITES,IL_17ITIHGPTINHX|IL_1BKDYBCCXK5YE|IL_3HBHLKKIJRXAQ,3,
B0BF7YSRW8,AUTUMN Vibes,IL_2NDA05KNMQH4,1,
B0BF8NKJ98,WALL DECOR - MIRRORS. ART. FRAMES.,IL_1HZQPC6SSAHFG,1,
B0BF9WDZY1,CARTS DON'T LIE — These were May's biggest hits.,IL_1BKDYBCCXK5YE,1,
B0BFB9G5CW,GIFTS UNDER $50,IL_30ZOK8YSQFY5N,1,
B0BFCBKXWL,HOME & BATH Essentials|TECH ESSENTIALS,IL_1LVS8EBYWIS2J|IL_IRH0FVF815TU,2,
B0BFCC18FS,LAST MINUTE GIFTS,IL_1OH1TVBZ3L337,1,
B0BFCLJLJV,TOP SEPTEMBER DEALS,IL_JI222AIPC2S,1,
B0BFDXGXLG,BRIDE- Spoil Her for the Big Day!,IL_3R1F2KZC9BJXJ,1,
B0BFFBGNKD,TWEEN & TEEN - GIFT GUIDE,IL_1I8FQ5LPJG30D,1,
B0BFFH5BFS,GIFTING,IL_YYM41OHGI1KQ,1,
B0BFHZ8V87,Spring Obsessed,IL_222ENLE1WDY2M,1,
B0BFJ2V2SV,Spring Obsessed,IL_222ENLE1WDY2M,1,
B0BFKQB8GR,BATHROOM Essentials,IL_L3V3XJ5WT8SV,1,
B0BFL2QPJP,January Best Sellers 2,IL_2KYYGUEXPAOKJ,1,
B0BFL4GC82,COFFEE TABLES. SIDE TABLES. ACCENT TABLES,IL_2RDBP13815B8R,1,
B0BFLDMCRC,VANITY Must-Haves,IL_K1RZXTONZLT1,1,
B0BFML5PCR,VASES. TRAYS. BOXES.,IL_2YQAXQUJ2H8KY,1,
B0BFMNGPQW,FOR HER - HANDBAGS,IL_3ITM4V91K4422,1,
B0BFP8BF7T,Outdoor PLANTERS,IL_270Y6RLSPP10V,1,
B0BFPNCBP6,ELEVATED HOLIDAY FASHION,IL_WU8FIFLKC1R5,1,
B0BFQGN293,TOP OCTOBER DEALS,IL_1E7EHNK9QTVEH,1,
B0BFQYD29F,WALL DECOR - MIRRORS. ART. FRAMES.,IL_1HZQPC6SSAHFG,1,
B0BFR1KDQF,April Amazon Live|RESORT WEAR FASHION,IL_15NDDXZ7X0955|IL_K5H00QYC3R1G,2,
B0BFRVZTKW,Effortless Chic Home|For the Hostess - GIFT GUIDE,IL_2C66SA5TXKNJK|IL_34RHZWFKXT7UT,2,
B0BFVPW93M,DECEMBER Best Sellers|TOP NOVEMBER DEALS,IL_2PQNIB7PVLPT1|IL_2Z5U0A9S9OXF9,2,
B0BFVSKX3M,LAUNDRY Room Essentials,IL_27L1ENCS6OMON,1,
B0BFVY27T8,JUST IN...My Newest OBSESSIONS,IL_EAQUVLIMTM7R,1,
B0BFWK181G,BATHROOM Essentials,IL_L3V3XJ5WT8SV,1,
B0BFWKM9ZJ,AFFORDABLE DECOR|JUNE TOP PICKS,IL_2EHNEZELPW5NA|IL_2Q5678F6BP61R,2,
B0BFWPL1W5,HEALTHY Living,IL_136JGDBOWW0I4,1,
B0BFWZ6TCS,BED & BATH FINDS,IL_1QMQ9WWH79VRL,1,
B0BFX3XJM3,SKIMS LIKE BASICS,IL_395N3QLHWD5V7,1,
B0BFXM9NNW,BEAUTY & SKINCARE,IL_WPS59NJ19M48,1,
B0BG2421D8,COFFEE TABLES. SIDE TABLES. ACCENT TABLES,IL_2RDBP13815B8R,1,
B0BG2T3LKJ,SOFAS. ACCENT CHAIRS. OTTOMANS.,IL_34VIWGR89GOO8,1,
B0BG2WNXKH,HOLIDAY EVENING Looks|LUXE JEWELRY & ACCESSORIES,IL_27BIT6UUHQ198|IL_2OL0SY0HD6BBS,2,
B0BG3BPRBS,DECEMBER Best Sellers,IL_2PQNIB7PVLPT1,1,
B0BG3ZDX9J,Vanity Organization,IL_WMCP8YLCXSCD,1,
B0BG4HY4PX,LAST MINUTE GIFTS,IL_1OH1TVBZ3L337,1,
B0BG4WY3W9,MY TOP PRODUCTS FOR JULY,IL_OB8CSFU2LS6V,1,
B0BG594FBQ,SPORT MOM Style,IL_33RG7LWDINUWO,1,
B0BG5CCYW4,THE Littles - GIFT GUIDE,IL_3BMD6XLV7JIPG,1,
B0BG67RN3N,The FALL EDIT,IL_IOIVGOQN9X1X,1,
B0BG6MJQKD,LAST MINUTE GIFTS,IL_1OH1TVBZ3L337,1,
B0BG831CP6,HOLIDAY COLOR CRUSHES 2025,IL_1LKQL9NF315YS,1,
B0BG88KVCX,TEEN GUYS,IL_O65RH2OR0EF3,1,
B0BGC4JTR4,SKIMS LIKE BASICS,IL_395N3QLHWD5V7,1,
B0BGGJ15DZ,HALLOWEEN,IL_TOLRF8ZU3T5K,1,
B0BGHCVYHQ,CANDLE HOLDERS. CANDLE STICKS.,IL_ITC144HBA2XS,1,
B0BGJMRPNL,EARNED A SPOT FOR LIFE!|HOME OFFICE Essentials|JUST IN...My Newest OBSESSIONS|Our REMODEL HOME|RH STYLE - Looks like a SPLURGE,IL_1RA73GK94YR1G|IL_31KXTI157WXNV|IL_32TSU85USSAQZ|IL_76ENHDCP4NP1|IL_EAQUVLIMTM7R,5,
B0BGKBVV19,MEMORIAL DAY SALE FOLLOWER FAVORITES,IL_17ITIHGPTINHX,1,
B0BGKWG71K,BEAUTY & SKINCARE,IL_WPS59NJ19M48,1,
B0BGKYPPJ2,$50 WINTER FASHION,IL_43J6PJOVYKC9,1,
B0BGLJ7Q4K,Spring Obsessed,IL_222ENLE1WDY2M,1,
B0BGM5WRQ1,LAST MINUTE GIFTS,IL_1OH1TVBZ3L337,1,
B0BGR1MPRN,WALL DECOR - MIRRORS. ART. FRAMES.,IL_1HZQPC6SSAHFG,1,
B0BGS2YL86,TWEEN & TEEN - GIFT GUIDE,IL_1I8FQ5LPJG30D,1,
B0BGT48XYT,GIFTS UNDER $25,IL_OJUSIV7RIXZX,1,
B0BGT4YYV7,DINING ROOM,IL_3RKTIOM3H9T72,1,
B0BGXB27FD,WALL DECOR - MIRRORS. ART. FRAMES.,IL_1HZQPC6SSAHFG,1,
B0BGY23GQC,BEDS. DRESSERS. NIGHTSTANDS.,IL_18H5BP5V6EGYM,1,
B0BGY2FWXQ,BATHROOM Organization,IL_Q8UFO5D52NKD,1,
B0BGYJCPVM,JOCELYN'S Space,IL_1DXRHB098MRMA,1,
B0BGYKLCDR,RUGS,IL_2N8O18PX5PHA3,1,
B0BGYKX9H2,RUGS,IL_2N8O18PX5PHA3,1,
B0BGYKXRBW,HOME DECOR,IL_2V4ZM0XXYOP34,1,
B0BGYKYZ7V,JUNE TOP PICKS,IL_2Q5678F6BP61R,1,
B0BGYLQ8KK,RUGS,IL_2N8O18PX5PHA3,1,
B0BGYM3QH5,RUGS,IL_2N8O18PX5PHA3,1,
B0BH21QPX3,Spring Obsessed,IL_222ENLE1WDY2M,1,
B0BH487DBZ,Outdoor PLANTERS,IL_270Y6RLSPP10V,1,
B0BHBP1X1B,GIFTS UNDER $50,IL_30ZOK8YSQFY5N,1,
B0BHBXBYQF,VASES. TRAYS. BOXES.,IL_2YQAXQUJ2H8KY,1,
B0BHJMDCRQ,TOP OCTOBER DEALS,IL_1E7EHNK9QTVEH,1,
B0BHJMJ8FS,LAMPS,IL_28Z72BVY6B71P,1,
B0BHJX24DT,TRAVEL,IL_24ASC2W86JF33,1,
B0BHKD39XB,KITCHEN Organizing,IL_2B46UO4I7XY3G,1,
B0BHL1ZD3Q,NO DRILL Home Improvement|ORGANIZING Essentials,IL_27VCDHN1568QK|IL_2P1RVZSE8RCAZ,2,
B0BHL5JC3B,COFFEE TABLE BOOKS,IL_1NFO0QLH5HS6Y,1,
B0BHLJLGJN,BEDS. DRESSERS. NIGHTSTANDS.,IL_18H5BP5V6EGYM,1,
B0BHLNFR1S,BEDS. DRESSERS. NIGHTSTANDS.,IL_18H5BP5V6EGYM,1,
B0BHNS7D7V,HEALTHY Living,IL_136JGDBOWW0I4,1,
B0BHNTMT21,AUTUMN Vibes,IL_2NDA05KNMQH4,1,
B0BHRC76L5,CANDLE HOLDERS. CANDLE STICKS.,IL_ITC144HBA2XS,1,
B0BHSBW3F2,CHIC 2-PIECE SETS,IL_QR27F03IP4AQ,1,
B0BHVHCBSS,ATHEISURE,IL_31LARMS9JHPGT,1,
B0BHVMG22Z,BATHROOM Essentials,IL_L3V3XJ5WT8SV,1,
B0BHVWYQ8Q,BATHROOM Essentials,IL_L3V3XJ5WT8SV,1,
B0BHWJQDPF,DECEMBER Best Sellers,IL_2PQNIB7PVLPT1,1,
B0BHX3JTBH,48 Yr Old Mom of 5 - What I am OBSESSED over!|FEBRUARY Best Sellers|JUST IN...My Newest OBSESSIONS,IL_1MB9961G83COM|IL_1NSB6B4CK6NM1|IL_EAQUVLIMTM7R,3,
B0BHXJ7ZR1,FRONT PORCH,IL_31R6EZ6S1ERJH,1,
B0BHXR4PH5,JUST IN...My Newest OBSESSIONS,IL_EAQUVLIMTM7R,1,
B0BHY8MY4J,WALL DECOR - MIRRORS. ART. FRAMES.,IL_1HZQPC6SSAHFG,1,
B0BHYS6JCS,PILLOWS & THROWS,IL_J4MBZKLMALLQ,1,
B0BHZ3H7F7,FOR HER - HANDBAGS,IL_3ITM4V91K4422,1,
B0BHZTR6NF,ELEVATED Bathroom Must-Haves|ELEVATED KITCHEN Must-Haves|KITCHEN Organizing,IL_21T7CCUQI2DH5|IL_2B46UO4I7XY3G|IL_V4V7ASEQMWKK,3,
B0BJ1HBWV6,LUXE Gifting,IL_B4MF8PKIS82A,1,
B0BJ2BQLWR,TOP SEPTEMBER DEALS,IL_JI222AIPC2S,1,
B0BJ47Z3S4,COFFEE TABLES. SIDE TABLES. ACCENT TABLES,IL_2RDBP13815B8R,1,
B0BJ4FHV52,Amazon Furniture in Our Home|FURNITURE In Our Home,IL_1UGCFJJRVROLC|IL_2V9Q1BLJC4BNW,2,
B0BJ6PV5BB,COFFEE BAR Essentials|EARNED A SPOT FOR LIFE!,IL_76ENHDCP4NP1|IL_FJAM99COX1K9,2,
B0BJFJMZP1,AUTUMN Vibes,IL_2NDA05KNMQH4,1,
B0BJGXKD9H,AUTUMN Vibes,IL_2NDA05KNMQH4,1,
B0BJJJTKS7,Vanity Organization,IL_WMCP8YLCXSCD,1,
B0BJJNLZHQ,$50 WINTER FASHION,IL_43J6PJOVYKC9,1,
B0BJK2X372,SKIMS LIKE BASICS,IL_395N3QLHWD5V7,1,
B0BJK95P3Z,LAUNDRY Room Essentials,IL_27L1ENCS6OMON,1,
B0BJNQ92GK,TABLETOP MUST-HAVES,IL_2RA331651DDK8,1,
B0BJNWYYH1,Our REMODEL HOME,IL_1RA73GK94YR1G,1,
B0BJPXCC1L,BATHROOM Organization,IL_Q8UFO5D52NKD,1,
B0BJQRM798,DINING ROOM,IL_3RKTIOM3H9T72,1,
B0BJS1NVKM,BEAUTY MUST-HAVES|JUNE TOP PICKS,IL_174AROJG7VER7|IL_2Q5678F6BP61R,2,
B0BJTCYBBS,JUST IN - Organizing & Home,IL_3UQI8VF6F9P66,1,
B0BJV68C17,FOR HIM - GIFT GUIDE,IL_26IY6FNENQC7M,1,
B0BJVJSRX6,VIRAL Home Gadgets,IL_14615HLXD512Y,1,
B0BJY1LGBB,DINING ROOM,IL_3RKTIOM3H9T72,1,
B0BJYCRS51,Vanity Organization,IL_WMCP8YLCXSCD,1,
B0BJZ4ZJNY,ORGANIZING Essentials,IL_27VCDHN1568QK,1,
B0BJZ5VKQX,My Curated Gift Guide,IL_IE0BGUCCDZ8X,1,
B0BJZV56K5,HOLIDAY ON SALE,IL_81C70Z4U4BII,1,
B0BK1J83FY,The FALL EDIT,IL_IOIVGOQN9X1X,1,
B0BK2685VM,BEST SELLERS,IL_3DS692CRM1BGS,1,
B0BK395PWH,CAR ORGANIZATION,IL_3TE1WGJI4HUK8,1,
B0BK4JLJML,STOCKING STUFFERS,IL_20274194WU668,1,
B0BK4M1BTX,LAUNDRY Room Essentials|My TOP Amazon Cleaning and Organizing,IL_27L1ENCS6OMON|IL_KIGFVJQ0V3OW,2,
B0BK7FBR1L,For the Hostess - GIFT GUIDE,IL_2C66SA5TXKNJK,1,
B0BK97H69L,PILATES PRINCESS,IL_3QM5O5E9ELURW,1,
B0BK9LMCCY,BATHROOM Essentials,IL_L3V3XJ5WT8SV,1,
B0BKFR84TK,OUTDOOR Oasis,IL_VI6A3WXDHHDU,1,
B0BKKH2L2V,SKIMS LIKE BASICS,IL_395N3QLHWD5V7,1,
B0BKKP9ND7,THE DRESS SHOPPE - From BRUNCH to BLACK TIE,IL_1HHMN64HEUPU9,1,
B0BKLBK1S8,FOR HER - HANDBAGS,IL_3ITM4V91K4422,1,
B0BKPXJZHG,CLOSET Organizing,IL_1R4YIGU257W50,1,
B0BKQ71GKS,The FALL EDIT,IL_IOIVGOQN9X1X,1,
B0BKQ7B6VY,QUIET LUXURY/OLD MONEY,IL_310DHOAQUC0DH,1,
B0BKR48YWR,BARCART|FRONT PORCH|SHATTERPROOF Beverage Glasses,IL_1YYODGJOLLLRT|IL_31R6EZ6S1ERJH|IL_3U9GRAHOG87DY,3,
B0BKR57RYM,HEALTHY Living,IL_136JGDBOWW0I4,1,
B0BKR7P93J,TABLETOP MUST-HAVES,IL_2RA331651DDK8,1,
B0BKRJVZMK,BEDROOM STYLE|LIGHTING - Designer Inspired|Our REMODEL HOME,IL_1RA73GK94YR1G|IL_2HG2TBY26H9IW|IL_K3IDK9BPXYFW,3,
B0BKRVWYWS,Subtle Luxury Home,IL_BWHQ5TU85DA7,1,
B0BKSS78LY,TWEEN & TEEN - GIFT GUIDE,IL_1I8FQ5LPJG30D,1,
B0BKTRQ17F,LAMPS,IL_28Z72BVY6B71P,1,
B0BKTTBP4M,AUGUST TOP PICKS,IL_DSS93TBPVRP5,1,
B0BKTTWMST,TWEEN & TEEN - GIFT GUIDE,IL_1I8FQ5LPJG30D,1,
B0BKTZNHKH,LIGHTING - Designer Inspired,IL_K3IDK9BPXYFW,1,
B0BKV2WYZC,My Curated Gift Guide,IL_IE0BGUCCDZ8X,1,
B0BKWKG3HP,JUST IN...My Newest OBSESSIONS,IL_EAQUVLIMTM7R,1,
B0BKZ8627K,EARNED A SPOT FOR LIFE!,IL_76ENHDCP4NP1,1,
B0BKZSPXCH,UNDER $50 FALL Capsule,IL_39FHE4P3M78YV,1,
B0BL1Y7JGJ,AUTUMN Vibes,IL_2NDA05KNMQH4,1,
B0BL6JGQM4,BATHROOM Essentials,IL_L3V3XJ5WT8SV,1,
B0BL6PYN6P,CHIC WITHOUT THE SPLURGE TRAVEL|THE DRESS SHOPPE - From BRUNCH to BLACK TIE,IL_1HHMN64HEUPU9|IL_2GR0M7LHWL1O,2,
B0BL6S6JP5,FEBRUARY Best Sellers,IL_1MB9961G83COM,1,
B0BL71XQ2C,BATHROOM Essentials,IL_L3V3XJ5WT8SV,1,
B0BL7CGSWG,FEBRUARY Best Sellers,IL_1MB9961G83COM,1,
B0BL7JKTFL,LUXE Holiday Home,IL_21MLRQOMMKCFI,1,
B0BL837Y64,COFFEE TABLES. SIDE TABLES. ACCENT TABLES,IL_2RDBP13815B8R,1,
B0BLBLRLJB,For the Big Kids,IL_22L0SLOF07ITQ,1,
B0BLCXBT85,PRESCHOOL LITTLES,IL_16F1ZOLGB573M,1,
B0BLD1VL46,DINING ROOM,IL_3RKTIOM3H9T72,1,
B0BLD284MM,Effortless Chic Home,IL_34RHZWFKXT7UT,1,
B0BLGGM7LN,Effortless Chic Home,IL_34RHZWFKXT7UT,1,
B0BLHLW7WY,BRIDE- Spoil Her for the Big Day!,IL_3R1F2KZC9BJXJ,1,
B0BLK4CLVG,TOP SEPTEMBER DEALS,IL_JI222AIPC2S,1,
B0BLKD3H7V,TOP MOVING/ORGANIZING,IL_3VW7VU2STCZ6B,1,
B0BLKJQV1X,LAMPS|Subtle Luxury Home,IL_28Z72BVY6B71P|IL_BWHQ5TU85DA7,2,
B0BLMGWYWQ,MY TOP PRODUCTS FOR JULY,IL_OB8CSFU2LS6V,1,
B0BLNB8Z9C,LAST MINUTE GIFTS,IL_1OH1TVBZ3L337,1,
B0BLNCTWVL,CAR ORGANIZATION,IL_3TE1WGJI4HUK8,1,
B0BLND83HP,SOFAS. ACCENT CHAIRS. OTTOMANS.,IL_34VIWGR89GOO8,1,
B0BLS3QJTX,TECH ESSENTIALS,IL_1LVS8EBYWIS2J,1,
B0BLSCY6PR,BED & BATH FINDS|HOME & BATH Essentials,IL_1QMQ9WWH79VRL|IL_IRH0FVF815TU,2,
B0BLT585K4,UNDER $50 FALL Capsule,IL_39FHE4P3M78YV,1,
B0BLV8SW11,TRAVEL,IL_24ASC2W86JF33,1,
B0BLVB7LNX,BEDS. DRESSERS. NIGHTSTANDS.,IL_18H5BP5V6EGYM,1,
B0BLVDFQ1X,48 Yr Old Mom of 5 - What I am OBSESSED over!|April Amazon Live|BURGUNDY CRUSH|LUXE Gifting,IL_1NSB6B4CK6NM1|IL_32JT2D5T30E4J|IL_B4MF8PKIS82A|IL_K5H00QYC3R1G,4,
B0BLYH46MX,SOFAS. ACCENT CHAIRS. OTTOMANS.,IL_34VIWGR89GOO8,1,
B0BLYK74KC,BEDDING: LUXURY finds in Our Home,IL_3MJSZFZU5658,1,
B0BLYL5NSC,DORM ROOM ESSENTIALS,IL_1DUCBV6BSXOJF,1,
B0BLYQ4JRX,BED & BATH FINDS,IL_1QMQ9WWH79VRL,1,
B0BLZ2WD32,TWEEN & TEEN - GIFT GUIDE,IL_1I8FQ5LPJG30D,1,
B0BLZ35Z44,APRIL Best Sellers,IL_181FEP0C2U0RU,1,
B0BLZSMHT7,BURGUNDY CRUSH,IL_32JT2D5T30E4J,1,
B0BM25JVCB,Our REMODEL HOME,IL_1RA73GK94YR1G,1,
B0BM4DCVVP,AUTUMN Vibes,IL_2NDA05KNMQH4,1,
B0BM4ZSCGR,HOLIDAY THEMES 2025|VIRAL Holiday Finds,IL_3QCVRRMTI2TTQ|IL_CQQP654U5715,2,
B0BM51ZM33,HEALTHY Living,IL_136JGDBOWW0I4,1,
B0BM5XG9Y7,Subtle Luxury Home,IL_BWHQ5TU85DA7,1,
B0BM6587MZ,CAR ORGANIZATION,IL_3TE1WGJI4HUK8,1,
B0BM668CWZ,HOLIDAY COLOR CRUSHES 2025,IL_1LKQL9NF315YS,1,
B0BM66VPZ7,CLOSET Organizing|MEMORIAL DAY SALE FOLLOWER FAVORITES,IL_17ITIHGPTINHX|IL_1R4YIGU257W50,2,
B0BM719P62,BEDROOM STYLE,IL_2HG2TBY26H9IW,1,
B0BMB31Q28,For the Hostess - GIFT GUIDE,IL_2C66SA5TXKNJK,1,
B0BMB48XLX,LAUNDRY Room Essentials,IL_27L1ENCS6OMON,1,
B0BMF1ZRV3,AFFORDABLE DECOR|QUIET LUXURY/OLD MONEY,IL_2EHNEZELPW5NA|IL_310DHOAQUC0DH,2,
B0BMF2GJGC,PRESCHOOL LITTLES,IL_16F1ZOLGB573M,1,
B0BMFFC1H5,PRESCHOOL LITTLES,IL_16F1ZOLGB573M,1,
B0BMFMHL1S,TOP 100+ PRIME DEALS,IL_330I4A3SQ3ERE,1,
B0BMFXBGH3,JANUARY Best Sellers,IL_F5Z67P4FFJC4,1,
B0BMGYKCMF,TOP SEPTEMBER DEALS,IL_JI222AIPC2S,1,
B0BMLJC311,KITCHEN Essentials,IL_286Q78OJSYZO8,1,
B0BMM6PS7Z,LIGHTING - Designer Inspired,IL_K3IDK9BPXYFW,1,
B0BMPH32MS,Effortless Chic Home,IL_34RHZWFKXT7UT,1,
B0BMQ7DBSB,April Amazon Live,IL_K5H00QYC3R1G,1,
B0BMTKGDZZ,DECEMBER Best Sellers,IL_2PQNIB7PVLPT1,1,
B0BMVZ2Y4H,Effortless Chic Home,IL_34RHZWFKXT7UT,1,
B0BMYD1TZF,FRIDGE Organization,IL_3HBHLKKIJRXAQ,1,
B0BMYYWC5Z,JOCELYN'S Space,IL_1DXRHB098MRMA,1,
B0BN1NTBJT,Hillary's NEWEST Finds,IL_1XPGUL8BC81KW,1,
B0BN1RDSP1,HALLOWEEN,IL_TOLRF8ZU3T5K,1,
B0BN22SN6V,BRIDE- Spoil Her for the Big Day!,IL_3R1F2KZC9BJXJ,1,
B0BN2PX8V3,FEBRUARY Best Sellers,IL_1MB9961G83COM,1,
B0BN31ZTB3,BRIDE- Spoil Her for the Big Day!,IL_3R1F2KZC9BJXJ,1,
B0BN35LN44,EARNED A SPOT FOR LIFE!|PANTRY Organization,IL_1MKYF1CAY9E8G|IL_76ENHDCP4NP1,2,
B0BN3CXJ5C,CAR ORGANIZATION,IL_3TE1WGJI4HUK8,1,
B0BN3T5ZR4,Amazon Furniture in Our Home|OUR Rental,IL_1UGCFJJRVROLC|IL_21IKKXKZPGWVW,2,
B0BN3T8KD4,APRIL Best Sellers,IL_181FEP0C2U0RU,1,
B0BN3W7SHV,In MY Travel Bag,IL_SC6UJV027JAK,1,
B0BN4T7FXX,FOR HER - HANDBAGS,IL_3ITM4V91K4422,1,
B0BN54TZ7H,JUNE TOP PICKS|RH STYLE - Looks like a SPLURGE|TOP 100+ PRIME DEALS|UNBOXING,IL_1NR6N43OIR93A|IL_2Q5678F6BP61R|IL_32TSU85USSAQZ|IL_330I4A3SQ3ERE,4,
B0BN7FZL3W,BED & BATH FINDS,IL_1QMQ9WWH79VRL,1,
B0BN7KWRP1,COFFEE BAR Essentials,IL_FJAM99COX1K9,1,
B0BN7SBG2Q,PILATES PRINCESS,IL_3QM5O5E9ELURW,1,
B0BN7Z2WYB,HEALTHY Living,IL_136JGDBOWW0I4,1,
B0BN81XGG7,TECH ESSENTIALS,IL_1LVS8EBYWIS2J,1,
B0BN895XGB,APRIL Best Sellers|FAUX INDOOR/OUTDOOR,IL_181FEP0C2U0RU|IL_VRW78IY69242,2,
B0BN897HKF,FAUX INDOOR/OUTDOOR|RH STYLE - Looks like a SPLURGE,IL_32TSU85USSAQZ|IL_VRW78IY69242,2,
B0BNB7KC13,TOP 100 PRIME FASHION DEALS,IL_2LWBTUXIDQYKM,1,
B0BNBK74M6,ENTERTAINING Essentials,IL_2GHS9RLET14RQ,1,
B0BND1ZCCC,BATHROOM Essentials,IL_L3V3XJ5WT8SV,1,
B0BNF9WFPY,BOY'S Bathroom|ELEVATED Bathroom Must-Haves,IL_21T7CCUQI2DH5|IL_3CQZYKSH60HA3,2,
B0BNGXGLT3,JANUARY Best Sellers,IL_F5Z67P4FFJC4,1,
B0BNHQHVJZ,ATHLETIC DRESSES,IL_3GE7XODL0Z5A3,1,
B0BNJ74CG1,HOLIDAY EVENING Looks,IL_2OL0SY0HD6BBS,1,
B0BNJ84YNN,HOLIDAY EVENING Looks,IL_2OL0SY0HD6BBS,1,
B0BNJXV9WH,ELEVATED KITCHEN Must-Haves|JANUARY Best Sellers,IL_F5Z67P4FFJC4|IL_V4V7ASEQMWKK,2,
B0BNK12S1D,DECEMBER Best Sellers|HOLIDAY ESSENTIALS,IL_2PQNIB7PVLPT1|IL_ZN8TBHK35E0D,2,
B0BNL8Z6S9,LUXURY GIFTS|MEMORIAL DAY SALE FOLLOWER FAVORITES|My Curated Gift Guide,IL_17ITIHGPTINHX|IL_3KKGHGSJ1ZRYC|IL_IE0BGUCCDZ8X,3,
B0BNLQBPCS,LAST MINUTE GIFTS,IL_1OH1TVBZ3L337,1,
B0BNNGSWQS,DINING ROOM,IL_3RKTIOM3H9T72,1,
B0BNNSX163,2025 TOP SELLERS|GADGETS I CANNOT live WITHOUT|LAUNDRY Room Essentials,IL_12L5JOTON77WY|IL_27L1ENCS6OMON|IL_3RT5O1LPLW4HX,3,
B0BNNZL69J,PRESCHOOL LITTLES,IL_16F1ZOLGB573M,1,
B0BNPRCBC8,HOME OFFICE Essentials,IL_31KXTI157WXNV,1,
B0BNPX75XV,ELEVATED HOLIDAY FASHION,IL_WU8FIFLKC1R5,1,
B0BNQ56MH5,BATHROOM Organization|FRIDGE Organization|GADGETS I CANNOT live WITHOUT|KITCHEN Organizing|TOP 100+ PRIME DEALS,IL_12L5JOTON77WY|IL_2B46UO4I7XY3G|IL_330I4A3SQ3ERE|IL_3HBHLKKIJRXAQ|IL_Q8UFO5D52NKD,5,
B0BNR1K8PV,RUGS,IL_2N8O18PX5PHA3,1,
B0BNR41QB7,BEDROOM STYLE,IL_2HG2TBY26H9IW,1,
B0BNTB563R,LUXE JEWELRY & ACCESSORIES,IL_27BIT6UUHQ198,1,
B0BNTF6NT4,SUMMER HOSTING,IL_C4VDLQZK7ACP,1,
B0BNV6TQXD,ENTERTAINING Essentials,IL_2GHS9RLET14RQ,1,
B0BNVCTJBV,New Year's Must-Haves,IL_3H3WH72KSZXK3,1,
B0BNWH57DZ,GIFTING,IL_YYM41OHGI1KQ,1,
B0BNXTT4S1,GIFTING,IL_YYM41OHGI1KQ,1,
B0BNYWHLG3,BATHROOM Essentials,IL_L3V3XJ5WT8SV,1,
B0BP1D6RLY,CAR ORGANIZATION,IL_3TE1WGJI4HUK8,1,
B0BP22LQYR,PILLOWS & THROWS,IL_J4MBZKLMALLQ,1,
B0BP23QHNK,CLOSET Organizing,IL_1R4YIGU257W50,1,
B0BP29C8N4,DATE NIGHT FASHION,IL_20Q0HRFOLM3K2,1,
B0BP5VFTZL,BRIDE- Spoil Her for the Big Day!,IL_3R1F2KZC9BJXJ,1,
B0BP71XHBF,JOCELYN'S Space,IL_1DXRHB098MRMA,1,
B0BP75KWD6,For the Hostess - GIFT GUIDE,IL_2C66SA5TXKNJK,1,
B0BP7BGNB3,BEDS. DRESSERS. NIGHTSTANDS.,IL_18H5BP5V6EGYM,1,
B0BP7M5JXP,DORM ROOM ESSENTIALS,IL_1DUCBV6BSXOJF,1,
B0BPC39P5K,SPORT MOM Style,IL_33RG7LWDINUWO,1,
B0BPD621QQ,COFFEE TABLE BOOKS,IL_1NFO0QLH5HS6Y,1,
B0BPF4JJXG,TWEEN BACK TO SCHOOL,IL_39AL8K1TZE306,1,
B0BPLB81LX,BEDDING. PILLOWS. THROWS. TOWELS.|DORM ROOM ESSENTIALS|January Best Sellers 2,IL_1DUCBV6BSXOJF|IL_1LFWTJH9UBPKU|IL_2KYYGUEXPAOKJ,3,
B0BPLLXT7Y,STOCKING STUFFERS,IL_20274194WU668,1,
B0BPLSD3VH,BED & BATH FINDS,IL_1QMQ9WWH79VRL,1,
B0BPM8QQD2,Hillary's NEWEST Finds,IL_1XPGUL8BC81KW,1,
B0BPMZ3PQS,Outdoor PLANTERS,IL_270Y6RLSPP10V,1,
B0BPNHQBQT,BURGUNDY CRUSH|OVER 40 & Fabulous HILLARY'S Capsule WARDROBE - Effortless & Chic,IL_1GS6BISWIK7UN|IL_32JT2D5T30E4J,2,
B0BPQ34HYJ,GIFTS UNDER $50,IL_30ZOK8YSQFY5N,1,
B0BPRX8NQN,For the Hostess - GIFT GUIDE,IL_2C66SA5TXKNJK,1,
B0BPS4LB89,WINTER FASHION,IL_PN4A9X7BMPFX,1,
B0BPTH2LVN,BEAUTY & SKINCARE,IL_WPS59NJ19M48,1,
B0BPV76195,WALL DECOR - MIRRORS. ART. FRAMES.,IL_1HZQPC6SSAHFG,1,
B0BPV8YZDK,DINING ROOM,IL_3RKTIOM3H9T72,1,
B0BPXT3GBN,TOP 50 BEAUTY,IL_17SP6THMUJN6E,1,
B0BPXY1HS7,DATE NIGHT FASHION|The FALL EDIT,IL_20Q0HRFOLM3K2|IL_IOIVGOQN9X1X,2,
B0BPYDCXK2,April Amazon Live,IL_K5H00QYC3R1G,1,
B0BQ2GWB2M,2025 TOP SELLERS|Amazon Furniture in Our Home|EARNED A SPOT FOR LIFE!,IL_1UGCFJJRVROLC|IL_3RT5O1LPLW4HX|IL_76ENHDCP4NP1,3,
B0BQ2Q1GLX,TWEEN & TEEN - GIFT GUIDE,IL_1I8FQ5LPJG30D,1,
B0BQ4H6DYW,BEDROOM STYLE|RUGS,IL_2HG2TBY26H9IW|IL_2N8O18PX5PHA3,2,
B0BQ6L4ZMV,COFFEE BAR Essentials,IL_FJAM99COX1K9,1,
B0BQ74J2F8,THE DRESS SHOPPE - From BRUNCH to BLACK TIE,IL_1HHMN64HEUPU9,1,
B0BQ7R3J4T,WALL DECOR - MIRRORS. ART. FRAMES.,IL_1HZQPC6SSAHFG,1,
B0BQC14T8N,GIFTING|My Curated Gift Guide,IL_IE0BGUCCDZ8X|IL_YYM41OHGI1KQ,2,
B0BQC3R817,LAST MINUTE GIFTS,IL_1OH1TVBZ3L337,1,
B0BQCGM6N9,PILATES PRINCESS,IL_3QM5O5E9ELURW,1,
B0BQD1DHHW,2025 TOP SELLERS,IL_3RT5O1LPLW4HX,1,
B0BQGZ4HFH,FOR HER - HANDBAGS,IL_3ITM4V91K4422,1,
B0BQJNCBSY,ELEVATED KITCHEN Must-Haves,IL_V4V7ASEQMWKK,1,
B0BQMF8LJK,MARCH Best Sellers,IL_13DUABZBTBJVY,1,
B0BQNCXSRX,SUMMER HOSTING,IL_C4VDLQZK7ACP,1,
B0BQPNMXQV,TECH ESSENTIALS,IL_1LVS8EBYWIS2J,1,
B0BQPRNK6N,PILLOWS & THROWS,IL_J4MBZKLMALLQ,1,
B0BQQY92LH,AFFORDABLE DECOR,IL_2EHNEZELPW5NA,1,
B0BQWLBZMV,BRIDE- Spoil Her for the Big Day!,IL_3R1F2KZC9BJXJ,1,
B0BQYNX77Z,OVER 40 & Fabulous HILLARY'S Capsule WARDROBE - Effortless & Chic,IL_1GS6BISWIK7UN,1,
B0BQZ4F3P8,STOCKING STUFFERS,IL_20274194WU668,1,
B0BQZBMXD4,JANUARY Best Sellers|TRAVEL,IL_24ASC2W86JF33|IL_F5Z67P4FFJC4,2,
B0BR34R623,SKIMS LIKE BASICS,IL_395N3QLHWD5V7,1,
B0BR3R7GHN,HOME & BATH Essentials|HOME DECOR,IL_2V4ZM0XXYOP34|IL_IRH0FVF815TU,2,
B0BR6P7PB7,BATHROOM Organization,IL_Q8UFO5D52NKD,1,
B0BR6YK2Q7,CURTAINS,IL_O5BIFXCH5S3Y,1,
B0BR6ZMFWY,CARTS DON'T LIE — These were May's biggest hits.|HOME OFFICE Essentials|Subtle Luxury Home,IL_1BKDYBCCXK5YE|IL_31KXTI157WXNV|IL_BWHQ5TU85DA7,3,
B0BR728TB6,TOP SEPTEMBER DEALS,IL_JI222AIPC2S,1,
B0BR7LZY4B,JUST IN...My Newest OBSESSIONS,IL_EAQUVLIMTM7R,1,
B0BR7NHRKL,SKIMS LIKE BASICS,IL_395N3QLHWD5V7,1,
B0BR81CYCX,COFFEE TABLES. SIDE TABLES. ACCENT TABLES,IL_2RDBP13815B8R,1,
B0BR8CT4FP,MARCH Best Sellers,IL_13DUABZBTBJVY,1,
B0BR8HF796,FURNITURE In Our Home,IL_2V9Q1BLJC4BNW,1,
B0BR8SX468,DORM ROOM ESSENTIALS,IL_1DUCBV6BSXOJF,1,
B0BR8TXPTC,FOR HER - HANDBAGS,IL_3ITM4V91K4422,1,
B0BR8Y73QS,AUTUMN Vibes,IL_2NDA05KNMQH4,1,
B0BRCHFG9J,JANUARY Best Sellers|QUIET LUXURY/OLD MONEY,IL_310DHOAQUC0DH|IL_F5Z67P4FFJC4,2,
B0BRF4XH16,Spring Obsessed,IL_222ENLE1WDY2M,1,
B0BRFN7PB1,MARCH Best Sellers,IL_13DUABZBTBJVY,1,
B0BRKPVZB4,TECH ESSENTIALS|TWEEN & TEEN - GIFT GUIDE,IL_1I8FQ5LPJG30D|IL_1LVS8EBYWIS2J,2,
B0BRMTTDRV,COFFEE TABLES. SIDE TABLES. ACCENT TABLES,IL_2RDBP13815B8R,1,
B0BRMYHMS5,BEAUTY MUST-HAVES|TOP 50 BEAUTY,IL_174AROJG7VER7|IL_17SP6THMUJN6E,2,
B0BRNW7NBK,KITCHEN Essentials,IL_286Q78OJSYZO8,1,
B0BRQ739FY,SKIMS LIKE BASICS,IL_395N3QLHWD5V7,1,
B0BRQFLL9N,Effortless Chic Home,IL_34RHZWFKXT7UT,1,
B0BRQTMNRG,GIFTING,IL_YYM41OHGI1KQ,1,
B0BRR5LRT3,In MY Travel Bag|LUXE Gifting,IL_B4MF8PKIS82A|IL_SC6UJV027JAK,2,
B0BRR6Q2ZD,BEAUTY MUST-HAVES|TOP 50 BEAUTY,IL_174AROJG7VER7|IL_17SP6THMUJN6E,2,
B0BRR995G3,THE DRESS SHOPPE - From BRUNCH to BLACK TIE,IL_1HHMN64HEUPU9,1,
B0BRRPJCSP,FEBRUARY Best Sellers,IL_1MB9961G83COM,1,
B0BRSC83P6,ELEVATED HOLIDAY FASHION,IL_WU8FIFLKC1R5,1,
B0BRSCT6TP,DECEMBER Best Sellers|LAST MINUTE GIFTS|THE DRESS SHOPPE - From BRUNCH to BLACK TIE,IL_1HHMN64HEUPU9|IL_1OH1TVBZ3L337|IL_2PQNIB7PVLPT1,3,
B0BRSFBXN7,THE Little Black Dress,IL_CTNECHN1HUCU,1,
B0BRSXWQD1,LAMPS,IL_28Z72BVY6B71P,1,
B0BRSZRB6G,RUGS,IL_2N8O18PX5PHA3,1,
B0BRT88S8X,ORGANIZING Essentials,IL_27VCDHN1568QK,1,
B0BRTH62GB,BATHROOM Essentials|JUST IN...My Newest OBSESSIONS,IL_EAQUVLIMTM7R|IL_L3V3XJ5WT8SV,2,
B0BRTQM9NZ,CARTS DON'T LIE — These were May's biggest hits.|TRAVEL,IL_1BKDYBCCXK5YE|IL_24ASC2W86JF33,2,
B0BRVDPBKZ,BEAUTY MUST-HAVES|TOP 50 BEAUTY,IL_174AROJG7VER7|IL_17SP6THMUJN6E,2,
B0BRX5HXLC,APRIL Best Sellers|EARNED A SPOT FOR LIFE!|GADGETS I CANNOT live WITHOUT|JUNE TOP PICKS|Our REMODEL HOME,IL_12L5JOTON77WY|IL_181FEP0C2U0RU|IL_1RA73GK94YR1G|IL_2Q5678F6BP61R|IL_76ENHDCP4NP1,5,
B0BRX6NMPC,CARTS DON'T LIE — These were May's biggest hits.,IL_1BKDYBCCXK5YE,1,
B0BRX9SXJX,ELEVATED SWIMWEAR,IL_20ODL7UVO85YK,1,
B0BRXNYX74,HAIR CARE|My Curated Gift Guide,IL_3VBGW6RI08DIE|IL_IE0BGUCCDZ8X,2,
B0BRY17GC1,PILATES PRINCESS,IL_3QM5O5E9ELURW,1,
B0BRYRFRSF,RUGS,IL_2N8O18PX5PHA3,1,
B0BS11X1XT,MORE NEW FINDS,IL_32M44I5BF0O0R,1,
B0BS1BXM4N,LAUNDRY Room Essentials|My TOP Amazon Cleaning and Organizing,IL_27L1ENCS6OMON|IL_KIGFVJQ0V3OW,2,
B0BS1CX1LR,2025 TOP SELLERS|LAUNDRY Room Essentials|My TOP Amazon Cleaning and Organizing|TOP 100+ PRIME DEALS,IL_27L1ENCS6OMON|IL_330I4A3SQ3ERE|IL_3RT5O1LPLW4HX|IL_KIGFVJQ0V3OW,4,
B0BS1G9PML,WINTER FASHION,IL_PN4A9X7BMPFX,1,
B0BS1M3NW2,For the Hostess - GIFT GUIDE|HOLIDAY COLOR CRUSHES 2025|TOP NOVEMBER DEALS,IL_1LKQL9NF315YS|IL_2C66SA5TXKNJK|IL_2Z5U0A9S9OXF9,3,
B0BS1PRC4L,FOR HIM - GIFT GUIDE,IL_26IY6FNENQC7M,1,
B0BS37WCKG,BRIDE- Spoil Her for the Big Day!,IL_3R1F2KZC9BJXJ,1,
B0BS3S1MHC,TEEN GUYS,IL_O65RH2OR0EF3,1,
B0BS567VQZ,BATHROOM REMODEL,IL_QWA0HLMH0ZPN,1,
B0BS5953ZK,For the Big Kids,IL_22L0SLOF07ITQ,1,
B0BS74M665,TECH ESSENTIALS,IL_1LVS8EBYWIS2J,1,
B0BS8MLL3B,In MY Travel Bag|LUXURY GIFTS,IL_3KKGHGSJ1ZRYC|IL_SC6UJV027JAK,2,
B0BS8P9D68,LAST MINUTE GIFTS,IL_1OH1TVBZ3L337,1,
B0BS8Y2FLK,TOP SEPTEMBER DEALS,IL_JI222AIPC2S,1,
B0BS9641PT,MARCH Best Sellers,IL_13DUABZBTBJVY,1,
B0BS9R6WN2,DORM ROOM ESSENTIALS,IL_1DUCBV6BSXOJF,1,
B0BSB8ZG4Y,COFFEE TABLE BOOKS,IL_1NFO0QLH5HS6Y,1,
B0BSBZ394G,SKIMS LIKE BASICS|THE Little Black Dress,IL_395N3QLHWD5V7|IL_CTNECHN1HUCU,2,
B0BSDHNZ7T,BEST SELLERS,IL_3DS692CRM1BGS,1,
B0BSFMRZFN,CHIC WITHOUT THE SPLURGE TRAVEL|FOR HER - HANDBAGS,IL_2GR0M7LHWL1O|IL_3ITM4V91K4422,2,
B0BSFN3XKZ,MARCH Best Sellers,IL_13DUABZBTBJVY,1,
B0BSH7YKHT,TOP 100+ PRIME DEALS,IL_330I4A3SQ3ERE,1,
B0BSHFRHCD,BATHROOM REMODEL,IL_QWA0HLMH0ZPN,1,
B0BSLX4GRT,AMAZING NEW Home Finds|HAIR CARE|In MY Travel Bag,IL_202RY6J21JOG9|IL_3VBGW6RI08DIE|IL_SC6UJV027JAK,3,
B0BSMNPVY7,BEAUTY & SKINCARE,IL_WPS59NJ19M48,1,
B0BSPHTCG3,OUTDOOR Oasis,IL_VI6A3WXDHHDU,1,
B0BSPLM27N,APRIL Best Sellers,IL_181FEP0C2U0RU,1,
B0BSPLZ9SN,Outdoor PLANTERS,IL_270Y6RLSPP10V,1,
B0BSR85M24,BEAUTY & SKINCARE,IL_WPS59NJ19M48,1,
B0BT21HLL2,Subtle Luxury Home,IL_BWHQ5TU85DA7,1,
B0BT2259F6,Hillary's NEWEST Finds|TOP 100 HOME PICKS,IL_1XPGUL8BC81KW|IL_2DVQFMB8O8SDC,2,
B0BTBL3NR2,BEAUTY & SKINCARE,IL_WPS59NJ19M48,1,
B0BTDV5XV1,TABLETOP MUST-HAVES,IL_2RA331651DDK8,1,
B0BTHHD2J6,MEMORIAL DAY SALE FOLLOWER FAVORITES,IL_17ITIHGPTINHX,1,
B0BTJXWGX1,BATHROOM Essentials,IL_L3V3XJ5WT8SV,1,
B0BTKKLSLP,UNDER $50 FALL Capsule,IL_39FHE4P3M78YV,1,
B0BTM39MZY,TECH ESSENTIALS,IL_1LVS8EBYWIS2J,1,
B0BTMVK7YL,DINING ROOM,IL_3RKTIOM3H9T72,1,
B0BTMXFP4F,COFFEE TABLES. SIDE TABLES. ACCENT TABLES,IL_2RDBP13815B8R,1,
B0BTNFFS7J,AUTUMN Vibes,IL_2NDA05KNMQH4,1,
B0BTP5MCPM,VIRAL Holiday Finds,IL_3QCVRRMTI2TTQ,1,
B0BTRCL7FC,COFFEE TABLE BOOKS,IL_1NFO0QLH5HS6Y,1,
B0BTTJDDZC,OUTDOOR Oasis,IL_VI6A3WXDHHDU,1,
B0BTTJPQ5T,OUTDOOR Oasis,IL_VI6A3WXDHHDU,1,
B0BTTXMXZX,FOR HIM - GIFT GUIDE,IL_26IY6FNENQC7M,1,
B0BTV2QK5H,FOR HIM - GIFT GUIDE,IL_26IY6FNENQC7M,1,
B0BV13JPLD,For the Hostess - GIFT GUIDE,IL_2C66SA5TXKNJK,1,
B0BV1V4QRG,COFFEE TABLE BOOKS,IL_1NFO0QLH5HS6Y,1,
B0BV2HVC1Q,HOLIDAY EVENING Looks|New Year's Must-Haves,IL_2OL0SY0HD6BBS|IL_3H3WH72KSZXK3,2,
B0BV2MP19D,TRANSITIONAL Fall Fashion,IL_5MN6DE6JTTK2,1,
B0BV3V1TK8,ENTRYWAY. FOYER.,IL_M0U0DTYJP1BI,1,
B0BV3XWR9V,48 Yr Old Mom of 5 - What I am OBSESSED over!|JUNE TOP PICKS,IL_1NSB6B4CK6NM1|IL_2Q5678F6BP61R,2,
B0BV41VGB4,Spring Obsessed,IL_222ENLE1WDY2M,1,
B0BV42MY1X,HOME DECOR,IL_2V4ZM0XXYOP34,1,
B0BV44FM59,HOME DECOR,IL_2V4ZM0XXYOP34,1,
B0BV44PRB3,BEDDING. PILLOWS. THROWS. TOWELS.,IL_1LFWTJH9UBPKU,1,
B0BV4DLPBM,PILLOWS & THROWS,IL_J4MBZKLMALLQ,1,
B0BV841TJ2,TOP SEPTEMBER DEALS,IL_JI222AIPC2S,1,
B0BV8NX5H4,In MY Travel Bag,IL_SC6UJV027JAK,1,
B0BV9HKMNT,KITCHEN Essentials,IL_286Q78OJSYZO8,1,
B0BV9WD32Z,TOP SEPTEMBER DEALS,IL_JI222AIPC2S,1,
B0BV9XJF8Q,CANDLE HOLDERS. CANDLE STICKS.|HALLOWEEN|LAST MINUTE GIFTS,IL_1OH1TVBZ3L337|IL_ITC144HBA2XS|IL_TOLRF8ZU3T5K,3,
B0BVBWTS2W,EARNED A SPOT FOR LIFE!,IL_76ENHDCP4NP1,1,
B0BVC256Q1,HAIR CARE,IL_3VBGW6RI08DIE,1,
B0BVDKT737,Vanity Organization,IL_WMCP8YLCXSCD,1,
B0BVDVRSNH,LIGHTING - Designer Inspired,IL_K3IDK9BPXYFW,1,
B0BVF476TZ,TOP OCTOBER DEALS,IL_1E7EHNK9QTVEH,1,
B0BVFYJWZD,STOCKING STUFFERS,IL_20274194WU668,1,
B0BVG2B9FD,JUST IN - Organizing & Home,IL_3UQI8VF6F9P66,1,
B0BVGR5TM4,RUGS,IL_2N8O18PX5PHA3,1,
B0BVGWX7YG,HOME & BATH Essentials,IL_IRH0FVF815TU,1,
B0BVHZ8GQW,QUIET LUXURY/OLD MONEY,IL_310DHOAQUC0DH,1,
B0BVKTVB57,DINING ROOM,IL_3RKTIOM3H9T72,1,
B0BVLYL8SZ,KITCHEN Essentials|KITCHEN Organizing,IL_286Q78OJSYZO8|IL_2B46UO4I7XY3G,2,
B0BVNG2MB1,BATHROOM REMODEL,IL_QWA0HLMH0ZPN,1,
B0BVQ2WRXT,NO DRILL Home Improvement,IL_2P1RVZSE8RCAZ,1,
B0BVQ65WXT,NO DRILL Home Improvement,IL_2P1RVZSE8RCAZ,1,
B0BVQDJKQG,2025 TOP SELLERS|EARNED A SPOT FOR LIFE!|GADGETS I CANNOT live WITHOUT|KITCHEN Organizing,IL_12L5JOTON77WY|IL_2B46UO4I7XY3G|IL_3RT5O1LPLW4HX|IL_76ENHDCP4NP1,4,
B0BVRMYDN3,TABLETOP MUST-HAVES,IL_2RA331651DDK8,1,
B0BVT8TPNQ,AUTUMN Vibes,IL_2NDA05KNMQH4,1,
B0BVV5HHHF,$50 WINTER FASHION|48 Yr Old Mom of 5 - What I am OBSESSED over!|BURGUNDY CRUSH,IL_1NSB6B4CK6NM1|IL_32JT2D5T30E4J|IL_43J6PJOVYKC9,3,
B0BVWPBNP2,ORGANIZING Essentials,IL_27VCDHN1568QK,1,
B0BVYV2CLP,BEST SELLERS|ELEVATED HOLIDAY FASHION,IL_3DS692CRM1BGS|IL_WU8FIFLKC1R5,2,
B0BVZDT2YR,BATHROOM Essentials,IL_L3V3XJ5WT8SV,1,
B0BVZFQ4DF,TOP 100+ PRIME DEALS,IL_330I4A3SQ3ERE,1,
B0BVZZYT3R,CAR ORGANIZATION|SPORT MOM Style,IL_33RG7LWDINUWO|IL_3TE1WGJI4HUK8,2,
B0BW2LVJ4P,TECH ESSENTIALS,IL_1LVS8EBYWIS2J,1,
B0BW2V6Y7D,MORE NEW FINDS,IL_32M44I5BF0O0R,1,
B0BW2XQCQQ,SKIMS LIKE BASICS,IL_395N3QLHWD5V7,1,
B0BW4PGVLP,SOFAS. ACCENT CHAIRS. OTTOMANS.,IL_34VIWGR89GOO8,1,
B0BW4RGNVP,EARNED A SPOT FOR LIFE!|OUTDOOR Oasis|RH STYLE - Looks like a SPLURGE,IL_32TSU85USSAQZ|IL_76ENHDCP4NP1|IL_VI6A3WXDHHDU,3,
B0BW4TG3QX,GIFTS UNDER $25,IL_OJUSIV7RIXZX,1,
B0BW5GT43K,TABLETOP MUST-HAVES|VASES. TRAYS. BOXES.,IL_2RA331651DDK8|IL_2YQAXQUJ2H8KY,2,
B0BW62YBKG,NO DRILL Home Improvement,IL_2P1RVZSE8RCAZ,1,
B0BW7QQCSV,VASES. TRAYS. BOXES.,IL_2YQAXQUJ2H8KY,1,
B0BW9MW1JD,SOFAS. ACCENT CHAIRS. OTTOMANS.,IL_34VIWGR89GOO8,1,
B0BWBQNM44,AUTUMN Vibes,IL_2NDA05KNMQH4,1,
B0BWCVLJH9,HOLIDAY COLOR CRUSHES 2025|TOP OCTOBER DEALS,IL_1E7EHNK9QTVEH|IL_1LKQL9NF315YS,2,
B0BWDMHRJY,CHIC WITHOUT THE SPLURGE TRAVEL|RESORT WEAR FASHION,IL_15NDDXZ7X0955|IL_2GR0M7LHWL1O,2,
B0BWHJ1FNK,FEBRUARY Best Sellers,IL_1MB9961G83COM,1,
B0BWJLZNDK,CAR ORGANIZATION,IL_3TE1WGJI4HUK8,1,
B0BWMR1QZQ,TABLETOP MUST-HAVES,IL_2RA331651DDK8,1,
B0BWN33GMB,PILLOWS & THROWS,IL_J4MBZKLMALLQ,1,
B0BWN5KDLV,HARDWARE & FINISHES,IL_97O81RWTU3TG,1,
B0BWQHNJM6,BARCART,IL_1YYODGJOLLLRT,1,
B0BWRHCN9G,48 Yr Old Mom of 5 - What I am OBSESSED over!,IL_1NSB6B4CK6NM1,1,
B0BWT12DW8,ELEVATED SWIMWEAR|RESORT WEAR FASHION,IL_15NDDXZ7X0955|IL_20ODL7UVO85YK,2,
B0BWTVVCDC,COFFEE BAR Essentials,IL_FJAM99COX1K9,1,
B0BWXVC174,BARCART|ELEVATED KITCHEN Must-Haves,IL_1YYODGJOLLLRT|IL_V4V7ASEQMWKK,2,
B0BWY8L5P2,NEW Arrivals,IL_2DHFOQ3A1Q5U2,1,
B0BWY9LJHR,COFFEE BAR Essentials|HEALTHY Living|KITCHEN Organizing|NEW Arrivals,IL_136JGDBOWW0I4|IL_2B46UO4I7XY3G|IL_2DHFOQ3A1Q5U2|IL_FJAM99COX1K9,4,
B0BWYG6RM8,VIRAL Home Gadgets,IL_14615HLXD512Y,1,
B0BWYLWWC1,GIFTING|TWEEN & TEEN - GIFT GUIDE,IL_1I8FQ5LPJG30D|IL_YYM41OHGI1KQ,2,
B0BWZSK8M8,MORE NEW FINDS,IL_32M44I5BF0O0R,1,
B0BX2M1956,BATHROOM REMODEL,IL_QWA0HLMH0ZPN,1,
B0BX2QH3K2,SKIMS LIKE BASICS,IL_395N3QLHWD5V7,1,
B0BX2TZZWG,AUGUST TOP PICKS,IL_DSS93TBPVRP5,1,
B0BX2X17JT,HOME DECOR,IL_2V4ZM0XXYOP34,1,
B0BX2YB828,HOLIDAY COLOR CRUSHES 2025,IL_1LKQL9NF315YS,1,
B0BX33788R,HOLIDAY COLOR CRUSHES 2025,IL_1LKQL9NF315YS,1,
B0BX35WGTV,NEW HOLIDAY Finds,IL_13866CB1KN3RI,1,
B0BX3GLD32,BEDDING: LUXURY finds in Our Home,IL_3MJSZFZU5658,1,
B0BX553KQ8,WALL DECOR - MIRRORS. ART. FRAMES.,IL_1HZQPC6SSAHFG,1,
B0BX66FTKP,VASES. TRAYS. BOXES.,IL_2YQAXQUJ2H8KY,1,
B0BX68DC9K,BATHROOM REMODEL,IL_QWA0HLMH0ZPN,1,
B0BX74WDWZ,FASHION,IL_3LEWC1H0K68XB,1,
B0BX7DJWDK,CHIC WITHOUT THE SPLURGE TRAVEL,IL_2GR0M7LHWL1O,1,
B0BX9GFRH3,My Curated Gift Guide|Vanity Organization,IL_IE0BGUCCDZ8X|IL_WMCP8YLCXSCD,2,
B0BXBCZK8C,BATHROOM Organization,IL_Q8UFO5D52NKD,1,
B0BXBJMWFB,BEAUTY & SKINCARE,IL_WPS59NJ19M48,1,
B0BXCJRWD6,ELEMENTARY SCHOOL,IL_13LSJDYI0DMAZ,1,
B0BXCXJNFW,BEST SELLERS|TOP OCTOBER DEALS,IL_1E7EHNK9QTVEH|IL_3DS692CRM1BGS,2,
B0BXD9KKC1,AUTUMN Vibes,IL_2NDA05KNMQH4,1,
B0BXDJW7QV,BEDDING. PILLOWS. THROWS. TOWELS.,IL_1LFWTJH9UBPKU,1,
B0BXFLS6NL,BEDS. DRESSERS. NIGHTSTANDS.,IL_18H5BP5V6EGYM,1,
B0BXFMKK7G,BEDS. DRESSERS. NIGHTSTANDS.,IL_18H5BP5V6EGYM,1,
B0BXFNC4BR,BEDROOM STYLE|EARNED A SPOT FOR LIFE!|Our REMODEL HOME,IL_1RA73GK94YR1G|IL_2HG2TBY26H9IW|IL_76ENHDCP4NP1,3,
B0BXFP1BHK,Hillary's NEWEST Finds,IL_1XPGUL8BC81KW,1,
B0BXFS3HW9,LAMPS,IL_28Z72BVY6B71P,1,
B0BXGN24CR,TEEN GUYS,IL_O65RH2OR0EF3,1,
B0BXHNCSH3,Subtle Luxury Home,IL_BWHQ5TU85DA7,1,
B0BXJ5N7FM,HOLIDAY EVENING Looks,IL_2OL0SY0HD6BBS,1,
B0BXKS63QS,ELEVATED HOLIDAY FASHION,IL_WU8FIFLKC1R5,1,
B0BXKYHTFY,SKIMS LIKE BASICS,IL_395N3QLHWD5V7,1,
B0BXKZF17N,FEBRUARY Best Sellers,IL_1MB9961G83COM,1,
B0BXLF9QSZ,LAUNDRY Room Essentials,IL_27L1ENCS6OMON,1,
B0BXLWJLK2,FOR HER - HANDBAGS,IL_3ITM4V91K4422,1,
B0BXNT5DSC,COFFEE BAR Essentials,IL_FJAM99COX1K9,1,
B0BXP1ZM49,ENTERTAINING Essentials,IL_2GHS9RLET14RQ,1,
B0BXPDZGJZ,ELEVATED HOLIDAY FASHION,IL_WU8FIFLKC1R5,1,
B0BXPGSMQP,WINTER FASHION,IL_PN4A9X7BMPFX,1,
B0BXPGTV2J,WINTER FASHION,IL_PN4A9X7BMPFX,1,
B0BXQ57DB4,SOFAS. ACCENT CHAIRS. OTTOMANS.,IL_34VIWGR89GOO8,1,
B0BXR9SCW9,SOFAS. ACCENT CHAIRS. OTTOMANS.,IL_34VIWGR89GOO8,1,
B0BXRWYCWW,WINTER FASHION,IL_PN4A9X7BMPFX,1,
B0BXSGHGY3,BED & BATH FINDS,IL_1QMQ9WWH79VRL,1,
B0BXT7WZN6,ENTERTAINING Essentials,IL_2GHS9RLET14RQ,1,
B0BXW87FL8,LIGHTING - Designer Inspired,IL_K3IDK9BPXYFW,1,
B0BY1FVMVP,2025 TOP SELLERS|DECEMBER Best Sellers|My Curated Gift Guide,IL_2PQNIB7PVLPT1|IL_3RT5O1LPLW4HX|IL_IE0BGUCCDZ8X,3,
B0BY1PBQRD,FRIDGE Organization,IL_3HBHLKKIJRXAQ,1,
B0BY2Z1GT8,CAR ORGANIZATION,IL_3TE1WGJI4HUK8,1,
B0BY32JPB3,MARCH Best Sellers,IL_13DUABZBTBJVY,1,
B0BY6MY9SZ,CANDLE HOLDERS. CANDLE STICKS.,IL_ITC144HBA2XS,1,
B0BY7FZT5P,AUTUMN Vibes,IL_2NDA05KNMQH4,1,
B0BY7RCRR4,HARDWARE & FINISHES,IL_97O81RWTU3TG,1,
B0BY7RDB2W,HARDWARE & FINISHES,IL_97O81RWTU3TG,1,
B0BY7RHLNT,HARDWARE & FINISHES,IL_97O81RWTU3TG,1,
B0BY8HMK7W,DECEMBER Best Sellers,IL_2PQNIB7PVLPT1,1,
B0BY8JMX4K,SKIMS LIKE BASICS,IL_395N3QLHWD5V7,1,
B0BY8LHJ1R,Effortless Chic Home,IL_34RHZWFKXT7UT,1,
B0BYDBMBYW,PILLOWS & THROWS,IL_J4MBZKLMALLQ,1,
B0BYDKSLMW,DECEMBER Best Sellers,IL_2PQNIB7PVLPT1,1,
B0BYDQHVM6,MY HOLIDAY Home|MY Holiday Styling List,IL_12LJ38VR8BIZT|IL_18JLLR8E7X2KU,2,
B0BYJFTM9K,LAMPS,IL_28Z72BVY6B71P,1,
B0BYK5FKR4,Amazon Furniture in Our Home|FURNITURE In Our Home|Our REMODEL HOME|RH STYLE - Looks like a SPLURGE,IL_1RA73GK94YR1G|IL_1UGCFJJRVROLC|IL_2V9Q1BLJC4BNW|IL_32TSU85USSAQZ,4,
B0BYK5HF1K,FURNITURE In Our Home,IL_2V9Q1BLJC4BNW,1,
B0BYK8CJGC,ELEVATED Bathroom Must-Haves,IL_21T7CCUQI2DH5,1,
B0BYMDX598,BEDDING. PILLOWS. THROWS. TOWELS.,IL_1LFWTJH9UBPKU,1,
B0BYMK5VKD,My TOP Amazon Cleaning and Organizing,IL_KIGFVJQ0V3OW,1,
B0BYMSDSX8,WALL DECOR - MIRRORS. ART. FRAMES.,IL_1HZQPC6SSAHFG,1,
B0BYNKX2X3,AFFORDABLE DECOR,IL_2EHNEZELPW5NA,1,
B0BYNMG2NW,GIFTS UNDER $50,IL_30ZOK8YSQFY5N,1,
B0BYNN4C7G,FOR HER - HANDBAGS,IL_3ITM4V91K4422,1,
B0BYNPWZCB,BEAUTY & SKINCARE,IL_WPS59NJ19M48,1,
B0BYNYSHZD,$50 WINTER FASHION,IL_43J6PJOVYKC9,1,
B0BYNYWKC7,TOP NOVEMBER DEALS|TOP OCTOBER DEALS,IL_1E7EHNK9QTVEH|IL_2Z5U0A9S9OXF9,2,
B0BYP1NXD7,LUXURY GIFTS,IL_3KKGHGSJ1ZRYC,1,
B0BYP81HN8,HOLIDAY COLOR CRUSHES 2025,IL_1LKQL9NF315YS,1,
B0BYPDD5YV,MORE NEW FINDS,IL_32M44I5BF0O0R,1,
B0BYRHDPK9,MARCH Best Sellers,IL_13DUABZBTBJVY,1,
B0BYSL6M35,COFFEE TABLES. SIDE TABLES. ACCENT TABLES,IL_2RDBP13815B8R,1,
B0BYT57LB7,BEAUTY & SKINCARE,IL_WPS59NJ19M48,1,
B0BYTZH84Z,AFFORDABLE DECOR,IL_2EHNEZELPW5NA,1,
B0BYVK91KG,GIFTING,IL_YYM41OHGI1KQ,1,
B0BYYZKTK1,BATHROOM Organization,IL_Q8UFO5D52NKD,1,
B0BYZ2JHYW,Our REMODEL HOME,IL_1RA73GK94YR1G,1,
B0BYZ7YZ2S,April Amazon Live|RESORT WEAR FASHION,IL_15NDDXZ7X0955|IL_K5H00QYC3R1G,2,
B0BYZFC854,CLOSET Organizing,IL_1R4YIGU257W50,1,
B0BYZNRF2X,HOLIDAY EVENING Looks,IL_2OL0SY0HD6BBS,1,
B0BZ1488WR,LUXE Gifting,IL_B4MF8PKIS82A,1,
B0BZ3FYHN8,KITCHEN Essentials,IL_286Q78OJSYZO8,1,
B0BZ3ZYDKV,TABLETOP MUST-HAVES,IL_2RA331651DDK8,1,
B0BZ4C5K57,BEST SELLERS,IL_3DS692CRM1BGS,1,
B0BZ4LGW8J,BATHROOM Organization,IL_Q8UFO5D52NKD,1,
B0BZ4Y3HPV,HOME DECOR,IL_2V4ZM0XXYOP34,1,
B0BZ4Z2H52,HOME DECOR,IL_2V4ZM0XXYOP34,1,
B0BZ8C6JM5,KITCHEN Essentials|SUMMER HOSTING,IL_286Q78OJSYZO8|IL_C4VDLQZK7ACP,2,
B0BZ8L9NZG,TOP NOVEMBER DEALS,IL_2Z5U0A9S9OXF9,1,
B0BZBZ4DRN,BATHROOM Organization|GADGETS I CANNOT live WITHOUT,IL_12L5JOTON77WY|IL_Q8UFO5D52NKD,2,
B0BZCM34SF,My TOP Amazon Cleaning and Organizing,IL_KIGFVJQ0V3OW,1,
B0BZD5KDYT,SUMMER HOSTING,IL_C4VDLQZK7ACP,1,
B0BZDDMDH2,FOR HIM - GIFT GUIDE,IL_26IY6FNENQC7M,1,
B0BZH1KLJ5,TRANSITIONAL Fall Fashion|The FALL EDIT,IL_5MN6DE6JTTK2|IL_IOIVGOQN9X1X,2,
B0BZHG5VQL,DECEMBER Best Sellers|HOME & BATH Essentials,IL_2PQNIB7PVLPT1|IL_IRH0FVF815TU,2,
B0BZHP591K,TRAVEL,IL_24ASC2W86JF33,1,
B0BZHQJ3KB,AUTUMN Vibes,IL_2NDA05KNMQH4,1,
B0BZHYBQFR,BEDDING. PILLOWS. THROWS. TOWELS.,IL_1LFWTJH9UBPKU,1,
B0BZJ36G44,HOLIDAY ON SALE,IL_81C70Z4U4BII,1,
B0BZK477LB,FOR HIM - GIFT GUIDE,IL_26IY6FNENQC7M,1,
B0BZKX85TF,The FALL EDIT,IL_IOIVGOQN9X1X,1,
B0BZKZMVT5,OVER 40 & Fabulous HILLARY'S Capsule WARDROBE - Effortless & Chic|TRANSITIONAL Fall Fashion,IL_1GS6BISWIK7UN|IL_5MN6DE6JTTK2,2,
B0BZL6KLVL,FEBRUARY Best Sellers,IL_1MB9961G83COM,1,
B0BZLB7N1V,In MY Travel Bag|STOCKING STUFFERS|TRAVEL,IL_20274194WU668|IL_24ASC2W86JF33|IL_SC6UJV027JAK,3,
B0BZNDBRF3,APRIL Best Sellers|April Amazon Live,IL_181FEP0C2U0RU|IL_K5H00QYC3R1G,2,
B0BZNNCRWY,PILATES PRINCESS,IL_3QM5O5E9ELURW,1,
B0BZQXQW26,MARCH Best Sellers,IL_13DUABZBTBJVY,1,
B0BZRMYZV1,BATHROOM Organization,IL_Q8UFO5D52NKD,1,
B0BZS74ZL1,SUMMER HOSTING,IL_C4VDLQZK7ACP,1,
B0BZS8Z97Z,HEALTHY Living,IL_136JGDBOWW0I4,1,
B0BZTTTYD9,JUNE TOP PICKS|LUXE JEWELRY & ACCESSORIES,IL_27BIT6UUHQ198|IL_2Q5678F6BP61R,2,
B0BZV1D66G,MARCH Best Sellers,IL_13DUABZBTBJVY,1,
B0BZVG6KNS,PILATES PRINCESS,IL_3QM5O5E9ELURW,1,
B0BZVN3T6D,FEBRUARY Best Sellers,IL_1MB9961G83COM,1,
B0BZVNSHPJ,ELEVATED KITCHEN Must-Haves,IL_V4V7ASEQMWKK,1,
B0BZVRHWBM,TOP 100 HOME PICKS,IL_2DVQFMB8O8SDC,1,
B0BZW722H6,CHIC WITHOUT THE SPLURGE TRAVEL|JUNE TOP PICKS,IL_2GR0M7LHWL1O|IL_2Q5678F6BP61R,2,
B0BZWF6CCJ,VASES. TRAYS. BOXES.,IL_2YQAXQUJ2H8KY,1,
B0BZWRSRWV,TECH ESSENTIALS|TOP SEPTEMBER DEALS,IL_1LVS8EBYWIS2J|IL_JI222AIPC2S,2,
B0BZWWJSGB,Outdoor PLANTERS,IL_270Y6RLSPP10V,1,
B0BZYG3YFN,CANDLE HOLDERS. CANDLE STICKS.,IL_ITC144HBA2XS,1,
B0BZZF3SZM,ELEVATED Bathroom Must-Haves|HOME & BATH Essentials|MEMORIAL DAY SALE FOLLOWER FAVORITES|NO DRILL Home Improvement,IL_17ITIHGPTINHX|IL_21T7CCUQI2DH5|IL_2P1RVZSE8RCAZ|IL_IRH0FVF815TU,4,
B0BZZJWGPQ,TOP 50 BEAUTY,IL_17SP6THMUJN6E,1,
B0BZZSKHWK,OUTDOOR Oasis,IL_VI6A3WXDHHDU,1,
B0C14K3PBD,2025 TOP SELLERS|In MY Travel Bag|VANITY Must-Haves,IL_3RT5O1LPLW4HX|IL_K1RZXTONZLT1|IL_SC6UJV027JAK,3,
B0C14P232J,VANITY Must-Haves,IL_K1RZXTONZLT1,1,
B0C17L4YVJ,AFFORDABLE DECOR|BEDDING: LUXURY finds in Our Home,IL_2EHNEZELPW5NA|IL_3MJSZFZU5658,2,
B0C17MK3QP,AFFORDABLE DECOR|POWDER BATH,IL_2EHNEZELPW5NA|IL_311VGYMV97O78,2,
B0C1B86935,TRAVEL,IL_24ASC2W86JF33,1,
B0C1BKFK7Y,TOP SEPTEMBER DEALS,IL_JI222AIPC2S,1,
B0C1BT2GXS,BRIDE- Spoil Her for the Big Day!,IL_3R1F2KZC9BJXJ,1,
B0C1BT5B8X,April Amazon Live|LUXE JEWELRY & ACCESSORIES,IL_27BIT6UUHQ198|IL_K5H00QYC3R1G,2,
B0C1CRLMWF,Subtle Luxury Home,IL_BWHQ5TU85DA7,1,
B0C1G22L7H,JUST IN...My Newest OBSESSIONS,IL_EAQUVLIMTM7R,1,
B0C1G78CY2,BATHROOM Organization,IL_Q8UFO5D52NKD,1,
B0C1GC9N88,BEDDING: LUXURY finds in Our Home,IL_3MJSZFZU5658,1,
B0C1HPL85F,DORM ROOM ESSENTIALS,IL_1DUCBV6BSXOJF,1,
B0C1JFG7QV,BEDS. DRESSERS. NIGHTSTANDS.|FURNITURE In Our Home|JOCELYN'S Space,IL_18H5BP5V6EGYM|IL_1DXRHB098MRMA|IL_2V9Q1BLJC4BNW,3,
B0C1KQ4P5H,Outdoor PLANTERS,IL_270Y6RLSPP10V,1,
B0C1MH8R2M,AUGUST TOP PICKS|TOP SEPTEMBER DEALS,IL_DSS93TBPVRP5|IL_JI222AIPC2S,2,
B0C1N1BL84,THE Little Black Dress,IL_CTNECHN1HUCU,1,
B0C1NHWLWD,ATHLETIC DRESSES,IL_3GE7XODL0Z5A3,1,
B0C1S27ZMZ,CANDLE HOLDERS. CANDLE STICKS.|LAST MINUTE GIFTS|VIRAL Holiday Finds,IL_1OH1TVBZ3L337|IL_3QCVRRMTI2TTQ|IL_ITC144HBA2XS,3,
B0C1TGKY33,BEAUTY MUST-HAVES,IL_174AROJG7VER7,1,
B0C1X9NPP5,MARCH Best Sellers|ORGANIZING Essentials,IL_13DUABZBTBJVY|IL_27VCDHN1568QK,2,
B0C1Y8Z6VT,CAR ORGANIZATION,IL_3TE1WGJI4HUK8,1,
B0C1YH99BZ,JUST IN...My Newest OBSESSIONS,IL_EAQUVLIMTM7R,1,
B0C1YZJJ5L,BEDDING. PILLOWS. THROWS. TOWELS.|JANUARY Best Sellers,IL_1LFWTJH9UBPKU|IL_F5Z67P4FFJC4,2,
B0C23GC1H9,BEDDING: LUXURY finds in Our Home|TOP MOVING/ORGANIZING,IL_3MJSZFZU5658|IL_3VW7VU2STCZ6B,2,
B0C23R2N7V,VASES. TRAYS. BOXES.,IL_2YQAXQUJ2H8KY,1,
B0C23W5HXY,CARTS DON'T LIE — These were May's biggest hits.|MY TOP PRODUCTS FOR JULY|TRAVEL,IL_1BKDYBCCXK5YE|IL_24ASC2W86JF33|IL_OB8CSFU2LS6V,3,
B0C24LZM51,BEAUTY & SKINCARE|TOP 50 BEAUTY,IL_17SP6THMUJN6E|IL_WPS59NJ19M48,2,
B0C2731MFB,HOLIDAY THEMES 2025,IL_CQQP654U5715,1,
B0C27HT2BC,FRIDGE Organization|GADGETS I CANNOT live WITHOUT,IL_12L5JOTON77WY|IL_3HBHLKKIJRXAQ,2,
B0C27JYSJP,CARTS DON'T LIE — These were May's biggest hits.,IL_1BKDYBCCXK5YE,1,
B0C284545V,BEDDING. PILLOWS. THROWS. TOWELS.,IL_1LFWTJH9UBPKU,1,
B0C284Q7V5,FRIDGE Organization|KITCHEN Organizing,IL_2B46UO4I7XY3G|IL_3HBHLKKIJRXAQ,2,
B0C287KNNH,TWEEN & TEEN - GIFT GUIDE,IL_1I8FQ5LPJG30D,1,
B0C29MQYPY,STOCKING STUFFERS,IL_20274194WU668,1,
B0C2BQJVCS,TOP MOVING/ORGANIZING,IL_3VW7VU2STCZ6B,1,
B0C2C9NHZW,ORGANIZING Essentials,IL_27VCDHN1568QK,1,
B0C2CJSF17,CAR ORGANIZATION,IL_3TE1WGJI4HUK8,1,
B0C2CM7FLB,OUTDOOR Oasis,IL_VI6A3WXDHHDU,1,
B0C2N946GR,GIFTS UNDER $25|PILATES PRINCESS,IL_3QM5O5E9ELURW|IL_OJUSIV7RIXZX,2,
B0C2P72WY6,FASHION,IL_3LEWC1H0K68XB,1,
B0C2P83KBG,ATHLETIC DRESSES,IL_3GE7XODL0Z5A3,1,
B0C2P8G62N,MAXI DRESS EDIT,IL_3CETAKAWP1P7C,1,
B0C2PWFZZG,GIFTS UNDER $50,IL_30ZOK8YSQFY5N,1,
B0C2Q577PL,New Year's Must-Haves,IL_3H3WH72KSZXK3,1,
B0C2Q65PDQ,WINTER FASHION,IL_PN4A9X7BMPFX,1,
B0C2Q79Y67,ELEVATED HOLIDAY FASHION,IL_WU8FIFLKC1R5,1,
B0C2Q7QPSN,New Year's Must-Haves,IL_3H3WH72KSZXK3,1,
B0C2VZ8RFL,STOCKING STUFFERS,IL_20274194WU668,1,
B0C2W5254K,DECEMBER Best Sellers|My Curated Gift Guide,IL_2PQNIB7PVLPT1|IL_IE0BGUCCDZ8X,2,
B0C2WD567R,TRAVEL,IL_24ASC2W86JF33,1,
B0C2YMQZ5C,CAR ORGANIZATION,IL_3TE1WGJI4HUK8,1,
B0C2YSXHWV,TOP MOVING/ORGANIZING,IL_3VW7VU2STCZ6B,1,
B0C2ZKPBGV,SOFAS. ACCENT CHAIRS. OTTOMANS.,IL_34VIWGR89GOO8,1,
B0C31XPMG6,RH STYLE - Looks like a SPLURGE,IL_32TSU85USSAQZ,1,
B0C32S2CY2,ENTERTAINING Essentials,IL_2GHS9RLET14RQ,1,
B0C331X7NS,2025 TOP SELLERS,IL_3RT5O1LPLW4HX,1,
B0C3326YT5,HEALTHY Living,IL_136JGDBOWW0I4,1,
B0C332B6GK,The STYLE EDIT - HOTTEST finds RIGHT NOW!,IL_1SLNDA7361JAR,1,
B0C33B9ZVC,EARNED A SPOT FOR LIFE!|FRIDGE Organization|HEALTHY Living|KITCHEN Organizing,IL_136JGDBOWW0I4|IL_2B46UO4I7XY3G|IL_3HBHLKKIJRXAQ|IL_76ENHDCP4NP1,4,
B0C33YM7G4,BRIDE- Spoil Her for the Big Day!,IL_3R1F2KZC9BJXJ,1,
B0C341H9V8,LUXURY GIFTS,IL_3KKGHGSJ1ZRYC,1,
B0C35WTJ98,WALL DECOR - MIRRORS. ART. FRAMES.,IL_1HZQPC6SSAHFG,1,
B0C36SCGCY,Spring Obsessed,IL_222ENLE1WDY2M,1,
B0C37252NN,ORGANIZING Essentials,IL_27VCDHN1568QK,1,
B0C3B4KSBN,SOFAS. ACCENT CHAIRS. OTTOMANS.,IL_34VIWGR89GOO8,1,
B0C3B6PV2L,BEDDING. PILLOWS. THROWS. TOWELS.,IL_1LFWTJH9UBPKU,1,
B0C3BC4QG2,LUXE Gifting|STOCKING STUFFERS,IL_20274194WU668|IL_B4MF8PKIS82A,2,
B0C3CB5PDD,KITCHEN Essentials,IL_286Q78OJSYZO8,1,
B0C3D1SPN9,HOLIDAY EVENING Looks|New Year's Must-Haves,IL_2OL0SY0HD6BBS|IL_3H3WH72KSZXK3,2,
B0C3FFDN3Y,BATHROOM Essentials|BATHROOM Organization,IL_L3V3XJ5WT8SV|IL_Q8UFO5D52NKD,2,
B0C3GDBKSN,EARLY Fall|JULY TOP PICKS,IL_9FXRQ038D494|IL_ED3VXSBXPFO5,2,
B0C3HRKKDH,BATHROOM Essentials,IL_L3V3XJ5WT8SV,1,
B0C3JBBPS3,CHIC 2-PIECE SETS|FALL LOUNGE SETS,IL_1K9R04PZQD03N|IL_QR27F03IP4AQ,2,
B0C3L7VCJG,WINTER FASHION,IL_PN4A9X7BMPFX,1,
B0C3L93F2Q,DORM ROOM ESSENTIALS|FEBRUARY Best Sellers,IL_1DUCBV6BSXOJF|IL_1MB9961G83COM,2,
B0C3Q647F2,DINING ROOM,IL_3RKTIOM3H9T72,1,
B0C3QQBB4H,$50 WINTER FASHION,IL_43J6PJOVYKC9,1,
B0C3QT1Y69,TOP OCTOBER DEALS,IL_1E7EHNK9QTVEH,1,
B0C3SB2P5G,LUXE Gifting|STOCKING STUFFERS,IL_20274194WU668|IL_B4MF8PKIS82A,2,
B0C3TVXBRP,BRIDE- Spoil Her for the Big Day!,IL_3R1F2KZC9BJXJ,1,
B0C3V6FJYY,THE DRESS SHOPPE - From BRUNCH to BLACK TIE,IL_1HHMN64HEUPU9,1,
B0C3VC76KN,PILATES PRINCESS,IL_3QM5O5E9ELURW,1,
B0C3VD59FR,PILATES PRINCESS,IL_3QM5O5E9ELURW,1,
B0C3VR3YV7,TWEEN & TEEN - GIFT GUIDE,IL_1I8FQ5LPJG30D,1,
B0C3Z3VMCF,FRONT PORCH,IL_31R6EZ6S1ERJH,1,
B0C412LZHN,Outdoor PLANTERS,IL_270Y6RLSPP10V,1,
B0C41M45W2,TECH ESSENTIALS,IL_1LVS8EBYWIS2J,1,
B0C424PRDL,BEDS. DRESSERS. NIGHTSTANDS.,IL_18H5BP5V6EGYM,1,
B0C42HJRBF,NIGHTSTAND Essentials,IL_2969EJ7F6BLI8,1,
B0C44T1WY2,BRIDE- Spoil Her for the Big Day!,IL_3R1F2KZC9BJXJ,1,
B0C45CK57M,BEAUTY & SKINCARE,IL_WPS59NJ19M48,1,
B0C4667ZV8,CLOSET Organizing,IL_1R4YIGU257W50,1,
B0C46HHJJZ,DECEMBER Best Sellers,IL_2PQNIB7PVLPT1,1,
B0C46VTVXY,ENTERTAINING Essentials|For the Hostess - GIFT GUIDE|MUST-HAVE HOSTING|TABLETOP MUST-HAVES,IL_23YO2PO28IXV|IL_2C66SA5TXKNJK|IL_2GHS9RLET14RQ|IL_2RA331651DDK8,4,
B0C487BM6F,VASES. TRAYS. BOXES.,IL_2YQAXQUJ2H8KY,1,
B0C49F6FLF,KITCHEN Essentials,IL_286Q78OJSYZO8,1,
B0C49NGMSD,AUGUST TOP PICKS,IL_DSS93TBPVRP5,1,
B0C4BKCY3G,MORE NEW FINDS,IL_32M44I5BF0O0R,1,
B0C4BKDRSP,COFFEE TABLES. SIDE TABLES. ACCENT TABLES,IL_2RDBP13815B8R,1,
B0C4D42YQR,SUMMER HOSTING,IL_C4VDLQZK7ACP,1,
B0C4DBHRTD,BEDDING: LUXURY finds in Our Home,IL_3MJSZFZU5658,1,
B0C4DCDFLL,DINING ROOM,IL_3RKTIOM3H9T72,1,
B0C4DFPB1K,BARCART|FRONT PORCH,IL_1YYODGJOLLLRT|IL_31R6EZ6S1ERJH,2,
B0C4DRHYGM,HEALTHY Living,IL_136JGDBOWW0I4,1,
B0C4DZDXKK,January Best Sellers 2|TRAVEL,IL_24ASC2W86JF33|IL_2KYYGUEXPAOKJ,2,
B0C4F8NJB9,SKIMS LIKE BASICS,IL_395N3QLHWD5V7,1,
B0C4F9Q7C5,SKIMS LIKE BASICS,IL_395N3QLHWD5V7,1,
B0C4FFYZMR,COFFEE TABLES. SIDE TABLES. ACCENT TABLES,IL_2RDBP13815B8R,1,
B0C4G1YZY4,TRAVEL,IL_24ASC2W86JF33,1,
B0C4GDYHZ9,BEST SELLERS,IL_3DS692CRM1BGS,1,
B0C4GN1P7P,LAUNDRY Room Essentials,IL_27L1ENCS6OMON,1,
B0C4GSLK53,HOLIDAY ESSENTIALS,IL_ZN8TBHK35E0D,1,
B0C4GSQ3FP,Our SITTING ROOM,IL_T9AHRYR4TO4W,1,
B0C4GX2NYW,CAR ORGANIZATION,IL_3TE1WGJI4HUK8,1,
B0C4H21N46,ELEVATED Bathroom Must-Haves,IL_21T7CCUQI2DH5,1,
B0C4H3Z6K7,CLOSET Organizing,IL_1R4YIGU257W50,1,
B0C4H6S6B9,BARCART|SUMMER HOSTING,IL_1YYODGJOLLLRT|IL_C4VDLQZK7ACP,2,
B0C4KVV5W1,BRIDE- Spoil Her for the Big Day!,IL_3R1F2KZC9BJXJ,1,
B0C4L5TD2L,BATHROOM Organization,IL_Q8UFO5D52NKD,1,
B0C4M16T8F,WINTER FASHION,IL_PN4A9X7BMPFX,1,
B0C4N5HSG7,BATHROOM Organization,IL_Q8UFO5D52NKD,1,
B0C4NR511X,ATHLETIC DRESSES,IL_3GE7XODL0Z5A3,1,
B0C4NVB14P,ATHEISURE|ATHLETIC DRESSES,IL_31LARMS9JHPGT|IL_3GE7XODL0Z5A3,2,
B0C4P4VBM6,FURNITURE In Our Home,IL_2V9Q1BLJC4BNW,1,
B0C4QSRZY4,BEAUTY MUST-HAVES,IL_174AROJG7VER7,1,
B0C4SZBN64,JANUARY Best Sellers,IL_F5Z67P4FFJC4,1,
B0C4T1PBM6,HOME & BATH Essentials|KITCHEN Essentials,IL_286Q78OJSYZO8|IL_IRH0FVF815TU,2,
B0C4T6WMG9,RH STYLE - Looks like a SPLURGE,IL_32TSU85USSAQZ,1,
B0C4T7S5YF,The FALL EDIT,IL_IOIVGOQN9X1X,1,
B0C4T8DZTZ,WINTER FASHION,IL_PN4A9X7BMPFX,1,
B0C4T8PPVB,48 Yr Old Mom of 5 - What I am OBSESSED over!|April Amazon Live|BURGUNDY CRUSH|LUXE JEWELRY & ACCESSORIES|RESORT WEAR FASHION,IL_15NDDXZ7X0955|IL_1NSB6B4CK6NM1|IL_27BIT6UUHQ198|IL_32JT2D5T30E4J|IL_K5H00QYC3R1G,5,
B0C4W17KRR,DINING ROOM,IL_3RKTIOM3H9T72,1,
B0C4XQ65CS,LUXE Gifting,IL_B4MF8PKIS82A,1,
B0C4Y6JKYS,January Best Sellers 2,IL_2KYYGUEXPAOKJ,1,
B0C4Y6WKQH,$50 WINTER FASHION|TOP NOVEMBER DEALS,IL_2Z5U0A9S9OXF9|IL_43J6PJOVYKC9,2,
B0C4YKBLK5,2025 TOP SELLERS|April Amazon Live|LAUNDRY Room Essentials|MY TOP PRODUCTS FOR JULY,IL_27L1ENCS6OMON|IL_3RT5O1LPLW4HX|IL_K5H00QYC3R1G|IL_OB8CSFU2LS6V,4,
B0C4YYSMJ5,DINING ROOM,IL_3RKTIOM3H9T72,1,
B0C52RBMRV,JANUARY Best Sellers,IL_F5Z67P4FFJC4,1,
B0C52Z95JD,DATE NIGHT FASHION,IL_20Q0HRFOLM3K2,1,
B0C53JCGR9,STOCKING STUFFERS|TOP 100 PRIME FASHION DEALS,IL_20274194WU668|IL_2LWBTUXIDQYKM,2,
B0C53XZKV5,My Curated Gift Guide,IL_IE0BGUCCDZ8X,1,
B0C542J416,SKIMS LIKE BASICS,IL_395N3QLHWD5V7,1,
B0C546MLQ3,For the Big Kids,IL_22L0SLOF07ITQ,1,
B0C584CG6G,ORGANIZING Essentials,IL_27VCDHN1568QK,1,
B0C5C33WVQ,GADGETS I CANNOT live WITHOUT,IL_12L5JOTON77WY,1,
B0C5C79PJX,BEDDING: LUXURY finds in Our Home,IL_3MJSZFZU5658,1,
B0C5C882FW,JUST IN - Organizing & Home,IL_3UQI8VF6F9P66,1,
B0C5C9BFXM,JUST IN - Organizing & Home,IL_3UQI8VF6F9P66,1,
B0C5CS8Y1B,AUGUST TOP PICKS|COFFEE BAR Essentials|HOME DECOR|MY TOP PRODUCTS FOR JULY|Our REMODEL HOME,IL_1RA73GK94YR1G|IL_2V4ZM0XXYOP34|IL_DSS93TBPVRP5|IL_FJAM99COX1K9|IL_OB8CSFU2LS6V,5,
B0C5CVYQ4W,48 Yr Old Mom of 5 - What I am OBSESSED over!|TOP 50 BEAUTY,IL_17SP6THMUJN6E|IL_1NSB6B4CK6NM1,2,
B0C5DCMWYH,TOP NOVEMBER DEALS,IL_2Z5U0A9S9OXF9,1,
B0C5DM6RL8,HOLIDAY ON SALE,IL_81C70Z4U4BII,1,
B0C5DPSW5Y,TECH ESSENTIALS,IL_1LVS8EBYWIS2J,1,
B0C5DX5MMQ,LUXURY GIFTS|NIGHTSTAND Essentials,IL_2969EJ7F6BLI8|IL_3KKGHGSJ1ZRYC,2,
B0C5GF7YT6,AMAZING NEW Home Finds,IL_202RY6J21JOG9,1,
B0C5HXCYTM,MY HOLIDAY Home,IL_18JLLR8E7X2KU,1,
B0C5J64SPY,DATE NIGHT FASHION,IL_20Q0HRFOLM3K2,1,
B0C5JDQD1X,TEEN GUYS,IL_O65RH2OR0EF3,1,
B0C5JSJ7HK,Outdoor PLANTERS,IL_270Y6RLSPP10V,1,
B0C5M7486X,EARLY Fall,IL_ED3VXSBXPFO5,1,
B0C5MRGTVG,THE DRESS SHOPPE - From BRUNCH to BLACK TIE,IL_1HHMN64HEUPU9,1,
B0C5MRY8YJ,SKIMS LIKE BASICS,IL_395N3QLHWD5V7,1,
B0C5Q3PMJQ,FEBRUARY Best Sellers,IL_1MB9961G83COM,1,
B0C5QSSB9C,THE Littles - GIFT GUIDE,IL_3BMD6XLV7JIPG,1,
B0C5R4ZZNZ,FASHION,IL_3LEWC1H0K68XB,1,
B0C5RDSTS3,BATHROOM Organization,IL_Q8UFO5D52NKD,1,
B0C5S6CFS8,ENTERTAINING Essentials,IL_2GHS9RLET14RQ,1,
B0C5SYHFQ4,FRONT PORCH,IL_31R6EZ6S1ERJH,1,
B0C5VKNWJP,DATE NIGHT FASHION,IL_20Q0HRFOLM3K2,1,
B0C5XNR1NP,HALLOWEEN,IL_TOLRF8ZU3T5K,1,
B0C5ZTNWJ8,LUXE JEWELRY & ACCESSORIES|QUIET LUXURY/OLD MONEY|WORK WEAR,IL_27BIT6UUHQ198|IL_310DHOAQUC0DH|IL_3J2NRGA0NCDGR,3,
B0C612SJBD,April Amazon Live,IL_K5H00QYC3R1G,1,
B0C612WRSL,FOR HER - HANDBAGS|WINTER FASHION,IL_3ITM4V91K4422|IL_PN4A9X7BMPFX,2,
B0C614T87Y,LAST MINUTE GIFTS,IL_1OH1TVBZ3L337,1,
B0C64J8WXZ,VASES. TRAYS. BOXES.,IL_2YQAXQUJ2H8KY,1,
B0C64KLN5X,BEST SELLERS|ELEVATED HOLIDAY FASHION,IL_3DS692CRM1BGS|IL_WU8FIFLKC1R5,2,
B0C64SV796,TEEN GUYS,IL_O65RH2OR0EF3,1,
B0C6549757,TOP SEPTEMBER DEALS,IL_JI222AIPC2S,1,
B0C65DBXJ5,GIFTS UNDER $25,IL_OJUSIV7RIXZX,1,
B0C65FNB35,HILLARY'S BEACH Bag Essentials|Your Currently MOST-LOVED,IL_29FTLXCTPVP41|IL_3BNM8CSCBJ7VF,2,
B0C65HHDJV,WINTER FASHION,IL_PN4A9X7BMPFX,1,
B0C65M43ZV,$50 WINTER FASHION,IL_43J6PJOVYKC9,1,
B0C663G7NV,CAR ORGANIZATION,IL_3TE1WGJI4HUK8,1,
B0C66CFL7D,Outdoor PLANTERS,IL_270Y6RLSPP10V,1,
B0C66KBLZ6,SOFAS. ACCENT CHAIRS. OTTOMANS.,IL_34VIWGR89GOO8,1,
B0C688VRV6,AFFORDABLE DECOR,IL_2EHNEZELPW5NA,1,
B0C68ZTNNT,RUGS,IL_2N8O18PX5PHA3,1,
B0C69GXHBC,SPORT MOM Style,IL_33RG7LWDINUWO,1,
B0C6CVSFPJ,BATHROOM REMODEL|LIGHTING - Designer Inspired,IL_K3IDK9BPXYFW|IL_QWA0HLMH0ZPN,2,
B0C6DKX4Z4,SKIMS LIKE BASICS,IL_395N3QLHWD5V7,1,
B0C6DYG511,BEST SELLERS,IL_3DS692CRM1BGS,1,
B0C6DZSHNZ,For the Big Kids,IL_22L0SLOF07ITQ,1,
B0C6F4615T,NIGHTSTAND Essentials,IL_2969EJ7F6BLI8,1,
B0C6FGNC9R,LAST MINUTE GIFTS,IL_1OH1TVBZ3L337,1,
B0C6GCH6V4,EARNED A SPOT FOR LIFE!,IL_76ENHDCP4NP1,1,
B0C6GPV3YC,BATHROOM Organization,IL_Q8UFO5D52NKD,1,
B0C6K3L2G1,AFFORDABLE DECOR|DECEMBER Best Sellers|Subtle Luxury Home|TABLETOP MUST-HAVES|VIRAL Holiday Finds,IL_2EHNEZELPW5NA|IL_2PQNIB7PVLPT1|IL_2RA331651DDK8|IL_3QCVRRMTI2TTQ|IL_BWHQ5TU85DA7,5,
B0C6K9W84C,HOLIDAY THEMES 2025,IL_CQQP654U5715,1,
B0C6KBZ1HT,BEDDING. PILLOWS. THROWS. TOWELS.,IL_1LFWTJH9UBPKU,1,
B0C6KD9QCR,BATHROOM Essentials,IL_L3V3XJ5WT8SV,1,
B0C6LG5KQQ,TOP OCTOBER DEALS|WINTER FASHION,IL_1E7EHNK9QTVEH|IL_PN4A9X7BMPFX,2,
B0C6LYTPMB,QUIET LUXURY/OLD MONEY|WALL DECOR - MIRRORS. ART. FRAMES.,IL_1HZQPC6SSAHFG|IL_310DHOAQUC0DH,2,
B0C6M4BPL4,2025 TOP SELLERS|April Amazon Live|ENTERTAINING Essentials,IL_2GHS9RLET14RQ|IL_3RT5O1LPLW4HX|IL_K5H00QYC3R1G,3,
B0C6M6C4M7,APRIL Best Sellers|April Amazon Live,IL_181FEP0C2U0RU|IL_K5H00QYC3R1G,2,
B0C6MD24Z7,THE Littles - GIFT GUIDE,IL_3BMD6XLV7JIPG,1,
B0C6MPKG5S,ELEMENTARY SCHOOL,IL_13LSJDYI0DMAZ,1,
B0C6Q53KW5,JUNE TOP PICKS|LUXE Gifting,IL_2Q5678F6BP61R|IL_B4MF8PKIS82A,2,
B0C6QBC9YJ,MY TOP PRODUCTS FOR JULY,IL_OB8CSFU2LS6V,1,
B0C6QDWRVR,PILATES PRINCESS,IL_3QM5O5E9ELURW,1,
B0C6QZJTP8,OVER 40 & Fabulous HILLARY'S Capsule WARDROBE - Effortless & Chic,IL_1GS6BISWIK7UN,1,
B0C6RD23Q8,PILLOWS & THROWS,IL_J4MBZKLMALLQ,1,
B0C6SDNF6C,KITCHEN Essentials,IL_286Q78OJSYZO8,1,
B0C6SNWH19,SKIMS LIKE BASICS,IL_395N3QLHWD5V7,1,
B0C6SPHV19,DECEMBER Best Sellers,IL_2PQNIB7PVLPT1,1,
B0C6W69VSM,KITCHEN Essentials,IL_286Q78OJSYZO8,1,
B0C6XLMQNZ,CAR ORGANIZATION,IL_3TE1WGJI4HUK8,1,
B0C6XQ5TJT,FOR HER - HANDBAGS,IL_3ITM4V91K4422,1,
B0C6XT7FTP,HOLIDAY MUST-HAVES on AMAZON LIVE|LUXURY GIFTS|Our REMODEL HOME|RESTORATION VIBES,IL_1RA73GK94YR1G|IL_2I5A3XFI29113|IL_3KKGHGSJ1ZRYC|IL_3U58T22AIU7ZR,4,
B0C6XVN683,FASHION,IL_3LEWC1H0K68XB,1,
B0C6XVXPCC,TECH ESSENTIALS,IL_1LVS8EBYWIS2J,1,
B0C6YGJL1K,HOME & BATH Essentials,IL_IRH0FVF815TU,1,
B0C6YX3V94,DINING ROOM,IL_3RKTIOM3H9T72,1,
B0C71HCZGN,AFFORDABLE DECOR,IL_2EHNEZELPW5NA,1,
B0C71JJP5Q,AFFORDABLE DECOR|AUTUMN Vibes|HALLOWEEN,IL_2EHNEZELPW5NA|IL_2NDA05KNMQH4|IL_TOLRF8ZU3T5K,3,
B0C73JDN4S,CAR ORGANIZATION,IL_3TE1WGJI4HUK8,1,
B0C73TVVD9,EARLY Fall|Hillary's NEWEST Finds,IL_1XPGUL8BC81KW|IL_ED3VXSBXPFO5,2,
B0C73Z4PSB,TWEEN & TEEN - GIFT GUIDE,IL_1I8FQ5LPJG30D,1,
B0C7438QR4,HOME DECOR,IL_2V4ZM0XXYOP34,1,
B0C745162K,COFFEE TABLES. SIDE TABLES. ACCENT TABLES,IL_2RDBP13815B8R,1,
B0C746NYKD,PILLOWS & THROWS,IL_J4MBZKLMALLQ,1,
B0C758JXVT,For the Hostess - GIFT GUIDE,IL_2C66SA5TXKNJK,1,
B0C77M5P64,HOLIDAY THEMES 2025,IL_CQQP654U5715,1,
B0C77MXTTY,CLOSET Organizing,IL_1R4YIGU257W50,1,
B0C7838DKH,BEDDING. PILLOWS. THROWS. TOWELS.,IL_1LFWTJH9UBPKU,1,
B0C78723LQ,PILLOWS & THROWS,IL_J4MBZKLMALLQ,1,
B0C7B9TLWY,DECEMBER Best Sellers,IL_2PQNIB7PVLPT1,1,
B0C7CN3JK5,SPORT MOM Style,IL_33RG7LWDINUWO,1,
B0C7GFY9YB,HILLARY'S BEACH Bag Essentials,IL_29FTLXCTPVP41,1,
B0C7GRRZQ4,HOLIDAY ON SALE|VIRAL Holiday Finds,IL_3QCVRRMTI2TTQ|IL_81C70Z4U4BII,2,
B0C7GRYDVG,The STYLE EDIT - HOTTEST finds RIGHT NOW!,IL_1SLNDA7361JAR,1,
B0C7GW5HLD,HOLIDAY ESSENTIALS,IL_ZN8TBHK35E0D,1,
B0C7HNMJWQ,ENTRYWAY. FOYER.,IL_M0U0DTYJP1BI,1,
B0C7J85QK6,Effortless Chic Home,IL_34RHZWFKXT7UT,1,
B0C7K8D7NL,HOME & BATH Essentials,IL_IRH0FVF815TU,1,
B0C7K93GBR,SOFAS. ACCENT CHAIRS. OTTOMANS.,IL_34VIWGR89GOO8,1,
B0C7KBZXL6,TEEN GIRLIES,IL_370XLUWUIJAX1,1,
B0C7KC3Z9D,AUGUST TOP PICKS|JULY TOP PICKS|LUXE Gifting,IL_9FXRQ038D494|IL_B4MF8PKIS82A|IL_DSS93TBPVRP5,3,
B0C7KDM5HB,ATHEISURE|SPORT MOM Style,IL_31LARMS9JHPGT|IL_33RG7LWDINUWO,2,
B0C7KJLJ31,WINTER FASHION,IL_PN4A9X7BMPFX,1,
B0C7KQTXV1,BATHROOM Essentials,IL_L3V3XJ5WT8SV,1,
B0C7L3LFYH,DECEMBER Best Sellers|LAST MINUTE GIFTS,IL_1OH1TVBZ3L337|IL_2PQNIB7PVLPT1,2,
B0C7L3Q6W7,HOLIDAY EVENING Looks,IL_2OL0SY0HD6BBS,1,
B0C7L9ZSCX,Subtle Luxury Home,IL_BWHQ5TU85DA7,1,
B0C7LLZDB2,SOFAS. ACCENT CHAIRS. OTTOMANS.,IL_34VIWGR89GOO8,1,
B0C7LMRK1F,SOFAS. ACCENT CHAIRS. OTTOMANS.,IL_34VIWGR89GOO8,1,
B0C7LNRRYM,SOFAS. ACCENT CHAIRS. OTTOMANS.,IL_34VIWGR89GOO8,1,
B0C7LQ3JD5,Subtle Luxury Home,IL_BWHQ5TU85DA7,1,
B0C7RPNCQ6,HOLIDAY THEMES 2025,IL_CQQP654U5715,1,
B0C7TW5SX7,WORK WEAR,IL_3J2NRGA0NCDGR,1,
B0C7VL7BLV,January Best Sellers 2,IL_2KYYGUEXPAOKJ,1,
B0C7VR9DP9,CLOSET Organizing,IL_1R4YIGU257W50,1,
B0C7VZB3GF,PRESCHOOL LITTLES,IL_16F1ZOLGB573M,1,
B0C7W31L8G,BEDDING. PILLOWS. THROWS. TOWELS.,IL_1LFWTJH9UBPKU,1,
B0C7W3SK1K,UNBOXING,IL_1NR6N43OIR93A,1,
B0C7W6GW8P,LAST MINUTE GIFTS,IL_1OH1TVBZ3L337,1,
B0C7YJ7WML,LUXE Gifting,IL_B4MF8PKIS82A,1,
B0C7YN7XCM,KITCHEN Essentials,IL_286Q78OJSYZO8,1,
B0C7Z5VV7K,GIFTS UNDER $50|TOP NOVEMBER DEALS,IL_2Z5U0A9S9OXF9|IL_30ZOK8YSQFY5N,2,
B0C7ZLWQJX,PILLOWS & THROWS,IL_J4MBZKLMALLQ,1,
B0C818VBL4,ELEVATED Bathroom Must-Haves|VANITY Must-Haves,IL_21T7CCUQI2DH5|IL_K1RZXTONZLT1,2,
B0C81FL4X5,BEDDING. PILLOWS. THROWS. TOWELS.,IL_1LFWTJH9UBPKU,1,
B0C82W178W,HILLARY'S BEACH Bag Essentials,IL_29FTLXCTPVP41,1,
B0C83K3TXS,TOP OCTOBER DEALS,IL_1E7EHNK9QTVEH,1,
B0C869CMKD,LAUNDRY Room Essentials|PANTRY Organization,IL_1MKYF1CAY9E8G|IL_27L1ENCS6OMON,2,
B0C87B3HMG,HOLIDAY COLOR CRUSHES 2025,IL_1LKQL9NF315YS,1,
B0C89B5S14,BATHROOM Essentials|ELEVATED Bathroom Must-Haves,IL_21T7CCUQI2DH5|IL_L3V3XJ5WT8SV,2,
B0C89CWPMW,JANUARY Best Sellers|MARCH Best Sellers,IL_13DUABZBTBJVY|IL_F5Z67P4FFJC4,2,
B0C89HVGQN,JUST IN - Organizing & Home,IL_3UQI8VF6F9P66,1,
B0C89RB991,LAST MINUTE GIFTS,IL_1OH1TVBZ3L337,1,
B0C89RFCHT,Vanity Organization,IL_WMCP8YLCXSCD,1,
B0C89YCT7S,SOFAS. ACCENT CHAIRS. OTTOMANS.,IL_34VIWGR89GOO8,1,
B0C8B8HYQC,BED & BATH FINDS,IL_1QMQ9WWH79VRL,1,
B0C8BHKN2B,DESIGNER INSPIRED,IL_3JCDIMAGNYZ0E,1,
B0C8BKY8L9,DINING ROOM,IL_3RKTIOM3H9T72,1,
B0C8BLNCZB,COFFEE TABLES. SIDE TABLES. ACCENT TABLES|JUST IN...My Newest OBSESSIONS,IL_2RDBP13815B8R|IL_EAQUVLIMTM7R,2,
B0C8C2NZMQ,THE Littles - GIFT GUIDE,IL_3BMD6XLV7JIPG,1,
B0C8CHLS86,SKIMS LIKE BASICS,IL_395N3QLHWD5V7,1,
B0C8CM4D6D,LAUNDRY Room Essentials,IL_27L1ENCS6OMON,1,
B0C8HBZF3X,JUST IN...My Newest OBSESSIONS|NEW HOLIDAY Finds,IL_13866CB1KN3RI|IL_EAQUVLIMTM7R,2,
B0C8HPJW4J,MARCH Best Sellers,IL_13DUABZBTBJVY,1,
B0C8HTWW3B,AFFORDABLE DECOR|RH STYLE - Looks like a SPLURGE,IL_2EHNEZELPW5NA|IL_32TSU85USSAQZ,2,
B0C8J5YR7R,TRANSITIONAL Fall Fashion,IL_5MN6DE6JTTK2,1,
B0C8KQLLF5,TRAVEL,IL_24ASC2W86JF33,1,
B0C8KRDV12,Outdoor PLANTERS,IL_270Y6RLSPP10V,1,
B0C8LSKG8M,LUXE Holiday Home,IL_21MLRQOMMKCFI,1,
B0C8M424F9,BRIDE- Spoil Her for the Big Day!,IL_3R1F2KZC9BJXJ,1,
B0C8MK5B31,FRIDGE Organization,IL_3HBHLKKIJRXAQ,1,
B0C8NBSLT2,DINING ROOM,IL_3RKTIOM3H9T72,1,
B0C8NDSFML,HILLARY'S BEACH Bag Essentials,IL_29FTLXCTPVP41,1,
B0C8NFWW16,TOP NOVEMBER DEALS,IL_2Z5U0A9S9OXF9,1,
B0C8PJNJL9,JUST IN...My Newest OBSESSIONS,IL_EAQUVLIMTM7R,1,
B0C8PR4W22,FOR HIM - GIFT GUIDE|TECH ESSENTIALS,IL_1LVS8EBYWIS2J|IL_26IY6FNENQC7M,2,
B0C8PSMPTH,TECH ESSENTIALS,IL_1LVS8EBYWIS2J,1,
B0C8RH9L3X,CLOSET Organizing,IL_1R4YIGU257W50,1,
B0C8S64LVY,JUST IN...My Newest OBSESSIONS,IL_EAQUVLIMTM7R,1,
B0C8SB83TW,Moody Luxe Home,IL_DB6CKD297DDB,1,
B0C8SFFWD7,CURTAINS,IL_O5BIFXCH5S3Y,1,
B0C8SRTKN5,SPORT MOM Style,IL_33RG7LWDINUWO,1,
B0C8SZQ7Y1,BATHROOM REMODEL,IL_QWA0HLMH0ZPN,1,
B0C8T64CD7,DECEMBER Best Sellers,IL_2PQNIB7PVLPT1,1,
B0C8THCCFQ,In MY Travel Bag|TRAVEL|VANITY Must-Haves,IL_24ASC2W86JF33|IL_K1RZXTONZLT1|IL_SC6UJV027JAK,3,
B0C8TMVRZK,BEST SELLERS|TOP OCTOBER DEALS,IL_1E7EHNK9QTVEH|IL_3DS692CRM1BGS,2,
B0C8TTCQDL,2025 TOP SELLERS|MEMORIAL DAY SALE FOLLOWER FAVORITES,IL_17ITIHGPTINHX|IL_3RT5O1LPLW4HX,2,
B0C8V521BB,Subtle Luxury Home,IL_BWHQ5TU85DA7,1,
B0C8WPMVXT,RUGS,IL_2N8O18PX5PHA3,1,
B0C8Z5TFX4,BATHROOM REMODEL,IL_QWA0HLMH0ZPN,1,
B0C92YTQ27,AUGUST TOP PICKS,IL_DSS93TBPVRP5,1,
B0C92Z5V5R,COFFEE BAR Essentials|MEMORIAL DAY SALE FOLLOWER FAVORITES,IL_17ITIHGPTINHX|IL_FJAM99COX1K9,2,
B0C93WNGQJ,BEAUTY MUST-HAVES|LUXURY GIFTS,IL_174AROJG7VER7|IL_3KKGHGSJ1ZRYC,2,
B0C94NWQW3,BURGUNDY CRUSH,IL_32JT2D5T30E4J,1,
B0C96D9P3K,HOLIDAY ESSENTIALS,IL_ZN8TBHK35E0D,1,
B0C96NWNFY,FEBRUARY Best Sellers,IL_1MB9961G83COM,1,
B0C96V7F86,Our REMODEL HOME,IL_1RA73GK94YR1G,1,
B0C98YSJH1,CURTAINS,IL_O5BIFXCH5S3Y,1,
B0C994176Z,BOY'S Bathroom|POWDER BATH,IL_311VGYMV97O78|IL_3CQZYKSH60HA3,2,
B0C995H2P6,JUST IN - Organizing & Home,IL_3UQI8VF6F9P66,1,
B0C998Z4NM,SOFAS. ACCENT CHAIRS. OTTOMANS.,IL_34VIWGR89GOO8,1,
B0C99C9T44,THE Littles - GIFT GUIDE,IL_3BMD6XLV7JIPG,1,
B0C9CFQGLX,FOR HIM - GIFT GUIDE,IL_26IY6FNENQC7M,1,
B0C9CH2HLB,VIRAL Holiday Finds,IL_3QCVRRMTI2TTQ,1,
B0C9CJBVZC,HOLIDAY ESSENTIALS,IL_ZN8TBHK35E0D,1,
B0C9CN7XHP,LAUNDRY Room Essentials,IL_27L1ENCS6OMON,1,
B0C9CNBJ59,LAUNDRY Room Essentials|NEW Arrivals,IL_27L1ENCS6OMON|IL_2DHFOQ3A1Q5U2,2,
B0C9DG3CBN,CHIC 2-PIECE SETS,IL_QR27F03IP4AQ,1,
B0C9DHQ92S,CANDLE HOLDERS. CANDLE STICKS.,IL_ITC144HBA2XS,1,
B0C9DKD79H,Spring Obsessed,IL_222ENLE1WDY2M,1,
B0C9DMZYHX,HOLIDAY THEMES 2025,IL_CQQP654U5715,1,
B0C9DNCFG2,HEALTHY Living|HOME & BATH Essentials,IL_136JGDBOWW0I4|IL_IRH0FVF815TU,2,
B0C9GTP8ST,UNDER $50 FALL Capsule,IL_39FHE4P3M78YV,1,
B0C9HQ6FSG,LUXE Gifting,IL_B4MF8PKIS82A,1,
B0C9LJ7JHW,Vanity Organization,IL_WMCP8YLCXSCD,1,
B0C9LZJ6QV,LIGHTING - Designer Inspired,IL_K3IDK9BPXYFW,1,
B0C9M3ZYBK,COFFEE TABLE BOOKS,IL_1NFO0QLH5HS6Y,1,
B0C9Q9BGNX,TOP MOVING/ORGANIZING,IL_3VW7VU2STCZ6B,1,
B0C9RW4CDC,COFFEE TABLE BOOKS,IL_1NFO0QLH5HS6Y,1,
B0C9SNYCS7,FURNITURE In Our Home,IL_2V9Q1BLJC4BNW,1,
B0C9T9MZ1B,THE Littles - GIFT GUIDE,IL_3BMD6XLV7JIPG,1,
B0C9TCFRLH,TRAVEL,IL_24ASC2W86JF33,1,
B0C9TCNSKW,SUMMER HOSTING,IL_C4VDLQZK7ACP,1,
B0C9TK72SD,LUXURY GIFTS|Vanity Organization,IL_3KKGHGSJ1ZRYC|IL_WMCP8YLCXSCD,2,
B0C9V4L32W,ORGANIZING Essentials,IL_27VCDHN1568QK,1,
B0C9V811L6,DORM ROOM ESSENTIALS|TECH ESSENTIALS,IL_1DUCBV6BSXOJF|IL_1LVS8EBYWIS2J,2,
B0C9VMSX2G,RUGS,IL_2N8O18PX5PHA3,1,
B0C9VZ6V19,Amazon Furniture in Our Home|RUGS,IL_1UGCFJJRVROLC|IL_2N8O18PX5PHA3,2,
B0C9W3TTDH,AFFORDABLE DECOR|MARCH Best Sellers|Your Currently MOST-LOVED,IL_13DUABZBTBJVY|IL_2EHNEZELPW5NA|IL_3BNM8CSCBJ7VF,3,
B0C9W3W4LG,Amazon Furniture in Our Home,IL_1UGCFJJRVROLC,1,
B0C9Y4F3BQ,LUXE Gifting,IL_B4MF8PKIS82A,1,
B0C9YBPTJC,MORE NEW FINDS,IL_32M44I5BF0O0R,1,
B0C9ZDW4Q8,LAST MINUTE GIFTS,IL_1OH1TVBZ3L337,1,
B0C9ZH2J2Y,BATHROOM Organization,IL_Q8UFO5D52NKD,1,
B0C9ZWPXK7,April Amazon Live|DECEMBER Best Sellers,IL_2PQNIB7PVLPT1|IL_K5H00QYC3R1G,2,
B0CB1512BQ,LUXE Holiday Home,IL_21MLRQOMMKCFI,1,
B0CB15SQK8,Subtle Luxury Home|TOP 100 HOME PICKS|TOP OCTOBER DEALS,IL_1E7EHNK9QTVEH|IL_2DVQFMB8O8SDC|IL_BWHQ5TU85DA7,3,
B0CB162PDK,GIFTING,IL_YYM41OHGI1KQ,1,
B0CB3JBSLJ,HOLIDAY EVENING Looks,IL_2OL0SY0HD6BBS,1,
B0CB3NCDMZ,BATHROOM Organization,IL_Q8UFO5D52NKD,1,
B0CB437CB5,JUNE TOP PICKS|MEMORIAL DAY SALE FOLLOWER FAVORITES,IL_17ITIHGPTINHX|IL_2Q5678F6BP61R,2,
B0CB4GWY6F,April Amazon Live,IL_K5H00QYC3R1G,1,
B0CB4LPCJ5,HOLIDAY EVENING Looks,IL_2OL0SY0HD6BBS,1,
B0CB5TVXP7,DECEMBER Best Sellers,IL_2PQNIB7PVLPT1,1,
B0CB6B2JWG,ORGANIZING Essentials,IL_27VCDHN1568QK,1,
B0CB73S5CJ,RUGS,IL_2N8O18PX5PHA3,1,
B0CB73YWWN,COFFEE TABLES. SIDE TABLES. ACCENT TABLES,IL_2RDBP13815B8R,1,
B0CB85BZFM,SKIMS LIKE BASICS,IL_395N3QLHWD5V7,1,
B0CB8FFKX6,CLOSET Organizing|EARNED A SPOT FOR LIFE!|MEMORIAL DAY SALE FOLLOWER FAVORITES|MY TOP PRODUCTS FOR JULY|ORGANIZING Essentials,IL_17ITIHGPTINHX|IL_1R4YIGU257W50|IL_27VCDHN1568QK|IL_76ENHDCP4NP1|IL_OB8CSFU2LS6V,5,
B0CB8MPZ6N,HOLIDAY THEMES 2025,IL_CQQP654U5715,1,
B0CB8T6J1R,ENTERTAINING Essentials,IL_2GHS9RLET14RQ,1,
B0CB97PWWX,RESORT WEAR FASHION,IL_15NDDXZ7X0955,1,
B0CB9C4BSL,WINTER FASHION,IL_PN4A9X7BMPFX,1,
B0CB9NVZ51,BATHROOM Essentials,IL_L3V3XJ5WT8SV,1,
B0CB9PF1N6,THE Littles - GIFT GUIDE,IL_3BMD6XLV7JIPG,1,
B0CBBZ4NGX,JUST IN...My Newest OBSESSIONS|LUXE Holiday Home|MY Holiday Styling List|TABLETOP MUST-HAVES,IL_12LJ38VR8BIZT|IL_21MLRQOMMKCFI|IL_2RA331651DDK8|IL_EAQUVLIMTM7R,4,
B0CBC67ZXC,FEBRUARY Best Sellers,IL_1MB9961G83COM,1,
B0CBCYRQMS,AUTUMN Vibes,IL_2NDA05KNMQH4,1,
B0CBDXH51S,ENTERTAINING Essentials,IL_2GHS9RLET14RQ,1,
B0CBG7LSNR,For the Hostess - GIFT GUIDE,IL_2C66SA5TXKNJK,1,
B0CBGYW5DD,COFFEE BAR Essentials|ELEVATED KITCHEN Must-Haves,IL_FJAM99COX1K9|IL_V4V7ASEQMWKK,2,
B0CBJG76GM,ELEVATED KITCHEN Must-Haves,IL_V4V7ASEQMWKK,1,
B0CBJNRLSK,OUTDOOR Oasis|TOP 100 HOME PICKS|TOP 100+ PRIME DEALS,IL_2DVQFMB8O8SDC|IL_330I4A3SQ3ERE|IL_VI6A3WXDHHDU,3,
B0CBK169ZQ,TOP SEPTEMBER DEALS,IL_JI222AIPC2S,1,
B0CBKGMHL5,April Amazon Live,IL_K5H00QYC3R1G,1,
B0CBKQL6NM,My Curated Gift Guide,IL_IE0BGUCCDZ8X,1,
B0CBLK4W5H,ELEVATED Bathroom Must-Haves,IL_21T7CCUQI2DH5,1,
B0CBLQKVTJ,PRESCHOOL LITTLES,IL_16F1ZOLGB573M,1,
B0CBM1LHTH,TRAVEL,IL_24ASC2W86JF33,1,
B0CBM5QY1T,CLOSET Organizing,IL_1R4YIGU257W50,1,
B0CBMMH53W,2025 TOP SELLERS|April Amazon Live|LAUNDRY Room Essentials,IL_27L1ENCS6OMON|IL_3RT5O1LPLW4HX|IL_K5H00QYC3R1G,3,
B0CBNMCDWC,DINING ROOM,IL_3RKTIOM3H9T72,1,
B0CBQZ2QSZ,The STYLE EDIT - HOTTEST finds RIGHT NOW!,IL_1SLNDA7361JAR,1,
B0CBQZS668,Your Currently MOST-LOVED,IL_3BNM8CSCBJ7VF,1,
B0CBR8NN8K,THE Littles - GIFT GUIDE,IL_3BMD6XLV7JIPG,1,
B0CBS71LGW,NEW Arrivals|TRANSITIONAL Fall Fashion,IL_2DHFOQ3A1Q5U2|IL_5MN6DE6JTTK2,2,
B0CBT2JLQ1,Our REMODEL HOME|QUIET LUXURY/OLD MONEY|WALL DECOR - MIRRORS. ART. FRAMES.,IL_1HZQPC6SSAHFG|IL_1RA73GK94YR1G|IL_310DHOAQUC0DH,3,
B0CBT3ZP2K,GIFTING,IL_YYM41OHGI1KQ,1,
B0CBTVNMF9,CARTS DON'T LIE — These were May's biggest hits.|FRIDGE Organization|MEMORIAL DAY SALE FOLLOWER FAVORITES,IL_17ITIHGPTINHX|IL_1BKDYBCCXK5YE|IL_3HBHLKKIJRXAQ,3,
B0CBV68FPQ,CAR ORGANIZATION,IL_3TE1WGJI4HUK8,1,
B0CBW49GDH,HALLOWEEN,IL_TOLRF8ZU3T5K,1,
B0CBW4LNWB,COFFEE TABLES. SIDE TABLES. ACCENT TABLES,IL_2RDBP13815B8R,1,
B0CBW63X6P,FEBRUARY Best Sellers,IL_1MB9961G83COM,1,
B0CBWZ812X,WINTER FASHION,IL_PN4A9X7BMPFX,1,
B0CC1HF11N,BEDDING. PILLOWS. THROWS. TOWELS.,IL_1LFWTJH9UBPKU,1,
B0CC1HL4C6,For the Hostess - GIFT GUIDE,IL_2C66SA5TXKNJK,1,
B0CC1RKWBC,HOLIDAY ESSENTIALS|JUST IN...My Newest OBSESSIONS|MY Holiday Styling List,IL_12LJ38VR8BIZT|IL_EAQUVLIMTM7R|IL_ZN8TBHK35E0D,3,
B0CC24HCBB,BEDDING. PILLOWS. THROWS. TOWELS.,IL_1LFWTJH9UBPKU,1,
B0CC282G4V,Spring Obsessed,IL_222ENLE1WDY2M,1,
B0CC3XJF87,CANDLE HOLDERS. CANDLE STICKS.,IL_ITC144HBA2XS,1,
B0CC4J3J3Y,THE Littles - GIFT GUIDE,IL_3BMD6XLV7JIPG,1,
B0CC4LM6V1,FOR HIM - GIFT GUIDE,IL_26IY6FNENQC7M,1,
B0CC4VTSS1,VIRAL Holiday Finds,IL_3QCVRRMTI2TTQ,1,
B0CC4XNDFY,EARNED A SPOT FOR LIFE!|HOLIDAY BEST SELLERS|Our REMODEL HOME,IL_1Q6KH53S4CVWD|IL_1RA73GK94YR1G|IL_76ENHDCP4NP1,3,
B0CC51NHVZ,The FALL EDIT,IL_IOIVGOQN9X1X,1,
B0CC51ZZHC,WORK WEAR,IL_3J2NRGA0NCDGR,1,
B0CC6HSNRD,HEALTHY Living,IL_136JGDBOWW0I4,1,
B0CC79NWLF,BARCART|SUMMER HOSTING,IL_1YYODGJOLLLRT|IL_C4VDLQZK7ACP,2,
B0CC8CW726,CAR ORGANIZATION,IL_3TE1WGJI4HUK8,1,
B0CC8YJHYZ,FOR HER - HANDBAGS,IL_3ITM4V91K4422,1,
B0CC8ZK132,TABLETOP MUST-HAVES,IL_2RA331651DDK8,1,
B0CC927QWT,WINTER FASHION,IL_PN4A9X7BMPFX,1,
B0CC96L88V,WINTER FASHION,IL_PN4A9X7BMPFX,1,
B0CCBQWQ9D,BEDDING. PILLOWS. THROWS. TOWELS.,IL_1LFWTJH9UBPKU,1,
B0CCC118H6,SOFAS. ACCENT CHAIRS. OTTOMANS.,IL_34VIWGR89GOO8,1,
B0CCC7J6F8,BEDDING. PILLOWS. THROWS. TOWELS.,IL_1LFWTJH9UBPKU,1,
B0CCC8S3P1,SOFAS. ACCENT CHAIRS. OTTOMANS.,IL_34VIWGR89GOO8,1,
B0CCCBBTW2,BEDDING. PILLOWS. THROWS. TOWELS.,IL_1LFWTJH9UBPKU,1,
B0CCD18B67,COFFEE TABLES. SIDE TABLES. ACCENT TABLES,IL_2RDBP13815B8R,1,
B0CCDK9ZFX,SOFAS. ACCENT CHAIRS. OTTOMANS.,IL_34VIWGR89GOO8,1,
B0CCDKCTKR,SKIMS LIKE BASICS,IL_395N3QLHWD5V7,1,
B0CCDT5LY5,BURGUNDY CRUSH|NEW HOLIDAY Finds,IL_13866CB1KN3RI|IL_32JT2D5T30E4J,2,
B0CCF4KQTF,TOP OCTOBER DEALS,IL_1E7EHNK9QTVEH,1,
B0CCG2PPG7,SOFAS. ACCENT CHAIRS. OTTOMANS.,IL_34VIWGR89GOO8,1,
B0CCGKX343,BEDDING. PILLOWS. THROWS. TOWELS.,IL_1LFWTJH9UBPKU,1,
B0CCGNB4ZX,BEDDING. PILLOWS. THROWS. TOWELS.,IL_1LFWTJH9UBPKU,1,
B0CCHMS5GB,WINTER FASHION,IL_PN4A9X7BMPFX,1,
B0CCJDT2SP,FEBRUARY Best Sellers,IL_1MB9961G83COM,1,
B0CCJFC52R,SUMMER HOSTING,IL_C4VDLQZK7ACP,1,
B0CCJG8755,CARTS DON'T LIE — These were May's biggest hits.,IL_1BKDYBCCXK5YE,1,
B0CCLBZYBN,LAUNDRY Room Essentials,IL_27L1ENCS6OMON,1,
B0CCMH31GT,In MY Travel Bag|RESORT WEAR FASHION,IL_15NDDXZ7X0955|IL_SC6UJV027JAK,2,
B0CCNFQZ5Z,JANUARY Best Sellers,IL_F5Z67P4FFJC4,1,
B0CCNQVZ1W,VIRAL Home Gadgets,IL_14615HLXD512Y,1,
B0CCNRJJZ6,BEDROOM STYLE,IL_2HG2TBY26H9IW,1,
B0CCNZPKGH,FALL LOUNGE SETS,IL_1K9R04PZQD03N,1,
B0CCQ3TX4S,DECEMBER Best Sellers,IL_2PQNIB7PVLPT1,1,
B0CCQVJVM2,LAUNDRY Room Essentials,IL_27L1ENCS6OMON,1,
B0CCR5XJ17,VIRAL Holiday Finds,IL_3QCVRRMTI2TTQ,1,
B0CCR6DQ4W,PILLOWS & THROWS,IL_J4MBZKLMALLQ,1,
B0CCRBRXCL,TRAVEL,IL_24ASC2W86JF33,1,
B0CCRWC6W9,TOP SEPTEMBER DEALS,IL_JI222AIPC2S,1,
B0CCS66GH6,LUXURY GIFTS,IL_3KKGHGSJ1ZRYC,1,
B0CCSNGBB5,VIRAL Holiday Finds,IL_3QCVRRMTI2TTQ,1,
B0CCSQS8Y7,LUXE Gifting,IL_B4MF8PKIS82A,1,
B0CCSSL8VS,JULY TOP PICKS,IL_9FXRQ038D494,1,
B0CCSXGG27,CABINETS. SIDEBOARDS. BUFFETS. CONSOLES.,IL_2Q8H0EUR30UN9,1,
B0CCTJGZD5,BEDROOM STYLE|BEDS. DRESSERS. NIGHTSTANDS.|NIGHTSTAND Essentials|RESTORATION VIBES|Your Currently MOST-LOVED,IL_18H5BP5V6EGYM|IL_2969EJ7F6BLI8|IL_2HG2TBY26H9IW|IL_2I5A3XFI29113|IL_3BNM8CSCBJ7VF,5,
B0CCTTFT3B,HOLIDAY COLOR CRUSHES 2025,IL_1LKQL9NF315YS,1,
B0CCVFFHRY,TWEEN & TEEN - GIFT GUIDE,IL_1I8FQ5LPJG30D,1,
B0CCW7XKT4,HILLARY'S BEACH Bag Essentials,IL_29FTLXCTPVP41,1,
B0CCW8BYLY,LUXE Holiday Home,IL_21MLRQOMMKCFI,1,
B0CCWSBBMR,VIRAL Holiday Finds,IL_3QCVRRMTI2TTQ,1,
B0CCWX5DB1,SOFAS. ACCENT CHAIRS. OTTOMANS.,IL_34VIWGR89GOO8,1,
B0CCX5MCBJ,SOFAS. ACCENT CHAIRS. OTTOMANS.,IL_34VIWGR89GOO8,1,
B0CCXR38H6,HOLIDAY THEMES 2025,IL_CQQP654U5715,1,
B0CCY8SS34,AFFORDABLE DECOR,IL_2EHNEZELPW5NA,1,
B0CCYX5F83,In MY Travel Bag,IL_SC6UJV027JAK,1,
B0CD16YKKZ,January Best Sellers 2|KITCHEN Organizing|MARCH Best Sellers,IL_13DUABZBTBJVY|IL_2B46UO4I7XY3G|IL_2KYYGUEXPAOKJ,3,
B0CD1NL7HW,TWEEN & TEEN - GIFT GUIDE,IL_1I8FQ5LPJG30D,1,
B0CD1XZV6V,The FALL EDIT,IL_IOIVGOQN9X1X,1,
B0CD1ZKK1Z,April Amazon Live,IL_K5H00QYC3R1G,1,
B0CD21JZCH,TEEN GIRLIES,IL_370XLUWUIJAX1,1,
B0CD2SBGJV,January Best Sellers 2|LUXE Gifting|VANITY Must-Haves|Vanity Organization,IL_2KYYGUEXPAOKJ|IL_B4MF8PKIS82A|IL_K1RZXTONZLT1|IL_WMCP8YLCXSCD,4,
B0CD34CC3P,In MY Travel Bag,IL_SC6UJV027JAK,1,
B0CD6V7W7G,48 Yr Old Mom of 5 - What I am OBSESSED over!,IL_1NSB6B4CK6NM1,1,
B0CD6X9VH2,RESORT WEAR FASHION,IL_15NDDXZ7X0955,1,
B0CD74YM5P,NIGHTSTAND Essentials,IL_2969EJ7F6BLI8,1,
B0CD7CFXVB,HOLIDAY ON SALE,IL_81C70Z4U4BII,1,
B0CD7JGFY9,BEST SELLERS,IL_3DS692CRM1BGS,1,
B0CD7R749J,MEMORIAL DAY SALE FOLLOWER FAVORITES,IL_17ITIHGPTINHX,1,
B0CD7RMX91,Spring Obsessed,IL_222ENLE1WDY2M,1,
B0CD7SSRR3,CHIC 2-PIECE SETS,IL_QR27F03IP4AQ,1,
B0CD7T57FK,FAUX INDOOR/OUTDOOR,IL_VRW78IY69242,1,
B0CD9PTMZZ,GADGETS I CANNOT live WITHOUT|KITCHEN Organizing,IL_12L5JOTON77WY|IL_2B46UO4I7XY3G,2,
B0CDB6ZDTR,BEDROOM STYLE|Our REMODEL HOME,IL_1RA73GK94YR1G|IL_2HG2TBY26H9IW,2,
B0CDB8FPBD,CAR ORGANIZATION,IL_3TE1WGJI4HUK8,1,
B0CDBBYKKV,LAUNDRY Room Essentials,IL_27L1ENCS6OMON,1,
B0CDBLF89Y,SUMMER HOSTING,IL_C4VDLQZK7ACP,1,
B0CDBSG34Y,HOME DECOR,IL_2V4ZM0XXYOP34,1,
B0CDBSTYP5,HOLIDAY ESSENTIALS,IL_ZN8TBHK35E0D,1,
B0CDBZB7QW,WORK WEAR,IL_3J2NRGA0NCDGR,1,
B0CDBZS73C,WORK WEAR,IL_3J2NRGA0NCDGR,1,
B0CDCMMTY4,TEEN GIRLIES,IL_370XLUWUIJAX1,1,
B0CDFR5FP3,NEW HOLIDAY Finds,IL_13866CB1KN3RI,1,
B0CDFXN4YR,BARCART|ENTERTAINING Essentials,IL_1YYODGJOLLLRT|IL_2GHS9RLET14RQ,2,
B0CDGYLDCB,LIGHTING - Designer Inspired,IL_K3IDK9BPXYFW,1,
B0CDH1QWKF,LAMPS,IL_28Z72BVY6B71P,1,
B0CDH34HTX,MORE NEW FINDS,IL_32M44I5BF0O0R,1,
B0CDKDHGPF,MORE NEW FINDS,IL_32M44I5BF0O0R,1,
B0CDKF8XPD,FRIDGE Organization|KITCHEN Organizing,IL_2B46UO4I7XY3G|IL_3HBHLKKIJRXAQ,2,
B0CDKR4TP9,TEEN GIRLIES,IL_370XLUWUIJAX1,1,
B0CDKYW8FY,HOLIDAY THEMES 2025,IL_CQQP654U5715,1,
B0CDLP486H,ATHEISURE,IL_31LARMS9JHPGT,1,
B0CDLPLNG3,AUGUST TOP PICKS,IL_DSS93TBPVRP5,1,
B0CDLQFMNW,SKIMS LIKE BASICS,IL_395N3QLHWD5V7,1,
B0CDM61PLY,For the Big Kids,IL_22L0SLOF07ITQ,1,
B0CDMDRR2H,ELEVATED KITCHEN Must-Haves|Subtle Luxury Home,IL_BWHQ5TU85DA7|IL_V4V7ASEQMWKK,2,
B0CDNP8FCL,BATHROOM Organization|GADGETS I CANNOT live WITHOUT,IL_12L5JOTON77WY|IL_Q8UFO5D52NKD,2,
B0CDNT3PH2,LAST MINUTE GIFTS,IL_1OH1TVBZ3L337,1,
B0CDQFK3NW,LIGHTING - Designer Inspired,IL_K3IDK9BPXYFW,1,
B0CDR6V2R7,PRESCHOOL LITTLES,IL_16F1ZOLGB573M,1,
B0CDRDK6MR,JANUARY Best Sellers|Subtle Luxury Home,IL_BWHQ5TU85DA7|IL_F5Z67P4FFJC4,2,
B0CDRWYWBJ,$50 WINTER FASHION,IL_43J6PJOVYKC9,1,
B0CDW4N8M6,AFFORDABLE DECOR,IL_2EHNEZELPW5NA,1,
B0CDWS3291,HOME DECOR|RH STYLE - Looks like a SPLURGE|SOFAS. ACCENT CHAIRS. OTTOMANS.,IL_2V4ZM0XXYOP34|IL_32TSU85USSAQZ|IL_34VIWGR89GOO8,3,
B0CDXLYN2W,BATHROOM Organization|ELEVATED Bathroom Must-Haves|GADGETS I CANNOT live WITHOUT|ORGANIZING Essentials,IL_12L5JOTON77WY|IL_21T7CCUQI2DH5|IL_27VCDHN1568QK|IL_Q8UFO5D52NKD,4,
B0CDYRK12Y,COFFEE TABLE BOOKS,IL_1NFO0QLH5HS6Y,1,
B0CDZWWPQ2,LAUNDRY Room Essentials,IL_27L1ENCS6OMON,1,
B0CF21CM7H,JANUARY Best Sellers,IL_F5Z67P4FFJC4,1,
B0CF255BJX,PILLOWS & THROWS,IL_J4MBZKLMALLQ,1,
B0CF3Y2MTT,SOFAS. ACCENT CHAIRS. OTTOMANS.,IL_34VIWGR89GOO8,1,
B0CF42RDCK,TOP OCTOBER DEALS,IL_1E7EHNK9QTVEH,1,
B0CF44ZMLG,CAR ORGANIZATION,IL_3TE1WGJI4HUK8,1,
B0CF4CPYXY,TOP OCTOBER DEALS,IL_1E7EHNK9QTVEH,1,
B0CF4KYZ2W,FALL LOUNGE SETS|FEBRUARY Best Sellers,IL_1K9R04PZQD03N|IL_1MB9961G83COM,2,
B0CF6TK4T5,SPORT MOM Style,IL_33RG7LWDINUWO,1,
B0CF8M7DXR,BOY'S Bathroom|POWDER BATH,IL_311VGYMV97O78|IL_3CQZYKSH60HA3,2,
B0CF9TL3V8,LAUNDRY Room Essentials,IL_27L1ENCS6OMON,1,
B0CFB8W8Z9,TOP NOVEMBER DEALS,IL_2Z5U0A9S9OXF9,1,
B0CFCLC9DC,AUGUST TOP PICKS,IL_DSS93TBPVRP5,1,
B0CFCPTM76,TEEN GIRLIES|TWEEN BACK TO SCHOOL,IL_370XLUWUIJAX1|IL_39AL8K1TZE306,2,
B0CFD36FW3,BARCART|ENTERTAINING Essentials|GADGETS I CANNOT live WITHOUT|SHATTERPROOF Beverage Glasses|SUMMER HOSTING|Your Currently MOST-LOVED,IL_12L5JOTON77WY|IL_1YYODGJOLLLRT|IL_2GHS9RLET14RQ|IL_3BNM8CSCBJ7VF|IL_3U9GRAHOG87DY|IL_C4VDLQZK7ACP,6,All memberships are included in internal_label; only the first 5 stable backup labels appear in custom_label_0-4.
B0CFD48Q27,TWEEN & TEEN - GIFT GUIDE,IL_1I8FQ5LPJG30D,1,
B0CFF3QJ62,EARNED A SPOT FOR LIFE!,IL_76ENHDCP4NP1,1,
B0CFG2K7YY,LAUNDRY Room Essentials,IL_27L1ENCS6OMON,1,
B0CFH4WCPS,THE DRESS SHOPPE - From BRUNCH to BLACK TIE,IL_1HHMN64HEUPU9,1,
B0CFHJHXHT,MARCH Best Sellers,IL_13DUABZBTBJVY,1,
B0CFJ8X4KF,HOLIDAY ON SALE,IL_81C70Z4U4BII,1,
B0CFLBPBGR,NEW HOLIDAY Finds,IL_13866CB1KN3RI,1,
B0CFLFKP7Q,For the Hostess - GIFT GUIDE,IL_2C66SA5TXKNJK,1,
B0CFPJYX7P,LUXE Gifting|TECH ESSENTIALS,IL_1LVS8EBYWIS2J|IL_B4MF8PKIS82A,2,
B0CFPVBJXD,FEBRUARY Best Sellers,IL_1MB9961G83COM,1,
B0CFQFMC4F,BATHROOM Organization|GADGETS I CANNOT live WITHOUT,IL_12L5JOTON77WY|IL_Q8UFO5D52NKD,2,
B0CFR1Y86Z,SKIMS LIKE BASICS,IL_395N3QLHWD5V7,1,
B0CFT4D3X2,WINTER FASHION,IL_PN4A9X7BMPFX,1,
B0CFTKD16J,CAR ORGANIZATION,IL_3TE1WGJI4HUK8,1,
B0CFWCKF7H,GIFTS UNDER $50,IL_30ZOK8YSQFY5N,1,
B0CFWKMK2L,MEMORIAL DAY SALE FOLLOWER FAVORITES,IL_17ITIHGPTINHX,1,
B0CFWVKWQ8,LUXE JEWELRY & ACCESSORIES,IL_27BIT6UUHQ198,1,
B0CFX6DVHD,TWEEN & TEEN - GIFT GUIDE,IL_1I8FQ5LPJG30D,1,
B0CFXGZNFQ,HOLIDAY ESSENTIALS,IL_ZN8TBHK35E0D,1,
B0CFYLGCY9,KITCHEN Essentials,IL_286Q78OJSYZO8,1,
B0CFYMNJW4,$50 WINTER FASHION|2025 TOP SELLERS|48 Yr Old Mom of 5 - What I am OBSESSED over!|AFFORDABLE DECOR|AMAZING NEW Home Finds|APRIL Best Sellers|ATHEISURE|ATHLETIC DRESSES|AUGUST TOP PICKS|AUTUMN Vibes|Amazon Furniture in Our Home|April Amazon Live|BARCART|BATHROOM Essentials|BATHROOM Organization|BATHROOM REMODEL|BEAUTY & SKINCARE|BEAUTY MUST-HAVES|BED & BATH FINDS|BEDDING. PILLOWS. THROWS. TOWELS.|BEDDING: LUXURY finds in Our Home|BEDROOM STYLE|BEDS. DRESSERS. NIGHTSTANDS.|BEST SELLERS|BOY'S Bathroom|BRIDE- Spoil Her for the Big Day!|BURGUNDY CRUSH|CABINETS. SIDEBOARDS. BUFFETS. CONSOLES.|CANDLE HOLDERS. CANDLE STICKS.|CAR ORGANIZATION|CARTS DON'T LIE — These were May's biggest hits.|CHIC 2-PIECE SETS|CHIC WITHOUT THE SPLURGE TRAVEL|CLOSET Organizing|COFFEE BAR Essentials|COFFEE TABLE BOOKS|COFFEE TABLES. SIDE TABLES. ACCENT TABLES|CREATOR Favorites|CURTAINS|CYBER HOLIDAY|DATE NIGHT FASHION|DECEMBER Best Sellers|DESIGNER INSPIRED|DINING ROOM|DORM ROOM ESSENTIALS|EARLY Fall|EARNED A SPOT FOR LIFE!|ELEMENTARY SCHOOL|ELEVATED Bathroom Must-Haves|ELEVATED HOLIDAY FASHION|ELEVATED KITCHEN Must-Haves|ELEVATED SWIMWEAR|ENTERTAINING Essentials|ENTRYWAY. FOYER.|EUROPEAN SUMMER|Effortless Chic Home|FALL LOUNGE SETS|FASHION|FAUX & DRIED FLORALS|FAUX INDOOR/OUTDOOR|FEBRUARY Best Sellers|FOR HER - HANDBAGS|FOR HIM - GIFT GUIDE|FRIDGE Organization|FRONT PORCH|FURNITURE In Our Home|For the Big Kids|For the Hostess - GIFT GUIDE|Furniture Mover REEL|GADGETS I CANNOT live WITHOUT|GIFTING|GIFTS UNDER $25|GIFTS UNDER $50|HAIR CARE|HALLOWEEN|HARDWARE & FINISHES|HEALTHY Living|HILLARY'S BEACH Bag Essentials|HOLIDAY BEST SELLERS|HOLIDAY COLOR CRUSHES 2025|HOLIDAY ESSENTIALS|HOLIDAY EVENING Looks|HOLIDAY MUST-HAVES on AMAZON LIVE|HOLIDAY ON SALE|HOLIDAY THEMES 2025|HOME & BATH Essentials|HOME DECOR|HOME OFFICE Essentials|Hillary's NEWEST Finds|Home UPGRADES|In MY Travel Bag|JANUARY Best Sellers|JOCELYN'S Space|JULY TOP PICKS|JUNE TOP PICKS|JUST IN - Organizing & Home|JUST IN...My Newest OBSESSIONS|January Best Sellers 2|KITCHEN Essentials|KITCHEN Organizing|LAMPS|LAST MINUTE GIFTS|LAUNDRY Room Essentials|LIGHTING - Designer Inspired|LUXE Gifting|LUXE Holiday Home|LUXE JEWELRY & ACCESSORIES|LUXURY GIFTS|MARCH Best Sellers|MAXI DRESS EDIT|MEMORIAL DAY SALE FOLLOWER FAVORITES|MORE NEW FINDS|MUST-HAVE HOSTING|MY HOLIDAY Home|MY Holiday Styling List|MY TOP PRODUCTS FOR JULY|Moody Luxe Home|My Curated Gift Guide|My TOP Amazon Cleaning and Organizing|NEW Arrivals|NEW HOLIDAY Finds|NEW HOME FINDS|NIGHTSTAND Essentials|NO DRILL Home Improvement|New Year's Must-Haves|ORGANIZING Essentials|OUR Rental|OUTDOOR Oasis|OVER 40 & Fabulous HILLARY'S Capsule WARDROBE - Effortless & Chic|Our REMODEL HOME|Our SITTING ROOM|Outdoor PLANTERS|PANTRY Organization|PILATES PRINCESS|PILLOWS & THROWS|POWDER BATH|PRESCHOOL LITTLES|QUIET LUXURY/OLD MONEY|RESORT WEAR FASHION|RESTORATION VIBES|RH STYLE - Looks like a SPLURGE|RUGS|SHATTERPROOF Beverage Glasses|SHOP The Hillary Style|SHOPBOP Favorites|SKIMS LIKE BASICS|SOFAS. ACCENT CHAIRS. OTTOMANS.|SPORT MOM Style|STOCKING STUFFERS|SUMMER HOSTING|Spring Obsessed|Subtle Luxury Home|TABLETOP MUST-HAVES|TECH ESSENTIALS|TEEN GIRLIES|TEEN GUYS|THE DRESS SHOPPE - From BRUNCH to BLACK TIE|THE Little Black Dress|THE Littles - GIFT GUIDE|TOP 100 HOME PICKS|TOP 100 PRIME FASHION DEALS|TOP 100+ PRIME DEALS|TOP 50 BEAUTY|TOP MOVING/ORGANIZING|TOP NOVEMBER DEALS|TOP OCTOBER DEALS|TOP SEPTEMBER DEALS|TRANSITIONAL Fall Fashion|TRAVEL|TWEEN & TEEN - GIFT GUIDE|TWEEN BACK TO SCHOOL|The FALL EDIT|The Hillary Style Holiday|The STYLE EDIT - HOTTEST finds RIGHT NOW!|UNBOXING|UNDER $50 FALL Capsule|VANITY Must-Haves|VASES. TRAYS. BOXES.|VIRAL Holiday Finds|VIRAL Home Gadgets|Vanity Organization|WALL DECOR - MIRRORS. ART. FRAMES.|WINTER FASHION|WORK WEAR|Your Currently MOST-LOVED,IL_12L5JOTON77WY|IL_12LJ38VR8BIZT|IL_136JGDBOWW0I4|IL_13866CB1KN3RI|IL_13DUABZBTBJVY|IL_13LSJDYI0DMAZ|IL_14615HLXD512Y|IL_15NDDXZ7X0955|IL_16F1ZOLGB573M|IL_174AROJG7VER7|IL_17ITIHGPTINHX|IL_17SP6THMUJN6E|IL_181FEP0C2U0RU|IL_18H5BP5V6EGYM|IL_18JLLR8E7X2KU|IL_1BKDYBCCXK5YE|IL_1DUCBV6BSXOJF|IL_1DXRHB098MRMA|IL_1E7EHNK9QTVEH|IL_1GS6BISWIK7UN|IL_1HHMN64HEUPU9|IL_1HZQPC6SSAHFG|IL_1I8FQ5LPJG30D|IL_1K9R04PZQD03N|IL_1LFWTJH9UBPKU|IL_1LKQL9NF315YS|IL_1LVS8EBYWIS2J|IL_1MB9961G83COM|IL_1MKYF1CAY9E8G|IL_1NFO0QLH5HS6Y|IL_1NR6N43OIR93A|IL_1NSB6B4CK6NM1|IL_1OH1TVBZ3L337|IL_1Q6KH53S4CVWD|IL_1QMBJFJU34FUR|IL_1QMQ9WWH79VRL|IL_1R4YIGU257W50|IL_1RA73GK94YR1G|IL_1SLNDA7361JAR|IL_1UGCFJJRVROLC|IL_1XPGUL8BC81KW|IL_1YYODGJOLLLRT|IL_20274194WU668|IL_202RY6J21JOG9|IL_20ODL7UVO85YK|IL_20Q0HRFOLM3K2|IL_21CU9PVXLTL6P|IL_21IKKXKZPGWVW|IL_21MLRQOMMKCFI|IL_21T7CCUQI2DH5|IL_222ENLE1WDY2M|IL_22L0SLOF07ITQ|IL_23YO2PO28IXV|IL_24ASC2W86JF33|IL_26IY6FNENQC7M|IL_270Y6RLSPP10V|IL_27BIT6UUHQ198|IL_27L1ENCS6OMON|IL_27VCDHN1568QK|IL_286Q78OJSYZO8|IL_28Z72BVY6B71P|IL_2969EJ7F6BLI8|IL_29FTLXCTPVP41|IL_2ABZ85AO7D848|IL_2B46UO4I7XY3G|IL_2C66SA5TXKNJK|IL_2DHFOQ3A1Q5U2|IL_2DVQFMB8O8SDC|IL_2EHNEZELPW5NA|IL_2GHS9RLET14RQ|IL_2GR0M7LHWL1O|IL_2HG2TBY26H9IW|IL_2I5A3XFI29113|IL_2KYYGUEXPAOKJ|IL_2LWBTUXIDQYKM|IL_2N8O18PX5PHA3|IL_2NDA05KNMQH4|IL_2OL0SY0HD6BBS|IL_2P1RVZSE8RCAZ|IL_2PQNIB7PVLPT1|IL_2Q5678F6BP61R|IL_2Q8H0EUR30UN9|IL_2RA331651DDK8|IL_2RDBP13815B8R|IL_2V2HL7TFY8QE8|IL_2V4ZM0XXYOP34|IL_2V9Q1BLJC4BNW|IL_2WRZJHHWAS214|IL_2YQAXQUJ2H8KY|IL_2Z5U0A9S9OXF9|IL_30ZOK8YSQFY5N|IL_310DHOAQUC0DH|IL_311VGYMV97O78|IL_31KXTI157WXNV|IL_31LARMS9JHPGT|IL_31R6EZ6S1ERJH|IL_32JT2D5T30E4J|IL_32M44I5BF0O0R|IL_32NJAOW4JT5JB|IL_32TSU85USSAQZ|IL_330I4A3SQ3ERE|IL_33RG7LWDINUWO|IL_341JHBPWHDBNK|IL_34RHZWFKXT7UT|IL_34VIWGR89GOO8|IL_370XLUWUIJAX1|IL_395N3QLHWD5V7|IL_39AL8K1TZE306|IL_39FHE4P3M78YV|IL_3BMD6XLV7JIPG|IL_3BNM8CSCBJ7VF|IL_3CETAKAWP1P7C|IL_3CQZYKSH60HA3|IL_3DS692CRM1BGS|IL_3GE7XODL0Z5A3|IL_3H3WH72KSZXK3|IL_3HBHLKKIJRXAQ|IL_3ITM4V91K4422|IL_3J2NRGA0NCDGR|IL_3JCDIMAGNYZ0E|IL_3KKGHGSJ1ZRYC|IL_3LEWC1H0K68XB|IL_3MJSZFZU5658|IL_3QCVRRMTI2TTQ|IL_3QM5O5E9ELURW|IL_3R1F2KZC9BJXJ|IL_3RKTIOM3H9T72|IL_3RT5O1LPLW4HX|IL_3TE1WGJI4HUK8|IL_3U58T22AIU7ZR|IL_3U9GRAHOG87DY|IL_3UQI8VF6F9P66|IL_3VBGW6RI08DIE|IL_3VW7VU2STCZ6B|IL_43J6PJOVYKC9|IL_5MN6DE6JTTK2|IL_76ENHDCP4NP1|IL_81C70Z4U4BII|IL_97O81RWTU3TG|IL_9FXRQ038D494|IL_B4MF8PKIS82A|IL_BWHQ5TU85DA7|IL_C4VDLQZK7ACP|IL_CQQP654U5715|IL_CTNECHN1HUCU|IL_DB6CKD297DDB|IL_DSS93TBPVRP5|IL_EAQUVLIMTM7R|IL_ED3VXSBXPFO5|IL_EEJXEINH2736|IL_F5Z67P4FFJC4|IL_FJAM99COX1K9|IL_IE0BGUCCDZ8X|IL_IOIVGOQN9X1X|IL_IRH0FVF815TU|IL_ITC144HBA2XS|IL_J39K6QG9TPDR|IL_J4MBZKLMALLQ|IL_JI222AIPC2S|IL_K1RZXTONZLT1|IL_K3IDK9BPXYFW|IL_K5H00QYC3R1G|IL_KIGFVJQ0V3OW|IL_L3V3XJ5WT8SV|IL_M0U0DTYJP1BI|IL_M615BEYW486F|IL_O5BIFXCH5S3Y|IL_O65RH2OR0EF3|IL_OB8CSFU2LS6V|IL_OJUSIV7RIXZX|IL_PN4A9X7BMPFX|IL_Q8UFO5D52NKD|IL_QR27F03IP4AQ|IL_QWA0HLMH0ZPN|IL_SC6UJV027JAK|IL_T9AHRYR4TO4W|IL_TOLRF8ZU3T5K|IL_V4V7ASEQMWKK|IL_VI6A3WXDHHDU|IL_VRW78IY69242|IL_WMCP8YLCXSCD|IL_WPS59NJ19M48|IL_WU8FIFLKC1R5|IL_YYM41OHGI1KQ|IL_ZN8TBHK35E0D,185,All memberships are included in internal_label; only the first 5 stable backup labels appear in custom_label_0-4.
B0CFYX3946,KITCHEN Essentials,IL_286Q78OJSYZO8,1,
B0CFZQWDVY,HOLIDAY ON SALE,IL_81C70Z4U4BII,1,
B0CFZTK174,THE Littles - GIFT GUIDE,IL_3BMD6XLV7JIPG,1,
B0CG14R2B2,$50 WINTER FASHION,IL_43J6PJOVYKC9,1,
B0CG1P3MLN,TEEN GIRLIES|TWEEN BACK TO SCHOOL,IL_370XLUWUIJAX1|IL_39AL8K1TZE306,2,
B0CG1XY4KP,CHIC 2-PIECE SETS,IL_QR27F03IP4AQ,1,
B0CG38DCDH,TABLETOP MUST-HAVES,IL_2RA331651DDK8,1,
B0CG4DW8GX,BATHROOM REMODEL|HOME & BATH Essentials,IL_IRH0FVF815TU|IL_QWA0HLMH0ZPN,2,
B0CG4S65ZJ,FRIDGE Organization,IL_3HBHLKKIJRXAQ,1,
B0CG5GCCVM,LUXURY GIFTS,IL_3KKGHGSJ1ZRYC,1,
B0CG5QWN47,Hillary's NEWEST Finds,IL_1XPGUL8BC81KW,1,
B0CG5VPPW2,AUGUST TOP PICKS,IL_DSS93TBPVRP5,1,
B0CG65PYBV,FOR HIM - GIFT GUIDE|STOCKING STUFFERS,IL_20274194WU668|IL_26IY6FNENQC7M,2,
B0CG6SYX61,VASES. TRAYS. BOXES.,IL_2YQAXQUJ2H8KY,1,
B0CG7LDD4L,For the Hostess - GIFT GUIDE,IL_2C66SA5TXKNJK,1,
B0CG8STG6Y,BEDS. DRESSERS. NIGHTSTANDS.,IL_18H5BP5V6EGYM,1,
B0CG8Z8V8R,ENTERTAINING Essentials|VIRAL Holiday Finds,IL_2GHS9RLET14RQ|IL_3QCVRRMTI2TTQ,2,
B0CG9862PD,CLOSET Organizing,IL_1R4YIGU257W50,1,
B0CGB4DM8K,For the Hostess - GIFT GUIDE|KITCHEN Essentials,IL_286Q78OJSYZO8|IL_2C66SA5TXKNJK,2,
B0CGBS54W6,RUGS,IL_2N8O18PX5PHA3,1,
B0CGC287CS,TOP 100 PRIME FASHION DEALS,IL_2LWBTUXIDQYKM,1,
B0CGCKRKDR,EARNED A SPOT FOR LIFE!|PANTRY Organization,IL_1MKYF1CAY9E8G|IL_76ENHDCP4NP1,2,
B0CGDDXY11,TRAVEL,IL_24ASC2W86JF33,1,
B0CGH866PV,2025 TOP SELLERS|MY TOP PRODUCTS FOR JULY|ORGANIZING Essentials,IL_27VCDHN1568QK|IL_3RT5O1LPLW4HX|IL_OB8CSFU2LS6V,3,
B0CGHWSDHX,LAST MINUTE GIFTS,IL_1OH1TVBZ3L337,1,
B0CGHZ3ZXZ,SOFAS. ACCENT CHAIRS. OTTOMANS.,IL_34VIWGR89GOO8,1,
B0CGJ61HMM,LIGHTING - Designer Inspired,IL_K3IDK9BPXYFW,1,
B0CGJC1GHB,In MY Travel Bag|JUNE TOP PICKS|TRAVEL,IL_24ASC2W86JF33|IL_2Q5678F6BP61R|IL_SC6UJV027JAK,3,
B0CGJHKF34,CLOSET Organizing,IL_1R4YIGU257W50,1,
B0CGJJJC4M,CLOSET Organizing,IL_1R4YIGU257W50,1,
B0CGKZDCB3,BATHROOM REMODEL|ELEVATED Bathroom Must-Haves|HOME & BATH Essentials|JOCELYN'S Space|Your Currently MOST-LOVED,IL_1DXRHB098MRMA|IL_21T7CCUQI2DH5|IL_3BNM8CSCBJ7VF|IL_IRH0FVF815TU|IL_QWA0HLMH0ZPN,5,
B0CGLL64JT,HOLIDAY ESSENTIALS|VIRAL Holiday Finds,IL_3QCVRRMTI2TTQ|IL_ZN8TBHK35E0D,2,
B0CGLMF8PV,New Year's Must-Haves,IL_3H3WH72KSZXK3,1,
B0CGLN3DQF,MARCH Best Sellers|VANITY Must-Haves,IL_13DUABZBTBJVY|IL_K1RZXTONZLT1,2,
B0CGLPC42G,TOP 100 HOME PICKS,IL_2DVQFMB8O8SDC,1,
B0CGLPL7P5,BEDDING: LUXURY finds in Our Home,IL_3MJSZFZU5658,1,
B0CGLPZ2N4,BEDDING: LUXURY finds in Our Home,IL_3MJSZFZU5658,1,
B0CGLWQVWR,FOR HIM - GIFT GUIDE,IL_26IY6FNENQC7M,1,
B0CGLXHLWN,DECEMBER Best Sellers,IL_2PQNIB7PVLPT1,1,
B0CGM2TJMX,BATHROOM Essentials,IL_L3V3XJ5WT8SV,1,
B0CGM46Q7T,DECEMBER Best Sellers,IL_2PQNIB7PVLPT1,1,
B0CGMKKQSG,CABINETS. SIDEBOARDS. BUFFETS. CONSOLES.,IL_2Q8H0EUR30UN9,1,
B0CGNPBNZZ,BATHROOM Organization,IL_Q8UFO5D52NKD,1,
B0CGNS1QC8,VIRAL Home Gadgets,IL_14615HLXD512Y,1,
B0CGQ35CRM,GADGETS I CANNOT live WITHOUT,IL_12L5JOTON77WY,1,
B0CGQQ58VC,VIRAL Home Gadgets,IL_14615HLXD512Y,1,
B0CGRC4VGS,HOME & BATH Essentials,IL_IRH0FVF815TU,1,
B0CGRFGTZT,SKIMS LIKE BASICS,IL_395N3QLHWD5V7,1,
B0CGRFHVBJ,AFFORDABLE DECOR|VASES. TRAYS. BOXES.,IL_2EHNEZELPW5NA|IL_2YQAXQUJ2H8KY,2,
B0CGRJM6NM,APRIL Best Sellers|April Amazon Live|FAUX INDOOR/OUTDOOR|OUTDOOR Oasis,IL_181FEP0C2U0RU|IL_K5H00QYC3R1G|IL_VI6A3WXDHHDU|IL_VRW78IY69242,4,
B0CGRX9MWV,CABINETS. SIDEBOARDS. BUFFETS. CONSOLES.,IL_2Q8H0EUR30UN9,1,
B0CGRYT5WN,AFFORDABLE DECOR,IL_2EHNEZELPW5NA,1,
B0CGT9W5WX,HILLARY'S BEACH Bag Essentials,IL_29FTLXCTPVP41,1,
B0CGTNC8H4,FAUX INDOOR/OUTDOOR,IL_VRW78IY69242,1,
B0CGV7HPHM,LAUNDRY Room Essentials,IL_27L1ENCS6OMON,1,
B0CGV8WG19,GIFTS UNDER $25,IL_OJUSIV7RIXZX,1,
B0CGV9ZNLX,April Amazon Live,IL_K5H00QYC3R1G,1,
B0CGVF27RR,NIGHTSTAND Essentials,IL_2969EJ7F6BLI8,1,
B0CGVSKR1G,TECH ESSENTIALS,IL_1LVS8EBYWIS2J,1,
B0CGVXPYBD,HOLIDAY ESSENTIALS,IL_ZN8TBHK35E0D,1,
B0CGW1ZFVB,For the Hostess - GIFT GUIDE,IL_2C66SA5TXKNJK,1,
B0CGW26VFL,MORE NEW FINDS,IL_32M44I5BF0O0R,1,
B0CGWP7K5Q,JUST IN...My Newest OBSESSIONS,IL_EAQUVLIMTM7R,1,
B0CGWQ53L3,MARCH Best Sellers,IL_13DUABZBTBJVY,1,
B0CGX3ZGBK,FOR HIM - GIFT GUIDE,IL_26IY6FNENQC7M,1,
B0CGX538DK,JANUARY Best Sellers|LAST MINUTE GIFTS,IL_1OH1TVBZ3L337|IL_F5Z67P4FFJC4,2,
B0CGXD3Q9X,LAST MINUTE GIFTS,IL_1OH1TVBZ3L337,1,
B0CGXSX6VX,MAXI DRESS EDIT|THE DRESS SHOPPE - From BRUNCH to BLACK TIE,IL_1HHMN64HEUPU9|IL_3CETAKAWP1P7C,2,
B0CGY17ZHG,VASES. TRAYS. BOXES.,IL_2YQAXQUJ2H8KY,1,
B0CGY8BVXT,STOCKING STUFFERS,IL_20274194WU668,1,
B0CGZPR3X9,MORE NEW FINDS,IL_32M44I5BF0O0R,1,
B0CGZQ6WVB,VIRAL Holiday Finds,IL_3QCVRRMTI2TTQ,1,
B0CGZS5129,DECEMBER Best Sellers,IL_2PQNIB7PVLPT1,1,
B0CH159ZNT,DECEMBER Best Sellers,IL_2PQNIB7PVLPT1,1,
B0CH1H1Z2N,LAST MINUTE GIFTS,IL_1OH1TVBZ3L337,1,
B0CH31BDWK,LUXURY GIFTS,IL_3KKGHGSJ1ZRYC,1,
B0CH3DYPYG,PILLOWS & THROWS,IL_J4MBZKLMALLQ,1,
B0CH3FCFC9,DINING ROOM,IL_3RKTIOM3H9T72,1,
B0CH3G2R83,Your Currently MOST-LOVED,IL_3BNM8CSCBJ7VF,1,
B0CH3KDP3S,TOP SEPTEMBER DEALS,IL_JI222AIPC2S,1,
B0CH3V2VZR,DINING ROOM,IL_3RKTIOM3H9T72,1,
B0CH6TQJB9,TWEEN & TEEN - GIFT GUIDE,IL_1I8FQ5LPJG30D,1,
B0CH829X5R,TEEN GUYS,IL_O65RH2OR0EF3,1,
B0CH88QPTK,AUGUST TOP PICKS,IL_DSS93TBPVRP5,1,
B0CH8HQLZ7,EARNED A SPOT FOR LIFE!,IL_76ENHDCP4NP1,1,
B0CH8JPHZF,AFFORDABLE DECOR|ENTERTAINING Essentials|HOLIDAY MUST-HAVES on AMAZON LIVE|LUXURY GIFTS|RESTORATION VIBES,IL_2EHNEZELPW5NA|IL_2GHS9RLET14RQ|IL_2I5A3XFI29113|IL_3KKGHGSJ1ZRYC|IL_3U58T22AIU7ZR,5,
B0CH8SVWJC,CLOSET Organizing,IL_1R4YIGU257W50,1,
B0CH9BM6ZS,2025 TOP SELLERS,IL_3RT5O1LPLW4HX,1,
B0CH9WGF1V,BATHROOM Essentials,IL_L3V3XJ5WT8SV,1,
B0CHB2G96S,LAST MINUTE GIFTS,IL_1OH1TVBZ3L337,1,
B0CHB6CVJN,JANUARY Best Sellers,IL_F5Z67P4FFJC4,1,
B0CHB6TJLV,SKIMS LIKE BASICS,IL_395N3QLHWD5V7,1,
B0CHBC8X3P,SHOPBOP Favorites|TRANSITIONAL Fall Fashion,IL_5MN6DE6JTTK2|IL_EEJXEINH2736,2,
B0CHBF4T35,LAUNDRY Room Essentials,IL_27L1ENCS6OMON,1,
B0CHCCS46D,ELEVATED Bathroom Must-Haves,IL_21T7CCUQI2DH5,1,
B0CHDHBDQJ,SHOPBOP Favorites,IL_EEJXEINH2736,1,
B0CHDM1RZ6,TWEEN & TEEN - GIFT GUIDE,IL_1I8FQ5LPJG30D,1,
B0CHDTD3RG,CHIC 2-PIECE SETS,IL_QR27F03IP4AQ,1,
B0CHF8QWZN,48 Yr Old Mom of 5 - What I am OBSESSED over!|BURGUNDY CRUSH|In MY Travel Bag|MAXI DRESS EDIT,IL_1NSB6B4CK6NM1|IL_32JT2D5T30E4J|IL_3CETAKAWP1P7C|IL_SC6UJV027JAK,4,
B0CHFDHT1R,RESORT WEAR FASHION,IL_15NDDXZ7X0955,1,
B0CHGFG64S,AUGUST TOP PICKS,IL_DSS93TBPVRP5,1,
B0CHGYS9KR,TEEN GUYS,IL_O65RH2OR0EF3,1,
B0CHJPR6GR,JUST IN...My Newest OBSESSIONS,IL_EAQUVLIMTM7R,1,
B0CHLQLMQB,FOR HIM - GIFT GUIDE,IL_26IY6FNENQC7M,1,
B0CHLY1K6B,BEDDING. PILLOWS. THROWS. TOWELS.,IL_1LFWTJH9UBPKU,1,
B0CHMF11B7,DECEMBER Best Sellers|GIFTING,IL_2PQNIB7PVLPT1|IL_YYM41OHGI1KQ,2,
B0CHMTB2GM,AUGUST TOP PICKS,IL_DSS93TBPVRP5,1,
B0CHN2HHGC,RUGS,IL_2N8O18PX5PHA3,1,
B0CHP621NB,Furniture Mover REEL,IL_2ABZ85AO7D848,1,
B0CHRC8RJM,My Curated Gift Guide,IL_IE0BGUCCDZ8X,1,
B0CHRD5V92,January Best Sellers 2,IL_2KYYGUEXPAOKJ,1,
B0CHRDGMRC,TOP OCTOBER DEALS,IL_1E7EHNK9QTVEH,1,
B0CHRDR5P1,GIFTS UNDER $50|JOCELYN'S Space,IL_1DXRHB098MRMA|IL_30ZOK8YSQFY5N,2,
B0CHRDZTL7,JULY TOP PICKS|LAST MINUTE GIFTS,IL_1OH1TVBZ3L337|IL_9FXRQ038D494,2,
B0CHS15JXY,CHIC WITHOUT THE SPLURGE TRAVEL,IL_2GR0M7LHWL1O,1,
B0CHS79392,BOY'S Bathroom,IL_3CQZYKSH60HA3,1,
B0CHS8GLS9,BARCART|VASES. TRAYS. BOXES.,IL_1YYODGJOLLLRT|IL_2YQAXQUJ2H8KY,2,
B0CHS93S12,BARCART,IL_1YYODGJOLLLRT,1,
B0CHVNMC2V,TECH ESSENTIALS,IL_1LVS8EBYWIS2J,1,
B0CHVP8T77,WALL DECOR - MIRRORS. ART. FRAMES.,IL_1HZQPC6SSAHFG,1,
B0CHVPFR2S,COFFEE TABLES. SIDE TABLES. ACCENT TABLES,IL_2RDBP13815B8R,1,
B0CHVSB347,WINTER FASHION,IL_PN4A9X7BMPFX,1,
B0CHW2H14Q,WINTER FASHION,IL_PN4A9X7BMPFX,1,
B0CHW42H5R,TOP NOVEMBER DEALS,IL_2Z5U0A9S9OXF9,1,
B0CHWRQH25,HILLARY'S BEACH Bag Essentials,IL_29FTLXCTPVP41,1,
B0CHWWNV7G,2025 TOP SELLERS|CAR ORGANIZATION,IL_3RT5O1LPLW4HX|IL_3TE1WGJI4HUK8,2,
B0CHY3CN2S,DINING ROOM,IL_3RKTIOM3H9T72,1,
B0CHY9ZWPH,MEMORIAL DAY SALE FOLLOWER FAVORITES,IL_17ITIHGPTINHX,1,
B0CHYK789F,FASHION,IL_3LEWC1H0K68XB,1,
B0CHYKTQ1D,CLOSET Organizing,IL_1R4YIGU257W50,1,
B0CHYLWYFD,BRIDE- Spoil Her for the Big Day!,IL_3R1F2KZC9BJXJ,1,
B0CHZ155LB,HOLIDAY MUST-HAVES on AMAZON LIVE|LUXURY GIFTS,IL_3KKGHGSJ1ZRYC|IL_3U58T22AIU7ZR,2,
B0CHZ2MLL5,GIFTING|LUXE JEWELRY & ACCESSORIES,IL_27BIT6UUHQ198|IL_YYM41OHGI1KQ,2,
B0CJ2M82MX,TOP NOVEMBER DEALS,IL_2Z5U0A9S9OXF9,1,
B0CJ2RSMPJ,SKIMS LIKE BASICS,IL_395N3QLHWD5V7,1,
B0CJ3C9BKV,TWEEN & TEEN - GIFT GUIDE,IL_1I8FQ5LPJG30D,1,
B0CJ3G54K3,48 Yr Old Mom of 5 - What I am OBSESSED over!|BEAUTY MUST-HAVES|LUXURY GIFTS,IL_174AROJG7VER7|IL_1NSB6B4CK6NM1|IL_3KKGHGSJ1ZRYC,3,
B0CJ49MRLZ,DINING ROOM,IL_3RKTIOM3H9T72,1,
B0CJ4QS2G3,UNDER $50 FALL Capsule,IL_39FHE4P3M78YV,1,
B0CJ4S2RCV,HOME & BATH Essentials,IL_IRH0FVF815TU,1,
B0CJ692KS1,TOP 100 HOME PICKS,IL_2DVQFMB8O8SDC,1,
B0CJ7YYMK2,HALLOWEEN,IL_TOLRF8ZU3T5K,1,
B0CJ98SCNH,DORM ROOM ESSENTIALS,IL_1DUCBV6BSXOJF,1,
B0CJ9CSHG1,TEEN GUYS|TWEEN BACK TO SCHOOL,IL_39AL8K1TZE306|IL_O65RH2OR0EF3,2,
B0CJBBJ54L,JANUARY Best Sellers,IL_F5Z67P4FFJC4,1,
B0CJBVCMPD,CLOSET Organizing|DECEMBER Best Sellers,IL_1R4YIGU257W50|IL_2PQNIB7PVLPT1,2,
B0CJBXG1VD,KITCHEN Organizing|NEW Arrivals,IL_2B46UO4I7XY3G|IL_2DHFOQ3A1Q5U2,2,
B0CJCFBPKZ,COFFEE TABLES. SIDE TABLES. ACCENT TABLES,IL_2RDBP13815B8R,1,
B0CJCN2QFZ,LAMPS,IL_28Z72BVY6B71P,1,
B0CJCN9XK2,Effortless Chic Home,IL_34RHZWFKXT7UT,1,
B0CJDG1QLV,HOLIDAY COLOR CRUSHES 2025,IL_1LKQL9NF315YS,1,
B0CJF3VTNS,BURGUNDY CRUSH,IL_32JT2D5T30E4J,1,
B0CJF5L9K5,GIFTS UNDER $50,IL_30ZOK8YSQFY5N,1,
B0CJF6M3WQ,DECEMBER Best Sellers,IL_2PQNIB7PVLPT1,1,
B0CJF7XYD9,CAR ORGANIZATION,IL_3TE1WGJI4HUK8,1,
B0CJFFR574,January Best Sellers 2|TOP 50 BEAUTY|Vanity Organization,IL_17SP6THMUJN6E|IL_2KYYGUEXPAOKJ|IL_WMCP8YLCXSCD,3,
B0CJFLVLTV,GIFTING|TRAVEL,IL_24ASC2W86JF33|IL_YYM41OHGI1KQ,2,
B0CJGHG3WW,PILATES PRINCESS,IL_3QM5O5E9ELURW,1,
B0CJGN56JK,PRESCHOOL LITTLES,IL_16F1ZOLGB573M,1,
B0CJGNCM6H,PRESCHOOL LITTLES,IL_16F1ZOLGB573M,1,
B0CJHCXS4V,JANUARY Best Sellers,IL_F5Z67P4FFJC4,1,
B0CJJDH3VX,FOR HER - HANDBAGS,IL_3ITM4V91K4422,1,
B0CJJSTXXK,ELEMENTARY SCHOOL,IL_13LSJDYI0DMAZ,1,
B0CJK27K48,FOR HER - HANDBAGS,IL_3ITM4V91K4422,1,
B0CJLJHCL2,CANDLE HOLDERS. CANDLE STICKS.,IL_ITC144HBA2XS,1,
B0CJM2SGJ3,VASES. TRAYS. BOXES.,IL_2YQAXQUJ2H8KY,1,
B0CJMGCC3M,AUTUMN Vibes,IL_2NDA05KNMQH4,1,
B0CJQLK3DS,VIRAL Holiday Finds,IL_3QCVRRMTI2TTQ,1,
B0CJR4YYBP,48 Yr Old Mom of 5 - What I am OBSESSED over!|DESIGNER INSPIRED|LUXE JEWELRY & ACCESSORIES,IL_1NSB6B4CK6NM1|IL_27BIT6UUHQ198|IL_3JCDIMAGNYZ0E,3,
B0CJR8DFN3,LAST MINUTE GIFTS,IL_1OH1TVBZ3L337,1,
B0CJR9ZJS4,BATHROOM Organization,IL_Q8UFO5D52NKD,1,
B0CJRC57DZ,2025 TOP SELLERS|BATHROOM REMODEL|HOME & BATH Essentials|JOCELYN'S Space|MY TOP PRODUCTS FOR JULY|Our REMODEL HOME|TOP NOVEMBER DEALS,IL_1DXRHB098MRMA|IL_1RA73GK94YR1G|IL_2Z5U0A9S9OXF9|IL_3RT5O1LPLW4HX|IL_IRH0FVF815TU|IL_OB8CSFU2LS6V|IL_QWA0HLMH0ZPN,7,All memberships are included in internal_label; only the first 5 stable backup labels appear in custom_label_0-4.
B0CJRH9SL1,TOP SEPTEMBER DEALS,IL_JI222AIPC2S,1,
B0CJRQFF86,FEBRUARY Best Sellers,IL_1MB9961G83COM,1,
B0CJRQMKLL,BURGUNDY CRUSH,IL_32JT2D5T30E4J,1,
B0CJTHR87G,BEAUTY MUST-HAVES,IL_174AROJG7VER7,1,
B0CJV1BW72,CAR ORGANIZATION,IL_3TE1WGJI4HUK8,1,
B0CJVJZRCY,Moody Luxe Home,IL_DB6CKD297DDB,1,
B0CJVPSPR9,Effortless Chic Home,IL_34RHZWFKXT7UT,1,
B0CJWSB6MN,CAR ORGANIZATION,IL_3TE1WGJI4HUK8,1,
B0CJWZL1PK,THE Littles - GIFT GUIDE,IL_3BMD6XLV7JIPG,1,
B0CJXZQHML,DINING ROOM,IL_3RKTIOM3H9T72,1,
B0CJY88225,PILATES PRINCESS,IL_3QM5O5E9ELURW,1,
B0CJYBVB9T,FRIDGE Organization|KITCHEN Organizing|NEW Arrivals|ORGANIZING Essentials,IL_27VCDHN1568QK|IL_2B46UO4I7XY3G|IL_2DHFOQ3A1Q5U2|IL_3HBHLKKIJRXAQ,4,
B0CJYNXQ9N,LAST MINUTE GIFTS|TWEEN & TEEN - GIFT GUIDE,IL_1I8FQ5LPJG30D|IL_1OH1TVBZ3L337,2,
B0CK55F6RJ,TRAVEL,IL_24ASC2W86JF33,1,
B0CK56DW9D,HOME DECOR,IL_2V4ZM0XXYOP34,1,
B0CK5XCWR2,VIRAL Holiday Finds,IL_3QCVRRMTI2TTQ,1,
B0CK8MDV67,SOFAS. ACCENT CHAIRS. OTTOMANS.|TOP 100 HOME PICKS,IL_2DVQFMB8O8SDC|IL_34VIWGR89GOO8,2,
B0CK8N43NB,BEDROOM STYLE|SOFAS. ACCENT CHAIRS. OTTOMANS.,IL_2HG2TBY26H9IW|IL_34VIWGR89GOO8,2,
B0CK8NJV3T,ENTRYWAY. FOYER.,IL_M0U0DTYJP1BI,1,
B0CKBQMFYF,AUTUMN Vibes,IL_2NDA05KNMQH4,1,
B0CKBYP86C,AMAZING NEW Home Finds,IL_202RY6J21JOG9,1,
B0CKD72751,BEST SELLERS|HOLIDAY THEMES 2025,IL_3DS692CRM1BGS|IL_CQQP654U5715,2,
B0CKDM238K,LAUNDRY Room Essentials,IL_27L1ENCS6OMON,1,
B0CKF6GF6Y,HOLIDAY ON SALE,IL_81C70Z4U4BII,1,
B0CKFKM3MS,BARCART,IL_1YYODGJOLLLRT,1,
B0CKFL4SWM,BEDROOM STYLE|RH STYLE - Looks like a SPLURGE,IL_2HG2TBY26H9IW|IL_32TSU85USSAQZ,2,
B0CKHTVMGH,BATHROOM Organization|GADGETS I CANNOT live WITHOUT,IL_12L5JOTON77WY|IL_Q8UFO5D52NKD,2,
B0CKJ45C6V,BEDDING: LUXURY finds in Our Home,IL_3MJSZFZU5658,1,
B0CKJWW5JR,BARCART,IL_1YYODGJOLLLRT,1,
B0CKK34BF9,AFFORDABLE DECOR|FOR HIM - GIFT GUIDE,IL_26IY6FNENQC7M|IL_2EHNEZELPW5NA,2,
B0CKL4NVBP,DECEMBER Best Sellers,IL_2PQNIB7PVLPT1,1,
B0CKM4GW3B,AFFORDABLE DECOR,IL_2EHNEZELPW5NA,1,
B0CKM9S8TT,FOR HIM - GIFT GUIDE,IL_26IY6FNENQC7M,1,
B0CKMSWKYP,FEBRUARY Best Sellers,IL_1MB9961G83COM,1,
B0CKMXDR4M,TEEN GUYS,IL_O65RH2OR0EF3,1,
B0CKMYMR59,CABINETS. SIDEBOARDS. BUFFETS. CONSOLES.,IL_2Q8H0EUR30UN9,1,
B0CKNHMYJN,SOFAS. ACCENT CHAIRS. OTTOMANS.,IL_34VIWGR89GOO8,1,
B0CKP34X2L,ELEVATED HOLIDAY FASHION,IL_WU8FIFLKC1R5,1,
B0CKPK41FB,SHOPBOP Favorites,IL_EEJXEINH2736,1,
B0CKQSYN5N,DATE NIGHT FASHION,IL_20Q0HRFOLM3K2,1,
B0CKRDJC26,AFFORDABLE DECOR|BEDDING. PILLOWS. THROWS. TOWELS.,IL_1LFWTJH9UBPKU|IL_2EHNEZELPW5NA,2,
B0CKSRDVM8,QUIET LUXURY/OLD MONEY,IL_310DHOAQUC0DH,1,
B0CKTW6XY2,GIFTING|GIFTS UNDER $25,IL_OJUSIV7RIXZX|IL_YYM41OHGI1KQ,2,
B0CKTYP1JT,KITCHEN Essentials,IL_286Q78OJSYZO8,1,
B0CKVH7BW5,FEBRUARY Best Sellers,IL_1MB9961G83COM,1,
B0CKVJ61RS,WINTER FASHION,IL_PN4A9X7BMPFX,1,
B0CKVJCDK8,$50 WINTER FASHION,IL_43J6PJOVYKC9,1,
B0CKVMX7L1,COFFEE TABLES. SIDE TABLES. ACCENT TABLES,IL_2RDBP13815B8R,1,
B0CKVXRWSS,AUGUST TOP PICKS|The FALL EDIT,IL_DSS93TBPVRP5|IL_IOIVGOQN9X1X,2,
B0CKW762JQ,FRIDGE Organization,IL_3HBHLKKIJRXAQ,1,
B0CKWDXPG7,COFFEE TABLES. SIDE TABLES. ACCENT TABLES,IL_2RDBP13815B8R,1,
B0CKWKW2Q1,LAMPS,IL_28Z72BVY6B71P,1,
B0CKWMH24Y,TOP OCTOBER DEALS,IL_1E7EHNK9QTVEH,1,
B0CKWZ2CFD,2025 TOP SELLERS|In MY Travel Bag,IL_3RT5O1LPLW4HX|IL_SC6UJV027JAK,2,
B0CKX8WB9L,The FALL EDIT,IL_IOIVGOQN9X1X,1,
B0CKXBB3PN,CHIC 2-PIECE SETS|TRANSITIONAL Fall Fashion,IL_5MN6DE6JTTK2|IL_QR27F03IP4AQ,2,
B0CKXM7N4R,My Curated Gift Guide|STOCKING STUFFERS|Vanity Organization,IL_20274194WU668|IL_IE0BGUCCDZ8X|IL_WMCP8YLCXSCD,3,
B0CKXQD9Z3,LIGHTING - Designer Inspired,IL_K3IDK9BPXYFW,1,
B0CKXX2WQ6,For the Hostess - GIFT GUIDE,IL_2C66SA5TXKNJK,1,
B0CKXYTC5X,COFFEE TABLES. SIDE TABLES. ACCENT TABLES,IL_2RDBP13815B8R,1,
B0CKY5FS3Z,DINING ROOM,IL_3RKTIOM3H9T72,1,
B0CKY5SLCC,AUTUMN Vibes,IL_2NDA05KNMQH4,1,
B0CKYJ5D5R,$50 WINTER FASHION,IL_43J6PJOVYKC9,1,
B0CKYZDWMZ,LIGHTING - Designer Inspired,IL_K3IDK9BPXYFW,1,
B0CKZK6LP4,LAST MINUTE GIFTS,IL_1OH1TVBZ3L337,1,
B0CKZT3G15,TRAVEL,IL_24ASC2W86JF33,1,
B0CL3GBNND,CAR ORGANIZATION,IL_3TE1WGJI4HUK8,1,
B0CL4B5Z5N,HILLARY'S BEACH Bag Essentials,IL_29FTLXCTPVP41,1,
B0CL4NMYNQ,LAMPS,IL_28Z72BVY6B71P,1,
B0CL4VCDNS,PILLOWS & THROWS,IL_J4MBZKLMALLQ,1,
B0CL4XS2HJ,SKIMS LIKE BASICS,IL_395N3QLHWD5V7,1,
B0CL583TDF,BATHROOM Organization,IL_Q8UFO5D52NKD,1,
B0CL66GVJ5,HOME OFFICE Essentials,IL_31KXTI157WXNV,1,
B0CL7791VG,FAUX INDOOR/OUTDOOR|Spring Obsessed|Your Currently MOST-LOVED,IL_222ENLE1WDY2M|IL_3BNM8CSCBJ7VF|IL_VRW78IY69242,3,
B0CL7DJS9F,ENTERTAINING Essentials|TABLETOP MUST-HAVES,IL_2GHS9RLET14RQ|IL_2RA331651DDK8,2,
B0CLBTLW5D,LAST MINUTE GIFTS,IL_1OH1TVBZ3L337,1,
B0CLD543QZ,PILLOWS & THROWS,IL_J4MBZKLMALLQ,1,
B0CLG1T4YR,RUGS,IL_2N8O18PX5PHA3,1,
B0CLG6SVSW,FALL LOUNGE SETS,IL_1K9R04PZQD03N,1,
B0CLG8BP46,CLOSET Organizing,IL_1R4YIGU257W50,1,
B0CLGJY44Q,BEDDING: LUXURY finds in Our Home|MARCH Best Sellers,IL_13DUABZBTBJVY|IL_3MJSZFZU5658,2,
B0CLGNM6W7,DINING ROOM,IL_3RKTIOM3H9T72,1,
B0CLGPWFPW,HOLIDAY COLOR CRUSHES 2025,IL_1LKQL9NF315YS,1,
B0CLHJQMN9,VIRAL Holiday Finds,IL_3QCVRRMTI2TTQ,1,
B0CLJFZRH2,$50 WINTER FASHION|48 Yr Old Mom of 5 - What I am OBSESSED over!|LUXURY GIFTS,IL_1NSB6B4CK6NM1|IL_3KKGHGSJ1ZRYC|IL_43J6PJOVYKC9,3,
B0CLKW8Q1C,BRIDE- Spoil Her for the Big Day!,IL_3R1F2KZC9BJXJ,1,
B0CLLCDRTS,Amazon Furniture in Our Home|BEDS. DRESSERS. NIGHTSTANDS.|FURNITURE In Our Home|JOCELYN'S Space|NIGHTSTAND Essentials,IL_18H5BP5V6EGYM|IL_1DXRHB098MRMA|IL_1UGCFJJRVROLC|IL_2969EJ7F6BLI8|IL_2V9Q1BLJC4BNW,5,
B0CLLJ94ZK,GIFTS UNDER $25,IL_OJUSIV7RIXZX,1,
B0CLLPQH54,FRIDGE Organization,IL_3HBHLKKIJRXAQ,1,
B0CLLVBQFB,COFFEE TABLES. SIDE TABLES. ACCENT TABLES,IL_2RDBP13815B8R,1,
B0CLNLPDL9,NEW HOME FINDS,IL_1QMBJFJU34FUR,1,
B0CLNNY2X7,NEW HOME FINDS,IL_1QMBJFJU34FUR,1,
B0CLNWBDZ1,For the Hostess - GIFT GUIDE|GIFTS UNDER $50,IL_2C66SA5TXKNJK|IL_30ZOK8YSQFY5N,2,
B0CLNXMZ71,COFFEE TABLES. SIDE TABLES. ACCENT TABLES,IL_2RDBP13815B8R,1,
B0CLNYP4CP,COFFEE TABLES. SIDE TABLES. ACCENT TABLES,IL_2RDBP13815B8R,1,
B0CLP26JMH,FALL LOUNGE SETS,IL_1K9R04PZQD03N,1,
B0CLP2G71W,SOFAS. ACCENT CHAIRS. OTTOMANS.,IL_34VIWGR89GOO8,1,
B0CLPBL26H,WORK WEAR,IL_3J2NRGA0NCDGR,1,
B0CLPCKG4Q,TABLETOP MUST-HAVES,IL_2RA331651DDK8,1,
B0CLQPT697,ELEMENTARY SCHOOL,IL_13LSJDYI0DMAZ,1,
B0CLQRYSH6,PILLOWS & THROWS,IL_J4MBZKLMALLQ,1,
B0CLQZHVHL,BEAUTY MUST-HAVES,IL_174AROJG7VER7,1,
B0CLRS2YHX,TRAVEL,IL_24ASC2W86JF33,1,
B0CLTKCK3D,KITCHEN Essentials,IL_286Q78OJSYZO8,1,
B0CLTKPY2N,FEBRUARY Best Sellers,IL_1MB9961G83COM,1,
B0CLTLFXDC,LAMPS,IL_28Z72BVY6B71P,1,
B0CLTRMKDS,The FALL EDIT,IL_IOIVGOQN9X1X,1,
B0CLTS83K5,TWEEN & TEEN - GIFT GUIDE,IL_1I8FQ5LPJG30D,1,
B0CLTV118M,PILLOWS & THROWS,IL_J4MBZKLMALLQ,1,
B0CLTV2TN4,MY HOLIDAY Home,IL_18JLLR8E7X2KU,1,
B0CLTV9QJL,QUIET LUXURY/OLD MONEY,IL_310DHOAQUC0DH,1,
B0CLTVBGMC,HOLIDAY THEMES 2025,IL_CQQP654U5715,1,
B0CLTYKH2C,JUST IN...My Newest OBSESSIONS,IL_EAQUVLIMTM7R,1,
B0CLVBBSWZ,JULY TOP PICKS,IL_9FXRQ038D494,1,
B0CLVH74HZ,LAMPS,IL_28Z72BVY6B71P,1,
B0CLXZDXB8,FEBRUARY Best Sellers,IL_1MB9961G83COM,1,
B0CLYD3CNF,BEDDING: LUXURY finds in Our Home|MARCH Best Sellers,IL_13DUABZBTBJVY|IL_3MJSZFZU5658,2,
B0CLZPZWB4,BARCART,IL_1YYODGJOLLLRT,1,
B0CM2F64Y8,EUROPEAN SUMMER,IL_341JHBPWHDBNK,1,
B0CM2XHDWB,MORE NEW FINDS,IL_32M44I5BF0O0R,1,
B0CM31B9TY,VIRAL Home Gadgets,IL_14615HLXD512Y,1,
B0CM3CF17J,TECH ESSENTIALS,IL_1LVS8EBYWIS2J,1,
B0CM3NGMZQ,CLOSET Organizing|CREATOR Favorites|MEMORIAL DAY SALE FOLLOWER FAVORITES,IL_17ITIHGPTINHX|IL_1R4YIGU257W50|IL_J39K6QG9TPDR,3,
B0CM3V2YG2,ENTERTAINING Essentials|TABLETOP MUST-HAVES,IL_2GHS9RLET14RQ|IL_2RA331651DDK8,2,
B0CM3ZDT58,HOLIDAY COLOR CRUSHES 2025,IL_1LKQL9NF315YS,1,
B0CM4M2M1K,2025 TOP SELLERS,IL_3RT5O1LPLW4HX,1,
B0CM6GQ42T,BEDS. DRESSERS. NIGHTSTANDS.,IL_18H5BP5V6EGYM,1,
B0CM6J5D6Y,QUIET LUXURY/OLD MONEY,IL_310DHOAQUC0DH,1,
B0CM6KVCSX,CAR ORGANIZATION,IL_3TE1WGJI4HUK8,1,
B0CM6RNCLW,COFFEE TABLES. SIDE TABLES. ACCENT TABLES,IL_2RDBP13815B8R,1,
B0CM6SCGL8,JUNE TOP PICKS,IL_2Q5678F6BP61R,1,
B0CM8BMZPR,FURNITURE In Our Home,IL_2V9Q1BLJC4BNW,1,
B0CM8VZ9YH,AUTUMN Vibes|CANDLE HOLDERS. CANDLE STICKS.|MY TOP PRODUCTS FOR JULY|Subtle Luxury Home|TOP NOVEMBER DEALS,IL_2NDA05KNMQH4|IL_2Z5U0A9S9OXF9|IL_BWHQ5TU85DA7|IL_ITC144HBA2XS|IL_OB8CSFU2LS6V,5,
B0CMBX77FS,VIRAL Home Gadgets,IL_14615HLXD512Y,1,
B0CMD62MTC,TOP OCTOBER DEALS,IL_1E7EHNK9QTVEH,1,
B0CMGR8QVQ,VIRAL Holiday Finds,IL_3QCVRRMTI2TTQ,1,
B0CMHC5V9V,RESORT WEAR FASHION,IL_15NDDXZ7X0955,1,
B0CMHGQ1D3,RESORT WEAR FASHION,IL_15NDDXZ7X0955,1,
B0CMHGZ2VL,JUST IN...My Newest OBSESSIONS,IL_EAQUVLIMTM7R,1,
B0CMHW4MSG,TRANSITIONAL Fall Fashion,IL_5MN6DE6JTTK2,1,
B0CMJSNMFM,Amazon Furniture in Our Home,IL_1UGCFJJRVROLC,1,
B0CMMPGJ5P,EARNED A SPOT FOR LIFE!,IL_76ENHDCP4NP1,1,
B0CMMQ2CVX,JUNE TOP PICKS|RH STYLE - Looks like a SPLURGE,IL_2Q5678F6BP61R|IL_32TSU85USSAQZ,2,
B0CMNMHYJ8,The Hillary Style Holiday,IL_2V2HL7TFY8QE8,1,
B0CMSZKFDL,CHIC 2-PIECE SETS|UNDER $50 FALL Capsule,IL_39FHE4P3M78YV|IL_QR27F03IP4AQ,2,
B0CMT1LBZ1,CHIC 2-PIECE SETS,IL_QR27F03IP4AQ,1,
B0CMT4RNYM,WORK WEAR,IL_3J2NRGA0NCDGR,1,
B0CMTDXM8R,UNBOXING,IL_1NR6N43OIR93A,1,
B0CMTMM66M,COFFEE TABLES. SIDE TABLES. ACCENT TABLES,IL_2RDBP13815B8R,1,
B0CMVP9HWR,WALL DECOR - MIRRORS. ART. FRAMES.,IL_1HZQPC6SSAHFG,1,
B0CMWQC8BH,New Year's Must-Haves,IL_3H3WH72KSZXK3,1,
B0CMX38QZF,VIRAL Home Gadgets,IL_14615HLXD512Y,1,
B0CMX513VC,APRIL Best Sellers|OUTDOOR Oasis,IL_181FEP0C2U0RU|IL_VI6A3WXDHHDU,2,
B0CMX73986,AUTUMN Vibes,IL_2NDA05KNMQH4,1,
B0CMXCQ38B,TWEEN BACK TO SCHOOL,IL_39AL8K1TZE306,1,
B0CMXJBRX1,Spring Obsessed,IL_222ENLE1WDY2M,1,
B0CMZBL8WZ,FASHION,IL_3LEWC1H0K68XB,1,
B0CMZGK794,WORK WEAR,IL_3J2NRGA0NCDGR,1,
B0CMZNLBZG,NEW HOME FINDS,IL_1QMBJFJU34FUR,1,
B0CMZYX9RP,The FALL EDIT,IL_IOIVGOQN9X1X,1,
B0CMZZKG5J,SKIMS LIKE BASICS,IL_395N3QLHWD5V7,1,
B0CN18RH1J,January Best Sellers 2,IL_2KYYGUEXPAOKJ,1,
B0CN1PY2CG,January Best Sellers 2|My TOP Amazon Cleaning and Organizing,IL_2KYYGUEXPAOKJ|IL_KIGFVJQ0V3OW,2,
B0CN2KHFMY,The Hillary Style Holiday,IL_2V2HL7TFY8QE8,1,
B0CN2ZV57X,BRIDE- Spoil Her for the Big Day!,IL_3R1F2KZC9BJXJ,1,
B0CN3185T8,MARCH Best Sellers,IL_13DUABZBTBJVY,1,
B0CN364X5W,ATHEISURE|PILATES PRINCESS|TOP NOVEMBER DEALS,IL_2Z5U0A9S9OXF9|IL_31LARMS9JHPGT|IL_3QM5O5E9ELURW,3,
B0CN43P8G6,BEST SELLERS,IL_3DS692CRM1BGS,1,
B0CN67KRZC,TRAVEL,IL_24ASC2W86JF33,1,
B0CN6BWV1F,WORK WEAR,IL_3J2NRGA0NCDGR,1,
B0CN6G3LRT,FURNITURE In Our Home|HOME OFFICE Essentials,IL_2V9Q1BLJC4BNW|IL_31KXTI157WXNV,2,
B0CN6M6476,BRIDE- Spoil Her for the Big Day!,IL_3R1F2KZC9BJXJ,1,
B0CN6RSPYV,PRESCHOOL LITTLES,IL_16F1ZOLGB573M,1,
B0CN8SK8D5,TECH ESSENTIALS|TWEEN & TEEN - GIFT GUIDE,IL_1I8FQ5LPJG30D|IL_1LVS8EBYWIS2J,2,
B0CN8W5JXR,DATE NIGHT FASHION,IL_20Q0HRFOLM3K2,1,
B0CN8XWYQL,EUROPEAN SUMMER,IL_341JHBPWHDBNK,1,
B0CN928PL4,TEEN GUYS,IL_O65RH2OR0EF3,1,
B0CN93LRFR,CHIC 2-PIECE SETS,IL_QR27F03IP4AQ,1,
B0CN94R9VV,MARCH Best Sellers,IL_13DUABZBTBJVY,1,
B0CN9DBLKJ,For the Hostess - GIFT GUIDE|JOCELYN'S Space|LUXE Holiday Home,IL_1DXRHB098MRMA|IL_21MLRQOMMKCFI|IL_2C66SA5TXKNJK,3,
B0CN9L422H,SOFAS. ACCENT CHAIRS. OTTOMANS.,IL_34VIWGR89GOO8,1,
B0CN9S4GBJ,BURGUNDY CRUSH,IL_32JT2D5T30E4J,1,
B0CNCW2XGW,SOFAS. ACCENT CHAIRS. OTTOMANS.,IL_34VIWGR89GOO8,1,
B0CNCXQ1Z8,FOR HIM - GIFT GUIDE,IL_26IY6FNENQC7M,1,
B0CND458JP,HOLIDAY THEMES 2025,IL_CQQP654U5715,1,
B0CNDF48DW,AUTUMN Vibes,IL_2NDA05KNMQH4,1,
B0CNG9D23C,OUTDOOR Oasis,IL_VI6A3WXDHHDU,1,
B0CNGBN9J6,SOFAS. ACCENT CHAIRS. OTTOMANS.,IL_34VIWGR89GOO8,1,
B0CNGN717H,MARCH Best Sellers,IL_13DUABZBTBJVY,1,
B0CNGVKMJM,VIRAL Home Gadgets,IL_14615HLXD512Y,1,
B0CNH1DH8N,BEST SELLERS|TOP OCTOBER DEALS,IL_1E7EHNK9QTVEH|IL_3DS692CRM1BGS,2,
B0CNJGWXXS,BEST SELLERS|HOLIDAY COLOR CRUSHES 2025|NEW HOLIDAY Finds,IL_13866CB1KN3RI|IL_1LKQL9NF315YS|IL_3DS692CRM1BGS,3,
B0CNJNRXNZ,FALL LOUNGE SETS,IL_1K9R04PZQD03N,1,
B0CNK2LPQC,MARCH Best Sellers,IL_13DUABZBTBJVY,1,
B0CNK7R83R,RESORT WEAR FASHION,IL_15NDDXZ7X0955,1,
B0CNKB4TRC,WINTER FASHION,IL_PN4A9X7BMPFX,1,
B0CNKHMGC6,EUROPEAN SUMMER,IL_341JHBPWHDBNK,1,
B0CNKX4429,ORGANIZING Essentials,IL_27VCDHN1568QK,1,
B0CNL9DLQ6,HARDWARE & FINISHES,IL_97O81RWTU3TG,1,
B0CNLRSRNW,CURTAINS,IL_O5BIFXCH5S3Y,1,
B0CNLV79J8,Hillary's NEWEST Finds,IL_1XPGUL8BC81KW,1,
B0CNLVF4F2,CABINETS. SIDEBOARDS. BUFFETS. CONSOLES.|Our SITTING ROOM,IL_2Q8H0EUR30UN9|IL_T9AHRYR4TO4W,2,
B0CNLVYV11,Hillary's NEWEST Finds,IL_1XPGUL8BC81KW,1,
B0CNLW2185,CABINETS. SIDEBOARDS. BUFFETS. CONSOLES.,IL_2Q8H0EUR30UN9,1,
B0CNP2X326,HOLIDAY EVENING Looks,IL_2OL0SY0HD6BBS,1,
B0CNPDSM3W,WORK WEAR,IL_3J2NRGA0NCDGR,1,
B0CNPNDYKV,FURNITURE In Our Home|JOCELYN'S Space,IL_1DXRHB098MRMA|IL_2V9Q1BLJC4BNW,2,
B0CNPVTQ7W,SKIMS LIKE BASICS,IL_395N3QLHWD5V7,1,
B0CNQ29S12,GADGETS I CANNOT live WITHOUT|TOP 100+ PRIME DEALS|Vanity Organization,IL_12L5JOTON77WY|IL_330I4A3SQ3ERE|IL_WMCP8YLCXSCD,3,
B0CNQY1WBC,FALL LOUNGE SETS,IL_1K9R04PZQD03N,1,
B0CNQZ3X4H,ATHEISURE,IL_31LARMS9JHPGT,1,
B0CNR2FYXR,Effortless Chic Home,IL_34RHZWFKXT7UT,1,
B0CNRLTM5T,BRIDE- Spoil Her for the Big Day!,IL_3R1F2KZC9BJXJ,1,
B0CNRSB4JJ,TWEEN & TEEN - GIFT GUIDE,IL_1I8FQ5LPJG30D,1,
B0CNSBS3Q1,BRIDE- Spoil Her for the Big Day!,IL_3R1F2KZC9BJXJ,1,
B0CNSBX2WW,DATE NIGHT FASHION,IL_20Q0HRFOLM3K2,1,
B0CNSHCZR9,WORK WEAR,IL_3J2NRGA0NCDGR,1,
B0CNSJDJ91,Subtle Luxury Home,IL_BWHQ5TU85DA7,1,
B0CNSKRG5F,Subtle Luxury Home,IL_BWHQ5TU85DA7,1,
B0CNSLJ823,BEDROOM STYLE|EARNED A SPOT FOR LIFE!|UNBOXING,IL_1NR6N43OIR93A|IL_2HG2TBY26H9IW|IL_76ENHDCP4NP1,3,
B0CNSV4SS8,FOR HER - HANDBAGS,IL_3ITM4V91K4422,1,
B0CNTHYTY7,CABINETS. SIDEBOARDS. BUFFETS. CONSOLES.,IL_2Q8H0EUR30UN9,1,
B0CNTHYWXF,AUGUST TOP PICKS,IL_DSS93TBPVRP5,1,
B0CNTK8MC2,MAXI DRESS EDIT,IL_3CETAKAWP1P7C,1,
B0CNTXJ8JW,HOLIDAY COLOR CRUSHES 2025,IL_1LKQL9NF315YS,1,
B0CNTYBS7G,CANDLE HOLDERS. CANDLE STICKS.,IL_ITC144HBA2XS,1,
B0CNTYLG6J,BEAUTY & SKINCARE,IL_WPS59NJ19M48,1,
B0CNV2LWGF,CABINETS. SIDEBOARDS. BUFFETS. CONSOLES.,IL_2Q8H0EUR30UN9,1,
B0CNV9ZZFW,For the Hostess - GIFT GUIDE,IL_2C66SA5TXKNJK,1,
B0CNVBS5JN,TECH ESSENTIALS,IL_1LVS8EBYWIS2J,1,
B0CNVPZ28L,$50 WINTER FASHION,IL_43J6PJOVYKC9,1,
B0CNVS753P,SUMMER HOSTING,IL_C4VDLQZK7ACP,1,
B0CNVSQK31,OUR Rental|SOFAS. ACCENT CHAIRS. OTTOMANS.,IL_21IKKXKZPGWVW|IL_34VIWGR89GOO8,2,
B0CNW369JC,COFFEE TABLES. SIDE TABLES. ACCENT TABLES,IL_2RDBP13815B8R,1,
B0CNW46ZZF,COFFEE TABLES. SIDE TABLES. ACCENT TABLES,IL_2RDBP13815B8R,1,
B0CNX3TL1Z,HOME DECOR,IL_2V4ZM0XXYOP34,1,
B0CNXGDHTS,Our REMODEL HOME,IL_1RA73GK94YR1G,1,
B0CNYDF946,TEEN GIRLIES|TWEEN BACK TO SCHOOL,IL_370XLUWUIJAX1|IL_39AL8K1TZE306,2,
B0CNYJ8XBC,THE Little Black Dress,IL_CTNECHN1HUCU,1,
B0CNYV3SZJ,WORK WEAR,IL_3J2NRGA0NCDGR,1,
B0CNZDMHZ4,$50 WINTER FASHION|WORK WEAR,IL_3J2NRGA0NCDGR|IL_43J6PJOVYKC9,2,
B0CP149FPF,Vanity Organization,IL_WMCP8YLCXSCD,1,
B0CP21NFGR,DINING ROOM,IL_3RKTIOM3H9T72,1,
B0CP25C4DC,FOR HER - HANDBAGS,IL_3ITM4V91K4422,1,
B0CP282Y1S,HOLIDAY ESSENTIALS,IL_ZN8TBHK35E0D,1,
B0CP2CQYYD,HOLIDAY ESSENTIALS,IL_ZN8TBHK35E0D,1,
B0CP2WFBQR,DATE NIGHT FASHION,IL_20Q0HRFOLM3K2,1,
B0CP368SX7,CLOSET Organizing,IL_1R4YIGU257W50,1,
B0CP37SBZD,SKIMS LIKE BASICS,IL_395N3QLHWD5V7,1,
B0CP3GWKT1,ATHLETIC DRESSES,IL_3GE7XODL0Z5A3,1,
B0CP3HZ5LH,CLOSET Organizing,IL_1R4YIGU257W50,1,
B0CP3JG6GG,KITCHEN Essentials,IL_286Q78OJSYZO8,1,
B0CP3MHWKR,WINTER FASHION,IL_PN4A9X7BMPFX,1,
B0CP3NDSQ4,CLOSET Organizing,IL_1R4YIGU257W50,1,
B0CP3SK6HV,TOP 100+ PRIME DEALS,IL_330I4A3SQ3ERE,1,
B0CP42YBZ3,COFFEE TABLES. SIDE TABLES. ACCENT TABLES,IL_2RDBP13815B8R,1,
B0CP4CM7NL,CLOSET Organizing|JUNE TOP PICKS,IL_1R4YIGU257W50|IL_2Q5678F6BP61R,2,
B0CP52GD4G,FASHION,IL_3LEWC1H0K68XB,1,
B0CP597S5Q,STOCKING STUFFERS,IL_20274194WU668,1,
B0CP5MDPPG,HILLARY'S BEACH Bag Essentials,IL_29FTLXCTPVP41,1,
B0CP5S9LK7,ELEVATED KITCHEN Must-Haves|VIRAL Home Gadgets,IL_14615HLXD512Y|IL_V4V7ASEQMWKK,2,
B0CP5Z3XTH,GIFTS UNDER $50,IL_30ZOK8YSQFY5N,1,
B0CP6XC68P,JUNE TOP PICKS|Spring Obsessed|Your Currently MOST-LOVED,IL_222ENLE1WDY2M|IL_2Q5678F6BP61R|IL_3BNM8CSCBJ7VF,3,
B0CP75BM56,AUGUST TOP PICKS,IL_DSS93TBPVRP5,1,
B0CP7JPXKR,VASES. TRAYS. BOXES.,IL_2YQAXQUJ2H8KY,1,
B0CP7RZRMD,TECH ESSENTIALS,IL_1LVS8EBYWIS2J,1,
B0CP7ZMKTJ,WORK WEAR,IL_3J2NRGA0NCDGR,1,
B0CP7ZMY3C,Hillary's NEWEST Finds,IL_1XPGUL8BC81KW,1,
B0CP8GVGX7,CABINETS. SIDEBOARDS. BUFFETS. CONSOLES.,IL_2Q8H0EUR30UN9,1,
B0CP8WYQ6T,Spring Obsessed,IL_222ENLE1WDY2M,1,
B0CP9626MD,CHIC WITHOUT THE SPLURGE TRAVEL,IL_2GR0M7LHWL1O,1,
B0CP9MT6YJ,COFFEE TABLES. SIDE TABLES. ACCENT TABLES,IL_2RDBP13815B8R,1,
B0CP9Y3152,SPORT MOM Style,IL_33RG7LWDINUWO,1,
B0CP9Z16VD,GIFTS UNDER $25|LAST MINUTE GIFTS,IL_1OH1TVBZ3L337|IL_OJUSIV7RIXZX,2,
B0CPBDPHLC,GIFTING,IL_YYM41OHGI1KQ,1,
B0CPCX1P4N,FEBRUARY Best Sellers|LUXE JEWELRY & ACCESSORIES,IL_1MB9961G83COM|IL_27BIT6UUHQ198,2,
B0CPDFZ7RS,SOFAS. ACCENT CHAIRS. OTTOMANS.,IL_34VIWGR89GOO8,1,
B0CPDTJYX2,SKIMS LIKE BASICS,IL_395N3QLHWD5V7,1,
B0CPDXV6RJ,OVER 40 & Fabulous HILLARY'S Capsule WARDROBE - Effortless & Chic|TRANSITIONAL Fall Fashion|UNDER $50 FALL Capsule,IL_1GS6BISWIK7UN|IL_39FHE4P3M78YV|IL_5MN6DE6JTTK2,3,
B0CPFYH5VQ,GIFTING,IL_YYM41OHGI1KQ,1,
B0CPGKDQQJ,CABINETS. SIDEBOARDS. BUFFETS. CONSOLES.,IL_2Q8H0EUR30UN9,1,
B0CPGSJJ9Q,LUXE Gifting,IL_B4MF8PKIS82A,1,
B0CPHSDH6H,LIGHTING - Designer Inspired,IL_K3IDK9BPXYFW,1,
B0CPJ3LP3N,MORE NEW FINDS,IL_32M44I5BF0O0R,1,
B0CPJ8G1KD,COFFEE TABLES. SIDE TABLES. ACCENT TABLES|HOME OFFICE Essentials|Our REMODEL HOME,IL_1RA73GK94YR1G|IL_2RDBP13815B8R|IL_31KXTI157WXNV,3,
B0CPJRR1WL,RESORT WEAR FASHION,IL_15NDDXZ7X0955,1,
B0CPJT6NX4,RESORT WEAR FASHION,IL_15NDDXZ7X0955,1,
B0CPKDGVW7,The FALL EDIT,IL_IOIVGOQN9X1X,1,
B0CPLF6QRB,MARCH Best Sellers,IL_13DUABZBTBJVY,1,
B0CPLJNHR5,ELEVATED HOLIDAY FASHION,IL_WU8FIFLKC1R5,1,
B0CPM1C4GV,LAUNDRY Room Essentials,IL_27L1ENCS6OMON,1,
B0CPM3QY86,APRIL Best Sellers|FAUX INDOOR/OUTDOOR|OUTDOOR Oasis|TOP 100 HOME PICKS,IL_181FEP0C2U0RU|IL_2DVQFMB8O8SDC|IL_VI6A3WXDHHDU|IL_VRW78IY69242,4,
B0CPPHDVDJ,CLOSET Organizing,IL_1R4YIGU257W50,1,
B0CPPPQQ9H,APRIL Best Sellers|TOP 100 HOME PICKS,IL_181FEP0C2U0RU|IL_2DVQFMB8O8SDC,2,
B0CPR6TTDK,CANDLE HOLDERS. CANDLE STICKS.,IL_ITC144HBA2XS,1,
B0CPRHZKW8,JUNE TOP PICKS|NEW HOME FINDS,IL_1QMBJFJU34FUR|IL_2Q5678F6BP61R,2,
B0CPS22JVK,For the Hostess - GIFT GUIDE,IL_2C66SA5TXKNJK,1,
B0CPS81KBN,AUGUST TOP PICKS,IL_DSS93TBPVRP5,1,
B0CPT5TP4M,LIGHTING - Designer Inspired,IL_K3IDK9BPXYFW,1,
B0CPVS69WB,BRIDE- Spoil Her for the Big Day!,IL_3R1F2KZC9BJXJ,1,
B0CPXFMVDP,DATE NIGHT FASHION|WORK WEAR,IL_20Q0HRFOLM3K2|IL_3J2NRGA0NCDGR,2,
B0CPXNJSRH,HOLIDAY ESSENTIALS,IL_ZN8TBHK35E0D,1,
B0CPXQ4XQK,ORGANIZING Essentials,IL_27VCDHN1568QK,1,
B0CPXVT936,AUGUST TOP PICKS,IL_DSS93TBPVRP5,1,
B0CPXWXJV1,ENTERTAINING Essentials,IL_2GHS9RLET14RQ,1,
B0CPXXRM4V,TRANSITIONAL Fall Fashion,IL_5MN6DE6JTTK2,1,
B0CPY2YJJM,FOR HER - HANDBAGS,IL_3ITM4V91K4422,1,
B0CPZL9ZZL,TOP SEPTEMBER DEALS,IL_JI222AIPC2S,1,
B0CPZPLD87,2025 TOP SELLERS,IL_3RT5O1LPLW4HX,1,
B0CQ26HX3G,DINING ROOM,IL_3RKTIOM3H9T72,1,
B0CQ26K4C4,HOLIDAY EVENING Looks,IL_2OL0SY0HD6BBS,1,
B0CQ2898K7,VANITY Must-Haves,IL_K1RZXTONZLT1,1,
B0CQ3PWGG4,HOME & BATH Essentials,IL_IRH0FVF815TU,1,
B0CQ4MFFNV,BEST SELLERS,IL_3DS692CRM1BGS,1,
B0CQ4ZKQGQ,JANUARY Best Sellers,IL_F5Z67P4FFJC4,1,
B0CQ5C8FB8,OVER 40 & Fabulous HILLARY'S Capsule WARDROBE - Effortless & Chic,IL_1GS6BISWIK7UN,1,
B0CQ5HBDRJ,WINTER FASHION,IL_PN4A9X7BMPFX,1,
B0CQ6BHPC6,BEST SELLERS,IL_3DS692CRM1BGS,1,
B0CQ6QGSRN,BEDROOM STYLE|COFFEE TABLES. SIDE TABLES. ACCENT TABLES|Our REMODEL HOME,IL_1RA73GK94YR1G|IL_2HG2TBY26H9IW|IL_2RDBP13815B8R,3,
B0CQ6Y618F,In MY Travel Bag|TRAVEL,IL_24ASC2W86JF33|IL_SC6UJV027JAK,2,
B0CQ716Z3L,TEEN GIRLIES,IL_370XLUWUIJAX1,1,
B0CQ7TBKW7,HOLIDAY ON SALE,IL_81C70Z4U4BII,1,
B0CQ84F1PQ,BATHROOM REMODEL,IL_QWA0HLMH0ZPN,1,
B0CQ8XF1WQ,BEAUTY & SKINCARE,IL_WPS59NJ19M48,1,
B0CQ9KT429,SOFAS. ACCENT CHAIRS. OTTOMANS.,IL_34VIWGR89GOO8,1,
B0CQBYDQTV,CAR ORGANIZATION,IL_3TE1WGJI4HUK8,1,
B0CQC8T8D5,PRESCHOOL LITTLES,IL_16F1ZOLGB573M,1,
B0CQDBZ7G1,Effortless Chic Home|MARCH Best Sellers,IL_13DUABZBTBJVY|IL_34RHZWFKXT7UT,2,
B0CQDZCVVD,HOLIDAY EVENING Looks,IL_2OL0SY0HD6BBS,1,
B0CQJ5SBZ2,VASES. TRAYS. BOXES.,IL_2YQAXQUJ2H8KY,1,
B0CQJB4JMJ,Our REMODEL HOME,IL_1RA73GK94YR1G,1,
B0CQJPL1K3,ELEVATED SWIMWEAR,IL_20ODL7UVO85YK,1,
B0CQJQ6ZCJ,APRIL Best Sellers|NEW HOME FINDS,IL_181FEP0C2U0RU|IL_1QMBJFJU34FUR,2,
B0CQJQYV21,ENTERTAINING Essentials,IL_2GHS9RLET14RQ,1,
B0CQJSLVF5,TRAVEL,IL_24ASC2W86JF33,1,
B0CQJZ7WGS,TOP 100+ PRIME DEALS,IL_330I4A3SQ3ERE,1,
B0CQJZ8XQG,RESTORATION VIBES,IL_2I5A3XFI29113,1,
B0CQKNYPY3,OVER 40 & Fabulous HILLARY'S Capsule WARDROBE - Effortless & Chic,IL_1GS6BISWIK7UN,1,
B0CQKPYKV4,WINTER FASHION,IL_PN4A9X7BMPFX,1,
B0CQL7HXM1,TOP 100+ PRIME DEALS,IL_330I4A3SQ3ERE,1,
B0CQLY486G,April Amazon Live,IL_K5H00QYC3R1G,1,
B0CQM1MXHL,TRANSITIONAL Fall Fashion|UNDER $50 FALL Capsule,IL_39FHE4P3M78YV|IL_5MN6DE6JTTK2,2,
B0CQM77VD5,BATHROOM Essentials,IL_L3V3XJ5WT8SV,1,
B0CQMPMMFC,DATE NIGHT FASHION,IL_20Q0HRFOLM3K2,1,
B0CQN6TV85,CAR ORGANIZATION,IL_3TE1WGJI4HUK8,1,
B0CQNDF569,AFFORDABLE DECOR|Our REMODEL HOME,IL_1RA73GK94YR1G|IL_2EHNEZELPW5NA,2,
B0CQNM54CN,Subtle Luxury Home,IL_BWHQ5TU85DA7,1,
B0CQNPRS9H,NEW Arrivals,IL_2DHFOQ3A1Q5U2,1,
B0CQPHY5XL,LUXE JEWELRY & ACCESSORIES,IL_27BIT6UUHQ198,1,
B0CQPK1HSQ,GIFTS UNDER $50|January Best Sellers 2,IL_2KYYGUEXPAOKJ|IL_30ZOK8YSQFY5N,2,
B0CQPP5KV8,BEDDING. PILLOWS. THROWS. TOWELS.,IL_1LFWTJH9UBPKU,1,
B0CQPSPWKJ,THE Littles - GIFT GUIDE,IL_3BMD6XLV7JIPG,1,
B0CQRCMKG6,In MY Travel Bag,IL_SC6UJV027JAK,1,
B0CQRFMXKH,BEDDING: LUXURY finds in Our Home,IL_3MJSZFZU5658,1,
B0CQRFRMJ3,BEDROOM STYLE,IL_2HG2TBY26H9IW,1,
B0CQRFSX1F,$50 WINTER FASHION|2025 TOP SELLERS|48 Yr Old Mom of 5 - What I am OBSESSED over!|AFFORDABLE DECOR|AMAZING NEW Home Finds|APRIL Best Sellers|ATHEISURE|ATHLETIC DRESSES|AUGUST TOP PICKS|AUTUMN Vibes|Amazon Furniture in Our Home|April Amazon Live|BARCART|BATHROOM Essentials|BATHROOM Organization|BATHROOM REMODEL|BEAUTY & SKINCARE|BEAUTY MUST-HAVES|BED & BATH FINDS|BEDDING. PILLOWS. THROWS. TOWELS.|BEDDING: LUXURY finds in Our Home|BEDROOM STYLE|BEDS. DRESSERS. NIGHTSTANDS.|BEST SELLERS|BOY'S Bathroom|BRIDE- Spoil Her for the Big Day!|BURGUNDY CRUSH|CABINETS. SIDEBOARDS. BUFFETS. CONSOLES.|CANDLE HOLDERS. CANDLE STICKS.|CAR ORGANIZATION|CARTS DON'T LIE — These were May's biggest hits.|CHIC 2-PIECE SETS|CHIC WITHOUT THE SPLURGE TRAVEL|CLOSET Organizing|COFFEE BAR Essentials|COFFEE TABLE BOOKS|COFFEE TABLES. SIDE TABLES. ACCENT TABLES|CREATOR Favorites|CURTAINS|CYBER HOLIDAY|DATE NIGHT FASHION|DECEMBER Best Sellers|DESIGNER INSPIRED|DINING ROOM|DORM ROOM ESSENTIALS|EARLY Fall|EARNED A SPOT FOR LIFE!|ELEMENTARY SCHOOL|ELEVATED Bathroom Must-Haves|ELEVATED HOLIDAY FASHION|ELEVATED KITCHEN Must-Haves|ELEVATED SWIMWEAR|ENTERTAINING Essentials|ENTRYWAY. FOYER.|EUROPEAN SUMMER|Effortless Chic Home|FALL LOUNGE SETS|FASHION|FAUX & DRIED FLORALS|FAUX INDOOR/OUTDOOR|FEBRUARY Best Sellers|FOR HER - HANDBAGS|FOR HIM - GIFT GUIDE|FRIDGE Organization|FRONT PORCH|FURNITURE In Our Home|For the Big Kids|For the Hostess - GIFT GUIDE|Furniture Mover REEL|GADGETS I CANNOT live WITHOUT|GIFTING|GIFTS UNDER $25|GIFTS UNDER $50|HAIR CARE|HALLOWEEN|HARDWARE & FINISHES|HEALTHY Living|HILLARY'S BEACH Bag Essentials|HOLIDAY BEST SELLERS|HOLIDAY COLOR CRUSHES 2025|HOLIDAY ESSENTIALS|HOLIDAY EVENING Looks|HOLIDAY MUST-HAVES on AMAZON LIVE|HOLIDAY ON SALE|HOLIDAY THEMES 2025|HOME & BATH Essentials|HOME DECOR|HOME OFFICE Essentials|Hillary's NEWEST Finds|Home UPGRADES|In MY Travel Bag|JANUARY Best Sellers|JOCELYN'S Space|JULY TOP PICKS|JUNE TOP PICKS|JUST IN - Organizing & Home|JUST IN...My Newest OBSESSIONS|January Best Sellers 2|KITCHEN Essentials|KITCHEN Organizing|LAMPS|LAST MINUTE GIFTS|LAUNDRY Room Essentials|LIGHTING - Designer Inspired|LUXE Gifting|LUXE Holiday Home|LUXE JEWELRY & ACCESSORIES|LUXURY GIFTS|MARCH Best Sellers|MAXI DRESS EDIT|MEMORIAL DAY SALE FOLLOWER FAVORITES|MORE NEW FINDS|MUST-HAVE HOSTING|MY HOLIDAY Home|MY Holiday Styling List|MY TOP PRODUCTS FOR JULY|Moody Luxe Home|My Curated Gift Guide|My TOP Amazon Cleaning and Organizing|NEW Arrivals|NEW HOLIDAY Finds|NEW HOME FINDS|NIGHTSTAND Essentials|NO DRILL Home Improvement|New Year's Must-Haves|ORGANIZING Essentials|OUR Rental|OUTDOOR Oasis|OVER 40 & Fabulous HILLARY'S Capsule WARDROBE - Effortless & Chic|Our REMODEL HOME|Our SITTING ROOM|Outdoor PLANTERS|PANTRY Organization|PILATES PRINCESS|PILLOWS & THROWS|POWDER BATH|PRESCHOOL LITTLES|QUIET LUXURY/OLD MONEY|RESORT WEAR FASHION|RESTORATION VIBES|RH STYLE - Looks like a SPLURGE|RUGS|SHATTERPROOF Beverage Glasses|SHOP The Hillary Style|SHOPBOP Favorites|SKIMS LIKE BASICS|SOFAS. ACCENT CHAIRS. OTTOMANS.|SPORT MOM Style|STOCKING STUFFERS|SUMMER HOSTING|Spring Obsessed|Subtle Luxury Home|TABLETOP MUST-HAVES|TECH ESSENTIALS|TEEN GIRLIES|TEEN GUYS|THE DRESS SHOPPE - From BRUNCH to BLACK TIE|THE Little Black Dress|THE Littles - GIFT GUIDE|TOP 100 HOME PICKS|TOP 100 PRIME FASHION DEALS|TOP 100+ PRIME DEALS|TOP 50 BEAUTY|TOP MOVING/ORGANIZING|TOP NOVEMBER DEALS|TOP OCTOBER DEALS|TOP SEPTEMBER DEALS|TRANSITIONAL Fall Fashion|TRAVEL|TWEEN & TEEN - GIFT GUIDE|TWEEN BACK TO SCHOOL|The FALL EDIT|The Hillary Style Holiday|The STYLE EDIT - HOTTEST finds RIGHT NOW!|UNBOXING|UNDER $50 FALL Capsule|VANITY Must-Haves|VASES. TRAYS. BOXES.|VIRAL Holiday Finds|VIRAL Home Gadgets|Vanity Organization|WALL DECOR - MIRRORS. ART. FRAMES.|WINTER FASHION|WORK WEAR|Your Currently MOST-LOVED,IL_12L5JOTON77WY|IL_12LJ38VR8BIZT|IL_136JGDBOWW0I4|IL_13866CB1KN3RI|IL_13DUABZBTBJVY|IL_13LSJDYI0DMAZ|IL_14615HLXD512Y|IL_15NDDXZ7X0955|IL_16F1ZOLGB573M|IL_174AROJG7VER7|IL_17ITIHGPTINHX|IL_17SP6THMUJN6E|IL_181FEP0C2U0RU|IL_18H5BP5V6EGYM|IL_18JLLR8E7X2KU|IL_1BKDYBCCXK5YE|IL_1DUCBV6BSXOJF|IL_1DXRHB098MRMA|IL_1E7EHNK9QTVEH|IL_1GS6BISWIK7UN|IL_1HHMN64HEUPU9|IL_1HZQPC6SSAHFG|IL_1I8FQ5LPJG30D|IL_1K9R04PZQD03N|IL_1LFWTJH9UBPKU|IL_1LKQL9NF315YS|IL_1LVS8EBYWIS2J|IL_1MB9961G83COM|IL_1MKYF1CAY9E8G|IL_1NFO0QLH5HS6Y|IL_1NR6N43OIR93A|IL_1NSB6B4CK6NM1|IL_1OH1TVBZ3L337|IL_1Q6KH53S4CVWD|IL_1QMBJFJU34FUR|IL_1QMQ9WWH79VRL|IL_1R4YIGU257W50|IL_1RA73GK94YR1G|IL_1SLNDA7361JAR|IL_1UGCFJJRVROLC|IL_1XPGUL8BC81KW|IL_1YYODGJOLLLRT|IL_20274194WU668|IL_202RY6J21JOG9|IL_20ODL7UVO85YK|IL_20Q0HRFOLM3K2|IL_21CU9PVXLTL6P|IL_21IKKXKZPGWVW|IL_21MLRQOMMKCFI|IL_21T7CCUQI2DH5|IL_222ENLE1WDY2M|IL_22L0SLOF07ITQ|IL_23YO2PO28IXV|IL_24ASC2W86JF33|IL_26IY6FNENQC7M|IL_270Y6RLSPP10V|IL_27BIT6UUHQ198|IL_27L1ENCS6OMON|IL_27VCDHN1568QK|IL_286Q78OJSYZO8|IL_28Z72BVY6B71P|IL_2969EJ7F6BLI8|IL_29FTLXCTPVP41|IL_2ABZ85AO7D848|IL_2B46UO4I7XY3G|IL_2C66SA5TXKNJK|IL_2DHFOQ3A1Q5U2|IL_2DVQFMB8O8SDC|IL_2EHNEZELPW5NA|IL_2GHS9RLET14RQ|IL_2GR0M7LHWL1O|IL_2HG2TBY26H9IW|IL_2I5A3XFI29113|IL_2KYYGUEXPAOKJ|IL_2LWBTUXIDQYKM|IL_2N8O18PX5PHA3|IL_2NDA05KNMQH4|IL_2OL0SY0HD6BBS|IL_2P1RVZSE8RCAZ|IL_2PQNIB7PVLPT1|IL_2Q5678F6BP61R|IL_2Q8H0EUR30UN9|IL_2RA331651DDK8|IL_2RDBP13815B8R|IL_2V2HL7TFY8QE8|IL_2V4ZM0XXYOP34|IL_2V9Q1BLJC4BNW|IL_2WRZJHHWAS214|IL_2YQAXQUJ2H8KY|IL_2Z5U0A9S9OXF9|IL_30ZOK8YSQFY5N|IL_310DHOAQUC0DH|IL_311VGYMV97O78|IL_31KXTI157WXNV|IL_31LARMS9JHPGT|IL_31R6EZ6S1ERJH|IL_32JT2D5T30E4J|IL_32M44I5BF0O0R|IL_32NJAOW4JT5JB|IL_32TSU85USSAQZ|IL_330I4A3SQ3ERE|IL_33RG7LWDINUWO|IL_341JHBPWHDBNK|IL_34RHZWFKXT7UT|IL_34VIWGR89GOO8|IL_370XLUWUIJAX1|IL_395N3QLHWD5V7|IL_39AL8K1TZE306|IL_39FHE4P3M78YV|IL_3BMD6XLV7JIPG|IL_3BNM8CSCBJ7VF|IL_3CETAKAWP1P7C|IL_3CQZYKSH60HA3|IL_3DS692CRM1BGS|IL_3GE7XODL0Z5A3|IL_3H3WH72KSZXK3|IL_3HBHLKKIJRXAQ|IL_3ITM4V91K4422|IL_3J2NRGA0NCDGR|IL_3JCDIMAGNYZ0E|IL_3KKGHGSJ1ZRYC|IL_3LEWC1H0K68XB|IL_3MJSZFZU5658|IL_3QCVRRMTI2TTQ|IL_3QM5O5E9ELURW|IL_3R1F2KZC9BJXJ|IL_3RKTIOM3H9T72|IL_3RT5O1LPLW4HX|IL_3TE1WGJI4HUK8|IL_3U58T22AIU7ZR|IL_3U9GRAHOG87DY|IL_3UQI8VF6F9P66|IL_3VBGW6RI08DIE|IL_3VW7VU2STCZ6B|IL_43J6PJOVYKC9|IL_5MN6DE6JTTK2|IL_76ENHDCP4NP1|IL_81C70Z4U4BII|IL_97O81RWTU3TG|IL_9FXRQ038D494|IL_B4MF8PKIS82A|IL_BWHQ5TU85DA7|IL_C4VDLQZK7ACP|IL_CQQP654U5715|IL_CTNECHN1HUCU|IL_DB6CKD297DDB|IL_DSS93TBPVRP5|IL_EAQUVLIMTM7R|IL_ED3VXSBXPFO5|IL_EEJXEINH2736|IL_F5Z67P4FFJC4|IL_FJAM99COX1K9|IL_IE0BGUCCDZ8X|IL_IOIVGOQN9X1X|IL_IRH0FVF815TU|IL_ITC144HBA2XS|IL_J39K6QG9TPDR|IL_J4MBZKLMALLQ|IL_JI222AIPC2S|IL_K1RZXTONZLT1|IL_K3IDK9BPXYFW|IL_K5H00QYC3R1G|IL_KIGFVJQ0V3OW|IL_L3V3XJ5WT8SV|IL_M0U0DTYJP1BI|IL_M615BEYW486F|IL_O5BIFXCH5S3Y|IL_O65RH2OR0EF3|IL_OB8CSFU2LS6V|IL_OJUSIV7RIXZX|IL_PN4A9X7BMPFX|IL_Q8UFO5D52NKD|IL_QR27F03IP4AQ|IL_QWA0HLMH0ZPN|IL_SC6UJV027JAK|IL_T9AHRYR4TO4W|IL_TOLRF8ZU3T5K|IL_V4V7ASEQMWKK|IL_VI6A3WXDHHDU|IL_VRW78IY69242|IL_WMCP8YLCXSCD|IL_WPS59NJ19M48|IL_WU8FIFLKC1R5|IL_YYM41OHGI1KQ|IL_ZN8TBHK35E0D,185,All memberships are included in internal_label; only the first 5 stable backup labels appear in custom_label_0-4.
B0CQRG62JM,SOFAS. ACCENT CHAIRS. OTTOMANS.,IL_34VIWGR89GOO8,1,
B0CQRJ6Z6D,AUGUST TOP PICKS|SKIMS LIKE BASICS,IL_395N3QLHWD5V7|IL_DSS93TBPVRP5,2,
B0CQRLY335,NEW HOME FINDS,IL_1QMBJFJU34FUR,1,
B0CQRND39T,PANTRY Organization,IL_1MKYF1CAY9E8G,1,
B0CQRPF4V1,$50 WINTER FASHION|HOLIDAY EVENING Looks,IL_2OL0SY0HD6BBS|IL_43J6PJOVYKC9,2,
B0CQRXBYXS,BRIDE- Spoil Her for the Big Day!,IL_3R1F2KZC9BJXJ,1,
B0CQS1ZJ27,LIGHTING - Designer Inspired,IL_K3IDK9BPXYFW,1,
B0CQS6H5JZ,FEBRUARY Best Sellers,IL_1MB9961G83COM,1,
B0CQS75Z31,April Amazon Live,IL_K5H00QYC3R1G,1,
B0CQS7JH2W,RESORT WEAR FASHION,IL_15NDDXZ7X0955,1,
B0CQSQT3JT,SKIMS LIKE BASICS,IL_395N3QLHWD5V7,1,
B0CQTRNGGH,GIFTING,IL_YYM41OHGI1KQ,1,
B0CQVN85VC,Spring Obsessed,IL_222ENLE1WDY2M,1,
B0CQVWT2NH,TWEEN & TEEN - GIFT GUIDE,IL_1I8FQ5LPJG30D,1,
B0CQWX1X3Q,48 Yr Old Mom of 5 - What I am OBSESSED over!|LUXURY GIFTS|QUIET LUXURY/OLD MONEY,IL_1NSB6B4CK6NM1|IL_310DHOAQUC0DH|IL_3KKGHGSJ1ZRYC,3,
B0CQWZVL8C,NEW HOME FINDS,IL_1QMBJFJU34FUR,1,
B0CQX4T4LQ,LAST MINUTE GIFTS|My Curated Gift Guide,IL_1OH1TVBZ3L337|IL_IE0BGUCCDZ8X,2,
B0CQY38B1C,Spring Obsessed,IL_222ENLE1WDY2M,1,
B0CQY5PX52,In MY Travel Bag,IL_SC6UJV027JAK,1,
B0CQY653B5,WORK WEAR,IL_3J2NRGA0NCDGR,1,
B0CQYR9VW7,CURTAINS,IL_O5BIFXCH5S3Y,1,
B0CQYTNNW7,CAR ORGANIZATION|CREATOR Favorites,IL_3TE1WGJI4HUK8|IL_J39K6QG9TPDR,2,
B0CQZ78RX5,ELEVATED KITCHEN Must-Haves,IL_V4V7ASEQMWKK,1,
B0CQZ79MWM,Amazon Furniture in Our Home,IL_1UGCFJJRVROLC,1,
B0CQZ8JRDQ,BRIDE- Spoil Her for the Big Day!,IL_3R1F2KZC9BJXJ,1,
B0CR11NDTT,COFFEE TABLES. SIDE TABLES. ACCENT TABLES,IL_2RDBP13815B8R,1,
B0CR1YY8ZR,TEEN GUYS|TWEEN BACK TO SCHOOL,IL_39AL8K1TZE306|IL_O65RH2OR0EF3,2,
B0CR35PVD8,The STYLE EDIT - HOTTEST finds RIGHT NOW!,IL_1SLNDA7361JAR,1,
B0CR3BDWQ1,FASHION,IL_3LEWC1H0K68XB,1,
B0CR3R6XHM,DORM ROOM ESSENTIALS,IL_1DUCBV6BSXOJF,1,
B0CR5N9S77,MAXI DRESS EDIT,IL_3CETAKAWP1P7C,1,
B0CR5NHMB2,TOP SEPTEMBER DEALS,IL_JI222AIPC2S,1,
B0CR5PGNS2,SKIMS LIKE BASICS,IL_395N3QLHWD5V7,1,
B0CR6CC34M,FOR HER - HANDBAGS,IL_3ITM4V91K4422,1,
B0CR6Z9TPY,ENTERTAINING Essentials,IL_2GHS9RLET14RQ,1,
B0CR6ZFZD8,HILLARY'S BEACH Bag Essentials,IL_29FTLXCTPVP41,1,
B0CR74V7YR,HILLARY'S BEACH Bag Essentials,IL_29FTLXCTPVP41,1,
B0CR7BTG26,ATHEISURE|ATHLETIC DRESSES,IL_31LARMS9JHPGT|IL_3GE7XODL0Z5A3,2,
B0CR8NWGNT,ELEVATED HOLIDAY FASHION,IL_WU8FIFLKC1R5,1,
B0CR8V5X58,FEBRUARY Best Sellers,IL_1MB9961G83COM,1,
B0CR8WH5FB,SPORT MOM Style,IL_33RG7LWDINUWO,1,
B0CR8WWTMT,PILATES PRINCESS,IL_3QM5O5E9ELURW,1,
B0CR9V561Q,BRIDE- Spoil Her for the Big Day!,IL_3R1F2KZC9BJXJ,1,
B0CR9YTZH6,AUTUMN Vibes,IL_2NDA05KNMQH4,1,
B0CR9Z82MN,ATHLETIC DRESSES,IL_3GE7XODL0Z5A3,1,
B0CRB2B3LL,SUMMER HOSTING,IL_C4VDLQZK7ACP,1,
B0CRDZK1GF,WINTER FASHION,IL_PN4A9X7BMPFX,1,
B0CRDZZZGM,FOR HER - HANDBAGS,IL_3ITM4V91K4422,1,
B0CRGWYMWR,In MY Travel Bag,IL_SC6UJV027JAK,1,
B0CRHXKC7S,The STYLE EDIT - HOTTEST finds RIGHT NOW!,IL_1SLNDA7361JAR,1,
B0CRJ1XW3Q,COFFEE TABLES. SIDE TABLES. ACCENT TABLES,IL_2RDBP13815B8R,1,
B0CRJ2FFXD,DINING ROOM|RH STYLE - Looks like a SPLURGE,IL_32TSU85USSAQZ|IL_3RKTIOM3H9T72,2,
B0CRJWWZP3,RUGS,IL_2N8O18PX5PHA3,1,
B0CRKS6GWQ,LUXE Holiday Home,IL_21MLRQOMMKCFI,1,
B0CRKV5BJ9,OVER 40 & Fabulous HILLARY'S Capsule WARDROBE - Effortless & Chic|TRANSITIONAL Fall Fashion|The FALL EDIT,IL_1GS6BISWIK7UN|IL_5MN6DE6JTTK2|IL_IOIVGOQN9X1X,3,
B0CRL5WN6R,AFFORDABLE DECOR|Our REMODEL HOME,IL_1RA73GK94YR1G|IL_2EHNEZELPW5NA,2,
B0CRLXZN9Y,OUR Rental,IL_21IKKXKZPGWVW,1,
B0CRM5DKX8,HOME DECOR,IL_2V4ZM0XXYOP34,1,
B0CRM5VQST,Our REMODEL HOME,IL_1RA73GK94YR1G,1,
B0CRMY5BMK,MARCH Best Sellers,IL_13DUABZBTBJVY,1,
B0CRQBVXL7,FRIDGE Organization|KITCHEN Organizing,IL_2B46UO4I7XY3G|IL_3HBHLKKIJRXAQ,2,
B0CRQSJ51W,SKIMS LIKE BASICS,IL_395N3QLHWD5V7,1,
B0CRRJWRFS,CAR ORGANIZATION,IL_3TE1WGJI4HUK8,1,
B0CRRV6Z97,CAR ORGANIZATION|DECEMBER Best Sellers,IL_2PQNIB7PVLPT1|IL_3TE1WGJI4HUK8,2,
B0CRRXX5LG,RH STYLE - Looks like a SPLURGE,IL_32TSU85USSAQZ,1,
B0CRRZNL11,STOCKING STUFFERS,IL_20274194WU668,1,
B0CRSSX2LM,VIRAL Home Gadgets,IL_14615HLXD512Y,1,
B0CRSZJDN2,BEAUTY & SKINCARE,IL_WPS59NJ19M48,1,
B0CRTMB5C1,JUST IN - Organizing & Home,IL_3UQI8VF6F9P66,1,
B0CRTMS1RS,RH STYLE - Looks like a SPLURGE,IL_32TSU85USSAQZ,1,
B0CRTVGD8S,SOFAS. ACCENT CHAIRS. OTTOMANS.,IL_34VIWGR89GOO8,1,
B0CRWRH6TT,AUTUMN Vibes,IL_2NDA05KNMQH4,1,
B0CRX55WP8,BEAUTY MUST-HAVES|TOP 50 BEAUTY,IL_174AROJG7VER7|IL_17SP6THMUJN6E,2,
B0CRX7917V,BEAUTY & SKINCARE,IL_WPS59NJ19M48,1,
B0CRXBMTYP,NEW HOME FINDS,IL_1QMBJFJU34FUR,1,
B0CRYJL9C7,FEBRUARY Best Sellers,IL_1MB9961G83COM,1,
B0CRYWBBV2,FASHION,IL_3LEWC1H0K68XB,1,
B0CRYWRL7N,FEBRUARY Best Sellers,IL_1MB9961G83COM,1,
B0CS19ZJYC,COFFEE TABLES. SIDE TABLES. ACCENT TABLES,IL_2RDBP13815B8R,1,
B0CS31V4TF,RESORT WEAR FASHION,IL_15NDDXZ7X0955,1,
B0CS3N64M9,BATHROOM Organization,IL_Q8UFO5D52NKD,1,
B0CS3STCZ4,KITCHEN Organizing|NEW Arrivals,IL_2B46UO4I7XY3G|IL_2DHFOQ3A1Q5U2,2,
B0CS4NYT3R,48 Yr Old Mom of 5 - What I am OBSESSED over!|TOP 50 BEAUTY,IL_17SP6THMUJN6E|IL_1NSB6B4CK6NM1,2,
B0CS51KDQP,GADGETS I CANNOT live WITHOUT|MUST-HAVE HOSTING|SHATTERPROOF Beverage Glasses|Your Currently MOST-LOVED,IL_12L5JOTON77WY|IL_23YO2PO28IXV|IL_3BNM8CSCBJ7VF|IL_3U9GRAHOG87DY,4,
B0CS5MQ3N3,EUROPEAN SUMMER,IL_341JHBPWHDBNK,1,
B0CS6B12WB,SKIMS LIKE BASICS,IL_395N3QLHWD5V7,1,
B0CS6M9LBW,EARNED A SPOT FOR LIFE!,IL_76ENHDCP4NP1,1,
B0CS7J2XWY,EUROPEAN SUMMER,IL_341JHBPWHDBNK,1,
B0CS9N1QYS,WALL DECOR - MIRRORS. ART. FRAMES.,IL_1HZQPC6SSAHFG,1,
B0CS9QQ563,DORM ROOM ESSENTIALS,IL_1DUCBV6BSXOJF,1,
B0CSCLLJHC,FEBRUARY Best Sellers,IL_1MB9961G83COM,1,
B0CSCVFW7S,TOP 100 HOME PICKS,IL_2DVQFMB8O8SDC,1,
B0CSCY5FLV,ELEVATED KITCHEN Must-Haves|Your Currently MOST-LOVED,IL_3BNM8CSCBJ7VF|IL_V4V7ASEQMWKK,2,
B0CSD48X45,MY TOP PRODUCTS FOR JULY,IL_OB8CSFU2LS6V,1,
B0CSD4FD9Q,MY TOP PRODUCTS FOR JULY,IL_OB8CSFU2LS6V,1,
B0CSD58PKW,SKIMS LIKE BASICS,IL_395N3QLHWD5V7,1,
B0CSD5S75G,2025 TOP SELLERS|BEDROOM STYLE|MY TOP PRODUCTS FOR JULY,IL_2HG2TBY26H9IW|IL_3RT5O1LPLW4HX|IL_OB8CSFU2LS6V,3,
B0CSDBC5SY,TOP SEPTEMBER DEALS,IL_JI222AIPC2S,1,
B0CSDCH6LC,THE Littles - GIFT GUIDE,IL_3BMD6XLV7JIPG,1,
B0CSDGTRSY,LIGHTING - Designer Inspired,IL_K3IDK9BPXYFW,1,
B0CSFLVD33,TOP 100 HOME PICKS|TOP 100+ PRIME DEALS,IL_2DVQFMB8O8SDC|IL_330I4A3SQ3ERE,2,
B0CSFQ4WRP,TOP 100+ PRIME DEALS,IL_330I4A3SQ3ERE,1,
B0CSG16VHQ,PILLOWS & THROWS,IL_J4MBZKLMALLQ,1,
B0CSHXXXFV,OVER 40 & Fabulous HILLARY'S Capsule WARDROBE - Effortless & Chic,IL_1GS6BISWIK7UN,1,
B0CSK5SFNC,PILATES PRINCESS,IL_3QM5O5E9ELURW,1,
B0CSK7RM5C,LAST MINUTE GIFTS,IL_1OH1TVBZ3L337,1,
B0CSK93S9H,ELEVATED KITCHEN Must-Haves,IL_V4V7ASEQMWKK,1,
B0CSLW95FD,COFFEE TABLES. SIDE TABLES. ACCENT TABLES,IL_2RDBP13815B8R,1,
B0CSPR5TPN,ELEVATED KITCHEN Must-Haves,IL_V4V7ASEQMWKK,1,
B0CSPSNGF5,SUMMER HOSTING,IL_C4VDLQZK7ACP,1,
B0CSPWPJVK,HALLOWEEN,IL_TOLRF8ZU3T5K,1,
B0CSQZN5FZ,Outdoor PLANTERS,IL_270Y6RLSPP10V,1,
B0CSRHBGJ2,COFFEE TABLES. SIDE TABLES. ACCENT TABLES,IL_2RDBP13815B8R,1,
B0CSSQ5X6J,TOP NOVEMBER DEALS,IL_2Z5U0A9S9OXF9,1,
B0CST4LB2R,AFFORDABLE DECOR,IL_2EHNEZELPW5NA,1,
B0CSVJ4Y3X,LIGHTING - Designer Inspired,IL_K3IDK9BPXYFW,1,
B0CSVM532X,MY TOP PRODUCTS FOR JULY|PILATES PRINCESS,IL_3QM5O5E9ELURW|IL_OB8CSFU2LS6V,2,
B0CSVP4KFC,My Curated Gift Guide,IL_IE0BGUCCDZ8X,1,
B0CSVPGZ5H,BRIDE- Spoil Her for the Big Day!,IL_3R1F2KZC9BJXJ,1,
B0CSWTYZNL,SPORT MOM Style,IL_33RG7LWDINUWO,1,
B0CSXHG6L1,ATHEISURE|ATHLETIC DRESSES,IL_31LARMS9JHPGT|IL_3GE7XODL0Z5A3,2,
B0CSXV83N3,WORK WEAR,IL_3J2NRGA0NCDGR,1,
B0CSYC92BQ,THE Little Black Dress,IL_CTNECHN1HUCU,1,
B0CSYNW3X3,ATHEISURE,IL_31LARMS9JHPGT,1,
B0CSYSHT6P,For the Hostess - GIFT GUIDE,IL_2C66SA5TXKNJK,1,
B0CT1KLSC5,ENTERTAINING Essentials,IL_2GHS9RLET14RQ,1,
B0CT2Q4GVR,COFFEE TABLES. SIDE TABLES. ACCENT TABLES,IL_2RDBP13815B8R,1,
B0CT2R7199,TECH ESSENTIALS,IL_1LVS8EBYWIS2J,1,
B0CT2WVXMY,SUMMER HOSTING,IL_C4VDLQZK7ACP,1,
B0CT3NG3TN,STOCKING STUFFERS,IL_20274194WU668,1,
B0CT3P12J7,For the Hostess - GIFT GUIDE|LAST MINUTE GIFTS|VASES. TRAYS. BOXES.,IL_1OH1TVBZ3L337|IL_2C66SA5TXKNJK|IL_2YQAXQUJ2H8KY,3,
B0CT4HWWM3,DORM ROOM ESSENTIALS,IL_1DUCBV6BSXOJF,1,
B0CT4NHGBK,HOLIDAY THEMES 2025,IL_CQQP654U5715,1,
B0CT51Q2Z7,BATHROOM Organization,IL_Q8UFO5D52NKD,1,
B0CT56VL78,AUTUMN Vibes,IL_2NDA05KNMQH4,1,
B0CT65B3YM,OUTDOOR Oasis,IL_VI6A3WXDHHDU,1,
B0CT6CPRZ7,SOFAS. ACCENT CHAIRS. OTTOMANS.,IL_34VIWGR89GOO8,1,
B0CT7S5CW1,UNBOXING,IL_1NR6N43OIR93A,1,
B0CT9552BL,ORGANIZING Essentials,IL_27VCDHN1568QK,1,
B0CTBRS66Q,THE DRESS SHOPPE - From BRUNCH to BLACK TIE,IL_1HHMN64HEUPU9,1,
B0CTDJ2LVB,April Amazon Live,IL_K5H00QYC3R1G,1,
B0CTDKNHJV,TRAVEL,IL_24ASC2W86JF33,1,
B0CTF75WHK,TWEEN & TEEN - GIFT GUIDE,IL_1I8FQ5LPJG30D,1,
B0CTFCZ3SN,BRIDE- Spoil Her for the Big Day!,IL_3R1F2KZC9BJXJ,1,
B0CTHNYH31,HOLIDAY EVENING Looks,IL_2OL0SY0HD6BBS,1,
B0CTJNYS1N,BEDDING. PILLOWS. THROWS. TOWELS.,IL_1LFWTJH9UBPKU,1,
B0CTK1LG9G,UNDER $50 FALL Capsule,IL_39FHE4P3M78YV,1,
B0CTK2SDTJ,SOFAS. ACCENT CHAIRS. OTTOMANS.,IL_34VIWGR89GOO8,1,
B0CTK95WTM,LAMPS,IL_28Z72BVY6B71P,1,
B0CTKSQMMK,HOLIDAY EVENING Looks,IL_2OL0SY0HD6BBS,1,
B0CTKW21FT,LUXE JEWELRY & ACCESSORIES,IL_27BIT6UUHQ198,1,
B0CTLM93G2,Spring Obsessed,IL_222ENLE1WDY2M,1,
B0CTLRS61Z,FAUX & DRIED FLORALS,IL_2WRZJHHWAS214,1,
B0CTLTNMQ3,CAR ORGANIZATION,IL_3TE1WGJI4HUK8,1,
B0CTMD2Q2M,CHIC 2-PIECE SETS,IL_QR27F03IP4AQ,1,
B0CTMD8SY2,BRIDE- Spoil Her for the Big Day!,IL_3R1F2KZC9BJXJ,1,
B0CTP6VTMN,BEAUTY & SKINCARE,IL_WPS59NJ19M48,1,
B0CTQ366F2,LUXE Holiday Home,IL_21MLRQOMMKCFI,1,
B0CTQ44277,AUTUMN Vibes,IL_2NDA05KNMQH4,1,
B0CTQFCK1L,SOFAS. ACCENT CHAIRS. OTTOMANS.,IL_34VIWGR89GOO8,1,
B0CTS7SZJQ,SKIMS LIKE BASICS,IL_395N3QLHWD5V7,1,
B0CTS8VQ85,CREATOR Favorites|MY TOP PRODUCTS FOR JULY,IL_J39K6QG9TPDR|IL_OB8CSFU2LS6V,2,
B0CTSCK1R6,ATHEISURE,IL_31LARMS9JHPGT,1,
B0CTSVFKC1,DECEMBER Best Sellers,IL_2PQNIB7PVLPT1,1,
B0CTSZV6SX,MORE NEW FINDS,IL_32M44I5BF0O0R,1,
B0CTTC1G59,WINTER FASHION,IL_PN4A9X7BMPFX,1,
B0CTY9PXKD,SOFAS. ACCENT CHAIRS. OTTOMANS.,IL_34VIWGR89GOO8,1,
B0CV12XV4L,Spring Obsessed,IL_222ENLE1WDY2M,1,
B0CV1CZQW7,Hillary's NEWEST Finds,IL_1XPGUL8BC81KW,1,
B0CV39Q5LG,BEDROOM STYLE,IL_2HG2TBY26H9IW,1,
B0CV3H9VBH,Our REMODEL HOME,IL_1RA73GK94YR1G,1,
B0CV3WM15M,DECEMBER Best Sellers,IL_2PQNIB7PVLPT1,1,
B0CV476XSF,TRANSITIONAL Fall Fashion,IL_5MN6DE6JTTK2,1,
B0CV4NS9SS,SOFAS. ACCENT CHAIRS. OTTOMANS.,IL_34VIWGR89GOO8,1,
B0CV51PPM1,HOLIDAY EVENING Looks,IL_2OL0SY0HD6BBS,1,
B0CV52NVG5,MY HOLIDAY Home,IL_18JLLR8E7X2KU,1,
B0CV5T2YG6,TECH ESSENTIALS,IL_1LVS8EBYWIS2J,1,
B0CV7J4M79,DECEMBER Best Sellers,IL_2PQNIB7PVLPT1,1,
B0CV7P71DX,HOME DECOR,IL_2V4ZM0XXYOP34,1,
B0CV7RX6ML,BEAUTY MUST-HAVES,IL_174AROJG7VER7,1,
B0CV9F2Q5V,TECH ESSENTIALS,IL_1LVS8EBYWIS2J,1,
B0CV9JNFM4,Home UPGRADES,IL_M615BEYW486F,1,
B0CV9K9BR7,Home UPGRADES,IL_M615BEYW486F,1,
B0CVBGLZ5S,CREATOR Favorites,IL_J39K6QG9TPDR,1,
B0CVBMFP66,HOLIDAY EVENING Looks|New Year's Must-Haves,IL_2OL0SY0HD6BBS|IL_3H3WH72KSZXK3,2,
B0CVHCZ729,SOFAS. ACCENT CHAIRS. OTTOMANS.,IL_34VIWGR89GOO8,1,
B0CVL7W8NY,WALL DECOR - MIRRORS. ART. FRAMES.,IL_1HZQPC6SSAHFG,1,
B0CVN17HBX,COFFEE TABLES. SIDE TABLES. ACCENT TABLES,IL_2RDBP13815B8R,1,
B0CVNHF6HW,BEDROOM STYLE,IL_2HG2TBY26H9IW,1,
B0CVNHGM77,BEDS. DRESSERS. NIGHTSTANDS.,IL_18H5BP5V6EGYM,1,
B0CVNQZ79D,LUXE JEWELRY & ACCESSORIES,IL_27BIT6UUHQ198,1,
B0CVQDQSSV,AFFORDABLE DECOR|AUTUMN Vibes,IL_2EHNEZELPW5NA|IL_2NDA05KNMQH4,2,
B0CVQRHYHV,ELEMENTARY SCHOOL,IL_13LSJDYI0DMAZ,1,
B0CVQT4SDR,LUXE JEWELRY & ACCESSORIES,IL_27BIT6UUHQ198,1,
B0CVQTD4P3,TOP 50 BEAUTY,IL_17SP6THMUJN6E,1,
B0CVR1D6T7,HILLARY'S BEACH Bag Essentials,IL_29FTLXCTPVP41,1,
B0CVS9BFH4,Home UPGRADES,IL_M615BEYW486F,1,
B0CVTM1G2Z,TECH ESSENTIALS,IL_1LVS8EBYWIS2J,1,
B0CVTWXQR8,Moody Luxe Home|Subtle Luxury Home,IL_BWHQ5TU85DA7|IL_DB6CKD297DDB,2,
B0CVV5TS94,VASES. TRAYS. BOXES.,IL_2YQAXQUJ2H8KY,1,
B0CVXF2K39,FEBRUARY Best Sellers,IL_1MB9961G83COM,1,
B0CVXRSS1J,48 Yr Old Mom of 5 - What I am OBSESSED over!,IL_1NSB6B4CK6NM1,1,
B0CVYZ5TJZ,BEAUTY & SKINCARE,IL_WPS59NJ19M48,1,
B0CVZ3L2G9,RESORT WEAR FASHION,IL_15NDDXZ7X0955,1,
B0CVZK8SFP,BURGUNDY CRUSH,IL_32JT2D5T30E4J,1,
B0CW1SNQQ3,QUIET LUXURY/OLD MONEY,IL_310DHOAQUC0DH,1,
B0CW1XG6G4,SOFAS. ACCENT CHAIRS. OTTOMANS.,IL_34VIWGR89GOO8,1,
B0CW274GKK,AFFORDABLE DECOR,IL_2EHNEZELPW5NA,1,
B0CW2JG3JN,VASES. TRAYS. BOXES.,IL_2YQAXQUJ2H8KY,1,
B0CW2K17ZS,VASES. TRAYS. BOXES.,IL_2YQAXQUJ2H8KY,1,
B0CW344XT1,The FALL EDIT,IL_IOIVGOQN9X1X,1,
B0CW347KKS,$50 WINTER FASHION,IL_43J6PJOVYKC9,1,
B0CW376WZG,TABLETOP MUST-HAVES,IL_2RA331651DDK8,1,
B0CW3CTDQK,BRIDE- Spoil Her for the Big Day!,IL_3R1F2KZC9BJXJ,1,
B0CW5F2ZVF,TEEN GUYS,IL_O65RH2OR0EF3,1,
B0CW6FWPX8,LUXE JEWELRY & ACCESSORIES,IL_27BIT6UUHQ198,1,
B0CW89H6L6,TECH ESSENTIALS,IL_1LVS8EBYWIS2J,1,
B0CW92TDWH,TABLETOP MUST-HAVES,IL_2RA331651DDK8,1,
B0CW9KWFDM,KITCHEN Organizing,IL_2B46UO4I7XY3G,1,
B0CW9QRH5W,SOFAS. ACCENT CHAIRS. OTTOMANS.,IL_34VIWGR89GOO8,1,
B0CWBM5Y41,AUTUMN Vibes,IL_2NDA05KNMQH4,1,
B0CWCSDDJG,RESORT WEAR FASHION,IL_15NDDXZ7X0955,1,
B0CWG7TS3M,JANUARY Best Sellers,IL_F5Z67P4FFJC4,1,
B0CWGFFYZN,WALL DECOR - MIRRORS. ART. FRAMES.,IL_1HZQPC6SSAHFG,1,
B0CWGQ8CM3,HAIR CARE,IL_3VBGW6RI08DIE,1,
B0CWGSP1WY,My Curated Gift Guide,IL_IE0BGUCCDZ8X,1,
B0CWGV5QRV,NEW HOME FINDS,IL_1QMBJFJU34FUR,1,
B0CWGXSDNH,TOP 100+ PRIME DEALS,IL_330I4A3SQ3ERE,1,
B0CWGXXCZS,CLOSET Organizing,IL_1R4YIGU257W50,1,
B0CWH57Q9F,COFFEE BAR Essentials,IL_FJAM99COX1K9,1,
B0CWK1Q5F4,Home UPGRADES,IL_M615BEYW486F,1,
B0CWK6YQ7V,48 Yr Old Mom of 5 - What I am OBSESSED over!|BEAUTY MUST-HAVES,IL_174AROJG7VER7|IL_1NSB6B4CK6NM1,2,
B0CWL1J4T1,COFFEE TABLES. SIDE TABLES. ACCENT TABLES,IL_2RDBP13815B8R,1,
B0CWL8RFNR,DATE NIGHT FASHION|WORK WEAR,IL_20Q0HRFOLM3K2|IL_3J2NRGA0NCDGR,2,
B0CWLBNHJL,FRIDGE Organization,IL_3HBHLKKIJRXAQ,1,
B0CWLFT967,CANDLE HOLDERS. CANDLE STICKS.|VIRAL Holiday Finds,IL_3QCVRRMTI2TTQ|IL_ITC144HBA2XS,2,
B0CWLP3PM5,TOP 100+ PRIME DEALS,IL_330I4A3SQ3ERE,1,
B0CWLQPX2X,EARNED A SPOT FOR LIFE!|TOP 100+ PRIME DEALS,IL_330I4A3SQ3ERE|IL_76ENHDCP4NP1,2,
B0CWN7CKPN,SPORT MOM Style,IL_33RG7LWDINUWO,1,
B0CWNK4G8B,SKIMS LIKE BASICS,IL_395N3QLHWD5V7,1,
B0CWNXLFYJ,CLOSET Organizing,IL_1R4YIGU257W50,1,
B0CWNYJR36,CLOSET Organizing|MEMORIAL DAY SALE FOLLOWER FAVORITES,IL_17ITIHGPTINHX|IL_1R4YIGU257W50,2,
B0CWP1527L,Spring Obsessed,IL_222ENLE1WDY2M,1,
B0CWPBCVRM,TABLETOP MUST-HAVES,IL_2RA331651DDK8,1,
B0CWPMRHS3,NEW HOME FINDS|OUTDOOR Oasis|TOP 100 HOME PICKS,IL_1QMBJFJU34FUR|IL_2DVQFMB8O8SDC|IL_VI6A3WXDHHDU,3,
B0CWPSLLJ1,New Year's Must-Haves,IL_3H3WH72KSZXK3,1,
B0CWQ6BG24,HOLIDAY ON SALE,IL_81C70Z4U4BII,1,
B0CWR9HQ1W,HOLIDAY EVENING Looks,IL_2OL0SY0HD6BBS,1,
B0CWRFP5V7,HOLIDAY EVENING Looks,IL_2OL0SY0HD6BBS,1,
B0CWTSMQ3Q,SKIMS LIKE BASICS,IL_395N3QLHWD5V7,1,
B0CWTSTRDM,PILATES PRINCESS,IL_3QM5O5E9ELURW,1,
B0CWV1WJ7F,TECH ESSENTIALS,IL_1LVS8EBYWIS2J,1,
B0CWVD8MHH,HOLIDAY EVENING Looks,IL_2OL0SY0HD6BBS,1,
B0CWYDFXS3,GIFTING,IL_YYM41OHGI1KQ,1,
B0CWYX1FCC,SKIMS LIKE BASICS,IL_395N3QLHWD5V7,1,
B0CWYXC8KZ,FEBRUARY Best Sellers,IL_1MB9961G83COM,1,
B0CWZZM5MG,Spring Obsessed,IL_222ENLE1WDY2M,1,
B0CX1LRLSK,HOLIDAY EVENING Looks,IL_2OL0SY0HD6BBS,1,
B0CX1N1LJR,ELEVATED HOLIDAY FASHION,IL_WU8FIFLKC1R5,1,
B0CX32WZLC,HOME & BATH Essentials|KITCHEN Organizing,IL_2B46UO4I7XY3G|IL_IRH0FVF815TU,2,
B0CX3455R2,BEAUTY & SKINCARE,IL_WPS59NJ19M48,1,
B0CX4BSG3B,FOR HER - HANDBAGS,IL_3ITM4V91K4422,1,
B0CX4KK9XF,48 Yr Old Mom of 5 - What I am OBSESSED over!|DESIGNER INSPIRED,IL_1NSB6B4CK6NM1|IL_3JCDIMAGNYZ0E,2,
B0CX4TV5HN,GIFTING|LUXE Gifting,IL_B4MF8PKIS82A|IL_YYM41OHGI1KQ,2,
B0CX57JDSG,TRANSITIONAL Fall Fashion,IL_5MN6DE6JTTK2,1,
B0CX7MWL2W,JUST IN...My Newest OBSESSIONS|VIRAL Holiday Finds,IL_3QCVRRMTI2TTQ|IL_EAQUVLIMTM7R,2,
B0CX81HNC9,TWEEN & TEEN - GIFT GUIDE,IL_1I8FQ5LPJG30D,1,
B0CX8CM2FH,BRIDE- Spoil Her for the Big Day!,IL_3R1F2KZC9BJXJ,1,
B0CX8PQZ1H,TRANSITIONAL Fall Fashion,IL_5MN6DE6JTTK2,1,
B0CX9CWSFG,BEAUTY & SKINCARE,IL_WPS59NJ19M48,1,
B0CXB4LS85,HOME DECOR|LIGHTING - Designer Inspired,IL_2V4ZM0XXYOP34|IL_K3IDK9BPXYFW,2,
B0CXDNKG78,ATHEISURE,IL_31LARMS9JHPGT,1,
B0CXDQTS43,FASHION,IL_3LEWC1H0K68XB,1,
B0CXDR4JDR,JUST IN...My Newest OBSESSIONS,IL_EAQUVLIMTM7R,1,
B0CXDVBKMP,FAUX INDOOR/OUTDOOR,IL_VRW78IY69242,1,
B0CXDVNL64,BEAUTY MUST-HAVES,IL_174AROJG7VER7,1,
B0CXF9LRQK,KITCHEN Essentials,IL_286Q78OJSYZO8,1,
B0CXFBXX72,JUST IN...My Newest OBSESSIONS,IL_EAQUVLIMTM7R,1,
B0CXG2R3JQ,Vanity Organization,IL_WMCP8YLCXSCD,1,
B0CXGQVN1S,THE Littles - GIFT GUIDE,IL_3BMD6XLV7JIPG,1,
B0CXHJCR67,SOFAS. ACCENT CHAIRS. OTTOMANS.,IL_34VIWGR89GOO8,1,
B0CXHJSB7V,COFFEE TABLES. SIDE TABLES. ACCENT TABLES,IL_2RDBP13815B8R,1,
B0CXPJHZTK,FASHION,IL_3LEWC1H0K68XB,1,
B0CXPKY2F2,DATE NIGHT FASHION,IL_20Q0HRFOLM3K2,1,
B0CXPNW4K8,TOP MOVING/ORGANIZING,IL_3VW7VU2STCZ6B,1,
B0CXPVRT5M,SKIMS LIKE BASICS,IL_395N3QLHWD5V7,1,
B0CXPWSS8S,SKIMS LIKE BASICS,IL_395N3QLHWD5V7,1,
B0CXQ6GPYG,CLOSET Organizing,IL_1R4YIGU257W50,1,
B0CXSJF55Z,EARLY Fall|FRONT PORCH|HALLOWEEN,IL_31R6EZ6S1ERJH|IL_ED3VXSBXPFO5|IL_TOLRF8ZU3T5K,3,
B0CXSN1T3D,COFFEE TABLES. SIDE TABLES. ACCENT TABLES,IL_2RDBP13815B8R,1,
B0CXSPQF8T,JANUARY Best Sellers,IL_F5Z67P4FFJC4,1,
B0CXSV9WZ8,TRAVEL,IL_24ASC2W86JF33,1,
B0CXT8ZD5Q,UNDER $50 FALL Capsule,IL_39FHE4P3M78YV,1,
B0CXT9L8Q6,OVER 40 & Fabulous HILLARY'S Capsule WARDROBE - Effortless & Chic|TRANSITIONAL Fall Fashion,IL_1GS6BISWIK7UN|IL_5MN6DE6JTTK2,2,
B0CXT9PHH5,SPORT MOM Style,IL_33RG7LWDINUWO,1,
B0CXTBJ9WL,SKIMS LIKE BASICS,IL_395N3QLHWD5V7,1,
B0CXTBKW2V,LUXE Gifting|LUXE JEWELRY & ACCESSORIES,IL_27BIT6UUHQ198|IL_B4MF8PKIS82A,2,
B0CXTGSHHN,OUTDOOR Oasis,IL_VI6A3WXDHHDU,1,
B0CXTMS4KL,BEAUTY & SKINCARE,IL_WPS59NJ19M48,1,
B0CXTQKB4G,SPORT MOM Style,IL_33RG7LWDINUWO,1,
B0CXV53GNQ,NEW HOME FINDS,IL_1QMBJFJU34FUR,1,
B0CXVCLXZL,ELEVATED KITCHEN Must-Haves,IL_V4V7ASEQMWKK,1,
B0CXWVSW82,Spring Obsessed,IL_222ENLE1WDY2M,1,
B0CXX741HC,Hillary's NEWEST Finds|OUTDOOR Oasis,IL_1XPGUL8BC81KW|IL_VI6A3WXDHHDU,2,
B0CXX8VML5,BEST SELLERS|JUST IN...My Newest OBSESSIONS,IL_3DS692CRM1BGS|IL_EAQUVLIMTM7R,2,
B0CXXHRXYT,Subtle Luxury Home,IL_BWHQ5TU85DA7,1,
B0CXXMZ6HL,SOFAS. ACCENT CHAIRS. OTTOMANS.,IL_34VIWGR89GOO8,1,
B0CXXPF2BV,APRIL Best Sellers,IL_181FEP0C2U0RU,1,
B0CXXRB1MX,Our REMODEL HOME,IL_1RA73GK94YR1G,1,
B0CXXVXJBZ,SOFAS. ACCENT CHAIRS. OTTOMANS.,IL_34VIWGR89GOO8,1,
B0CXY6FS17,AUGUST TOP PICKS,IL_DSS93TBPVRP5,1,
B0CXY91QT9,THE Littles - GIFT GUIDE,IL_3BMD6XLV7JIPG,1,
B0CY1PXYD6,VIRAL Home Gadgets,IL_14615HLXD512Y,1,
B0CY25C5VT,WINTER FASHION,IL_PN4A9X7BMPFX,1,
B0CY27F8C5,DESIGNER INSPIRED|LUXE JEWELRY & ACCESSORIES|TOP NOVEMBER DEALS,IL_27BIT6UUHQ198|IL_2Z5U0A9S9OXF9|IL_3JCDIMAGNYZ0E,3,
B0CY29CRJH,$50 WINTER FASHION,IL_43J6PJOVYKC9,1,
B0CY2JZD34,EUROPEAN SUMMER,IL_341JHBPWHDBNK,1,
B0CY2KB99G,In MY Travel Bag|TEEN GIRLIES|TEEN GUYS,IL_370XLUWUIJAX1|IL_O65RH2OR0EF3|IL_SC6UJV027JAK,3,
B0CY2XJBVY,Hillary's NEWEST Finds,IL_1XPGUL8BC81KW,1,
B0CY31CMR2,LIGHTING - Designer Inspired,IL_K3IDK9BPXYFW,1,
B0CY3HW3KR,TABLETOP MUST-HAVES,IL_2RA331651DDK8,1,
B0CY3MXC38,HOLIDAY EVENING Looks,IL_2OL0SY0HD6BBS,1,
B0CY3RFQCM,NEW HOME FINDS|OUTDOOR Oasis,IL_1QMBJFJU34FUR|IL_VI6A3WXDHHDU,2,
B0CY3S98RK,Your Currently MOST-LOVED,IL_3BNM8CSCBJ7VF,1,
B0CY43YVNP,COFFEE BAR Essentials|KITCHEN Organizing,IL_2B46UO4I7XY3G|IL_FJAM99COX1K9,2,
B0CY4HW6VD,EUROPEAN SUMMER,IL_341JHBPWHDBNK,1,
B0CY5183B6,COFFEE BAR Essentials,IL_FJAM99COX1K9,1,
B0CY5FK8S5,CABINETS. SIDEBOARDS. BUFFETS. CONSOLES.|LUXE Holiday Home,IL_21MLRQOMMKCFI|IL_2Q8H0EUR30UN9,2,
B0CY7WQGK2,The STYLE EDIT - HOTTEST finds RIGHT NOW!,IL_1SLNDA7361JAR,1,
B0CY7ZX9VQ,KITCHEN Organizing,IL_2B46UO4I7XY3G,1,
B0CY8FSBJ9,FASHION|MEMORIAL DAY SALE FOLLOWER FAVORITES,IL_17ITIHGPTINHX|IL_3LEWC1H0K68XB,2,
B0CY8GJGRX,CHIC WITHOUT THE SPLURGE TRAVEL|RESORT WEAR FASHION,IL_15NDDXZ7X0955|IL_2GR0M7LHWL1O,2,
B0CYBJCTLH,RESORT WEAR FASHION,IL_15NDDXZ7X0955,1,
B0CYBQC2S7,WINTER FASHION,IL_PN4A9X7BMPFX,1,
B0CYC1P15H,AUGUST TOP PICKS,IL_DSS93TBPVRP5,1,
B0CYC3RNTS,TRAVEL,IL_24ASC2W86JF33,1,
B0CYC4NR5V,FAUX INDOOR/OUTDOOR,IL_VRW78IY69242,1,
B0CYC5GDYP,TEEN GIRLIES,IL_370XLUWUIJAX1,1,
B0CYCFFV4S,2025 TOP SELLERS|CABINETS. SIDEBOARDS. BUFFETS. CONSOLES.|CARTS DON'T LIE — These were May's biggest hits.|RESTORATION VIBES|Spring Obsessed|Your Currently MOST-LOVED,IL_1BKDYBCCXK5YE|IL_222ENLE1WDY2M|IL_2I5A3XFI29113|IL_2Q8H0EUR30UN9|IL_3BNM8CSCBJ7VF|IL_3RT5O1LPLW4HX,6,All memberships are included in internal_label; only the first 5 stable backup labels appear in custom_label_0-4.
B0CYFYPD6H,In MY Travel Bag|TRAVEL,IL_24ASC2W86JF33|IL_SC6UJV027JAK,2,
B0CYG1KBRZ,The STYLE EDIT - HOTTEST finds RIGHT NOW!,IL_1SLNDA7361JAR,1,
B0CYG4GH8Q,SKIMS LIKE BASICS,IL_395N3QLHWD5V7,1,
B0CYGLVLYP,BARCART|SUMMER HOSTING,IL_1YYODGJOLLLRT|IL_C4VDLQZK7ACP,2,
B0CYGP82PZ,DECEMBER Best Sellers,IL_2PQNIB7PVLPT1,1,
B0CYH1HZJ6,SKIMS LIKE BASICS,IL_395N3QLHWD5V7,1,
B0CYH8KBV8,TOP 100+ PRIME DEALS,IL_330I4A3SQ3ERE,1,
B0CYHB6J5T,STOCKING STUFFERS,IL_20274194WU668,1,
B0CYHGTMNH,TECH ESSENTIALS,IL_1LVS8EBYWIS2J,1,
B0CYJDVT31,KITCHEN Essentials,IL_286Q78OJSYZO8,1,
B0CYJKWSQD,DINING ROOM,IL_3RKTIOM3H9T72,1,
B0CYL81Q7Z,Effortless Chic Home,IL_34RHZWFKXT7UT,1,
B0CYLMNWVS,FRIDGE Organization,IL_3HBHLKKIJRXAQ,1,
B0CYLPNPVJ,COFFEE TABLES. SIDE TABLES. ACCENT TABLES,IL_2RDBP13815B8R,1,
B0CYLXFQ3Y,COFFEE TABLES. SIDE TABLES. ACCENT TABLES,IL_2RDBP13815B8R,1,
B0CYLZH1XW,APRIL Best Sellers|FAUX INDOOR/OUTDOOR|Outdoor PLANTERS,IL_181FEP0C2U0RU|IL_270Y6RLSPP10V|IL_VRW78IY69242,3,
B0CYLZP3YG,CARTS DON'T LIE — These were May's biggest hits.|EARNED A SPOT FOR LIFE!|FAUX INDOOR/OUTDOOR|Outdoor PLANTERS|TOP 100 HOME PICKS,IL_1BKDYBCCXK5YE|IL_270Y6RLSPP10V|IL_2DVQFMB8O8SDC|IL_76ENHDCP4NP1|IL_VRW78IY69242,5,
B0CYM2JKWX,BRIDE- Spoil Her for the Big Day!,IL_3R1F2KZC9BJXJ,1,
B0CYNXDDDM,ELEMENTARY SCHOOL,IL_13LSJDYI0DMAZ,1,
B0CYP296Q5,SPORT MOM Style,IL_33RG7LWDINUWO,1,
B0CYP2P8JT,ELEMENTARY SCHOOL,IL_13LSJDYI0DMAZ,1,
B0CYP6MR11,STOCKING STUFFERS,IL_20274194WU668,1,
B0CYPN8GM1,WORK WEAR,IL_3J2NRGA0NCDGR,1,
B0CYPQSRF5,ENTERTAINING Essentials,IL_2GHS9RLET14RQ,1,
B0CYPTYR9G,SKIMS LIKE BASICS,IL_395N3QLHWD5V7,1,
B0CYR4F76G,TWEEN BACK TO SCHOOL,IL_39AL8K1TZE306,1,
B0CYSWDXPD,JUST IN...My Newest OBSESSIONS|UNDER $50 FALL Capsule,IL_39FHE4P3M78YV|IL_EAQUVLIMTM7R,2,
B0CYSWQNG1,April Amazon Live|BURGUNDY CRUSH,IL_32JT2D5T30E4J|IL_K5H00QYC3R1G,2,
B0CYT2LXHC,RUGS,IL_2N8O18PX5PHA3,1,
B0CYT3NY3B,OVER 40 & Fabulous HILLARY'S Capsule WARDROBE - Effortless & Chic,IL_1GS6BISWIK7UN,1,
B0CYT8RLR1,DATE NIGHT FASHION,IL_20Q0HRFOLM3K2,1,
B0CYTB1BWV,JULY TOP PICKS,IL_9FXRQ038D494,1,
B0CYTCD3PV,MARCH Best Sellers,IL_13DUABZBTBJVY,1,
B0CYY2TD5T,MORE NEW FINDS,IL_32M44I5BF0O0R,1,
B0CYZ9VRM5,OUTDOOR Oasis,IL_VI6A3WXDHHDU,1,
B0CYZFHLSP,WINTER FASHION,IL_PN4A9X7BMPFX,1,
B0CYZJSSDX,FALL LOUNGE SETS,IL_1K9R04PZQD03N,1,
B0CZ2XXV6G,EARNED A SPOT FOR LIFE!|PANTRY Organization,IL_1MKYF1CAY9E8G|IL_76ENHDCP4NP1,2,
B0CZ39WHLH,HEALTHY Living|NEW Arrivals|Our REMODEL HOME,IL_136JGDBOWW0I4|IL_1RA73GK94YR1G|IL_2DHFOQ3A1Q5U2,3,
B0CZ425G2K,In MY Travel Bag|LUXE JEWELRY & ACCESSORIES|OVER 40 & Fabulous HILLARY'S Capsule WARDROBE - Effortless & Chic,IL_1GS6BISWIK7UN|IL_27BIT6UUHQ198|IL_SC6UJV027JAK,3,
B0CZ44CT9K,SKIMS LIKE BASICS,IL_395N3QLHWD5V7,1,
B0CZ4966M6,2025 TOP SELLERS,IL_3RT5O1LPLW4HX,1,
B0CZ4FR1YL,MEMORIAL DAY SALE FOLLOWER FAVORITES|RUGS,IL_17ITIHGPTINHX|IL_2N8O18PX5PHA3,2,
B0CZ6FZLYP,HILLARY'S BEACH Bag Essentials,IL_29FTLXCTPVP41,1,
B0CZ6MSRT1,SPORT MOM Style,IL_33RG7LWDINUWO,1,
B0CZ713N4K,SKIMS LIKE BASICS,IL_395N3QLHWD5V7,1,
B0CZ79T96V,ATHEISURE,IL_31LARMS9JHPGT,1,
B0CZ7BWGCQ,ATHEISURE,IL_31LARMS9JHPGT,1,
B0CZ7H9ZM6,CARTS DON'T LIE — These were May's biggest hits.|Subtle Luxury Home,IL_1BKDYBCCXK5YE|IL_BWHQ5TU85DA7,2,
B0CZ7J3TL8,BEDROOM STYLE,IL_2HG2TBY26H9IW,1,
B0CZ7NHPTX,ELEMENTARY SCHOOL,IL_13LSJDYI0DMAZ,1,
B0CZ7PDMKY,Vanity Organization,IL_WMCP8YLCXSCD,1,
B0CZ7WTDZL,APRIL Best Sellers,IL_181FEP0C2U0RU,1,
B0CZ8WLHK5,LAUNDRY Room Essentials,IL_27L1ENCS6OMON,1,
B0CZ9DDMKP,GIFTS UNDER $25,IL_OJUSIV7RIXZX,1,
B0CZ9HRGPR,COFFEE TABLES. SIDE TABLES. ACCENT TABLES,IL_2RDBP13815B8R,1,
B0CZ9P5FCQ,APRIL Best Sellers|Outdoor PLANTERS,IL_181FEP0C2U0RU|IL_270Y6RLSPP10V,2,
B0CZCTC3DQ,BEST SELLERS|TOP OCTOBER DEALS,IL_1E7EHNK9QTVEH|IL_3DS692CRM1BGS,2,
B0CZCXLG5X,DATE NIGHT FASHION|DESIGNER INSPIRED,IL_20Q0HRFOLM3K2|IL_3JCDIMAGNYZ0E,2,
B0CZDDDBZX,For the Hostess - GIFT GUIDE,IL_2C66SA5TXKNJK,1,
B0CZDN43KC,MORE NEW FINDS,IL_32M44I5BF0O0R,1,
B0CZDNDH96,2025 TOP SELLERS,IL_3RT5O1LPLW4HX,1,
B0CZDTP5MZ,HILLARY'S BEACH Bag Essentials,IL_29FTLXCTPVP41,1,
B0CZHYFBBJ,DINING ROOM,IL_3RKTIOM3H9T72,1,
B0CZJGXF3W,$50 WINTER FASHION,IL_43J6PJOVYKC9,1,
B0CZJRTQ9B,STOCKING STUFFERS,IL_20274194WU668,1,
B0CZKRRDH4,The STYLE EDIT - HOTTEST finds RIGHT NOW!,IL_1SLNDA7361JAR,1,
B0CZL1R7KH,AUGUST TOP PICKS,IL_DSS93TBPVRP5,1,
B0CZL25GFY,CANDLE HOLDERS. CANDLE STICKS.|TABLETOP MUST-HAVES,IL_2RA331651DDK8|IL_ITC144HBA2XS,2,
B0CZL26LGN,$50 WINTER FASHION,IL_43J6PJOVYKC9,1,
B0CZL2L4MB,AFFORDABLE DECOR,IL_2EHNEZELPW5NA,1,
B0CZL3XLZP,TOP SEPTEMBER DEALS,IL_JI222AIPC2S,1,
B0CZL9R25L,CLOSET Organizing,IL_1R4YIGU257W50,1,
B0CZMWSTLM,HOLIDAY ESSENTIALS,IL_ZN8TBHK35E0D,1,
B0CZNZZJPC,ORGANIZING Essentials,IL_27VCDHN1568QK,1,
B0CZPGX972,TWEEN & TEEN - GIFT GUIDE,IL_1I8FQ5LPJG30D,1,
B0CZQ1PVBP,THE Littles - GIFT GUIDE,IL_3BMD6XLV7JIPG,1,
B0CZRD2B9J,PILATES PRINCESS,IL_3QM5O5E9ELURW,1,
B0CZRFMGBB,HEALTHY Living,IL_136JGDBOWW0I4,1,
B0CZRH35CY,TRAVEL,IL_24ASC2W86JF33,1,
B0CZRNH6WW,NO DRILL Home Improvement,IL_2P1RVZSE8RCAZ,1,
B0CZRRRXFY,In MY Travel Bag,IL_SC6UJV027JAK,1,
B0CZS6SS3Y,KITCHEN Essentials,IL_286Q78OJSYZO8,1,
B0CZS6VMTR,CABINETS. SIDEBOARDS. BUFFETS. CONSOLES.|Our SITTING ROOM,IL_2Q8H0EUR30UN9|IL_T9AHRYR4TO4W,2,
B0CZSD4Q61,RUGS,IL_2N8O18PX5PHA3,1,
B0CZSDDS34,BURGUNDY CRUSH,IL_32JT2D5T30E4J,1,
B0CZTGWFG8,HEALTHY Living,IL_136JGDBOWW0I4,1,
B0CZWQVL7L,HOME OFFICE Essentials,IL_31KXTI157WXNV,1,
B0CZYYDMHC,BURGUNDY CRUSH,IL_32JT2D5T30E4J,1,
B0D12PPDMK,EARLY Fall,IL_ED3VXSBXPFO5,1,
B0D13BPV57,Our REMODEL HOME|TOP 100 HOME PICKS|VASES. TRAYS. BOXES.,IL_1RA73GK94YR1G|IL_2DVQFMB8O8SDC|IL_2YQAXQUJ2H8KY,3,
B0D13WF6WD,ELEVATED KITCHEN Must-Haves,IL_V4V7ASEQMWKK,1,
B0D1447BTC,LUXE JEWELRY & ACCESSORIES,IL_27BIT6UUHQ198,1,
B0D14B39P3,UNDER $50 FALL Capsule,IL_39FHE4P3M78YV,1,
B0D14BYCVP,HILLARY'S BEACH Bag Essentials,IL_29FTLXCTPVP41,1,
B0D14KL3S4,HOME & BATH Essentials,IL_IRH0FVF815TU,1,
B0D14LPTLP,BEDDING: LUXURY finds in Our Home|TOP 100 HOME PICKS,IL_2DVQFMB8O8SDC|IL_3MJSZFZU5658,2,
B0D14M9LWB,BEDDING: LUXURY finds in Our Home,IL_3MJSZFZU5658,1,
B0D14NLG98,BEDDING: LUXURY finds in Our Home|MARCH Best Sellers,IL_13DUABZBTBJVY|IL_3MJSZFZU5658,2,
B0D14QGQWM,BEDDING: LUXURY finds in Our Home,IL_3MJSZFZU5658,1,
B0D155J4VR,FEBRUARY Best Sellers,IL_1MB9961G83COM,1,
B0D172N49F,JANUARY Best Sellers,IL_F5Z67P4FFJC4,1,
B0D17GTY72,APRIL Best Sellers|April Amazon Live|JUNE TOP PICKS|MY TOP PRODUCTS FOR JULY|TOP 100+ PRIME DEALS,IL_181FEP0C2U0RU|IL_2Q5678F6BP61R|IL_330I4A3SQ3ERE|IL_K5H00QYC3R1G|IL_OB8CSFU2LS6V,5,
B0D17J8DKZ,Effortless Chic Home|TOP SEPTEMBER DEALS,IL_34RHZWFKXT7UT|IL_JI222AIPC2S,2,
B0D17RTXDD,THE DRESS SHOPPE - From BRUNCH to BLACK TIE,IL_1HHMN64HEUPU9,1,
B0D1843K2N,AUTUMN Vibes,IL_2NDA05KNMQH4,1,
B0D1C2JV8D,TOP SEPTEMBER DEALS,IL_JI222AIPC2S,1,
B0D1CGKJ9G,UNDER $50 FALL Capsule,IL_39FHE4P3M78YV,1,
B0D1CLP4QQ,ELEVATED HOLIDAY FASHION|JUST IN...My Newest OBSESSIONS,IL_EAQUVLIMTM7R|IL_WU8FIFLKC1R5,2,
B0D1DN97X7,ELEMENTARY SCHOOL,IL_13LSJDYI0DMAZ,1,
B0D1DZV86F,RUGS,IL_2N8O18PX5PHA3,1,
B0D1FN5NYY,HOLIDAY ESSENTIALS,IL_ZN8TBHK35E0D,1,
B0D1G211V8,My Curated Gift Guide,IL_IE0BGUCCDZ8X,1,
B0D1G81YMG,WALL DECOR - MIRRORS. ART. FRAMES.,IL_1HZQPC6SSAHFG,1,
B0D1JG8CRC,TECH ESSENTIALS,IL_1LVS8EBYWIS2J,1,
B0D1JX6TNN,Spring Obsessed,IL_222ENLE1WDY2M,1,
B0D1JYD5JD,2025 TOP SELLERS,IL_3RT5O1LPLW4HX,1,
B0D1K6JGST,DECEMBER Best Sellers,IL_2PQNIB7PVLPT1,1,
B0D1K6L555,Spring Obsessed,IL_222ENLE1WDY2M,1,
B0D1K75T54,The STYLE EDIT - HOTTEST finds RIGHT NOW!,IL_1SLNDA7361JAR,1,
B0D1K7DBQ5,The STYLE EDIT - HOTTEST finds RIGHT NOW!,IL_1SLNDA7361JAR,1,
B0D1KC16YP,HOLIDAY COLOR CRUSHES 2025,IL_1LKQL9NF315YS,1,
B0D1KDJJCD,ENTERTAINING Essentials|MUST-HAVE HOSTING|TABLETOP MUST-HAVES,IL_23YO2PO28IXV|IL_2GHS9RLET14RQ|IL_2RA331651DDK8,3,
B0D1KDRX5W,MUST-HAVE HOSTING,IL_23YO2PO28IXV,1,
B0D1KFD676,FEBRUARY Best Sellers,IL_1MB9961G83COM,1,
B0D1KGV9GK,Spring Obsessed,IL_222ENLE1WDY2M,1,
B0D1KHQ7HH,ATHEISURE,IL_31LARMS9JHPGT,1,
B0D1KQKWXL,THE Littles - GIFT GUIDE,IL_3BMD6XLV7JIPG,1,
B0D1L1YCP5,Effortless Chic Home,IL_34RHZWFKXT7UT,1,
B0D1LF1VLB,HEALTHY Living,IL_136JGDBOWW0I4,1,
B0D1LG58HJ,TWEEN & TEEN - GIFT GUIDE,IL_1I8FQ5LPJG30D,1,
B0D1M5RX8M,FASHION,IL_3LEWC1H0K68XB,1,
B0D1ML73GZ,TEEN GIRLIES,IL_370XLUWUIJAX1,1,
B0D1MMQS7P,$50 WINTER FASHION,IL_43J6PJOVYKC9,1,
B0D1N556S3,KITCHEN Organizing,IL_2B46UO4I7XY3G,1,
B0D1Q4Q1ZR,FAUX INDOOR/OUTDOOR,IL_VRW78IY69242,1,
B0D1QQM26M,HARDWARE & FINISHES,IL_97O81RWTU3TG,1,
B0D1QQXH6V,January Best Sellers 2|TECH ESSENTIALS,IL_1LVS8EBYWIS2J|IL_2KYYGUEXPAOKJ,2,
B0D1R44NP6,BATHROOM Organization|GADGETS I CANNOT live WITHOUT,IL_12L5JOTON77WY|IL_Q8UFO5D52NKD,2,
B0D1RBTPG4,WINTER FASHION,IL_PN4A9X7BMPFX,1,
B0D1TSDWLW,JUST IN...My Newest OBSESSIONS,IL_EAQUVLIMTM7R,1,
B0D1TXJB2C,CLOSET Organizing,IL_1R4YIGU257W50,1,
B0D1VZ9SQ4,ORGANIZING Essentials|TOP 100+ PRIME DEALS,IL_27VCDHN1568QK|IL_330I4A3SQ3ERE,2,
B0D1WXW4P7,ENTERTAINING Essentials,IL_2GHS9RLET14RQ,1,
B0D1X4SX1Z,TWEEN & TEEN - GIFT GUIDE,IL_1I8FQ5LPJG30D,1,
B0D1XC94B3,STOCKING STUFFERS,IL_20274194WU668,1,
B0D1XJTV1N,Subtle Luxury Home,IL_BWHQ5TU85DA7,1,
B0D1XLXSSY,$50 WINTER FASHION|2025 TOP SELLERS|48 Yr Old Mom of 5 - What I am OBSESSED over!|AFFORDABLE DECOR|AMAZING NEW Home Finds|APRIL Best Sellers|ATHEISURE|ATHLETIC DRESSES|AUGUST TOP PICKS|AUTUMN Vibes|Amazon Furniture in Our Home|April Amazon Live|BARCART|BATHROOM Essentials|BATHROOM Organization|BATHROOM REMODEL|BEAUTY & SKINCARE|BEAUTY MUST-HAVES|BED & BATH FINDS|BEDDING. PILLOWS. THROWS. TOWELS.|BEDDING: LUXURY finds in Our Home|BEDROOM STYLE|BEDS. DRESSERS. NIGHTSTANDS.|BEST SELLERS|BOY'S Bathroom|BRIDE- Spoil Her for the Big Day!|BURGUNDY CRUSH|CABINETS. SIDEBOARDS. BUFFETS. CONSOLES.|CANDLE HOLDERS. CANDLE STICKS.|CAR ORGANIZATION|CARTS DON'T LIE — These were May's biggest hits.|CHIC 2-PIECE SETS|CHIC WITHOUT THE SPLURGE TRAVEL|CLOSET Organizing|COFFEE BAR Essentials|COFFEE TABLE BOOKS|COFFEE TABLES. SIDE TABLES. ACCENT TABLES|CREATOR Favorites|CURTAINS|CYBER HOLIDAY|DATE NIGHT FASHION|DECEMBER Best Sellers|DESIGNER INSPIRED|DINING ROOM|DORM ROOM ESSENTIALS|EARLY Fall|EARNED A SPOT FOR LIFE!|ELEMENTARY SCHOOL|ELEVATED Bathroom Must-Haves|ELEVATED HOLIDAY FASHION|ELEVATED KITCHEN Must-Haves|ELEVATED SWIMWEAR|ENTERTAINING Essentials|ENTRYWAY. FOYER.|EUROPEAN SUMMER|Effortless Chic Home|FALL LOUNGE SETS|FASHION|FAUX & DRIED FLORALS|FAUX INDOOR/OUTDOOR|FEBRUARY Best Sellers|FOR HER - HANDBAGS|FOR HIM - GIFT GUIDE|FRIDGE Organization|FRONT PORCH|FURNITURE In Our Home|For the Big Kids|For the Hostess - GIFT GUIDE|Furniture Mover REEL|GADGETS I CANNOT live WITHOUT|GIFTING|GIFTS UNDER $25|GIFTS UNDER $50|HAIR CARE|HALLOWEEN|HARDWARE & FINISHES|HEALTHY Living|HILLARY'S BEACH Bag Essentials|HOLIDAY BEST SELLERS|HOLIDAY COLOR CRUSHES 2025|HOLIDAY ESSENTIALS|HOLIDAY EVENING Looks|HOLIDAY MUST-HAVES on AMAZON LIVE|HOLIDAY ON SALE|HOLIDAY THEMES 2025|HOME & BATH Essentials|HOME DECOR|HOME OFFICE Essentials|Hillary's NEWEST Finds|Home UPGRADES|In MY Travel Bag|JANUARY Best Sellers|JOCELYN'S Space|JULY TOP PICKS|JUNE TOP PICKS|JUST IN - Organizing & Home|JUST IN...My Newest OBSESSIONS|January Best Sellers 2|KITCHEN Essentials|KITCHEN Organizing|LAMPS|LAST MINUTE GIFTS|LAUNDRY Room Essentials|LIGHTING - Designer Inspired|LUXE Gifting|LUXE Holiday Home|LUXE JEWELRY & ACCESSORIES|LUXURY GIFTS|MARCH Best Sellers|MAXI DRESS EDIT|MEMORIAL DAY SALE FOLLOWER FAVORITES|MORE NEW FINDS|MUST-HAVE HOSTING|MY HOLIDAY Home|MY Holiday Styling List|MY TOP PRODUCTS FOR JULY|Moody Luxe Home|My Curated Gift Guide|My TOP Amazon Cleaning and Organizing|NEW Arrivals|NEW HOLIDAY Finds|NEW HOME FINDS|NIGHTSTAND Essentials|NO DRILL Home Improvement|New Year's Must-Haves|ORGANIZING Essentials|OUR Rental|OUTDOOR Oasis|OVER 40 & Fabulous HILLARY'S Capsule WARDROBE - Effortless & Chic|Our REMODEL HOME|Our SITTING ROOM|Outdoor PLANTERS|PANTRY Organization|PILATES PRINCESS|PILLOWS & THROWS|POWDER BATH|PRESCHOOL LITTLES|QUIET LUXURY/OLD MONEY|RESORT WEAR FASHION|RESTORATION VIBES|RH STYLE - Looks like a SPLURGE|RUGS|SHATTERPROOF Beverage Glasses|SHOP The Hillary Style|SHOPBOP Favorites|SKIMS LIKE BASICS|SOFAS. ACCENT CHAIRS. OTTOMANS.|SPORT MOM Style|STOCKING STUFFERS|SUMMER HOSTING|Spring Obsessed|Subtle Luxury Home|TABLETOP MUST-HAVES|TECH ESSENTIALS|TEEN GIRLIES|TEEN GUYS|THE DRESS SHOPPE - From BRUNCH to BLACK TIE|THE Little Black Dress|THE Littles - GIFT GUIDE|TOP 100 HOME PICKS|TOP 100 PRIME FASHION DEALS|TOP 100+ PRIME DEALS|TOP 50 BEAUTY|TOP MOVING/ORGANIZING|TOP NOVEMBER DEALS|TOP OCTOBER DEALS|TOP SEPTEMBER DEALS|TRANSITIONAL Fall Fashion|TRAVEL|TWEEN & TEEN - GIFT GUIDE|TWEEN BACK TO SCHOOL|The FALL EDIT|The Hillary Style Holiday|The STYLE EDIT - HOTTEST finds RIGHT NOW!|UNBOXING|UNDER $50 FALL Capsule|VANITY Must-Haves|VASES. TRAYS. BOXES.|VIRAL Holiday Finds|VIRAL Home Gadgets|Vanity Organization|WALL DECOR - MIRRORS. ART. FRAMES.|WINTER FASHION|WORK WEAR|Your Currently MOST-LOVED,IL_12L5JOTON77WY|IL_12LJ38VR8BIZT|IL_136JGDBOWW0I4|IL_13866CB1KN3RI|IL_13DUABZBTBJVY|IL_13LSJDYI0DMAZ|IL_14615HLXD512Y|IL_15NDDXZ7X0955|IL_16F1ZOLGB573M|IL_174AROJG7VER7|IL_17ITIHGPTINHX|IL_17SP6THMUJN6E|IL_181FEP0C2U0RU|IL_18H5BP5V6EGYM|IL_18JLLR8E7X2KU|IL_1BKDYBCCXK5YE|IL_1DUCBV6BSXOJF|IL_1DXRHB098MRMA|IL_1E7EHNK9QTVEH|IL_1GS6BISWIK7UN|IL_1HHMN64HEUPU9|IL_1HZQPC6SSAHFG|IL_1I8FQ5LPJG30D|IL_1K9R04PZQD03N|IL_1LFWTJH9UBPKU|IL_1LKQL9NF315YS|IL_1LVS8EBYWIS2J|IL_1MB9961G83COM|IL_1MKYF1CAY9E8G|IL_1NFO0QLH5HS6Y|IL_1NR6N43OIR93A|IL_1NSB6B4CK6NM1|IL_1OH1TVBZ3L337|IL_1Q6KH53S4CVWD|IL_1QMBJFJU34FUR|IL_1QMQ9WWH79VRL|IL_1R4YIGU257W50|IL_1RA73GK94YR1G|IL_1SLNDA7361JAR|IL_1UGCFJJRVROLC|IL_1XPGUL8BC81KW|IL_1YYODGJOLLLRT|IL_20274194WU668|IL_202RY6J21JOG9|IL_20ODL7UVO85YK|IL_20Q0HRFOLM3K2|IL_21CU9PVXLTL6P|IL_21IKKXKZPGWVW|IL_21MLRQOMMKCFI|IL_21T7CCUQI2DH5|IL_222ENLE1WDY2M|IL_22L0SLOF07ITQ|IL_23YO2PO28IXV|IL_24ASC2W86JF33|IL_26IY6FNENQC7M|IL_270Y6RLSPP10V|IL_27BIT6UUHQ198|IL_27L1ENCS6OMON|IL_27VCDHN1568QK|IL_286Q78OJSYZO8|IL_28Z72BVY6B71P|IL_2969EJ7F6BLI8|IL_29FTLXCTPVP41|IL_2ABZ85AO7D848|IL_2B46UO4I7XY3G|IL_2C66SA5TXKNJK|IL_2DHFOQ3A1Q5U2|IL_2DVQFMB8O8SDC|IL_2EHNEZELPW5NA|IL_2GHS9RLET14RQ|IL_2GR0M7LHWL1O|IL_2HG2TBY26H9IW|IL_2I5A3XFI29113|IL_2KYYGUEXPAOKJ|IL_2LWBTUXIDQYKM|IL_2N8O18PX5PHA3|IL_2NDA05KNMQH4|IL_2OL0SY0HD6BBS|IL_2P1RVZSE8RCAZ|IL_2PQNIB7PVLPT1|IL_2Q5678F6BP61R|IL_2Q8H0EUR30UN9|IL_2RA331651DDK8|IL_2RDBP13815B8R|IL_2V2HL7TFY8QE8|IL_2V4ZM0XXYOP34|IL_2V9Q1BLJC4BNW|IL_2WRZJHHWAS214|IL_2YQAXQUJ2H8KY|IL_2Z5U0A9S9OXF9|IL_30ZOK8YSQFY5N|IL_310DHOAQUC0DH|IL_311VGYMV97O78|IL_31KXTI157WXNV|IL_31LARMS9JHPGT|IL_31R6EZ6S1ERJH|IL_32JT2D5T30E4J|IL_32M44I5BF0O0R|IL_32NJAOW4JT5JB|IL_32TSU85USSAQZ|IL_330I4A3SQ3ERE|IL_33RG7LWDINUWO|IL_341JHBPWHDBNK|IL_34RHZWFKXT7UT|IL_34VIWGR89GOO8|IL_370XLUWUIJAX1|IL_395N3QLHWD5V7|IL_39AL8K1TZE306|IL_39FHE4P3M78YV|IL_3BMD6XLV7JIPG|IL_3BNM8CSCBJ7VF|IL_3CETAKAWP1P7C|IL_3CQZYKSH60HA3|IL_3DS692CRM1BGS|IL_3GE7XODL0Z5A3|IL_3H3WH72KSZXK3|IL_3HBHLKKIJRXAQ|IL_3ITM4V91K4422|IL_3J2NRGA0NCDGR|IL_3JCDIMAGNYZ0E|IL_3KKGHGSJ1ZRYC|IL_3LEWC1H0K68XB|IL_3MJSZFZU5658|IL_3QCVRRMTI2TTQ|IL_3QM5O5E9ELURW|IL_3R1F2KZC9BJXJ|IL_3RKTIOM3H9T72|IL_3RT5O1LPLW4HX|IL_3TE1WGJI4HUK8|IL_3U58T22AIU7ZR|IL_3U9GRAHOG87DY|IL_3UQI8VF6F9P66|IL_3VBGW6RI08DIE|IL_3VW7VU2STCZ6B|IL_43J6PJOVYKC9|IL_5MN6DE6JTTK2|IL_76ENHDCP4NP1|IL_81C70Z4U4BII|IL_97O81RWTU3TG|IL_9FXRQ038D494|IL_B4MF8PKIS82A|IL_BWHQ5TU85DA7|IL_C4VDLQZK7ACP|IL_CQQP654U5715|IL_CTNECHN1HUCU|IL_DB6CKD297DDB|IL_DSS93TBPVRP5|IL_EAQUVLIMTM7R|IL_ED3VXSBXPFO5|IL_EEJXEINH2736|IL_F5Z67P4FFJC4|IL_FJAM99COX1K9|IL_IE0BGUCCDZ8X|IL_IOIVGOQN9X1X|IL_IRH0FVF815TU|IL_ITC144HBA2XS|IL_J39K6QG9TPDR|IL_J4MBZKLMALLQ|IL_JI222AIPC2S|IL_K1RZXTONZLT1|IL_K3IDK9BPXYFW|IL_K5H00QYC3R1G|IL_KIGFVJQ0V3OW|IL_L3V3XJ5WT8SV|IL_M0U0DTYJP1BI|IL_M615BEYW486F|IL_O5BIFXCH5S3Y|IL_O65RH2OR0EF3|IL_OB8CSFU2LS6V|IL_OJUSIV7RIXZX|IL_PN4A9X7BMPFX|IL_Q8UFO5D52NKD|IL_QR27F03IP4AQ|IL_QWA0HLMH0ZPN|IL_SC6UJV027JAK|IL_T9AHRYR4TO4W|IL_TOLRF8ZU3T5K|IL_V4V7ASEQMWKK|IL_VI6A3WXDHHDU|IL_VRW78IY69242|IL_WMCP8YLCXSCD|IL_WPS59NJ19M48|IL_WU8FIFLKC1R5|IL_YYM41OHGI1KQ|IL_ZN8TBHK35E0D,185,All memberships are included in internal_label; only the first 5 stable backup labels appear in custom_label_0-4.
B0D1XMC46D,ENTERTAINING Essentials,IL_2GHS9RLET14RQ,1,
B0D1Y47RJC,AUTUMN Vibes,IL_2NDA05KNMQH4,1,
B0D1Y5HQSL,WALL DECOR - MIRRORS. ART. FRAMES.,IL_1HZQPC6SSAHFG,1,
B0D1Y8RNDJ,HOLIDAY COLOR CRUSHES 2025|JUST IN...My Newest OBSESSIONS,IL_1LKQL9NF315YS|IL_EAQUVLIMTM7R,2,
B0D1YHQR5R,BRIDE- Spoil Her for the Big Day!,IL_3R1F2KZC9BJXJ,1,
B0D21ZRQF2,LUXE Holiday Home,IL_21MLRQOMMKCFI,1,
B0D22B3MVZ,APRIL Best Sellers|April Amazon Live|ENTERTAINING Essentials,IL_181FEP0C2U0RU|IL_2GHS9RLET14RQ|IL_K5H00QYC3R1G,3,
B0D22DDLDT,STOCKING STUFFERS,IL_20274194WU668,1,
B0D22KSZM3,April Amazon Live,IL_K5H00QYC3R1G,1,
B0D22Z338C,AUTUMN Vibes,IL_2NDA05KNMQH4,1,
B0D22ZJMNK,HOLIDAY THEMES 2025,IL_CQQP654U5715,1,
B0D22ZWZFL,TOP NOVEMBER DEALS,IL_2Z5U0A9S9OXF9,1,
B0D232N5PC,HOLIDAY ON SALE,IL_81C70Z4U4BII,1,
B0D236M618,ELEMENTARY SCHOOL,IL_13LSJDYI0DMAZ,1,
B0D23N9GSB,STOCKING STUFFERS,IL_20274194WU668,1,
B0D2573S3Z,2025 TOP SELLERS|CARTS DON'T LIE — These were May's biggest hits.|EARNED A SPOT FOR LIFE!|MY TOP PRODUCTS FOR JULY|NEW HOME FINDS,IL_1BKDYBCCXK5YE|IL_1QMBJFJU34FUR|IL_3RT5O1LPLW4HX|IL_76ENHDCP4NP1|IL_OB8CSFU2LS6V,5,
B0D25LH9JH,TABLETOP MUST-HAVES,IL_2RA331651DDK8,1,
B0D25WFQN9,BOY'S Bathroom,IL_3CQZYKSH60HA3,1,
B0D264KXT3,VIRAL Holiday Finds,IL_3QCVRRMTI2TTQ,1,
B0D2962C7K,GIFTING,IL_YYM41OHGI1KQ,1,
B0D2CBVK1J,TRAVEL,IL_24ASC2W86JF33,1,
B0D2DG6F5G,LUXE JEWELRY & ACCESSORIES,IL_27BIT6UUHQ198,1,
B0D2HG9RLV,Our REMODEL HOME,IL_1RA73GK94YR1G,1,
B0D2HH8BJH,HEALTHY Living,IL_136JGDBOWW0I4,1,
B0D2HRM3LL,SOFAS. ACCENT CHAIRS. OTTOMANS.,IL_34VIWGR89GOO8,1,
B0D2JGLL8B,ELEMENTARY SCHOOL|PRESCHOOL LITTLES,IL_13LSJDYI0DMAZ|IL_16F1ZOLGB573M,2,
B0D2KCFSTW,April Amazon Live,IL_K5H00QYC3R1G,1,
B0D2L51QWF,COFFEE TABLES. SIDE TABLES. ACCENT TABLES,IL_2RDBP13815B8R,1,
B0D2L5LHCY,CAR ORGANIZATION,IL_3TE1WGJI4HUK8,1,
B0D2L8K7V1,Hillary's NEWEST Finds|OUTDOOR Oasis|TOP 100 HOME PICKS,IL_1XPGUL8BC81KW|IL_2DVQFMB8O8SDC|IL_VI6A3WXDHHDU,3,
B0D2L9FFSF,TOP OCTOBER DEALS,IL_1E7EHNK9QTVEH,1,
B0D2LGK82V,DORM ROOM ESSENTIALS,IL_1DUCBV6BSXOJF,1,
B0D2LNYBM2,$50 WINTER FASHION,IL_43J6PJOVYKC9,1,
B0D2LQGJ2V,JANUARY Best Sellers,IL_F5Z67P4FFJC4,1,
B0D2LZYQ2M,MEMORIAL DAY SALE FOLLOWER FAVORITES|TOP 100+ PRIME DEALS,IL_17ITIHGPTINHX|IL_330I4A3SQ3ERE,2,
B0D2M5SL3Z,SHOPBOP Favorites,IL_EEJXEINH2736,1,
B0D2M9L511,ATHEISURE,IL_31LARMS9JHPGT,1,
B0D2ML7W5D,Effortless Chic Home,IL_34RHZWFKXT7UT,1,
B0D2MN87W9,MORE NEW FINDS,IL_32M44I5BF0O0R,1,
B0D2NS5ZYM,FALL LOUNGE SETS|TRANSITIONAL Fall Fashion,IL_1K9R04PZQD03N|IL_5MN6DE6JTTK2,2,
B0D2NSM1P6,LAUNDRY Room Essentials,IL_27L1ENCS6OMON,1,
B0D2NVCNLX,AFFORDABLE DECOR|Subtle Luxury Home,IL_2EHNEZELPW5NA|IL_BWHQ5TU85DA7,2,
B0D2NYNV6L,Hillary's NEWEST Finds|RESTORATION VIBES|RH STYLE - Looks like a SPLURGE,IL_1XPGUL8BC81KW|IL_2I5A3XFI29113|IL_32TSU85USSAQZ,3,
B0D2P462R3,BRIDE- Spoil Her for the Big Day!,IL_3R1F2KZC9BJXJ,1,
B0D2P5P1Q2,BATHROOM Organization,IL_Q8UFO5D52NKD,1,
B0D2PW9VZH,AFFORDABLE DECOR,IL_2EHNEZELPW5NA,1,
B0D2QPJL91,BEDDING. PILLOWS. THROWS. TOWELS.|FEBRUARY Best Sellers,IL_1LFWTJH9UBPKU|IL_1MB9961G83COM,2,
B0D2QQ1NZX,AUTUMN Vibes,IL_2NDA05KNMQH4,1,
B0D2QXGHP6,2025 TOP SELLERS,IL_3RT5O1LPLW4HX,1,
B0D2R4HHQV,LUXE Holiday Home,IL_21MLRQOMMKCFI,1,
B0D2RF9JG4,SKIMS LIKE BASICS,IL_395N3QLHWD5V7,1,
B0D2RV28H9,DECEMBER Best Sellers,IL_2PQNIB7PVLPT1,1,
B0D2SJ8594,BEAUTY & SKINCARE,IL_WPS59NJ19M48,1,
B0D2SKW94F,EARLY Fall|HALLOWEEN,IL_ED3VXSBXPFO5|IL_TOLRF8ZU3T5K,2,
B0D2T241TT,LUXURY GIFTS,IL_3KKGHGSJ1ZRYC,1,
B0D2T74K1N,HOLIDAY EVENING Looks,IL_2OL0SY0HD6BBS,1,
B0D2VPDQ13,Your Currently MOST-LOVED,IL_3BNM8CSCBJ7VF,1,
B0D2VQPRR6,OVER 40 & Fabulous HILLARY'S Capsule WARDROBE - Effortless & Chic,IL_1GS6BISWIK7UN,1,
B0D2VT6J6T,SOFAS. ACCENT CHAIRS. OTTOMANS.,IL_34VIWGR89GOO8,1,
B0D2VWXT23,WINTER FASHION,IL_PN4A9X7BMPFX,1,
B0D2VYPZT5,HOLIDAY ESSENTIALS,IL_ZN8TBHK35E0D,1,
B0D2W11S39,VIRAL Holiday Finds,IL_3QCVRRMTI2TTQ,1,
B0D2W52YL4,BEAUTY MUST-HAVES,IL_174AROJG7VER7,1,
B0D2XT3T38,JANUARY Best Sellers,IL_F5Z67P4FFJC4,1,
B0D2ZGXQW5,TRAVEL,IL_24ASC2W86JF33,1,
B0D2ZW62SL,NEW Arrivals,IL_2DHFOQ3A1Q5U2,1,
B0D313JRLG,GIFTS UNDER $50,IL_30ZOK8YSQFY5N,1,
B0D315H39R,TOP 100 HOME PICKS,IL_2DVQFMB8O8SDC,1,
B0D31J8V2X,TEEN GIRLIES,IL_370XLUWUIJAX1,1,
B0D31SM7FS,MORE NEW FINDS,IL_32M44I5BF0O0R,1,
B0D322689B,EARLY Fall|NEW Arrivals|RESTORATION VIBES,IL_2DHFOQ3A1Q5U2|IL_2I5A3XFI29113|IL_ED3VXSBXPFO5,3,
B0D35VY545,NEW HOME FINDS,IL_1QMBJFJU34FUR,1,
B0D36X6V2Y,LAUNDRY Room Essentials,IL_27L1ENCS6OMON,1,
B0D37Q645W,ENTRYWAY. FOYER.,IL_M0U0DTYJP1BI,1,
B0D383BR2R,January Best Sellers 2,IL_2KYYGUEXPAOKJ,1,
B0D38DML46,In MY Travel Bag,IL_SC6UJV027JAK,1,
B0D38G15MN,HAIR CARE,IL_3VBGW6RI08DIE,1,
B0D399KCLD,ENTERTAINING Essentials,IL_2GHS9RLET14RQ,1,
B0D39BLM14,ENTERTAINING Essentials,IL_2GHS9RLET14RQ,1,
B0D3C379LB,STOCKING STUFFERS,IL_20274194WU668,1,
B0D3CY32PC,QUIET LUXURY/OLD MONEY,IL_310DHOAQUC0DH,1,
B0D3CZ5YJ9,PILLOWS & THROWS,IL_J4MBZKLMALLQ,1,
B0D3CZ8QRT,FOR HER - HANDBAGS,IL_3ITM4V91K4422,1,
B0D3DDCRSW,TRAVEL,IL_24ASC2W86JF33,1,
B0D3FMSGXQ,SPORT MOM Style,IL_33RG7LWDINUWO,1,
B0D3GD6XWR,AFFORDABLE DECOR,IL_2EHNEZELPW5NA,1,
B0D3HBQ874,EARLY Fall,IL_ED3VXSBXPFO5,1,
B0D3HBW896,ELEVATED KITCHEN Must-Haves,IL_V4V7ASEQMWKK,1,
B0D3HH27MW,VASES. TRAYS. BOXES.,IL_2YQAXQUJ2H8KY,1,
B0D3HQG43M,GIFTS UNDER $50,IL_30ZOK8YSQFY5N,1,
B0D3HTDZWK,$50 WINTER FASHION,IL_43J6PJOVYKC9,1,
B0D3HTQGWC,LUXE JEWELRY & ACCESSORIES,IL_27BIT6UUHQ198,1,
B0D3HV3HBH,New Year's Must-Haves,IL_3H3WH72KSZXK3,1,
B0D3HVFF4N,OVER 40 & Fabulous HILLARY'S Capsule WARDROBE - Effortless & Chic,IL_1GS6BISWIK7UN,1,
B0D3HXDW78,DORM ROOM ESSENTIALS,IL_1DUCBV6BSXOJF,1,
B0D3J14GW3,HOME DECOR,IL_2V4ZM0XXYOP34,1,
B0D3J9ZWLC,TOP OCTOBER DEALS,IL_1E7EHNK9QTVEH,1,
B0D3JHJNCS,The FALL EDIT,IL_IOIVGOQN9X1X,1,
B0D3KP8VM7,April Amazon Live,IL_K5H00QYC3R1G,1,
B0D3KYNXR7,ENTERTAINING Essentials,IL_2GHS9RLET14RQ,1,
B0D3LKTSMC,HALLOWEEN,IL_TOLRF8ZU3T5K,1,
B0D3M3R4MB,OVER 40 & Fabulous HILLARY'S Capsule WARDROBE - Effortless & Chic,IL_1GS6BISWIK7UN,1,
B0D3P3HS1F,SPORT MOM Style,IL_33RG7LWDINUWO,1,
B0D3PRWGR6,ELEVATED HOLIDAY FASHION,IL_WU8FIFLKC1R5,1,
B0D3PWXZ19,BRIDE- Spoil Her for the Big Day!,IL_3R1F2KZC9BJXJ,1,
B0D3PXDLKV,AUTUMN Vibes,IL_2NDA05KNMQH4,1,
B0D3PZ1LL5,TOP 100+ PRIME DEALS,IL_330I4A3SQ3ERE,1,
B0D3QHVNRG,HOME OFFICE Essentials,IL_31KXTI157WXNV,1,
B0D3QJ3QYV,DECEMBER Best Sellers,IL_2PQNIB7PVLPT1,1,
B0D3T2V3KW,ELEVATED KITCHEN Must-Haves,IL_V4V7ASEQMWKK,1,
B0D3T94XJN,EARLY Fall,IL_ED3VXSBXPFO5,1,
B0D3T9P441,HOLIDAY ON SALE,IL_81C70Z4U4BII,1,
B0D3T9QP5T,Subtle Luxury Home,IL_BWHQ5TU85DA7,1,
B0D3TCQWWX,ATHLETIC DRESSES,IL_3GE7XODL0Z5A3,1,
B0D3TG15CY,VASES. TRAYS. BOXES.,IL_2YQAXQUJ2H8KY,1,
B0D3VCXQLB,BEDDING: LUXURY finds in Our Home,IL_3MJSZFZU5658,1,
B0D3VNFQCH,LUXE Holiday Home,IL_21MLRQOMMKCFI,1,
B0D3W6XKS4,Subtle Luxury Home,IL_BWHQ5TU85DA7,1,
B0D3WLSVP6,GIFTING|LAST MINUTE GIFTS,IL_1OH1TVBZ3L337|IL_YYM41OHGI1KQ,2,
B0D3WTDY7M,HOLIDAY THEMES 2025|NEW HOLIDAY Finds,IL_13866CB1KN3RI|IL_CQQP654U5715,2,
B0D3XFZVH4,TRANSITIONAL Fall Fashion,IL_5MN6DE6JTTK2,1,
B0D3ZXJKVV,KITCHEN Organizing|NEW Arrivals,IL_2B46UO4I7XY3G|IL_2DHFOQ3A1Q5U2,2,
B0D3ZXXG5D,EARNED A SPOT FOR LIFE!|ELEVATED KITCHEN Must-Haves|KITCHEN Organizing|NEW Arrivals,IL_2B46UO4I7XY3G|IL_2DHFOQ3A1Q5U2|IL_76ENHDCP4NP1|IL_V4V7ASEQMWKK,4,
B0D3ZY5KM9,KITCHEN Organizing|NEW Arrivals,IL_2B46UO4I7XY3G|IL_2DHFOQ3A1Q5U2,2,
B0D419T2VS,PILLOWS & THROWS,IL_J4MBZKLMALLQ,1,
B0D41HCXC5,AUGUST TOP PICKS,IL_DSS93TBPVRP5,1,
B0D41L71SS,BATHROOM Essentials|ELEVATED Bathroom Must-Haves,IL_21T7CCUQI2DH5|IL_L3V3XJ5WT8SV,2,
B0D41MY9BG,TOP OCTOBER DEALS,IL_1E7EHNK9QTVEH,1,
B0D41NZ9LN,TOP NOVEMBER DEALS,IL_2Z5U0A9S9OXF9,1,
B0D41SCB2H,ATHLETIC DRESSES,IL_3GE7XODL0Z5A3,1,
B0D4215HCX,CREATOR Favorites,IL_J39K6QG9TPDR,1,
B0D4245L9G,APRIL Best Sellers,IL_181FEP0C2U0RU,1,
B0D43SGJ1M,FASHION,IL_3LEWC1H0K68XB,1,
B0D449DLJ1,EARNED A SPOT FOR LIFE!,IL_76ENHDCP4NP1,1,
B0D44DTJXJ,ENTERTAINING Essentials|For the Hostess - GIFT GUIDE,IL_2C66SA5TXKNJK|IL_2GHS9RLET14RQ,2,
B0D44GJKF9,FALL LOUNGE SETS,IL_1K9R04PZQD03N,1,
B0D44H7BDZ,ELEVATED SWIMWEAR|RESORT WEAR FASHION,IL_15NDDXZ7X0955|IL_20ODL7UVO85YK,2,
B0D44NLZFC,JUST IN...My Newest OBSESSIONS|TABLETOP MUST-HAVES,IL_2RA331651DDK8|IL_EAQUVLIMTM7R,2,
B0D44V3QVG,FEBRUARY Best Sellers,IL_1MB9961G83COM,1,
B0D452NV1J,CARTS DON'T LIE — These were May's biggest hits.|ELEVATED KITCHEN Must-Haves,IL_1BKDYBCCXK5YE|IL_V4V7ASEQMWKK,2,
B0D455KD86,ELEVATED KITCHEN Must-Haves,IL_V4V7ASEQMWKK,1,
B0D45LHJCP,BEDDING: LUXURY finds in Our Home,IL_3MJSZFZU5658,1,
B0D45YDLCZ,AUTUMN Vibes,IL_2NDA05KNMQH4,1,
B0D46132CS,GIFTING,IL_YYM41OHGI1KQ,1,
B0D461JN5P,EARLY Fall,IL_ED3VXSBXPFO5,1,
B0D46DBL69,April Amazon Live,IL_K5H00QYC3R1G,1,
B0D46TMFM5,HALLOWEEN,IL_TOLRF8ZU3T5K,1,
B0D46TT8XX,SKIMS LIKE BASICS,IL_395N3QLHWD5V7,1,
B0D46VC1TK,Moody Luxe Home,IL_DB6CKD297DDB,1,
B0D46VQ3C8,BEDDING. PILLOWS. THROWS. TOWELS.,IL_1LFWTJH9UBPKU,1,
B0D46X4194,TWEEN BACK TO SCHOOL,IL_39AL8K1TZE306,1,
B0D46XC3W6,Moody Luxe Home|TOP 100 HOME PICKS,IL_2DVQFMB8O8SDC|IL_DB6CKD297DDB,2,
B0D47191F5,JUNE TOP PICKS,IL_2Q5678F6BP61R,1,
B0D471SZL6,FASHION,IL_3LEWC1H0K68XB,1,
B0D472752C,WINTER FASHION,IL_PN4A9X7BMPFX,1,
B0D4755QGJ,SOFAS. ACCENT CHAIRS. OTTOMANS.,IL_34VIWGR89GOO8,1,
B0D4765KKT,FOR HIM - GIFT GUIDE,IL_26IY6FNENQC7M,1,
B0D47BJV91,NEW Arrivals,IL_2DHFOQ3A1Q5U2,1,
B0D47CTSGY,WINTER FASHION,IL_PN4A9X7BMPFX,1,
B0D47J29W5,SUMMER HOSTING,IL_C4VDLQZK7ACP,1,
B0D47LDXF7,AUGUST TOP PICKS,IL_DSS93TBPVRP5,1,
B0D47YCKVT,EUROPEAN SUMMER,IL_341JHBPWHDBNK,1,
B0D484RLXB,WINTER FASHION,IL_PN4A9X7BMPFX,1,
B0D48KTRCZ,AUTUMN Vibes,IL_2NDA05KNMQH4,1,
B0D48PJSP2,EUROPEAN SUMMER,IL_341JHBPWHDBNK,1,
B0D48SVQY5,THE DRESS SHOPPE - From BRUNCH to BLACK TIE,IL_1HHMN64HEUPU9,1,
B0D48W25CH,ELEVATED KITCHEN Must-Haves|GIFTING|NIGHTSTAND Essentials|Your Currently MOST-LOVED,IL_2969EJ7F6BLI8|IL_3BNM8CSCBJ7VF|IL_V4V7ASEQMWKK|IL_YYM41OHGI1KQ,4,
B0D496B198,WINTER FASHION,IL_PN4A9X7BMPFX,1,
B0D49C5KC7,ATHEISURE,IL_31LARMS9JHPGT,1,
B0D49CSNS7,PILATES PRINCESS,IL_3QM5O5E9ELURW,1,
B0D49G4SHN,ATHEISURE,IL_31LARMS9JHPGT,1,
B0D49G7J4Y,LUXE Gifting,IL_B4MF8PKIS82A,1,
B0D49JWVZS,New Year's Must-Haves,IL_3H3WH72KSZXK3,1,
B0D4B9V8DJ,TRAVEL,IL_24ASC2W86JF33,1,
B0D4BDX9K5,HOLIDAY EVENING Looks,IL_2OL0SY0HD6BBS,1,
B0D4D8PY66,GIFTING,IL_YYM41OHGI1KQ,1,
B0D4DCSTNR,PILLOWS & THROWS,IL_J4MBZKLMALLQ,1,
B0D4DVMZQ4,TABLETOP MUST-HAVES,IL_2RA331651DDK8,1,
B0D4DZ1CSP,FEBRUARY Best Sellers,IL_1MB9961G83COM,1,
B0D4F9D79T,In MY Travel Bag|VANITY Must-Haves,IL_K1RZXTONZLT1|IL_SC6UJV027JAK,2,
B0D4FDBD11,GIFTS UNDER $50,IL_30ZOK8YSQFY5N,1,
B0D4G614KL,BEDROOM STYLE,IL_2HG2TBY26H9IW,1,
B0D4M2B2YX,ELEVATED KITCHEN Must-Haves,IL_V4V7ASEQMWKK,1,
B0D4M3YRVD,CHIC 2-PIECE SETS,IL_QR27F03IP4AQ,1,
B0D4M4KDD8,EARLY Fall,IL_ED3VXSBXPFO5,1,
B0D4M6FN1R,WINTER FASHION,IL_PN4A9X7BMPFX,1,
B0D4M77GVV,TOP NOVEMBER DEALS,IL_2Z5U0A9S9OXF9,1,
B0D4PQM1PW,COFFEE TABLES. SIDE TABLES. ACCENT TABLES|RH STYLE - Looks like a SPLURGE,IL_2RDBP13815B8R|IL_32TSU85USSAQZ,2,
B0D4Q8SR9Z,BEAUTY MUST-HAVES|TOP 50 BEAUTY,IL_174AROJG7VER7|IL_17SP6THMUJN6E,2,
B0D4Q9MZP3,AFFORDABLE DECOR,IL_2EHNEZELPW5NA,1,
B0D4Q9R3KB,SKIMS LIKE BASICS,IL_395N3QLHWD5V7,1,
B0D4QLHC9W,WINTER FASHION,IL_PN4A9X7BMPFX,1,
B0D4R292FH,CURTAINS,IL_O5BIFXCH5S3Y,1,
B0D4R8TNCF,BATHROOM Organization|GADGETS I CANNOT live WITHOUT|Vanity Organization,IL_12L5JOTON77WY|IL_Q8UFO5D52NKD|IL_WMCP8YLCXSCD,3,
B0D4R9WV15,JANUARY Best Sellers,IL_F5Z67P4FFJC4,1,
B0D4RBKHJ1,TWEEN & TEEN - GIFT GUIDE,IL_1I8FQ5LPJG30D,1,
B0D4STT6C2,LAST MINUTE GIFTS,IL_1OH1TVBZ3L337,1,
B0D4T8997W,AUGUST TOP PICKS,IL_DSS93TBPVRP5,1,
B0D4TD82L1,TRANSITIONAL Fall Fashion,IL_5MN6DE6JTTK2,1,
B0D4TGZZRP,TOP 100 HOME PICKS,IL_2DVQFMB8O8SDC,1,
B0D4TTJ8S2,JUST IN - Organizing & Home,IL_3UQI8VF6F9P66,1,
B0D4V74RBX,FAUX INDOOR/OUTDOOR,IL_VRW78IY69242,1,
B0D4VLKNTV,CAR ORGANIZATION,IL_3TE1WGJI4HUK8,1,
B0D4XZXN1R,TOP NOVEMBER DEALS,IL_2Z5U0A9S9OXF9,1,
B0D4Y4RP69,TRANSITIONAL Fall Fashion,IL_5MN6DE6JTTK2,1,
B0D4YJBCFT,TEEN GIRLIES,IL_370XLUWUIJAX1,1,
B0D4YZY511,2025 TOP SELLERS|ELEVATED Bathroom Must-Haves|MY TOP PRODUCTS FOR JULY|TOP NOVEMBER DEALS,IL_21T7CCUQI2DH5|IL_2Z5U0A9S9OXF9|IL_3RT5O1LPLW4HX|IL_OB8CSFU2LS6V,4,
B0D4Z356T4,DECEMBER Best Sellers,IL_2PQNIB7PVLPT1,1,
B0D4Z94STB,BURGUNDY CRUSH|JUST IN...My Newest OBSESSIONS,IL_32JT2D5T30E4J|IL_EAQUVLIMTM7R,2,
B0D51384RW,BEAUTY & SKINCARE,IL_WPS59NJ19M48,1,
B0D51GF1CZ,TRAVEL,IL_24ASC2W86JF33,1,
B0D52ZPNFV,MARCH Best Sellers|OUTDOOR Oasis|TOP 100 HOME PICKS,IL_13DUABZBTBJVY|IL_2DVQFMB8O8SDC|IL_VI6A3WXDHHDU,3,
B0D53VRZVJ,$50 WINTER FASHION,IL_43J6PJOVYKC9,1,
B0D53X13TP,BRIDE- Spoil Her for the Big Day!,IL_3R1F2KZC9BJXJ,1,
B0D53X3N9D,LUXURY GIFTS|Vanity Organization,IL_3KKGHGSJ1ZRYC|IL_WMCP8YLCXSCD,2,
B0D53X4P6K,Vanity Organization|Your Currently MOST-LOVED,IL_3BNM8CSCBJ7VF|IL_WMCP8YLCXSCD,2,
B0D541J4XW,In MY Travel Bag|LUXURY GIFTS|Vanity Organization,IL_3KKGHGSJ1ZRYC|IL_SC6UJV027JAK|IL_WMCP8YLCXSCD,3,
B0D541XFQ6,LIGHTING - Designer Inspired,IL_K3IDK9BPXYFW,1,
B0D545WNXD,CHIC WITHOUT THE SPLURGE TRAVEL|LUXE JEWELRY & ACCESSORIES,IL_27BIT6UUHQ198|IL_2GR0M7LHWL1O,2,
B0D54B9MQN,FEBRUARY Best Sellers,IL_1MB9961G83COM,1,
B0D54JZTHY,JANUARY Best Sellers|VIRAL Home Gadgets,IL_14615HLXD512Y|IL_F5Z67P4FFJC4,2,
B0D54N28CL,TEEN GIRLIES,IL_370XLUWUIJAX1,1,
B0D54PM77N,FEBRUARY Best Sellers,IL_1MB9961G83COM,1,
B0D54SSW4J,TEEN GUYS|TWEEN BACK TO SCHOOL,IL_39AL8K1TZE306|IL_O65RH2OR0EF3,2,
B0D56Y2H34,The STYLE EDIT - HOTTEST finds RIGHT NOW!,IL_1SLNDA7361JAR,1,
B0D57DJ4DG,VIRAL Holiday Finds,IL_3QCVRRMTI2TTQ,1,
B0D57W99Y8,Home UPGRADES,IL_M615BEYW486F,1,
B0D59RGGWS,AUTUMN Vibes,IL_2NDA05KNMQH4,1,
B0D5BB4S1Q,HOLIDAY ESSENTIALS,IL_ZN8TBHK35E0D,1,
B0D5BH6YVG,FOR HER - HANDBAGS,IL_3ITM4V91K4422,1,
B0D5BWN6NN,TRAVEL,IL_24ASC2W86JF33,1,
B0D5CC99WC,CARTS DON'T LIE — These were May's biggest hits.,IL_1BKDYBCCXK5YE,1,
B0D5CDRV9Z,BURGUNDY CRUSH,IL_32JT2D5T30E4J,1,
B0D5CLSMFB,FOR HIM - GIFT GUIDE,IL_26IY6FNENQC7M,1,
B0D5D79N5L,ATHEISURE,IL_31LARMS9JHPGT,1,
B0D5DB2DNS,HOME & BATH Essentials|NO DRILL Home Improvement,IL_2P1RVZSE8RCAZ|IL_IRH0FVF815TU,2,
B0D5FG87DJ,LAST MINUTE GIFTS,IL_1OH1TVBZ3L337,1,
B0D5GWLZ1L,DESIGNER INSPIRED,IL_3JCDIMAGNYZ0E,1,
B0D5H7N3C1,VIRAL Holiday Finds,IL_3QCVRRMTI2TTQ,1,
B0D5HJBBK3,FEBRUARY Best Sellers,IL_1MB9961G83COM,1,
B0D5HX1H3B,Hillary's NEWEST Finds,IL_1XPGUL8BC81KW,1,
B0D5JTR86Z,KITCHEN Essentials,IL_286Q78OJSYZO8,1,
B0D5K2ZZ6Z,GIFTS UNDER $25,IL_OJUSIV7RIXZX,1,
B0D5LKDSZ6,BATHROOM REMODEL,IL_QWA0HLMH0ZPN,1,
B0D5LYYZR3,HOLIDAY COLOR CRUSHES 2025|VIRAL Holiday Finds,IL_1LKQL9NF315YS|IL_3QCVRRMTI2TTQ,2,
B0D5M3XB7X,TEEN GUYS,IL_O65RH2OR0EF3,1,
B0D5MCCGDN,HOLIDAY THEMES 2025,IL_CQQP654U5715,1,
B0D5NXMJSB,COFFEE TABLES. SIDE TABLES. ACCENT TABLES,IL_2RDBP13815B8R,1,
B0D5PB5XBQ,COFFEE TABLES. SIDE TABLES. ACCENT TABLES,IL_2RDBP13815B8R,1,
B0D5QD5KJV,LUXE Holiday Home,IL_21MLRQOMMKCFI,1,
B0D5R1BBFG,FALL LOUNGE SETS,IL_1K9R04PZQD03N,1,
B0D5R2GNNG,DATE NIGHT FASHION,IL_20Q0HRFOLM3K2,1,
B0D5R414SW,LUXURY GIFTS,IL_3KKGHGSJ1ZRYC,1,
B0D5R742HP,SPORT MOM Style,IL_33RG7LWDINUWO,1,
B0D5RBM7QK,JULY TOP PICKS,IL_9FXRQ038D494,1,
B0D5RMJTM6,JUST IN...My Newest OBSESSIONS,IL_EAQUVLIMTM7R,1,
B0D5XRXGGH,EARLY Fall,IL_ED3VXSBXPFO5,1,
B0D5XVKDNF,EUROPEAN SUMMER,IL_341JHBPWHDBNK,1,
B0D5XX4S1B,The FALL EDIT,IL_IOIVGOQN9X1X,1,
B0D5XXKGJ7,BURGUNDY CRUSH,IL_32JT2D5T30E4J,1,
B0D5YDJ1HS,AUGUST TOP PICKS,IL_DSS93TBPVRP5,1,
B0D5YLMTZ7,QUIET LUXURY/OLD MONEY,IL_310DHOAQUC0DH,1,
B0D62CKP86,Spring Obsessed,IL_222ENLE1WDY2M,1,
B0D62N9JVT,WINTER FASHION,IL_PN4A9X7BMPFX,1,
B0D62P3FPX,LUXURY GIFTS,IL_3KKGHGSJ1ZRYC,1,
B0D631JPNJ,FAUX INDOOR/OUTDOOR,IL_VRW78IY69242,1,
B0D633ZQK1,WORK WEAR,IL_3J2NRGA0NCDGR,1,
B0D63GJ7C6,WORK WEAR,IL_3J2NRGA0NCDGR,1,
B0D6455V1G,PILATES PRINCESS,IL_3QM5O5E9ELURW,1,
B0D66C2GWF,January Best Sellers 2,IL_2KYYGUEXPAOKJ,1,
B0D66PYP6N,AUTUMN Vibes,IL_2NDA05KNMQH4,1,
B0D66V1668,AUTUMN Vibes,IL_2NDA05KNMQH4,1,
B0D66ZM3W2,NEW HOLIDAY Finds,IL_13866CB1KN3RI,1,
B0D66ZS4B8,NEW HOLIDAY Finds,IL_13866CB1KN3RI,1,
B0D69M55YM,DECEMBER Best Sellers,IL_2PQNIB7PVLPT1,1,
B0D69RJL9P,LAUNDRY Room Essentials,IL_27L1ENCS6OMON,1,
B0D6B1GJHT,TECH ESSENTIALS,IL_1LVS8EBYWIS2J,1,
B0D6BDG6L5,BURGUNDY CRUSH,IL_32JT2D5T30E4J,1,
B0D6DDFWR7,NEW HOME FINDS,IL_1QMBJFJU34FUR,1,
B0D6FQRGTK,OUTDOOR Oasis,IL_VI6A3WXDHHDU,1,
B0D6FQSN32,HOLIDAY EVENING Looks,IL_2OL0SY0HD6BBS,1,
B0D6FX7L3W,ATHLETIC DRESSES,IL_3GE7XODL0Z5A3,1,
B0D6FZ4YF2,FAUX INDOOR/OUTDOOR|OUTDOOR Oasis,IL_VI6A3WXDHHDU|IL_VRW78IY69242,2,
B0D6GLGNBN,WORK WEAR,IL_3J2NRGA0NCDGR,1,
B0D6K6TZ5P,EARNED A SPOT FOR LIFE!|NEW Arrivals|RH STYLE - Looks like a SPLURGE|TOP 100 HOME PICKS,IL_2DHFOQ3A1Q5U2|IL_2DVQFMB8O8SDC|IL_32TSU85USSAQZ|IL_76ENHDCP4NP1,4,
B0D6KXFZLV,HOLIDAY COLOR CRUSHES 2025,IL_1LKQL9NF315YS,1,
B0D6MX8VQ3,GIFTING,IL_YYM41OHGI1KQ,1,
B0D6NF3RML,ELEVATED KITCHEN Must-Haves|KITCHEN Organizing,IL_2B46UO4I7XY3G|IL_V4V7ASEQMWKK,2,
B0D6NPL7XC,TOP SEPTEMBER DEALS,IL_JI222AIPC2S,1,
B0D6QSLWXX,BURGUNDY CRUSH|SKIMS LIKE BASICS,IL_32JT2D5T30E4J|IL_395N3QLHWD5V7,2,
B0D6R52GW7,BATHROOM Organization,IL_Q8UFO5D52NKD,1,
B0D6R5QF3H,The STYLE EDIT - HOTTEST finds RIGHT NOW!,IL_1SLNDA7361JAR,1,
B0D6R7W4MB,Amazon Furniture in Our Home,IL_1UGCFJJRVROLC,1,
B0D6RFCY7J,ELEVATED SWIMWEAR,IL_20ODL7UVO85YK,1,
B0D6RGCNXH,FALL LOUNGE SETS,IL_1K9R04PZQD03N,1,
B0D6RHBT8B,BRIDE- Spoil Her for the Big Day!,IL_3R1F2KZC9BJXJ,1,
B0D6RMRYCB,ELEVATED HOLIDAY FASHION,IL_WU8FIFLKC1R5,1,
B0D6RQHWX6,BARCART,IL_1YYODGJOLLLRT,1,
B0D6SPQK81,CANDLE HOLDERS. CANDLE STICKS.,IL_ITC144HBA2XS,1,
B0D6V4MYJN,BURGUNDY CRUSH,IL_32JT2D5T30E4J,1,
B0D6VFMZTK,HAIR CARE|My Curated Gift Guide|Vanity Organization,IL_3VBGW6RI08DIE|IL_IE0BGUCCDZ8X|IL_WMCP8YLCXSCD,3,
B0D6W3DV76,ELEVATED HOLIDAY FASHION|UNDER $50 FALL Capsule,IL_39FHE4P3M78YV|IL_WU8FIFLKC1R5,2,
B0D6W3DXM1,ENTERTAINING Essentials,IL_2GHS9RLET14RQ,1,
B0D6W4NXVM,JANUARY Best Sellers,IL_F5Z67P4FFJC4,1,
B0D6W7T5FL,JUST IN...My Newest OBSESSIONS,IL_EAQUVLIMTM7R,1,
B0D6W851LW,HOME OFFICE Essentials,IL_31KXTI157WXNV,1,
B0D6W8GSL3,LAST MINUTE GIFTS,IL_1OH1TVBZ3L337,1,
B0D6W8X6L2,TECH ESSENTIALS,IL_1LVS8EBYWIS2J,1,
B0D6WD2QSQ,TECH ESSENTIALS,IL_1LVS8EBYWIS2J,1,
B0D6WF2C3P,STOCKING STUFFERS,IL_20274194WU668,1,
B0D6WHW991,FOR HIM - GIFT GUIDE,IL_26IY6FNENQC7M,1,
B0D6X8NF2Y,EARNED A SPOT FOR LIFE!|JUNE TOP PICKS,IL_2Q5678F6BP61R|IL_76ENHDCP4NP1,2,
B0D6XK8F5K,VIRAL Holiday Finds,IL_3QCVRRMTI2TTQ,1,
B0D6XT8YF3,CANDLE HOLDERS. CANDLE STICKS.,IL_ITC144HBA2XS,1,
B0D6XXSHW1,The FALL EDIT,IL_IOIVGOQN9X1X,1,
B0D6Y2MCYX,TRAVEL,IL_24ASC2W86JF33,1,
B0D6Y2VN6W,48 Yr Old Mom of 5 - What I am OBSESSED over!,IL_1NSB6B4CK6NM1,1,
B0D6YPHDJ4,UNBOXING,IL_1NR6N43OIR93A,1,
B0D6YSR1GG,CHIC WITHOUT THE SPLURGE TRAVEL,IL_2GR0M7LHWL1O,1,
B0D6YVCKJW,TEEN GIRLIES,IL_370XLUWUIJAX1,1,
B0D6Z45Q87,RUGS,IL_2N8O18PX5PHA3,1,
B0D6Z4JVBX,RESTORATION VIBES,IL_2I5A3XFI29113,1,
B0D7224XPX,WINTER FASHION,IL_PN4A9X7BMPFX,1,
B0D722KQPD,WINTER FASHION,IL_PN4A9X7BMPFX,1,
B0D72CPBZS,BOY'S Bathroom,IL_3CQZYKSH60HA3,1,
B0D734PMMX,RUGS,IL_2N8O18PX5PHA3,1,
B0D73B1LDP,LUXE JEWELRY & ACCESSORIES,IL_27BIT6UUHQ198,1,
B0D73CPB38,AFFORDABLE DECOR,IL_2EHNEZELPW5NA,1,
B0D73JKFVD,SKIMS LIKE BASICS,IL_395N3QLHWD5V7,1,
B0D73K8SPS,VIRAL Holiday Finds,IL_3QCVRRMTI2TTQ,1,
B0D73QZCJH,AUGUST TOP PICKS|DATE NIGHT FASHION,IL_20Q0HRFOLM3K2|IL_DSS93TBPVRP5,2,
B0D73TSW8W,TEEN GIRLIES,IL_370XLUWUIJAX1,1,
B0D76X7235,BATHROOM Organization,IL_Q8UFO5D52NKD,1,
B0D77WMJQX,EUROPEAN SUMMER,IL_341JHBPWHDBNK,1,
B0D78HJWM4,FEBRUARY Best Sellers,IL_1MB9961G83COM,1,
B0D78Q85WB,LIGHTING - Designer Inspired,IL_K3IDK9BPXYFW,1,
B0D78RC3M6,HOLIDAY THEMES 2025|TOP OCTOBER DEALS,IL_1E7EHNK9QTVEH|IL_CQQP654U5715,2,
B0D78TY4JG,THE DRESS SHOPPE - From BRUNCH to BLACK TIE,IL_1HHMN64HEUPU9,1,
B0D78XLJY1,HOLIDAY ESSENTIALS,IL_ZN8TBHK35E0D,1,
B0D78Y6ZKQ,HOLIDAY ESSENTIALS,IL_ZN8TBHK35E0D,1,
B0D792Y2LV,The STYLE EDIT - HOTTEST finds RIGHT NOW!,IL_1SLNDA7361JAR,1,
B0D795473T,WINTER FASHION,IL_PN4A9X7BMPFX,1,
B0D79BKFVT,LAST MINUTE GIFTS,IL_1OH1TVBZ3L337,1,
B0D79BSSBV,TRANSITIONAL Fall Fashion|The FALL EDIT,IL_5MN6DE6JTTK2|IL_IOIVGOQN9X1X,2,
B0D7B9GLCH,AUGUST TOP PICKS|LAUNDRY Room Essentials|MY TOP PRODUCTS FOR JULY|ORGANIZING Essentials,IL_27L1ENCS6OMON|IL_27VCDHN1568QK|IL_DSS93TBPVRP5|IL_OB8CSFU2LS6V,4,
B0D7BH1X32,LUXURY GIFTS,IL_3KKGHGSJ1ZRYC,1,
B0D7BTL3B5,CAR ORGANIZATION,IL_3TE1WGJI4HUK8,1,
B0D7CJDCB3,TRAVEL,IL_24ASC2W86JF33,1,
B0D7CLJ3M8,LIGHTING - Designer Inspired,IL_K3IDK9BPXYFW,1,
B0D7CMKDPW,Hillary's NEWEST Finds|RH STYLE - Looks like a SPLURGE,IL_1XPGUL8BC81KW|IL_32TSU85USSAQZ,2,
B0D7CMKPB9,Hillary's NEWEST Finds,IL_1XPGUL8BC81KW,1,
B0D7CR3T5Y,HOLIDAY COLOR CRUSHES 2025,IL_1LKQL9NF315YS,1,
B0D7D1Q2RC,SPORT MOM Style,IL_33RG7LWDINUWO,1,
B0D7GTHPF3,LIGHTING - Designer Inspired,IL_K3IDK9BPXYFW,1,
B0D7GWBLMB,LUXURY GIFTS,IL_3KKGHGSJ1ZRYC,1,
B0D7H167C5,CURTAINS,IL_O5BIFXCH5S3Y,1,
B0D7HDK1WF,ELEVATED HOLIDAY FASHION,IL_WU8FIFLKC1R5,1,
B0D7LXP5FC,ELEVATED HOLIDAY FASHION,IL_WU8FIFLKC1R5,1,
B0D7M69H74,DECEMBER Best Sellers,IL_2PQNIB7PVLPT1,1,
B0D7M7JNFV,PILATES PRINCESS,IL_3QM5O5E9ELURW,1,
B0D7M9QSLN,GIFTING,IL_YYM41OHGI1KQ,1,
B0D7MKTGYH,GIFTING,IL_YYM41OHGI1KQ,1,
B0D7MMD134,LAST MINUTE GIFTS,IL_1OH1TVBZ3L337,1,
B0D7MRCJRL,GIFTING|JANUARY Best Sellers|LUXE Holiday Home,IL_21MLRQOMMKCFI|IL_F5Z67P4FFJC4|IL_YYM41OHGI1KQ,3,
B0D7N1H1D2,NEW HOME FINDS,IL_1QMBJFJU34FUR,1,
B0D7N285PN,Our REMODEL HOME,IL_1RA73GK94YR1G,1,
B0D7P6G31F,EARLY Fall,IL_ED3VXSBXPFO5,1,
B0D7PWV6LL,SKIMS LIKE BASICS,IL_395N3QLHWD5V7,1,
B0D7PXDYJN,TRANSITIONAL Fall Fashion,IL_5MN6DE6JTTK2,1,
B0D7PXG5F8,WALL DECOR - MIRRORS. ART. FRAMES.,IL_1HZQPC6SSAHFG,1,
B0D7PXQFLD,TOP SEPTEMBER DEALS,IL_JI222AIPC2S,1,
B0D7QNPH27,FALL LOUNGE SETS,IL_1K9R04PZQD03N,1,
B0D7QTB1VH,Home UPGRADES,IL_M615BEYW486F,1,
B0D7V6K7PZ,April Amazon Live|OUTDOOR Oasis,IL_K5H00QYC3R1G|IL_VI6A3WXDHHDU,2,
B0D7V7T9W1,HOME DECOR,IL_2V4ZM0XXYOP34,1,
B0D7VC413H,APRIL Best Sellers|FAUX INDOOR/OUTDOOR,IL_181FEP0C2U0RU|IL_VRW78IY69242,2,
B0D7VCH29T,FASHION,IL_3LEWC1H0K68XB,1,
B0D7VN4Z8V,BEST SELLERS,IL_3DS692CRM1BGS,1,
B0D7VSQ19F,48 Yr Old Mom of 5 - What I am OBSESSED over!|ELEVATED KITCHEN Must-Haves|KITCHEN Essentials|QUIET LUXURY/OLD MONEY,IL_1NSB6B4CK6NM1|IL_286Q78OJSYZO8|IL_310DHOAQUC0DH|IL_V4V7ASEQMWKK,4,
B0D7VTZJXJ,ENTERTAINING Essentials,IL_2GHS9RLET14RQ,1,
B0D7VXNF64,ELEVATED HOLIDAY FASHION,IL_WU8FIFLKC1R5,1,
B0D7VYCNH4,WINTER FASHION,IL_PN4A9X7BMPFX,1,
B0D7VZKK5F,BURGUNDY CRUSH,IL_32JT2D5T30E4J,1,
B0D7WZHDJ2,HEALTHY Living,IL_136JGDBOWW0I4,1,
B0D7X5X3QF,LAST MINUTE GIFTS|My Curated Gift Guide,IL_1OH1TVBZ3L337|IL_IE0BGUCCDZ8X,2,
B0D7YTC7JS,BURGUNDY CRUSH,IL_32JT2D5T30E4J,1,
B0D7Z1C3KC,LIGHTING - Designer Inspired,IL_K3IDK9BPXYFW,1,
B0D7Z3RFXV,TRANSITIONAL Fall Fashion,IL_5MN6DE6JTTK2,1,
B0D7ZLXRS5,JUST IN...My Newest OBSESSIONS|The FALL EDIT,IL_EAQUVLIMTM7R|IL_IOIVGOQN9X1X,2,
B0D82C3N6N,UNDER $50 FALL Capsule,IL_39FHE4P3M78YV,1,
B0D82HRBDR,LUXE Gifting,IL_B4MF8PKIS82A,1,
B0D82J9QXC,Spring Obsessed,IL_222ENLE1WDY2M,1,
B0D8334XBF,JANUARY Best Sellers,IL_F5Z67P4FFJC4,1,
B0D839TMKL,AUGUST TOP PICKS,IL_DSS93TBPVRP5,1,
B0D83BK9B7,THE Littles - GIFT GUIDE,IL_3BMD6XLV7JIPG,1,
B0D83KLQ7Q,MAXI DRESS EDIT,IL_3CETAKAWP1P7C,1,
B0D83NBKKK,WINTER FASHION,IL_PN4A9X7BMPFX,1,
B0D83WL3LY,BURGUNDY CRUSH,IL_32JT2D5T30E4J,1,
B0D86C1ZYH,GIFTING,IL_YYM41OHGI1KQ,1,
B0D872MRPY,LAUNDRY Room Essentials,IL_27L1ENCS6OMON,1,
B0D878B3JS,TOP SEPTEMBER DEALS,IL_JI222AIPC2S,1,
B0D87FQWQ4,ATHEISURE|JUNE TOP PICKS,IL_2Q5678F6BP61R|IL_31LARMS9JHPGT,2,
B0D87FS89M,JANUARY Best Sellers,IL_F5Z67P4FFJC4,1,
B0D892VD9M,OUTDOOR Oasis|TOP 100 HOME PICKS,IL_2DVQFMB8O8SDC|IL_VI6A3WXDHHDU,2,
B0D89M6D6S,January Best Sellers 2|TRAVEL,IL_24ASC2W86JF33|IL_2KYYGUEXPAOKJ,2,
B0D89Y7JXY,FAUX INDOOR/OUTDOOR|Outdoor PLANTERS,IL_270Y6RLSPP10V|IL_VRW78IY69242,2,
B0D8B31ZCQ,2025 TOP SELLERS,IL_3RT5O1LPLW4HX,1,
B0D8B8N7ZT,PILATES PRINCESS,IL_3QM5O5E9ELURW,1,
B0D8B9MBY2,DECEMBER Best Sellers,IL_2PQNIB7PVLPT1,1,
B0D8BKMB2S,2025 TOP SELLERS|CARTS DON'T LIE — These were May's biggest hits.|JUNE TOP PICKS|TOP 100+ PRIME DEALS|VIRAL Home Gadgets,IL_14615HLXD512Y|IL_1BKDYBCCXK5YE|IL_2Q5678F6BP61R|IL_330I4A3SQ3ERE|IL_3RT5O1LPLW4HX,5,
B0D8BL9MNJ,DECEMBER Best Sellers,IL_2PQNIB7PVLPT1,1,
B0D8DKSWMQ,NEW HOME FINDS,IL_1QMBJFJU34FUR,1,
B0D8F6TCL5,SKIMS LIKE BASICS,IL_395N3QLHWD5V7,1,
B0D8F8VN68,2025 TOP SELLERS|CAR ORGANIZATION|CARTS DON'T LIE — These were May's biggest hits.|In MY Travel Bag|MY TOP PRODUCTS FOR JULY|Vanity Organization,IL_1BKDYBCCXK5YE|IL_3RT5O1LPLW4HX|IL_3TE1WGJI4HUK8|IL_OB8CSFU2LS6V|IL_SC6UJV027JAK|IL_WMCP8YLCXSCD,6,All memberships are included in internal_label; only the first 5 stable backup labels appear in custom_label_0-4.
B0D8FSVKJD,Our REMODEL HOME|TOP 100 HOME PICKS,IL_1RA73GK94YR1G|IL_2DVQFMB8O8SDC,2,
B0D8GNQDNX,AUGUST TOP PICKS|TOP SEPTEMBER DEALS,IL_DSS93TBPVRP5|IL_JI222AIPC2S,2,
B0D8GQ969K,BURGUNDY CRUSH,IL_32JT2D5T30E4J,1,
B0D8H34QV5,TRAVEL,IL_24ASC2W86JF33,1,
B0D8J1KY22,HOLIDAY COLOR CRUSHES 2025,IL_1LKQL9NF315YS,1,
B0D8J62X11,DECEMBER Best Sellers,IL_2PQNIB7PVLPT1,1,
B0D8J7Z31J,AUGUST TOP PICKS,IL_DSS93TBPVRP5,1,
B0D8J86MQ3,TOP 100 HOME PICKS,IL_2DVQFMB8O8SDC,1,
B0D8K1YXST,THE Littles - GIFT GUIDE,IL_3BMD6XLV7JIPG,1,
B0D8KH4L2G,FRIDGE Organization,IL_3HBHLKKIJRXAQ,1,
B0D8L1BCTH,DECEMBER Best Sellers,IL_2PQNIB7PVLPT1,1,
B0D8L31NHG,The FALL EDIT,IL_IOIVGOQN9X1X,1,
B0D8L5G14C,VIRAL Holiday Finds,IL_3QCVRRMTI2TTQ,1,
B0D8L6DSW6,HOLIDAY ON SALE,IL_81C70Z4U4BII,1,
B0D8NSMF6W,WORK WEAR,IL_3J2NRGA0NCDGR,1,
B0D8P4S38D,HOLIDAY ON SALE,IL_81C70Z4U4BII,1,
B0D8PNGXZP,LUXE Gifting,IL_B4MF8PKIS82A,1,
B0D8PNJHF4,NEW HOME FINDS,IL_1QMBJFJU34FUR,1,
B0D8RMNLM8,FEBRUARY Best Sellers,IL_1MB9961G83COM,1,
B0D8SDKSQJ,ENTERTAINING Essentials|MUST-HAVE HOSTING|TABLETOP MUST-HAVES,IL_23YO2PO28IXV|IL_2GHS9RLET14RQ|IL_2RA331651DDK8,3,
B0D8T7P9ZZ,CABINETS. SIDEBOARDS. BUFFETS. CONSOLES.|LUXE Holiday Home,IL_21MLRQOMMKCFI|IL_2Q8H0EUR30UN9,2,
B0D8TBWWT8,TEEN GIRLIES,IL_370XLUWUIJAX1,1,
B0D8TC3HXT,Our REMODEL HOME|RH STYLE - Looks like a SPLURGE|UNBOXING,IL_1NR6N43OIR93A|IL_1RA73GK94YR1G|IL_32TSU85USSAQZ,3,
B0D8TF37ZR,WINTER FASHION,IL_PN4A9X7BMPFX,1,
B0D8TJNXWS,MORE NEW FINDS,IL_32M44I5BF0O0R,1,
B0D8TLGRQ8,HOLIDAY THEMES 2025,IL_CQQP654U5715,1,
B0D8TXNM5X,VASES. TRAYS. BOXES.,IL_2YQAXQUJ2H8KY,1,
B0D8TXNYRP,SHOP The Hillary Style|VASES. TRAYS. BOXES.,IL_21CU9PVXLTL6P|IL_2YQAXQUJ2H8KY,2,
B0D8TZG3LY,ELEVATED KITCHEN Must-Haves|SHOP The Hillary Style,IL_21CU9PVXLTL6P|IL_V4V7ASEQMWKK,2,
B0D8V6YT94,HOLIDAY MUST-HAVES on AMAZON LIVE,IL_3U58T22AIU7ZR,1,
B0D8VCPQZT,OUTDOOR Oasis,IL_VI6A3WXDHHDU,1,
B0D8VGQS12,TRANSITIONAL Fall Fashion,IL_5MN6DE6JTTK2,1,
B0D8VH888X,BURGUNDY CRUSH,IL_32JT2D5T30E4J,1,
B0D8VKDCJ2,HOLIDAY ON SALE,IL_81C70Z4U4BII,1,
B0D8VMWQDC,BEDROOM STYLE,IL_2HG2TBY26H9IW,1,
B0D8VVWK1D,$50 WINTER FASHION,IL_43J6PJOVYKC9,1,
B0D8W3445S,TOP SEPTEMBER DEALS,IL_JI222AIPC2S,1,
B0D8W5GY58,$50 WINTER FASHION,IL_43J6PJOVYKC9,1,
B0D8ZDY9CS,APRIL Best Sellers|FAUX INDOOR/OUTDOOR|OUTDOOR Oasis,IL_181FEP0C2U0RU|IL_VI6A3WXDHHDU|IL_VRW78IY69242,3,
B0D91CFPQC,UNDER $50 FALL Capsule,IL_39FHE4P3M78YV,1,
B0D91GRJHV,HOLIDAY ESSENTIALS,IL_ZN8TBHK35E0D,1,
B0D91X2S65,Subtle Luxury Home,IL_BWHQ5TU85DA7,1,
B0D91Z4VB7,In MY Travel Bag|JUNE TOP PICKS,IL_2Q5678F6BP61R|IL_SC6UJV027JAK,2,
B0D91Z5XBZ,VIRAL Holiday Finds,IL_3QCVRRMTI2TTQ,1,
B0D92M3V4X,Subtle Luxury Home,IL_BWHQ5TU85DA7,1,
B0D92RXMJB,HOLIDAY COLOR CRUSHES 2025,IL_1LKQL9NF315YS,1,
B0D93JBPXT,WINTER FASHION,IL_PN4A9X7BMPFX,1,
B0D93XX1GM,For the Hostess - GIFT GUIDE,IL_2C66SA5TXKNJK,1,
B0D948F2NZ,DATE NIGHT FASHION,IL_20Q0HRFOLM3K2,1,
B0D951B4HJ,January Best Sellers 2|TECH ESSENTIALS,IL_1LVS8EBYWIS2J|IL_2KYYGUEXPAOKJ,2,
B0D95H6Y7J,TWEEN & TEEN - GIFT GUIDE,IL_1I8FQ5LPJG30D,1,
B0D95V49DT,HOLIDAY ON SALE,IL_81C70Z4U4BII,1,
B0D966G252,CREATOR Favorites,IL_J39K6QG9TPDR,1,
B0D96X3HSY,DESIGNER INSPIRED,IL_3JCDIMAGNYZ0E,1,
B0D97LZC3H,HOLIDAY EVENING Looks,IL_2OL0SY0HD6BBS,1,
B0D97QCT1Z,WALL DECOR - MIRRORS. ART. FRAMES.,IL_1HZQPC6SSAHFG,1,
B0D97XW943,HOLIDAY THEMES 2025,IL_CQQP654U5715,1,
B0D97YJRXX,VIRAL Holiday Finds,IL_3QCVRRMTI2TTQ,1,
B0D982WS3V,TOP OCTOBER DEALS,IL_1E7EHNK9QTVEH,1,
B0D987GDRG,HOLIDAY ON SALE,IL_81C70Z4U4BII,1,
B0D98MY5WB,BEST SELLERS,IL_3DS692CRM1BGS,1,
B0D98MZ9RD,TOP OCTOBER DEALS,IL_1E7EHNK9QTVEH,1,
B0D98SK5FR,MORE NEW FINDS,IL_32M44I5BF0O0R,1,
B0D999S5HV,LUXE JEWELRY & ACCESSORIES,IL_27BIT6UUHQ198,1,
B0D9B8X6KD,ELEVATED HOLIDAY FASHION,IL_WU8FIFLKC1R5,1,
B0D9BFFW41,2025 TOP SELLERS,IL_3RT5O1LPLW4HX,1,
B0D9BFP3GJ,2025 TOP SELLERS,IL_3RT5O1LPLW4HX,1,
B0D9BG7SDX,TOP NOVEMBER DEALS,IL_2Z5U0A9S9OXF9,1,
B0D9BH3WW7,KITCHEN Organizing,IL_2B46UO4I7XY3G,1,
B0D9BK1Z4S,BEST SELLERS,IL_3DS692CRM1BGS,1,
B0D9BPN5H8,SOFAS. ACCENT CHAIRS. OTTOMANS.,IL_34VIWGR89GOO8,1,
B0D9BPP8GP,HOLIDAY EVENING Looks,IL_2OL0SY0HD6BBS,1,
B0D9BQQGD5,UNDER $50 FALL Capsule,IL_39FHE4P3M78YV,1,
B0D9C5F2ZK,FASHION,IL_3LEWC1H0K68XB,1,
B0D9DTW6YV,DECEMBER Best Sellers|LAUNDRY Room Essentials,IL_27L1ENCS6OMON|IL_2PQNIB7PVLPT1,2,
B0D9FDPJY5,THE Littles - GIFT GUIDE,IL_3BMD6XLV7JIPG,1,
B0D9GG3T8Y,$50 WINTER FASHION,IL_43J6PJOVYKC9,1,
B0D9GJRR1C,COFFEE BAR Essentials,IL_FJAM99COX1K9,1,
B0D9H8HYM9,New Year's Must-Haves,IL_3H3WH72KSZXK3,1,
B0D9HK3N7L,BRIDE- Spoil Her for the Big Day!,IL_3R1F2KZC9BJXJ,1,
B0D9HSWGTQ,SHOPBOP Favorites,IL_EEJXEINH2736,1,
B0D9HV7BVN,The Hillary Style Holiday,IL_2V2HL7TFY8QE8,1,
B0D9HW843V,BEDDING. PILLOWS. THROWS. TOWELS.,IL_1LFWTJH9UBPKU,1,
B0D9HW9SF6,BEDDING. PILLOWS. THROWS. TOWELS.,IL_1LFWTJH9UBPKU,1,
B0D9HX6TCP,BEDDING. PILLOWS. THROWS. TOWELS.,IL_1LFWTJH9UBPKU,1,
B0D9HYD43G,CYBER HOLIDAY|LUXE Holiday Home|MY Holiday Styling List|VIRAL Holiday Finds,IL_12LJ38VR8BIZT|IL_21MLRQOMMKCFI|IL_32NJAOW4JT5JB|IL_3QCVRRMTI2TTQ,4,
B0D9J7LDV7,CYBER HOLIDAY|MY Holiday Styling List|The Hillary Style Holiday,IL_12LJ38VR8BIZT|IL_2V2HL7TFY8QE8|IL_32NJAOW4JT5JB,3,
B0D9JB4C8P,Subtle Luxury Home,IL_BWHQ5TU85DA7,1,
B0D9JRT6R3,WALL DECOR - MIRRORS. ART. FRAMES.,IL_1HZQPC6SSAHFG,1,
B0D9JTX75D,APRIL Best Sellers|EARLY Fall|Outdoor PLANTERS,IL_181FEP0C2U0RU|IL_270Y6RLSPP10V|IL_ED3VXSBXPFO5,3,
B0D9K6HM39,PILATES PRINCESS,IL_3QM5O5E9ELURW,1,
B0D9LMFS3H,The FALL EDIT,IL_IOIVGOQN9X1X,1,
B0D9M2N6VG,VIRAL Holiday Finds,IL_3QCVRRMTI2TTQ,1,
B0D9N39GTP,APRIL Best Sellers|April Amazon Live|FAUX INDOOR/OUTDOOR|OUTDOOR Oasis|TOP 100 HOME PICKS,IL_181FEP0C2U0RU|IL_2DVQFMB8O8SDC|IL_K5H00QYC3R1G|IL_VI6A3WXDHHDU|IL_VRW78IY69242,5,
B0D9N93W52,HOLIDAY BEST SELLERS|VIRAL Holiday Finds,IL_1Q6KH53S4CVWD|IL_3QCVRRMTI2TTQ,2,
B0D9N97LH1,HOLIDAY EVENING Looks,IL_2OL0SY0HD6BBS,1,
B0D9NC4TC9,NEW HOLIDAY Finds,IL_13866CB1KN3RI,1,
B0D9NCPN8Y,WINTER FASHION,IL_PN4A9X7BMPFX,1,
B0D9PWHJ3P,BEST SELLERS|TOP OCTOBER DEALS,IL_1E7EHNK9QTVEH|IL_3DS692CRM1BGS,2,
B0D9Q5K42C,JANUARY Best Sellers,IL_F5Z67P4FFJC4,1,
B0D9Q9NPMW,ELEVATED SWIMWEAR,IL_20ODL7UVO85YK,1,
B0D9QBSDGW,FRIDGE Organization|HEALTHY Living,IL_136JGDBOWW0I4|IL_3HBHLKKIJRXAQ,2,
B0D9QD13S2,LAST MINUTE GIFTS,IL_1OH1TVBZ3L337,1,
B0D9QDKMBP,EARNED A SPOT FOR LIFE!,IL_76ENHDCP4NP1,1,
B0D9QGR4WB,Spring Obsessed,IL_222ENLE1WDY2M,1,
B0D9QHTF6X,DECEMBER Best Sellers|EARNED A SPOT FOR LIFE!|TOP 100+ PRIME DEALS,IL_2PQNIB7PVLPT1|IL_330I4A3SQ3ERE|IL_76ENHDCP4NP1,3,
B0D9QLVHZW,LIGHTING - Designer Inspired,IL_K3IDK9BPXYFW,1,
B0D9QZWRGC,Spring Obsessed,IL_222ENLE1WDY2M,1,
B0D9R71GWN,EARNED A SPOT FOR LIFE!|RH STYLE - Looks like a SPLURGE,IL_32TSU85USSAQZ|IL_76ENHDCP4NP1,2,
B0D9R71VB5,TOP OCTOBER DEALS,IL_1E7EHNK9QTVEH,1,
B0D9R8RBNG,HALLOWEEN,IL_TOLRF8ZU3T5K,1,
B0D9RPDF81,The STYLE EDIT - HOTTEST finds RIGHT NOW!,IL_1SLNDA7361JAR,1,
B0D9S618ZC,AUGUST TOP PICKS,IL_DSS93TBPVRP5,1,
B0D9S7SLYR,WINTER FASHION,IL_PN4A9X7BMPFX,1,
B0D9S834GK,WINTER FASHION,IL_PN4A9X7BMPFX,1,
B0D9ST99T5,$50 WINTER FASHION|2025 TOP SELLERS|48 Yr Old Mom of 5 - What I am OBSESSED over!|AFFORDABLE DECOR|AMAZING NEW Home Finds|APRIL Best Sellers|ATHEISURE|ATHLETIC DRESSES|AUGUST TOP PICKS|AUTUMN Vibes|Amazon Furniture in Our Home|April Amazon Live|BARCART|BATHROOM Essentials|BATHROOM Organization|BATHROOM REMODEL|BEAUTY & SKINCARE|BEAUTY MUST-HAVES|BED & BATH FINDS|BEDDING. PILLOWS. THROWS. TOWELS.|BEDDING: LUXURY finds in Our Home|BEDROOM STYLE|BEDS. DRESSERS. NIGHTSTANDS.|BEST SELLERS|BOY'S Bathroom|BRIDE- Spoil Her for the Big Day!|BURGUNDY CRUSH|CABINETS. SIDEBOARDS. BUFFETS. CONSOLES.|CANDLE HOLDERS. CANDLE STICKS.|CAR ORGANIZATION|CARTS DON'T LIE — These were May's biggest hits.|CHIC 2-PIECE SETS|CHIC WITHOUT THE SPLURGE TRAVEL|CLOSET Organizing|COFFEE BAR Essentials|COFFEE TABLE BOOKS|COFFEE TABLES. SIDE TABLES. ACCENT TABLES|CREATOR Favorites|CURTAINS|CYBER HOLIDAY|DATE NIGHT FASHION|DECEMBER Best Sellers|DESIGNER INSPIRED|DINING ROOM|DORM ROOM ESSENTIALS|EARLY Fall|EARNED A SPOT FOR LIFE!|ELEMENTARY SCHOOL|ELEVATED Bathroom Must-Haves|ELEVATED HOLIDAY FASHION|ELEVATED KITCHEN Must-Haves|ELEVATED SWIMWEAR|ENTERTAINING Essentials|ENTRYWAY. FOYER.|EUROPEAN SUMMER|Effortless Chic Home|FALL LOUNGE SETS|FASHION|FAUX & DRIED FLORALS|FAUX INDOOR/OUTDOOR|FEBRUARY Best Sellers|FOR HER - HANDBAGS|FOR HIM - GIFT GUIDE|FRIDGE Organization|FRONT PORCH|FURNITURE In Our Home|For the Big Kids|For the Hostess - GIFT GUIDE|Furniture Mover REEL|GADGETS I CANNOT live WITHOUT|GIFTING|GIFTS UNDER $25|GIFTS UNDER $50|HAIR CARE|HALLOWEEN|HARDWARE & FINISHES|HEALTHY Living|HILLARY'S BEACH Bag Essentials|HOLIDAY BEST SELLERS|HOLIDAY COLOR CRUSHES 2025|HOLIDAY ESSENTIALS|HOLIDAY EVENING Looks|HOLIDAY MUST-HAVES on AMAZON LIVE|HOLIDAY ON SALE|HOLIDAY THEMES 2025|HOME & BATH Essentials|HOME DECOR|HOME OFFICE Essentials|Hillary's NEWEST Finds|Home UPGRADES|In MY Travel Bag|JANUARY Best Sellers|JOCELYN'S Space|JULY TOP PICKS|JUNE TOP PICKS|JUST IN - Organizing & Home|JUST IN...My Newest OBSESSIONS|January Best Sellers 2|KITCHEN Essentials|KITCHEN Organizing|LAMPS|LAST MINUTE GIFTS|LAUNDRY Room Essentials|LIGHTING - Designer Inspired|LUXE Gifting|LUXE Holiday Home|LUXE JEWELRY & ACCESSORIES|LUXURY GIFTS|MARCH Best Sellers|MAXI DRESS EDIT|MEMORIAL DAY SALE FOLLOWER FAVORITES|MORE NEW FINDS|MUST-HAVE HOSTING|MY HOLIDAY Home|MY Holiday Styling List|MY TOP PRODUCTS FOR JULY|Moody Luxe Home|My Curated Gift Guide|My TOP Amazon Cleaning and Organizing|NEW Arrivals|NEW HOLIDAY Finds|NEW HOME FINDS|NIGHTSTAND Essentials|NO DRILL Home Improvement|New Year's Must-Haves|ORGANIZING Essentials|OUR Rental|OUTDOOR Oasis|OVER 40 & Fabulous HILLARY'S Capsule WARDROBE - Effortless & Chic|Our REMODEL HOME|Our SITTING ROOM|Outdoor PLANTERS|PANTRY Organization|PILATES PRINCESS|PILLOWS & THROWS|POWDER BATH|PRESCHOOL LITTLES|QUIET LUXURY/OLD MONEY|RESORT WEAR FASHION|RESTORATION VIBES|RH STYLE - Looks like a SPLURGE|RUGS|SHATTERPROOF Beverage Glasses|SHOP The Hillary Style|SHOPBOP Favorites|SKIMS LIKE BASICS|SOFAS. ACCENT CHAIRS. OTTOMANS.|SPORT MOM Style|STOCKING STUFFERS|SUMMER HOSTING|Spring Obsessed|Subtle Luxury Home|TABLETOP MUST-HAVES|TECH ESSENTIALS|TEEN GIRLIES|TEEN GUYS|THE DRESS SHOPPE - From BRUNCH to BLACK TIE|THE Little Black Dress|THE Littles - GIFT GUIDE|TOP 100 HOME PICKS|TOP 100 PRIME FASHION DEALS|TOP 100+ PRIME DEALS|TOP 50 BEAUTY|TOP MOVING/ORGANIZING|TOP NOVEMBER DEALS|TOP OCTOBER DEALS|TOP SEPTEMBER DEALS|TRANSITIONAL Fall Fashion|TRAVEL|TWEEN & TEEN - GIFT GUIDE|TWEEN BACK TO SCHOOL|The FALL EDIT|The Hillary Style Holiday|The STYLE EDIT - HOTTEST finds RIGHT NOW!|UNBOXING|UNDER $50 FALL Capsule|VANITY Must-Haves|VASES. TRAYS. BOXES.|VIRAL Holiday Finds|VIRAL Home Gadgets|Vanity Organization|WALL DECOR - MIRRORS. ART. FRAMES.|WINTER FASHION|WORK WEAR|Your Currently MOST-LOVED,IL_12L5JOTON77WY|IL_12LJ38VR8BIZT|IL_136JGDBOWW0I4|IL_13866CB1KN3RI|IL_13DUABZBTBJVY|IL_13LSJDYI0DMAZ|IL_14615HLXD512Y|IL_15NDDXZ7X0955|IL_16F1ZOLGB573M|IL_174AROJG7VER7|IL_17ITIHGPTINHX|IL_17SP6THMUJN6E|IL_181FEP0C2U0RU|IL_18H5BP5V6EGYM|IL_18JLLR8E7X2KU|IL_1BKDYBCCXK5YE|IL_1DUCBV6BSXOJF|IL_1DXRHB098MRMA|IL_1E7EHNK9QTVEH|IL_1GS6BISWIK7UN|IL_1HHMN64HEUPU9|IL_1HZQPC6SSAHFG|IL_1I8FQ5LPJG30D|IL_1K9R04PZQD03N|IL_1LFWTJH9UBPKU|IL_1LKQL9NF315YS|IL_1LVS8EBYWIS2J|IL_1MB9961G83COM|IL_1MKYF1CAY9E8G|IL_1NFO0QLH5HS6Y|IL_1NR6N43OIR93A|IL_1NSB6B4CK6NM1|IL_1OH1TVBZ3L337|IL_1Q6KH53S4CVWD|IL_1QMBJFJU34FUR|IL_1QMQ9WWH79VRL|IL_1R4YIGU257W50|IL_1RA73GK94YR1G|IL_1SLNDA7361JAR|IL_1UGCFJJRVROLC|IL_1XPGUL8BC81KW|IL_1YYODGJOLLLRT|IL_20274194WU668|IL_202RY6J21JOG9|IL_20ODL7UVO85YK|IL_20Q0HRFOLM3K2|IL_21CU9PVXLTL6P|IL_21IKKXKZPGWVW|IL_21MLRQOMMKCFI|IL_21T7CCUQI2DH5|IL_222ENLE1WDY2M|IL_22L0SLOF07ITQ|IL_23YO2PO28IXV|IL_24ASC2W86JF33|IL_26IY6FNENQC7M|IL_270Y6RLSPP10V|IL_27BIT6UUHQ198|IL_27L1ENCS6OMON|IL_27VCDHN1568QK|IL_286Q78OJSYZO8|IL_28Z72BVY6B71P|IL_2969EJ7F6BLI8|IL_29FTLXCTPVP41|IL_2ABZ85AO7D848|IL_2B46UO4I7XY3G|IL_2C66SA5TXKNJK|IL_2DHFOQ3A1Q5U2|IL_2DVQFMB8O8SDC|IL_2EHNEZELPW5NA|IL_2GHS9RLET14RQ|IL_2GR0M7LHWL1O|IL_2HG2TBY26H9IW|IL_2I5A3XFI29113|IL_2KYYGUEXPAOKJ|IL_2LWBTUXIDQYKM|IL_2N8O18PX5PHA3|IL_2NDA05KNMQH4|IL_2OL0SY0HD6BBS|IL_2P1RVZSE8RCAZ|IL_2PQNIB7PVLPT1|IL_2Q5678F6BP61R|IL_2Q8H0EUR30UN9|IL_2RA331651DDK8|IL_2RDBP13815B8R|IL_2V2HL7TFY8QE8|IL_2V4ZM0XXYOP34|IL_2V9Q1BLJC4BNW|IL_2WRZJHHWAS214|IL_2YQAXQUJ2H8KY|IL_2Z5U0A9S9OXF9|IL_30ZOK8YSQFY5N|IL_310DHOAQUC0DH|IL_311VGYMV97O78|IL_31KXTI157WXNV|IL_31LARMS9JHPGT|IL_31R6EZ6S1ERJH|IL_32JT2D5T30E4J|IL_32M44I5BF0O0R|IL_32NJAOW4JT5JB|IL_32TSU85USSAQZ|IL_330I4A3SQ3ERE|IL_33RG7LWDINUWO|IL_341JHBPWHDBNK|IL_34RHZWFKXT7UT|IL_34VIWGR89GOO8|IL_370XLUWUIJAX1|IL_395N3QLHWD5V7|IL_39AL8K1TZE306|IL_39FHE4P3M78YV|IL_3BMD6XLV7JIPG|IL_3BNM8CSCBJ7VF|IL_3CETAKAWP1P7C|IL_3CQZYKSH60HA3|IL_3DS692CRM1BGS|IL_3GE7XODL0Z5A3|IL_3H3WH72KSZXK3|IL_3HBHLKKIJRXAQ|IL_3ITM4V91K4422|IL_3J2NRGA0NCDGR|IL_3JCDIMAGNYZ0E|IL_3KKGHGSJ1ZRYC|IL_3LEWC1H0K68XB|IL_3MJSZFZU5658|IL_3QCVRRMTI2TTQ|IL_3QM5O5E9ELURW|IL_3R1F2KZC9BJXJ|IL_3RKTIOM3H9T72|IL_3RT5O1LPLW4HX|IL_3TE1WGJI4HUK8|IL_3U58T22AIU7ZR|IL_3U9GRAHOG87DY|IL_3UQI8VF6F9P66|IL_3VBGW6RI08DIE|IL_3VW7VU2STCZ6B|IL_43J6PJOVYKC9|IL_5MN6DE6JTTK2|IL_76ENHDCP4NP1|IL_81C70Z4U4BII|IL_97O81RWTU3TG|IL_9FXRQ038D494|IL_B4MF8PKIS82A|IL_BWHQ5TU85DA7|IL_C4VDLQZK7ACP|IL_CQQP654U5715|IL_CTNECHN1HUCU|IL_DB6CKD297DDB|IL_DSS93TBPVRP5|IL_EAQUVLIMTM7R|IL_ED3VXSBXPFO5|IL_EEJXEINH2736|IL_F5Z67P4FFJC4|IL_FJAM99COX1K9|IL_IE0BGUCCDZ8X|IL_IOIVGOQN9X1X|IL_IRH0FVF815TU|IL_ITC144HBA2XS|IL_J39K6QG9TPDR|IL_J4MBZKLMALLQ|IL_JI222AIPC2S|IL_K1RZXTONZLT1|IL_K3IDK9BPXYFW|IL_K5H00QYC3R1G|IL_KIGFVJQ0V3OW|IL_L3V3XJ5WT8SV|IL_M0U0DTYJP1BI|IL_M615BEYW486F|IL_O5BIFXCH5S3Y|IL_O65RH2OR0EF3|IL_OB8CSFU2LS6V|IL_OJUSIV7RIXZX|IL_PN4A9X7BMPFX|IL_Q8UFO5D52NKD|IL_QR27F03IP4AQ|IL_QWA0HLMH0ZPN|IL_SC6UJV027JAK|IL_T9AHRYR4TO4W|IL_TOLRF8ZU3T5K|IL_V4V7ASEQMWKK|IL_VI6A3WXDHHDU|IL_VRW78IY69242|IL_WMCP8YLCXSCD|IL_WPS59NJ19M48|IL_WU8FIFLKC1R5|IL_YYM41OHGI1KQ|IL_ZN8TBHK35E0D,185,All memberships are included in internal_label; only the first 5 stable backup labels appear in custom_label_0-4.
B0D9TRFNXX,THE Littles - GIFT GUIDE,IL_3BMD6XLV7JIPG,1,
B0D9VFVTXN,FOR HIM - GIFT GUIDE,IL_26IY6FNENQC7M,1,
B0D9VRTNCM,COFFEE TABLES. SIDE TABLES. ACCENT TABLES,IL_2RDBP13815B8R,1,
B0D9VS4DRJ,LIGHTING - Designer Inspired,IL_K3IDK9BPXYFW,1,
B0D9WVKXLK,TECH ESSENTIALS,IL_1LVS8EBYWIS2J,1,
B0D9WVR866,FOR HIM - GIFT GUIDE,IL_26IY6FNENQC7M,1,
B0D9WW6LVK,TOP 100+ PRIME DEALS,IL_330I4A3SQ3ERE,1,
B0D9XJ2LLS,LIGHTING - Designer Inspired,IL_K3IDK9BPXYFW,1,
B0D9XWDL28,UNDER $50 FALL Capsule,IL_39FHE4P3M78YV,1,
B0D9YCRC52,JANUARY Best Sellers,IL_F5Z67P4FFJC4,1,
B0D9ZJJ1R7,THE Littles - GIFT GUIDE,IL_3BMD6XLV7JIPG,1,
B0D9ZL3FLZ,GIFTING,IL_YYM41OHGI1KQ,1,
B0D9ZWX9YV,LAMPS,IL_28Z72BVY6B71P,1,
B0DB19DVCB,ELEVATED HOLIDAY FASHION,IL_WU8FIFLKC1R5,1,
B0DB1TZS9T,FEBRUARY Best Sellers,IL_1MB9961G83COM,1,
B0DB1X3WRZ,My Curated Gift Guide,IL_IE0BGUCCDZ8X,1,
B0DB2RCGKQ,TWEEN BACK TO SCHOOL,IL_39AL8K1TZE306,1,
B0DB47R353,LAST MINUTE GIFTS,IL_1OH1TVBZ3L337,1,
B0DB4S3W1W,BEDDING: LUXURY finds in Our Home,IL_3MJSZFZU5658,1,
B0DB544RPP,BEDDING: LUXURY finds in Our Home|TOP 100+ PRIME DEALS,IL_330I4A3SQ3ERE|IL_3MJSZFZU5658,2,
B0DB5BHB6L,BEDDING: LUXURY finds in Our Home|EARNED A SPOT FOR LIFE!,IL_3MJSZFZU5658|IL_76ENHDCP4NP1,2,
B0DB5L9VZ2,HOLIDAY BEST SELLERS|The Hillary Style Holiday|VIRAL Holiday Finds,IL_1Q6KH53S4CVWD|IL_2V2HL7TFY8QE8|IL_3QCVRRMTI2TTQ,3,
B0DB5MZF48,HOLIDAY MUST-HAVES on AMAZON LIVE,IL_3U58T22AIU7ZR,1,
B0DB5PW941,HOLIDAY THEMES 2025,IL_CQQP654U5715,1,
B0DB617MJ9,LAST MINUTE GIFTS,IL_1OH1TVBZ3L337,1,
B0DB61G8R9,TOP 100 HOME PICKS,IL_2DVQFMB8O8SDC,1,
B0DB6PMMFN,BEDDING. PILLOWS. THROWS. TOWELS.,IL_1LFWTJH9UBPKU,1,
B0DB6ZH1M9,HOME & BATH Essentials,IL_IRH0FVF815TU,1,
B0DB7FS4X9,HOLIDAY THEMES 2025,IL_CQQP654U5715,1,
B0DB7YPY9W,NEW HOLIDAY Finds,IL_13866CB1KN3RI,1,
B0DB82PSB7,HARDWARE & FINISHES|Our REMODEL HOME,IL_1RA73GK94YR1G|IL_97O81RWTU3TG,2,
B0DB84P6X7,HOLIDAY THEMES 2025,IL_CQQP654U5715,1,
B0DB8BQ4VR,BEDDING: LUXURY finds in Our Home|EARLY Fall,IL_3MJSZFZU5658|IL_ED3VXSBXPFO5,2,
B0DB8LGN5H,RESTORATION VIBES,IL_2I5A3XFI29113,1,
B0DBCFFGBH,DORM ROOM ESSENTIALS,IL_1DUCBV6BSXOJF,1,
B0DBCZ28H8,HOLIDAY ON SALE|TOP SEPTEMBER DEALS,IL_81C70Z4U4BII|IL_JI222AIPC2S,2,
B0DBDT79JC,BEST SELLERS|BURGUNDY CRUSH,IL_32JT2D5T30E4J|IL_3DS692CRM1BGS,2,
B0DBF65JYY,BEAUTY MUST-HAVES|TOP 50 BEAUTY,IL_174AROJG7VER7|IL_17SP6THMUJN6E,2,
B0DBGDB2TR,PILATES PRINCESS,IL_3QM5O5E9ELURW,1,
B0DBHBZZ7K,CHIC WITHOUT THE SPLURGE TRAVEL|UNDER $50 FALL Capsule,IL_2GR0M7LHWL1O|IL_39FHE4P3M78YV,2,
B0DBHF1SPQ,HOME OFFICE Essentials|Our REMODEL HOME,IL_1RA73GK94YR1G|IL_31KXTI157WXNV,2,
B0DBHG7DBP,EUROPEAN SUMMER|JUNE TOP PICKS,IL_2Q5678F6BP61R|IL_341JHBPWHDBNK,2,
B0DBHHVMKD,DECEMBER Best Sellers,IL_2PQNIB7PVLPT1,1,
B0DBHK9G2Q,HOLIDAY THEMES 2025,IL_CQQP654U5715,1,
B0DBHLQBMJ,WORK WEAR,IL_3J2NRGA0NCDGR,1,
B0DBHW3TJP,VANITY Must-Haves,IL_K1RZXTONZLT1,1,
B0DBJB69RM,MEMORIAL DAY SALE FOLLOWER FAVORITES,IL_17ITIHGPTINHX,1,
B0DBJQCY7T,48 Yr Old Mom of 5 - What I am OBSESSED over!,IL_1NSB6B4CK6NM1,1,
B0DBKS5SGP,SPORT MOM Style,IL_33RG7LWDINUWO,1,
B0DBL9MJRM,SOFAS. ACCENT CHAIRS. OTTOMANS.,IL_34VIWGR89GOO8,1,
B0DBLPXBPF,January Best Sellers 2,IL_2KYYGUEXPAOKJ,1,
B0DBLW18PD,LAST MINUTE GIFTS|TRAVEL,IL_1OH1TVBZ3L337|IL_24ASC2W86JF33,2,
B0DBLXRVBD,TOP SEPTEMBER DEALS|UNDER $50 FALL Capsule,IL_39FHE4P3M78YV|IL_JI222AIPC2S,2,
B0DBMY1BY9,HOME & BATH Essentials,IL_IRH0FVF815TU,1,
B0DBMY5Y6Z,NEW HOME FINDS,IL_1QMBJFJU34FUR,1,
B0DBPFH621,JANUARY Best Sellers,IL_F5Z67P4FFJC4,1,
B0DBPMWPHQ,HOLIDAY COLOR CRUSHES 2025,IL_1LKQL9NF315YS,1,
B0DBPP1G5N,WORK WEAR,IL_3J2NRGA0NCDGR,1,
B0DBPZCVLM,EARLY Fall|NEW HOLIDAY Finds,IL_13866CB1KN3RI|IL_ED3VXSBXPFO5,2,
B0DBQ28STW,EARLY Fall,IL_ED3VXSBXPFO5,1,
B0DBQC4PM9,FEBRUARY Best Sellers,IL_1MB9961G83COM,1,
B0DBQPXWYG,TOP 100 HOME PICKS,IL_2DVQFMB8O8SDC,1,
B0DBQPZH4Y,BEDROOM STYLE|TOP 100+ PRIME DEALS,IL_2HG2TBY26H9IW|IL_330I4A3SQ3ERE,2,
B0DBQWGD7T,BEDDING: LUXURY finds in Our Home,IL_3MJSZFZU5658,1,
B0DBR6JPMN,ELEVATED KITCHEN Must-Haves,IL_V4V7ASEQMWKK,1,
B0DBRDD827,AUGUST TOP PICKS,IL_DSS93TBPVRP5,1,
B0DBS1DDJH,BURGUNDY CRUSH|HOLIDAY COLOR CRUSHES 2025,IL_1LKQL9NF315YS|IL_32JT2D5T30E4J,2,
B0DBSF29VF,BRIDE- Spoil Her for the Big Day!,IL_3R1F2KZC9BJXJ,1,
B0DBSM9HL2,LUXE JEWELRY & ACCESSORIES,IL_27BIT6UUHQ198,1,
B0DBSWG2MB,WINTER FASHION,IL_PN4A9X7BMPFX,1,
B0DBTV8QC3,ORGANIZING Essentials,IL_27VCDHN1568QK,1,
B0DBV2Z5BZ,QUIET LUXURY/OLD MONEY,IL_310DHOAQUC0DH,1,
B0DBV3G3TR,LUXE Gifting,IL_B4MF8PKIS82A,1,
B0DBWX1XR3,LUXE Gifting,IL_B4MF8PKIS82A,1,
B0DBYMVHTL,Our REMODEL HOME,IL_1RA73GK94YR1G,1,
B0DBYR7ZPV,VIRAL Home Gadgets,IL_14615HLXD512Y,1,
B0DC19H6C3,Spring Obsessed,IL_222ENLE1WDY2M,1,
B0DC4Z8N22,HALLOWEEN|KITCHEN Organizing,IL_2B46UO4I7XY3G|IL_TOLRF8ZU3T5K,2,
B0DC697XGX,HOLIDAY THEMES 2025|TOP OCTOBER DEALS,IL_1E7EHNK9QTVEH|IL_CQQP654U5715,2,
B0DC6CBZRJ,The FALL EDIT,IL_IOIVGOQN9X1X,1,
B0DC6DRYWG,DINING ROOM,IL_3RKTIOM3H9T72,1,
B0DC6GF8TQ,TOP SEPTEMBER DEALS,IL_JI222AIPC2S,1,
B0DC6NJ5P1,HOME DECOR,IL_2V4ZM0XXYOP34,1,
B0DC6SKJLM,Subtle Luxury Home,IL_BWHQ5TU85DA7,1,
B0DC74FH6T,BEAUTY & SKINCARE,IL_WPS59NJ19M48,1,
B0DC7R3N32,Subtle Luxury Home,IL_BWHQ5TU85DA7,1,
B0DC9P4YQG,Spring Obsessed,IL_222ENLE1WDY2M,1,
B0DC9TLNQB,LAST MINUTE GIFTS|TOP NOVEMBER DEALS,IL_1OH1TVBZ3L337|IL_2Z5U0A9S9OXF9,2,
B0DCC25FGT,VIRAL Holiday Finds,IL_3QCVRRMTI2TTQ,1,
B0DCCF51RW,BEAUTY & SKINCARE,IL_WPS59NJ19M48,1,
B0DCDGJTL1,2025 TOP SELLERS|CARTS DON'T LIE — These were May's biggest hits.|VIRAL Home Gadgets,IL_14615HLXD512Y|IL_1BKDYBCCXK5YE|IL_3RT5O1LPLW4HX,3,
B0DCDGPG6K,ATHLETIC DRESSES,IL_3GE7XODL0Z5A3,1,
B0DCFJZDPH,ATHLETIC DRESSES,IL_3GE7XODL0Z5A3,1,
B0DCFLM87K,DECEMBER Best Sellers,IL_2PQNIB7PVLPT1,1,
B0DCFSPW68,For the Hostess - GIFT GUIDE,IL_2C66SA5TXKNJK,1,
B0DCG3Z13G,ELEVATED HOLIDAY FASHION,IL_WU8FIFLKC1R5,1,
B0DCG5J19S,WORK WEAR,IL_3J2NRGA0NCDGR,1,
B0DCGLQWXL,HOLIDAY COLOR CRUSHES 2025,IL_1LKQL9NF315YS,1,
B0DCJ5VJNJ,DECEMBER Best Sellers,IL_2PQNIB7PVLPT1,1,
B0DCJ9DD8C,TOP 100+ PRIME DEALS,IL_330I4A3SQ3ERE,1,
B0DCJMFPDH,DORM ROOM ESSENTIALS,IL_1DUCBV6BSXOJF,1,
B0DCL9D8HX,TWEEN & TEEN - GIFT GUIDE,IL_1I8FQ5LPJG30D,1,
B0DCMZV5LL,Effortless Chic Home,IL_34RHZWFKXT7UT,1,
B0DCN89KBC,The FALL EDIT,IL_IOIVGOQN9X1X,1,
B0DCNC6YFR,HOLIDAY EVENING Looks,IL_2OL0SY0HD6BBS,1,
B0DCNJX2FJ,LUXURY GIFTS,IL_3KKGHGSJ1ZRYC,1,
B0DCNR2SM8,HOLIDAY ESSENTIALS|VIRAL Holiday Finds,IL_3QCVRRMTI2TTQ|IL_ZN8TBHK35E0D,2,
B0DCP9CHB3,LAUNDRY Room Essentials,IL_27L1ENCS6OMON,1,
B0DCPD8DVP,TEEN GIRLIES,IL_370XLUWUIJAX1,1,
B0DCPNSZ1W,CABINETS. SIDEBOARDS. BUFFETS. CONSOLES.,IL_2Q8H0EUR30UN9,1,
B0DCPX2M8N,ORGANIZING Essentials,IL_27VCDHN1568QK,1,
B0DCSH6MG5,DECEMBER Best Sellers,IL_2PQNIB7PVLPT1,1,
B0DCTZ88TW,LUXE Gifting,IL_B4MF8PKIS82A,1,
B0DCVLZ7FJ,DECEMBER Best Sellers,IL_2PQNIB7PVLPT1,1,
B0DCVTP75K,EUROPEAN SUMMER,IL_341JHBPWHDBNK,1,
B0DCW4NC2N,TEEN GIRLIES,IL_370XLUWUIJAX1,1,
B0DCW7MR83,RUGS,IL_2N8O18PX5PHA3,1,
B0DCWCRNRG,HOLIDAY THEMES 2025,IL_CQQP654U5715,1,
B0DCXHY632,BEDROOM STYLE,IL_2HG2TBY26H9IW,1,
B0DCZ15SGD,BEAUTY & SKINCARE,IL_WPS59NJ19M48,1,
B0DCZ2SXRQ,SOFAS. ACCENT CHAIRS. OTTOMANS.,IL_34VIWGR89GOO8,1,
B0DCZ7WCJW,Furniture Mover REEL,IL_2ABZ85AO7D848,1,
B0DCZ9CY48,GIFTING|My Curated Gift Guide,IL_IE0BGUCCDZ8X|IL_YYM41OHGI1KQ,2,
B0DCZK9CNT,$50 WINTER FASHION,IL_43J6PJOVYKC9,1,
B0DCZXV6HL,LUXURY GIFTS,IL_3KKGHGSJ1ZRYC,1,
B0DD1MHB78,ELEVATED KITCHEN Must-Haves,IL_V4V7ASEQMWKK,1,
B0DD35WCX7,Effortless Chic Home,IL_34RHZWFKXT7UT,1,
B0DD35XW89,The STYLE EDIT - HOTTEST finds RIGHT NOW!,IL_1SLNDA7361JAR,1,
B0DD491X8Y,Effortless Chic Home,IL_34RHZWFKXT7UT,1,
B0DD4TKJVT,HOLIDAY THEMES 2025,IL_CQQP654U5715,1,
B0DD6FS57Z,WALL DECOR - MIRRORS. ART. FRAMES.,IL_1HZQPC6SSAHFG,1,
B0DD6S91R3,BEST SELLERS|TOP OCTOBER DEALS,IL_1E7EHNK9QTVEH|IL_3DS692CRM1BGS,2,
B0DD76TGN4,SPORT MOM Style,IL_33RG7LWDINUWO,1,
B0DD7HLFCK,The FALL EDIT,IL_IOIVGOQN9X1X,1,
B0DD8TZ2WH,January Best Sellers 2,IL_2KYYGUEXPAOKJ,1,
B0DDDD8WD6,HEALTHY Living,IL_136JGDBOWW0I4,1,
B0DDGWPVJM,For the Big Kids,IL_22L0SLOF07ITQ,1,
B0DDJMKBHD,RH STYLE - Looks like a SPLURGE,IL_32TSU85USSAQZ,1,
B0DDKJF6N1,BEST SELLERS|HOLIDAY ON SALE|TOP OCTOBER DEALS,IL_1E7EHNK9QTVEH|IL_3DS692CRM1BGS|IL_81C70Z4U4BII,3,
B0DDKMCTVJ,HEALTHY Living,IL_136JGDBOWW0I4,1,
B0DDNJPQC7,COFFEE TABLE BOOKS,IL_1NFO0QLH5HS6Y,1,
B0DDP5GJRJ,TOP 100+ PRIME DEALS,IL_330I4A3SQ3ERE,1,
B0DDPDKFRK,CARTS DON'T LIE — These were May's biggest hits.|RESTORATION VIBES,IL_1BKDYBCCXK5YE|IL_2I5A3XFI29113,2,
B0DDPQKS4Q,48 Yr Old Mom of 5 - What I am OBSESSED over!|AFFORDABLE DECOR|JUNE TOP PICKS|Our REMODEL HOME|RH STYLE - Looks like a SPLURGE,IL_1NSB6B4CK6NM1|IL_1RA73GK94YR1G|IL_2EHNEZELPW5NA|IL_2Q5678F6BP61R|IL_32TSU85USSAQZ,5,
B0DDQKXDZF,LAST MINUTE GIFTS,IL_1OH1TVBZ3L337,1,
B0DDQLGDY3,TOP 100+ PRIME DEALS,IL_330I4A3SQ3ERE,1,
B0DDSZWZY4,BEST SELLERS,IL_3DS692CRM1BGS,1,
B0DDVKR7PZ,Hillary's NEWEST Finds,IL_1XPGUL8BC81KW,1,
B0DDX6YNWJ,In MY Travel Bag|OVER 40 & Fabulous HILLARY'S Capsule WARDROBE - Effortless & Chic,IL_1GS6BISWIK7UN|IL_SC6UJV027JAK,2,
B0DDXGT2QY,FASHION,IL_3LEWC1H0K68XB,1,
B0DDXH629C,COFFEE TABLES. SIDE TABLES. ACCENT TABLES,IL_2RDBP13815B8R,1,
B0DDXTVYDC,TRANSITIONAL Fall Fashion,IL_5MN6DE6JTTK2,1,
B0DDYBSR51,DORM ROOM ESSENTIALS|RH STYLE - Looks like a SPLURGE|TOP 100 HOME PICKS,IL_1DUCBV6BSXOJF|IL_2DVQFMB8O8SDC|IL_32TSU85USSAQZ,3,
B0DDYH78YX,ENTERTAINING Essentials,IL_2GHS9RLET14RQ,1,
B0DDYYNZLF,EARLY Fall|JULY TOP PICKS,IL_9FXRQ038D494|IL_ED3VXSBXPFO5,2,
B0DDYZPJBC,ENTERTAINING Essentials,IL_2GHS9RLET14RQ,1,
B0DF1BXKXM,April Amazon Live,IL_K5H00QYC3R1G,1,
B0DF2TC1QY,COFFEE TABLES. SIDE TABLES. ACCENT TABLES,IL_2RDBP13815B8R,1,
B0DF2VC5DX,HOLIDAY BEST SELLERS,IL_1Q6KH53S4CVWD,1,
B0DF3W6MGH,UNDER $50 FALL Capsule,IL_39FHE4P3M78YV,1,
B0DF41WX57,AMAZING NEW Home Finds,IL_202RY6J21JOG9,1,
B0DF59NVPT,HOLIDAY ON SALE,IL_81C70Z4U4BII,1,
B0DF5JW4ML,ENTERTAINING Essentials,IL_2GHS9RLET14RQ,1,
B0DF66XG7R,The FALL EDIT,IL_IOIVGOQN9X1X,1,
B0DF6JH7XP,DECEMBER Best Sellers|KITCHEN Organizing|VIRAL Home Gadgets,IL_14615HLXD512Y|IL_2B46UO4I7XY3G|IL_2PQNIB7PVLPT1,3,
B0DF737NVX,HOME & BATH Essentials,IL_IRH0FVF815TU,1,
B0DF7SG54M,FOR HIM - GIFT GUIDE,IL_26IY6FNENQC7M,1,
B0DF8WMHNV,Hillary's NEWEST Finds,IL_1XPGUL8BC81KW,1,
B0DF9RFY87,STOCKING STUFFERS,IL_20274194WU668,1,
B0DFCGBQY1,HOLIDAY THEMES 2025,IL_CQQP654U5715,1,
B0DFCKTY18,CAR ORGANIZATION,IL_3TE1WGJI4HUK8,1,
B0DFCM48XS,MORE NEW FINDS,IL_32M44I5BF0O0R,1,
B0DFDWVRJJ,Home UPGRADES,IL_M615BEYW486F,1,
B0DFF1TCF9,Our REMODEL HOME,IL_1RA73GK94YR1G,1,
B0DFF2DDXN,OVER 40 & Fabulous HILLARY'S Capsule WARDROBE - Effortless & Chic,IL_1GS6BISWIK7UN,1,
B0DFF7ZXDZ,Home UPGRADES,IL_M615BEYW486F,1,
B0DFGFP1SN,Spring Obsessed,IL_222ENLE1WDY2M,1,
B0DFGLC6LB,APRIL Best Sellers|Hillary's NEWEST Finds|OUTDOOR Oasis|TOP 100 HOME PICKS,IL_181FEP0C2U0RU|IL_1XPGUL8BC81KW|IL_2DVQFMB8O8SDC|IL_VI6A3WXDHHDU,4,
B0DFGNJWGP,LUXE Holiday Home,IL_21MLRQOMMKCFI,1,
B0DFGQZKXQ,Hillary's NEWEST Finds,IL_1XPGUL8BC81KW,1,
B0DFGT1MRB,DINING ROOM,IL_3RKTIOM3H9T72,1,
B0DFGYP4GH,MY HOLIDAY Home,IL_18JLLR8E7X2KU,1,
B0DFH36TRH,AFFORDABLE DECOR,IL_2EHNEZELPW5NA,1,
B0DFHDN3BD,TABLETOP MUST-HAVES,IL_2RA331651DDK8,1,
B0DFHSTSVM,LUXE Holiday Home,IL_21MLRQOMMKCFI,1,
B0DFM7MVW6,JUNE TOP PICKS,IL_2Q5678F6BP61R,1,
B0DFP54BLV,48 Yr Old Mom of 5 - What I am OBSESSED over!|In MY Travel Bag|LUXE Gifting|LUXURY GIFTS,IL_1NSB6B4CK6NM1|IL_3KKGHGSJ1ZRYC|IL_B4MF8PKIS82A|IL_SC6UJV027JAK,4,
B0DFPBRVW8,TOP SEPTEMBER DEALS,IL_JI222AIPC2S,1,
B0DFPL6SKG,FOR HIM - GIFT GUIDE,IL_26IY6FNENQC7M,1,
B0DFPN4V71,The STYLE EDIT - HOTTEST finds RIGHT NOW!,IL_1SLNDA7361JAR,1,
B0DFTCJF2T,HOLIDAY ON SALE,IL_81C70Z4U4BII,1,
B0DFTJXZ7D,HALLOWEEN,IL_TOLRF8ZU3T5K,1,
B0DFV1YR2M,$50 WINTER FASHION,IL_43J6PJOVYKC9,1,
B0DFVZGRF7,AFFORDABLE DECOR,IL_2EHNEZELPW5NA,1,
B0DFW8VYR9,TOP MOVING/ORGANIZING,IL_3VW7VU2STCZ6B,1,
B0DFWFVQHW,OUTDOOR Oasis|TOP 100 HOME PICKS,IL_2DVQFMB8O8SDC|IL_VI6A3WXDHHDU,2,
B0DFWM8JQS,JUST IN...My Newest OBSESSIONS,IL_EAQUVLIMTM7R,1,
B0DFWP7F1K,UNDER $50 FALL Capsule,IL_39FHE4P3M78YV,1,
B0DFY1X7PD,CARTS DON'T LIE — These were May's biggest hits.,IL_1BKDYBCCXK5YE,1,
B0DFY2JTMJ,Our REMODEL HOME,IL_1RA73GK94YR1G,1,
B0DFY5DCJ1,FASHION|UNDER $50 FALL Capsule,IL_39FHE4P3M78YV|IL_3LEWC1H0K68XB,2,
B0DFY7XWJ4,PILATES PRINCESS,IL_3QM5O5E9ELURW,1,
B0DFYHDMT2,$50 WINTER FASHION,IL_43J6PJOVYKC9,1,
B0DFYPMX34,AFFORDABLE DECOR|AUTUMN Vibes,IL_2EHNEZELPW5NA|IL_2NDA05KNMQH4,2,
B0DG1DQ2S7,BEAUTY MUST-HAVES|TOP 50 BEAUTY,IL_174AROJG7VER7|IL_17SP6THMUJN6E,2,
B0DG231VQN,MAXI DRESS EDIT|QUIET LUXURY/OLD MONEY,IL_310DHOAQUC0DH|IL_3CETAKAWP1P7C,2,
B0DG248R59,SOFAS. ACCENT CHAIRS. OTTOMANS.,IL_34VIWGR89GOO8,1,
B0DG2VX94P,HOLIDAY ON SALE,IL_81C70Z4U4BII,1,
B0DG2XRHFL,Effortless Chic Home,IL_34RHZWFKXT7UT,1,
B0DG3HD788,RUGS,IL_2N8O18PX5PHA3,1,
B0DG3L7HDP,HOME & BATH Essentials|HOME DECOR,IL_2V4ZM0XXYOP34|IL_IRH0FVF815TU,2,
B0DG3QGL35,HOME DECOR|RH STYLE - Looks like a SPLURGE|RUGS,IL_2N8O18PX5PHA3|IL_2V4ZM0XXYOP34|IL_32TSU85USSAQZ,3,
B0DG3V6PYZ,TOP 100 HOME PICKS,IL_2DVQFMB8O8SDC,1,
B0DG3VZ49Z,BEDROOM STYLE|RUGS,IL_2HG2TBY26H9IW|IL_2N8O18PX5PHA3,2,
B0DG4N3R1F,THE Littles - GIFT GUIDE,IL_3BMD6XLV7JIPG,1,
B0DG57WZ41,TOP 100+ PRIME DEALS,IL_330I4A3SQ3ERE,1,
B0DG5Z31TQ,$50 WINTER FASHION|Effortless Chic Home,IL_34RHZWFKXT7UT|IL_43J6PJOVYKC9,2,
B0DG82N8DN,TOP SEPTEMBER DEALS,IL_JI222AIPC2S,1,
B0DG887TNS,FOR HIM - GIFT GUIDE,IL_26IY6FNENQC7M,1,
B0DG9PD7PQ,APRIL Best Sellers,IL_181FEP0C2U0RU,1,
B0DG9Z48LP,THE DRESS SHOPPE - From BRUNCH to BLACK TIE|THE Little Black Dress,IL_1HHMN64HEUPU9|IL_CTNECHN1HUCU,2,
B0DGB17XTF,HOLIDAY MUST-HAVES on AMAZON LIVE|SHOP The Hillary Style|The Hillary Style Holiday|VASES. TRAYS. BOXES.,IL_21CU9PVXLTL6P|IL_2V2HL7TFY8QE8|IL_2YQAXQUJ2H8KY|IL_3U58T22AIU7ZR,4,
B0DGB47QTP,FAUX & DRIED FLORALS|SHOP The Hillary Style,IL_21CU9PVXLTL6P|IL_2WRZJHHWAS214,2,
B0DGB8M65X,BEDROOM STYLE|CYBER HOLIDAY|Our REMODEL HOME|SHOP The Hillary Style|Spring Obsessed|The Hillary Style Holiday|VASES. TRAYS. BOXES.|Your Currently MOST-LOVED,IL_1RA73GK94YR1G|IL_21CU9PVXLTL6P|IL_222ENLE1WDY2M|IL_2HG2TBY26H9IW|IL_2V2HL7TFY8QE8|IL_2YQAXQUJ2H8KY|IL_32NJAOW4JT5JB|IL_3BNM8CSCBJ7VF,8,All memberships are included in internal_label; only the first 5 stable backup labels appear in custom_label_0-4.
B0DGB8P1F6,TRANSITIONAL Fall Fashion,IL_5MN6DE6JTTK2,1,
B0DGBVB4M3,April Amazon Live|LUXE JEWELRY & ACCESSORIES,IL_27BIT6UUHQ198|IL_K5H00QYC3R1G,2,
B0DGD44YJQ,BEST SELLERS|ELEVATED HOLIDAY FASHION,IL_3DS692CRM1BGS|IL_WU8FIFLKC1R5,2,
B0DGDBDLPP,THE DRESS SHOPPE - From BRUNCH to BLACK TIE,IL_1HHMN64HEUPU9,1,
B0DGDN3G4M,LAST MINUTE GIFTS,IL_1OH1TVBZ3L337,1,
B0DGF3P7PG,The FALL EDIT,IL_IOIVGOQN9X1X,1,
B0DGHQWVDQ,SPORT MOM Style,IL_33RG7LWDINUWO,1,
B0DGHYQ1VJ,TECH ESSENTIALS,IL_1LVS8EBYWIS2J,1,
B0DGJ5F42Q,FOR HIM - GIFT GUIDE,IL_26IY6FNENQC7M,1,
B0DGJ73CFS,PILATES PRINCESS,IL_3QM5O5E9ELURW,1,
B0DGJCTKXF,LAST MINUTE GIFTS,IL_1OH1TVBZ3L337,1,
B0DGJFZ8SH,SOFAS. ACCENT CHAIRS. OTTOMANS.,IL_34VIWGR89GOO8,1,
B0DGJKT2X9,TRAVEL,IL_24ASC2W86JF33,1,
B0DGJQRGGC,FAUX & DRIED FLORALS|SHOP The Hillary Style,IL_21CU9PVXLTL6P|IL_2WRZJHHWAS214,2,
B0DGKKZLG8,ELEVATED HOLIDAY FASHION,IL_WU8FIFLKC1R5,1,
B0DGKXZQSV,RESTORATION VIBES,IL_2I5A3XFI29113,1,
B0DGL2X3XN,HEALTHY Living|NEW Arrivals,IL_136JGDBOWW0I4|IL_2DHFOQ3A1Q5U2,2,
B0DGL4LDXC,CABINETS. SIDEBOARDS. BUFFETS. CONSOLES.,IL_2Q8H0EUR30UN9,1,
B0DGLW49Q2,LIGHTING - Designer Inspired,IL_K3IDK9BPXYFW,1,
B0DGNVY5WG,TOP SEPTEMBER DEALS,IL_JI222AIPC2S,1,
B0DGPQL7TN,HOLIDAY THEMES 2025,IL_CQQP654U5715,1,
B0DGPTTD9G,TRAVEL,IL_24ASC2W86JF33,1,
B0DGQ3QXXM,DINING ROOM,IL_3RKTIOM3H9T72,1,
B0DGQ5QZTD,DATE NIGHT FASHION|WORK WEAR,IL_20Q0HRFOLM3K2|IL_3J2NRGA0NCDGR,2,
B0DGQKWRSY,ELEVATED KITCHEN Must-Haves|NEW Arrivals,IL_2DHFOQ3A1Q5U2|IL_V4V7ASEQMWKK,2,
B0DGQQVFQD,The STYLE EDIT - HOTTEST finds RIGHT NOW!,IL_1SLNDA7361JAR,1,
B0DGV1MVQH,FAUX & DRIED FLORALS|JANUARY Best Sellers,IL_2WRZJHHWAS214|IL_F5Z67P4FFJC4,2,
B0DGV2929Q,CARTS DON'T LIE — These were May's biggest hits.,IL_1BKDYBCCXK5YE,1,
B0DGVTJKCD,Moody Luxe Home,IL_DB6CKD297DDB,1,
B0DGX45J54,LIGHTING - Designer Inspired,IL_K3IDK9BPXYFW,1,
B0DGX4TX65,THE DRESS SHOPPE - From BRUNCH to BLACK TIE,IL_1HHMN64HEUPU9,1,
B0DGX5N1RD,BEAUTY & SKINCARE,IL_WPS59NJ19M48,1,
B0DGX84RWW,LUXE Holiday Home,IL_21MLRQOMMKCFI,1,
B0DGXWVYBD,$50 WINTER FASHION,IL_43J6PJOVYKC9,1,
B0DGYLSDQC,HOLIDAY ESSENTIALS,IL_ZN8TBHK35E0D,1,
B0DGZ1RZ48,BATHROOM Organization,IL_Q8UFO5D52NKD,1,
B0DGZ7N8X2,Spring Obsessed,IL_222ENLE1WDY2M,1,
B0DGZK6DRT,AMAZING NEW Home Finds|VANITY Must-Haves|Vanity Organization,IL_202RY6J21JOG9|IL_K1RZXTONZLT1|IL_WMCP8YLCXSCD,3,
B0DGZL9FRH,CHIC WITHOUT THE SPLURGE TRAVEL,IL_2GR0M7LHWL1O,1,
B0DH1FKVXZ,HOLIDAY THEMES 2025,IL_CQQP654U5715,1,
B0DH1RY346,FEBRUARY Best Sellers,IL_1MB9961G83COM,1,
B0DH24JG4B,JUST IN...My Newest OBSESSIONS,IL_EAQUVLIMTM7R,1,
B0DH27NNRP,FASHION,IL_3LEWC1H0K68XB,1,
B0DH2JYXGD,CABINETS. SIDEBOARDS. BUFFETS. CONSOLES.|RESTORATION VIBES,IL_2I5A3XFI29113|IL_2Q8H0EUR30UN9,2,
B0DH47NQ4W,AFFORDABLE DECOR|Spring Obsessed|Your Currently MOST-LOVED,IL_222ENLE1WDY2M|IL_2EHNEZELPW5NA|IL_3BNM8CSCBJ7VF,3,
B0DH47TBNJ,Spring Obsessed|TOP 100 HOME PICKS|Your Currently MOST-LOVED,IL_222ENLE1WDY2M|IL_2DVQFMB8O8SDC|IL_3BNM8CSCBJ7VF,3,
B0DH944CD6,HOME DECOR,IL_2V4ZM0XXYOP34,1,
B0DH9D2ZD2,LAMPS,IL_28Z72BVY6B71P,1,
B0DH9WDN4K,HOME DECOR,IL_2V4ZM0XXYOP34,1,
B0DHCG5QMX,TOP SEPTEMBER DEALS,IL_JI222AIPC2S,1,
B0DHCHFKY9,Spring Obsessed,IL_222ENLE1WDY2M,1,
B0DHCHQLHG,NEW HOME FINDS|Spring Obsessed,IL_1QMBJFJU34FUR|IL_222ENLE1WDY2M,2,
B0DHCLZQG8,CABINETS. SIDEBOARDS. BUFFETS. CONSOLES.,IL_2Q8H0EUR30UN9,1,
B0DHCPHWD6,RESORT WEAR FASHION,IL_15NDDXZ7X0955,1,
B0DHCPVKN4,April Amazon Live|ENTERTAINING Essentials|MUST-HAVE HOSTING|MY TOP PRODUCTS FOR JULY,IL_23YO2PO28IXV|IL_2GHS9RLET14RQ|IL_K5H00QYC3R1G|IL_OB8CSFU2LS6V,4,
B0DHCQCNGM,CHIC 2-PIECE SETS,IL_QR27F03IP4AQ,1,
B0DHCYJVFF,BEDDING: LUXURY finds in Our Home|DORM ROOM ESSENTIALS|EARNED A SPOT FOR LIFE!,IL_1DUCBV6BSXOJF|IL_3MJSZFZU5658|IL_76ENHDCP4NP1,3,
B0DHCZCNBV,BEDROOM STYLE,IL_2HG2TBY26H9IW,1,
B0DHDCLM3B,HOLIDAY COLOR CRUSHES 2025,IL_1LKQL9NF315YS,1,
B0DHG1L2X8,My Curated Gift Guide,IL_IE0BGUCCDZ8X,1,
B0DHGM5383,$50 WINTER FASHION,IL_43J6PJOVYKC9,1,
B0DHGP8TZ2,TOP 100+ PRIME DEALS|TOP 50 BEAUTY,IL_17SP6THMUJN6E|IL_330I4A3SQ3ERE,2,
B0DHGSLSCG,$50 WINTER FASHION,IL_43J6PJOVYKC9,1,
B0DHKS1KQR,WORK WEAR,IL_3J2NRGA0NCDGR,1,
B0DHL5WVJC,CABINETS. SIDEBOARDS. BUFFETS. CONSOLES.,IL_2Q8H0EUR30UN9,1,
B0DHLG4Z2P,EARLY Fall|JULY TOP PICKS,IL_9FXRQ038D494|IL_ED3VXSBXPFO5,2,
B0DHLJ212K,COFFEE TABLES. SIDE TABLES. ACCENT TABLES,IL_2RDBP13815B8R,1,
B0DHLR2TJM,STOCKING STUFFERS,IL_20274194WU668,1,
B0DHND1RZH,LUXE Gifting,IL_B4MF8PKIS82A,1,
B0DHNDX89X,DATE NIGHT FASHION,IL_20Q0HRFOLM3K2,1,
B0DHNFMCMJ,BEST SELLERS,IL_3DS692CRM1BGS,1,
B0DHPK25R6,AMAZING NEW Home Finds,IL_202RY6J21JOG9,1,
B0DHQL1KDL,TWEEN BACK TO SCHOOL,IL_39AL8K1TZE306,1,
B0DHRLC6X3,TRANSITIONAL Fall Fashion|The FALL EDIT,IL_5MN6DE6JTTK2|IL_IOIVGOQN9X1X,2,
B0DHRNCPQT,DATE NIGHT FASHION,IL_20Q0HRFOLM3K2,1,
B0DHRP4G1B,JUST IN...My Newest OBSESSIONS,IL_EAQUVLIMTM7R,1,
B0DHRW819R,LUXE Gifting,IL_B4MF8PKIS82A,1,
B0DHRWF5Y5,VIRAL Holiday Finds,IL_3QCVRRMTI2TTQ,1,
B0DHS32XLH,TEEN GIRLIES,IL_370XLUWUIJAX1,1,
B0DHTWCVJM,BURGUNDY CRUSH,IL_32JT2D5T30E4J,1,
B0DHV33GJ5,MORE NEW FINDS,IL_32M44I5BF0O0R,1,
B0DHV3KX56,HOME DECOR,IL_2V4ZM0XXYOP34,1,
B0DHV5PTT1,HOLIDAY COLOR CRUSHES 2025,IL_1LKQL9NF315YS,1,
B0DHV7L32M,LUXE JEWELRY & ACCESSORIES,IL_27BIT6UUHQ198,1,
B0DHV7WFLN,UNDER $50 FALL Capsule|WORK WEAR,IL_39FHE4P3M78YV|IL_3J2NRGA0NCDGR,2,
B0DHVBKWS2,DATE NIGHT FASHION,IL_20Q0HRFOLM3K2,1,
B0DHVCLBWG,OVER 40 & Fabulous HILLARY'S Capsule WARDROBE - Effortless & Chic,IL_1GS6BISWIK7UN,1,
B0DHVDT597,TRANSITIONAL Fall Fashion,IL_5MN6DE6JTTK2,1,
B0DHVLFHHK,MORE NEW FINDS,IL_32M44I5BF0O0R,1,
B0DHVPC463,ELEMENTARY SCHOOL|TEEN GIRLIES|TWEEN BACK TO SCHOOL,IL_13LSJDYI0DMAZ|IL_370XLUWUIJAX1|IL_39AL8K1TZE306,3,
B0DHW4JZTX,VANITY Must-Haves,IL_K1RZXTONZLT1,1,
B0DHW9TZPF,OUTDOOR Oasis,IL_VI6A3WXDHHDU,1,
B0DHWBRZQR,APRIL Best Sellers|MEMORIAL DAY SALE FOLLOWER FAVORITES|OUTDOOR Oasis|RUGS,IL_17ITIHGPTINHX|IL_181FEP0C2U0RU|IL_2N8O18PX5PHA3|IL_VI6A3WXDHHDU,4,
B0DHWD9VDX,RH STYLE - Looks like a SPLURGE|RUGS,IL_2N8O18PX5PHA3|IL_32TSU85USSAQZ,2,
B0DHWG9KDC,VIRAL Holiday Finds,IL_3QCVRRMTI2TTQ,1,
B0DHWSGM5R,JANUARY Best Sellers,IL_F5Z67P4FFJC4,1,
B0DHWVDN56,TEEN GIRLIES,IL_370XLUWUIJAX1,1,
B0DHX7B5RQ,QUIET LUXURY/OLD MONEY,IL_310DHOAQUC0DH,1,
B0DHXC9K8K,JUST IN - Organizing & Home,IL_3UQI8VF6F9P66,1,
B0DHXD4C3Q,APRIL Best Sellers,IL_181FEP0C2U0RU,1,
B0DHXLXZMN,HOLIDAY ON SALE,IL_81C70Z4U4BII,1,
B0DHXTSS4B,Effortless Chic Home,IL_34RHZWFKXT7UT,1,
B0DHXWCTWT,ATHLETIC DRESSES,IL_3GE7XODL0Z5A3,1,
B0DHXZLWB7,FEBRUARY Best Sellers,IL_1MB9961G83COM,1,
B0DHY3J87X,DECEMBER Best Sellers|LUXE Gifting|TRAVEL,IL_24ASC2W86JF33|IL_2PQNIB7PVLPT1|IL_B4MF8PKIS82A,3,
B0DHYGLTQH,Amazon Furniture in Our Home,IL_1UGCFJJRVROLC,1,
B0DHYHGJHX,Furniture Mover REEL,IL_2ABZ85AO7D848,1,
B0DHYJQZYV,RUGS,IL_2N8O18PX5PHA3,1,
B0DHYV6PCJ,WALL DECOR - MIRRORS. ART. FRAMES.,IL_1HZQPC6SSAHFG,1,
B0DHZ6P7B3,EUROPEAN SUMMER,IL_341JHBPWHDBNK,1,
B0DHZ9JYXB,RESORT WEAR FASHION,IL_15NDDXZ7X0955,1,
B0DHZKDP9G,DATE NIGHT FASHION,IL_20Q0HRFOLM3K2,1,
B0DHZQ32TL,HOLIDAY COLOR CRUSHES 2025,IL_1LKQL9NF315YS,1,
B0DHZZQK6N,New Year's Must-Haves,IL_3H3WH72KSZXK3,1,
B0DJ151B58,OUTDOOR Oasis,IL_VI6A3WXDHHDU,1,
B0DJ173P4Z,Our REMODEL HOME|RUGS,IL_1RA73GK94YR1G|IL_2N8O18PX5PHA3,2,
B0DJ18F7DG,RESTORATION VIBES,IL_2I5A3XFI29113,1,
B0DJ1VG7HK,HOLIDAY EVENING Looks,IL_2OL0SY0HD6BBS,1,
B0DJ21VSZM,EARNED A SPOT FOR LIFE!|WALL DECOR - MIRRORS. ART. FRAMES.,IL_1HZQPC6SSAHFG|IL_76ENHDCP4NP1,2,
B0DJ24YJ7Z,SHOPBOP Favorites,IL_EEJXEINH2736,1,
B0DJ2599ZX,WALL DECOR - MIRRORS. ART. FRAMES.,IL_1HZQPC6SSAHFG,1,
B0DJ273NR8,WALL DECOR - MIRRORS. ART. FRAMES.,IL_1HZQPC6SSAHFG,1,
B0DJ2Q8FH9,GIFTS UNDER $50,IL_30ZOK8YSQFY5N,1,
B0DJ2VK4C8,AFFORDABLE DECOR|NEW HOME FINDS,IL_1QMBJFJU34FUR|IL_2EHNEZELPW5NA,2,
B0DJ3MB5C6,BEAUTY & SKINCARE|LAST MINUTE GIFTS,IL_1OH1TVBZ3L337|IL_WPS59NJ19M48,2,
B0DJ3PJKYL,CABINETS. SIDEBOARDS. BUFFETS. CONSOLES.,IL_2Q8H0EUR30UN9,1,
B0DJ3PKMT1,BEAUTY & SKINCARE,IL_WPS59NJ19M48,1,
B0DJ4D6BS2,ATHEISURE,IL_31LARMS9JHPGT,1,
B0DJ5MKHZC,FASHION,IL_3LEWC1H0K68XB,1,
B0DJ5YLJFW,TRAVEL,IL_24ASC2W86JF33,1,
B0DJ6QYJXJ,ATHEISURE,IL_31LARMS9JHPGT,1,
B0DJ6XGCFD,HOME & BATH Essentials,IL_IRH0FVF815TU,1,
B0DJ74JQPM,AFFORDABLE DECOR,IL_2EHNEZELPW5NA,1,
B0DJ9HN7FX,HOLIDAY ON SALE,IL_81C70Z4U4BII,1,
B0DJDNCPJX,BEAUTY & SKINCARE,IL_WPS59NJ19M48,1,
B0DJDTPQPJ,TOP SEPTEMBER DEALS,IL_JI222AIPC2S,1,
B0DJFHS1FD,The FALL EDIT,IL_IOIVGOQN9X1X,1,
B0DJFTBDT2,THE DRESS SHOPPE - From BRUNCH to BLACK TIE,IL_1HHMN64HEUPU9,1,
B0DJGQJD7K,HOME DECOR,IL_2V4ZM0XXYOP34,1,
B0DJGQTTMT,CREATOR Favorites,IL_J39K6QG9TPDR,1,
B0DJHFTSKG,NEW HOME FINDS,IL_1QMBJFJU34FUR,1,
B0DJHGKC9T,SHOP The Hillary Style|VASES. TRAYS. BOXES.,IL_21CU9PVXLTL6P|IL_2YQAXQUJ2H8KY,2,
B0DJHJD3P4,Furniture Mover REEL|MY HOLIDAY Home|MY Holiday Styling List|SHOP The Hillary Style|VIRAL Holiday Finds,IL_12LJ38VR8BIZT|IL_18JLLR8E7X2KU|IL_21CU9PVXLTL6P|IL_2ABZ85AO7D848|IL_3QCVRRMTI2TTQ,5,
B0DJHJKJC6,SHOP The Hillary Style|VASES. TRAYS. BOXES.,IL_21CU9PVXLTL6P|IL_2YQAXQUJ2H8KY,2,
B0DJHJSLXZ,JUST IN...My Newest OBSESSIONS|SHOP The Hillary Style|Subtle Luxury Home|The Hillary Style Holiday|VASES. TRAYS. BOXES.|VIRAL Holiday Finds,IL_21CU9PVXLTL6P|IL_2V2HL7TFY8QE8|IL_2YQAXQUJ2H8KY|IL_3QCVRRMTI2TTQ|IL_BWHQ5TU85DA7|IL_EAQUVLIMTM7R,6,All memberships are included in internal_label; only the first 5 stable backup labels appear in custom_label_0-4.
B0DJHKV2RR,AFFORDABLE DECOR|MY HOLIDAY Home|NEW HOLIDAY Finds|SHOP The Hillary Style|VASES. TRAYS. BOXES.|VIRAL Holiday Finds,IL_13866CB1KN3RI|IL_18JLLR8E7X2KU|IL_21CU9PVXLTL6P|IL_2EHNEZELPW5NA|IL_2YQAXQUJ2H8KY|IL_3QCVRRMTI2TTQ,6,All memberships are included in internal_label; only the first 5 stable backup labels appear in custom_label_0-4.
B0DJJNK5M2,HOME & BATH Essentials,IL_IRH0FVF815TU,1,
B0DJK48VJF,JANUARY Best Sellers,IL_F5Z67P4FFJC4,1,
B0DJKKP23N,GIFTING|LUXE JEWELRY & ACCESSORIES,IL_27BIT6UUHQ198|IL_YYM41OHGI1KQ,2,
B0DJKPBXDH,HOLIDAY ESSENTIALS,IL_ZN8TBHK35E0D,1,
B0DJKTK8BG,THE DRESS SHOPPE - From BRUNCH to BLACK TIE,IL_1HHMN64HEUPU9,1,
B0DJL3HS6B,2025 TOP SELLERS|TOP 100 HOME PICKS,IL_2DVQFMB8O8SDC|IL_3RT5O1LPLW4HX,2,
B0DJLDVTQM,CABINETS. SIDEBOARDS. BUFFETS. CONSOLES.,IL_2Q8H0EUR30UN9,1,
B0DJLNT6J1,WORK WEAR,IL_3J2NRGA0NCDGR,1,
B0DJM2YY56,SOFAS. ACCENT CHAIRS. OTTOMANS.,IL_34VIWGR89GOO8,1,
B0DJMDPKW1,ORGANIZING Essentials,IL_27VCDHN1568QK,1,
B0DJMPW6X3,CABINETS. SIDEBOARDS. BUFFETS. CONSOLES.,IL_2Q8H0EUR30UN9,1,
B0DJMSPKPG,HALLOWEEN,IL_TOLRF8ZU3T5K,1,
B0DJMWG259,HOLIDAY MUST-HAVES on AMAZON LIVE|SHOP The Hillary Style|VASES. TRAYS. BOXES.|VIRAL Holiday Finds,IL_21CU9PVXLTL6P|IL_2YQAXQUJ2H8KY|IL_3QCVRRMTI2TTQ|IL_3U58T22AIU7ZR,4,
B0DJMWNQNH,HOLIDAY MUST-HAVES on AMAZON LIVE|MY HOLIDAY Home|SHOP The Hillary Style|VASES. TRAYS. BOXES.,IL_18JLLR8E7X2KU|IL_21CU9PVXLTL6P|IL_2YQAXQUJ2H8KY|IL_3U58T22AIU7ZR,4,
B0DJMZ6KYC,SHOP The Hillary Style|VASES. TRAYS. BOXES.,IL_21CU9PVXLTL6P|IL_2YQAXQUJ2H8KY,2,
B0DJN3CXVB,APRIL Best Sellers,IL_181FEP0C2U0RU,1,
B0DJNKGPLF,TEEN GUYS,IL_O65RH2OR0EF3,1,
B0DJNXDQB3,ATHLETIC DRESSES,IL_3GE7XODL0Z5A3,1,
B0DJP32MDW,VIRAL Holiday Finds,IL_3QCVRRMTI2TTQ,1,
B0DJPQKMMS,BEDROOM STYLE|Our REMODEL HOME,IL_1RA73GK94YR1G|IL_2HG2TBY26H9IW,2,
B0DJPSJZXK,HOLIDAY ESSENTIALS,IL_ZN8TBHK35E0D,1,
B0DJQ39LKB,LAMPS,IL_28Z72BVY6B71P,1,
B0DJQHK49H,AFFORDABLE DECOR|Moody Luxe Home,IL_2EHNEZELPW5NA|IL_DB6CKD297DDB,2,
B0DJQV4B69,TEEN GUYS,IL_O65RH2OR0EF3,1,
B0DJR3X3SF,In MY Travel Bag,IL_SC6UJV027JAK,1,
B0DJRPGN3V,CABINETS. SIDEBOARDS. BUFFETS. CONSOLES.,IL_2Q8H0EUR30UN9,1,
B0DJRSJ3N3,HEALTHY Living,IL_136JGDBOWW0I4,1,
B0DJRVS4WW,JUST IN...My Newest OBSESSIONS|UNDER $50 FALL Capsule,IL_39FHE4P3M78YV|IL_EAQUVLIMTM7R,2,
B0DJRZ431Q,HOLIDAY COLOR CRUSHES 2025,IL_1LKQL9NF315YS,1,
B0DJRZC1VZ,HOLIDAY COLOR CRUSHES 2025,IL_1LKQL9NF315YS,1,
B0DJRZV3YD,HOLIDAY COLOR CRUSHES 2025,IL_1LKQL9NF315YS,1,
B0DJS1NFC9,PILATES PRINCESS,IL_3QM5O5E9ELURW,1,
B0DJS9JYLR,TWEEN & TEEN - GIFT GUIDE,IL_1I8FQ5LPJG30D,1,
B0DJSN933Q,TOP SEPTEMBER DEALS,IL_JI222AIPC2S,1,
B0DJTLLX4B,AFFORDABLE DECOR,IL_2EHNEZELPW5NA,1,
B0DJTSB1XK,The Hillary Style Holiday,IL_2V2HL7TFY8QE8,1,
B0DJTTH9T1,CHIC WITHOUT THE SPLURGE TRAVEL|FASHION,IL_2GR0M7LHWL1O|IL_3LEWC1H0K68XB,2,
B0DJTXVJ35,MY HOLIDAY Home,IL_18JLLR8E7X2KU,1,
B0DJTYC2H4,SHOP The Hillary Style|Spring Obsessed|VASES. TRAYS. BOXES.,IL_21CU9PVXLTL6P|IL_222ENLE1WDY2M|IL_2YQAXQUJ2H8KY,3,
B0DJTYCXX5,SHOP The Hillary Style|The Hillary Style Holiday,IL_21CU9PVXLTL6P|IL_2V2HL7TFY8QE8,2,
B0DJTYN7NJ,The Hillary Style Holiday,IL_2V2HL7TFY8QE8,1,
B0DJTYVH13,CHIC WITHOUT THE SPLURGE TRAVEL|In MY Travel Bag,IL_2GR0M7LHWL1O|IL_SC6UJV027JAK,2,
B0DJTZHT2C,MY HOLIDAY Home,IL_18JLLR8E7X2KU,1,
B0DJV1HKVF,APRIL Best Sellers,IL_181FEP0C2U0RU,1,
B0DJV1P7FL,VIRAL Holiday Finds,IL_3QCVRRMTI2TTQ,1,
B0DJV3V25R,Subtle Luxury Home,IL_BWHQ5TU85DA7,1,
B0DJV6MR2M,FASHION,IL_3LEWC1H0K68XB,1,
B0DJV8KNFS,CYBER HOLIDAY|HOLIDAY COLOR CRUSHES 2025|NEW HOLIDAY Finds|The Hillary Style Holiday,IL_13866CB1KN3RI|IL_1LKQL9NF315YS|IL_2V2HL7TFY8QE8|IL_32NJAOW4JT5JB,4,
B0DJV8TTMV,TWEEN & TEEN - GIFT GUIDE,IL_1I8FQ5LPJG30D,1,
B0DJV98RYQ,CYBER HOLIDAY|HOME OFFICE Essentials|MY HOLIDAY Home|MY Holiday Styling List|SHOP The Hillary Style|Subtle Luxury Home|VASES. TRAYS. BOXES.,IL_12LJ38VR8BIZT|IL_18JLLR8E7X2KU|IL_21CU9PVXLTL6P|IL_2YQAXQUJ2H8KY|IL_31KXTI157WXNV|IL_32NJAOW4JT5JB|IL_BWHQ5TU85DA7,7,All memberships are included in internal_label; only the first 5 stable backup labels appear in custom_label_0-4.
B0DJVC92S8,LAST MINUTE GIFTS,IL_1OH1TVBZ3L337,1,
B0DJVFYN8F,TOP 100 HOME PICKS,IL_2DVQFMB8O8SDC,1,
B0DJW4CKRS,APRIL Best Sellers,IL_181FEP0C2U0RU,1,
B0DJWCQMCX,MY TOP PRODUCTS FOR JULY,IL_OB8CSFU2LS6V,1,
B0DJWK92MX,ELEVATED KITCHEN Must-Haves|LUXE Holiday Home|Our REMODEL HOME|Spring Obsessed|Your Currently MOST-LOVED,IL_1RA73GK94YR1G|IL_21MLRQOMMKCFI|IL_222ENLE1WDY2M|IL_3BNM8CSCBJ7VF|IL_V4V7ASEQMWKK,5,
B0DJWKT87Z,BRIDE- Spoil Her for the Big Day!,IL_3R1F2KZC9BJXJ,1,
B0DJWL4JF9,JUST IN...My Newest OBSESSIONS,IL_EAQUVLIMTM7R,1,
B0DJWLGYJ5,HOLIDAY MUST-HAVES on AMAZON LIVE|TOP 100 PRIME FASHION DEALS,IL_2LWBTUXIDQYKM|IL_3U58T22AIU7ZR,2,
B0DJWLMJ33,MY HOLIDAY Home|MY Holiday Styling List|Our REMODEL HOME|RESTORATION VIBES|The Hillary Style Holiday|Your Currently MOST-LOVED,IL_12LJ38VR8BIZT|IL_18JLLR8E7X2KU|IL_1RA73GK94YR1G|IL_2I5A3XFI29113|IL_2V2HL7TFY8QE8|IL_3BNM8CSCBJ7VF,6,All memberships are included in internal_label; only the first 5 stable backup labels appear in custom_label_0-4.
B0DJWM3CX3,VIRAL Holiday Finds,IL_3QCVRRMTI2TTQ,1,
B0DJWN5YYT,VASES. TRAYS. BOXES.,IL_2YQAXQUJ2H8KY,1,
B0DJWNJGY1,TOP 100+ PRIME DEALS,IL_330I4A3SQ3ERE,1,
B0DJWP7B1G,For the Hostess - GIFT GUIDE|Subtle Luxury Home|VASES. TRAYS. BOXES.,IL_2C66SA5TXKNJK|IL_2YQAXQUJ2H8KY|IL_BWHQ5TU85DA7,3,
B0DJWPFH7F,TOP SEPTEMBER DEALS,IL_JI222AIPC2S,1,
B0DJWPMZZJ,TOP 100+ PRIME DEALS,IL_330I4A3SQ3ERE,1,
B0DJWPPV3M,TOP 100 PRIME FASHION DEALS,IL_2LWBTUXIDQYKM,1,
B0DJWPSJH8,VIRAL Holiday Finds,IL_3QCVRRMTI2TTQ,1,
B0DJWQ296V,TOP 100 PRIME FASHION DEALS,IL_2LWBTUXIDQYKM,1,
B0DJWTHL96,CYBER HOLIDAY|FAUX & DRIED FLORALS|HOLIDAY ON SALE,IL_2WRZJHHWAS214|IL_32NJAOW4JT5JB|IL_81C70Z4U4BII,3,
B0DJWTVXRT,CYBER HOLIDAY|FAUX & DRIED FLORALS|HOLIDAY MUST-HAVES on AMAZON LIVE|HOLIDAY ON SALE|MY Holiday Styling List,IL_12LJ38VR8BIZT|IL_2WRZJHHWAS214|IL_32NJAOW4JT5JB|IL_3U58T22AIU7ZR|IL_81C70Z4U4BII,5,
B0DJWV4YXC,CYBER HOLIDAY|The Hillary Style Holiday,IL_2V2HL7TFY8QE8|IL_32NJAOW4JT5JB,2,
B0DJWV77L6,VASES. TRAYS. BOXES.,IL_2YQAXQUJ2H8KY,1,
B0DJWWBSVR,CYBER HOLIDAY,IL_32NJAOW4JT5JB,1,
B0DJWX1YHW,NEW Arrivals|VASES. TRAYS. BOXES.,IL_2DHFOQ3A1Q5U2|IL_2YQAXQUJ2H8KY,2,
B0DJXZ4CWC,CABINETS. SIDEBOARDS. BUFFETS. CONSOLES.,IL_2Q8H0EUR30UN9,1,
B0DJY38K9V,THE DRESS SHOPPE - From BRUNCH to BLACK TIE,IL_1HHMN64HEUPU9,1,
B0DJYBV9CN,PILATES PRINCESS,IL_3QM5O5E9ELURW,1,
B0DJZKJB4D,SKIMS LIKE BASICS,IL_395N3QLHWD5V7,1,
B0DJZXSWN3,CHIC 2-PIECE SETS,IL_QR27F03IP4AQ,1,
B0DK14Q3S5,FOR HIM - GIFT GUIDE,IL_26IY6FNENQC7M,1,
B0DK14YG3K,$50 WINTER FASHION,IL_43J6PJOVYKC9,1,
B0DK16WLGR,AUGUST TOP PICKS,IL_DSS93TBPVRP5,1,
B0DK1RHN36,CABINETS. SIDEBOARDS. BUFFETS. CONSOLES.|COFFEE TABLES. SIDE TABLES. ACCENT TABLES,IL_2Q8H0EUR30UN9|IL_2RDBP13815B8R,2,
B0DK272BBT,The Hillary Style Holiday,IL_2V2HL7TFY8QE8,1,
B0DK27DPFR,The Hillary Style Holiday,IL_2V2HL7TFY8QE8,1,
B0DK29585H,The Hillary Style Holiday,IL_2V2HL7TFY8QE8,1,
B0DK296TM1,The Hillary Style Holiday,IL_2V2HL7TFY8QE8,1,
B0DK2C8R7H,HOLIDAY ON SALE|The Hillary Style Holiday,IL_2V2HL7TFY8QE8|IL_81C70Z4U4BII,2,
B0DK2CKYWW,HOLIDAY ON SALE,IL_81C70Z4U4BII,1,
B0DK2CSW5C,HOLIDAY ON SALE,IL_81C70Z4U4BII,1,
B0DK2CYG8M,VIRAL Holiday Finds,IL_3QCVRRMTI2TTQ,1,
B0DK2D8BJ5,TABLETOP MUST-HAVES,IL_2RA331651DDK8,1,
B0DK2DFNCS,The Hillary Style Holiday,IL_2V2HL7TFY8QE8,1,
B0DK2FYXH3,HOLIDAY COLOR CRUSHES 2025,IL_1LKQL9NF315YS,1,
B0DK2G268C,BATHROOM REMODEL|GIFTS UNDER $50|Our REMODEL HOME,IL_1RA73GK94YR1G|IL_30ZOK8YSQFY5N|IL_QWA0HLMH0ZPN,3,
B0DK2GCRCF,LUXE Holiday Home|MY Holiday Styling List|The Hillary Style Holiday|VIRAL Holiday Finds,IL_12LJ38VR8BIZT|IL_21MLRQOMMKCFI|IL_2V2HL7TFY8QE8|IL_3QCVRRMTI2TTQ,4,
B0DK2GQB86,HOLIDAY MUST-HAVES on AMAZON LIVE,IL_3U58T22AIU7ZR,1,
B0DK2GW7WP,NIGHTSTAND Essentials,IL_2969EJ7F6BLI8,1,
B0DK2HFSZ8,For the Hostess - GIFT GUIDE,IL_2C66SA5TXKNJK,1,
B0DK2HLPXJ,LUXE Holiday Home|TABLETOP MUST-HAVES|UNBOXING,IL_1NR6N43OIR93A|IL_21MLRQOMMKCFI|IL_2RA331651DDK8,3,
B0DK2HRMZY,FAUX & DRIED FLORALS|HOLIDAY ON SALE|RESTORATION VIBES,IL_2I5A3XFI29113|IL_2WRZJHHWAS214|IL_81C70Z4U4BII,3,
B0DK2HVN54,CYBER HOLIDAY|FAUX & DRIED FLORALS|NEW Arrivals|The Hillary Style Holiday,IL_2DHFOQ3A1Q5U2|IL_2V2HL7TFY8QE8|IL_2WRZJHHWAS214|IL_32NJAOW4JT5JB,4,
B0DK2J1P4D,VASES. TRAYS. BOXES.,IL_2YQAXQUJ2H8KY,1,
B0DK2J5V7Q,NIGHTSTAND Essentials|VASES. TRAYS. BOXES.,IL_2969EJ7F6BLI8|IL_2YQAXQUJ2H8KY,2,
B0DK2JMVZ7,VASES. TRAYS. BOXES.,IL_2YQAXQUJ2H8KY,1,
B0DK2K214B,FAUX & DRIED FLORALS,IL_2WRZJHHWAS214,1,
B0DK2RF6MC,January Best Sellers 2|TRAVEL,IL_24ASC2W86JF33|IL_2KYYGUEXPAOKJ,2,
B0DK2YP2ZB,RH STYLE - Looks like a SPLURGE,IL_32TSU85USSAQZ,1,
B0DK34P5HR,BURGUNDY CRUSH|TRANSITIONAL Fall Fashion,IL_32JT2D5T30E4J|IL_5MN6DE6JTTK2,2,
B0DK37D8FV,THE Littles - GIFT GUIDE,IL_3BMD6XLV7JIPG,1,
B0DK4KQF8Z,April Amazon Live,IL_K5H00QYC3R1G,1,
B0DK51W9HF,BATHROOM REMODEL,IL_QWA0HLMH0ZPN,1,
B0DK51ZKCD,ELEVATED HOLIDAY FASHION,IL_WU8FIFLKC1R5,1,
B0DK556WVZ,JUNE TOP PICKS|TOP 100+ PRIME DEALS,IL_2Q5678F6BP61R|IL_330I4A3SQ3ERE,2,
B0DK57M7MH,ATHEISURE,IL_31LARMS9JHPGT,1,
B0DK5XBMGM,TOP MOVING/ORGANIZING,IL_3VW7VU2STCZ6B,1,
B0DK62XF6M,FAUX & DRIED FLORALS|The Hillary Style Holiday,IL_2V2HL7TFY8QE8|IL_2WRZJHHWAS214,2,
B0DK62ZB3C,FAUX & DRIED FLORALS|HOME OFFICE Essentials|SHOP The Hillary Style|Spring Obsessed,IL_21CU9PVXLTL6P|IL_222ENLE1WDY2M|IL_2WRZJHHWAS214|IL_31KXTI157WXNV,4,
B0DK68JLTB,UNBOXING,IL_1NR6N43OIR93A,1,
B0DK6HVR2N,HOLIDAY THEMES 2025,IL_CQQP654U5715,1,
B0DK6KL1DT,April Amazon Live|EUROPEAN SUMMER,IL_341JHBPWHDBNK|IL_K5H00QYC3R1G,2,
B0DK6KL4CT,EUROPEAN SUMMER|TOP 100 PRIME FASHION DEALS,IL_2LWBTUXIDQYKM|IL_341JHBPWHDBNK,2,
B0DK6KQJMB,April Amazon Live|JUNE TOP PICKS,IL_2Q5678F6BP61R|IL_K5H00QYC3R1G,2,
B0DK6L85GZ,MAXI DRESS EDIT,IL_3CETAKAWP1P7C,1,
B0DK6QN2CL,HOME & BATH Essentials,IL_IRH0FVF815TU,1,
B0DK6VFYX5,BEDDING: LUXURY finds in Our Home|BEDROOM STYLE|Effortless Chic Home,IL_2HG2TBY26H9IW|IL_34RHZWFKXT7UT|IL_3MJSZFZU5658,3,
B0DK6XPK8F,DECEMBER Best Sellers,IL_2PQNIB7PVLPT1,1,
B0DK7NCJJV,BATHROOM REMODEL,IL_QWA0HLMH0ZPN,1,
B0DK7WXDKX,FAUX & DRIED FLORALS,IL_2WRZJHHWAS214,1,
B0DK8DYJTQ,SOFAS. ACCENT CHAIRS. OTTOMANS.,IL_34VIWGR89GOO8,1,
B0DK8MPT63,$50 WINTER FASHION,IL_43J6PJOVYKC9,1,
B0DK8WHZL3,WORK WEAR,IL_3J2NRGA0NCDGR,1,
B0DK8Z1TV6,FEBRUARY Best Sellers,IL_1MB9961G83COM,1,
B0DK95WSLL,FEBRUARY Best Sellers,IL_1MB9961G83COM,1,
B0DK9MNV4B,FEBRUARY Best Sellers,IL_1MB9961G83COM,1,
B0DKBS2R92,FEBRUARY Best Sellers,IL_1MB9961G83COM,1,
B0DKD3GZXW,SOFAS. ACCENT CHAIRS. OTTOMANS.,IL_34VIWGR89GOO8,1,
B0DKDXR8S1,WALL DECOR - MIRRORS. ART. FRAMES.,IL_1HZQPC6SSAHFG,1,
B0DKF9RM2L,SOFAS. ACCENT CHAIRS. OTTOMANS.,IL_34VIWGR89GOO8,1,
B0DKFD5J57,JANUARY Best Sellers,IL_F5Z67P4FFJC4,1,
B0DKFQMYBV,NIGHTSTAND Essentials|Your Currently MOST-LOVED,IL_2969EJ7F6BLI8|IL_3BNM8CSCBJ7VF,2,
B0DKFXXGVW,COFFEE TABLES. SIDE TABLES. ACCENT TABLES|Our REMODEL HOME|The Hillary Style Holiday,IL_1RA73GK94YR1G|IL_2RDBP13815B8R|IL_2V2HL7TFY8QE8,3,
B0DKG1JDG2,RH STYLE - Looks like a SPLURGE,IL_32TSU85USSAQZ,1,
B0DKHBF2N8,LIGHTING - Designer Inspired,IL_K3IDK9BPXYFW,1,
B0DKHHLVTB,CHIC 2-PIECE SETS|EUROPEAN SUMMER|UNDER $50 FALL Capsule,IL_341JHBPWHDBNK|IL_39FHE4P3M78YV|IL_QR27F03IP4AQ,3,
B0DKHNLVJ3,WORK WEAR,IL_3J2NRGA0NCDGR,1,
B0DKHNYML8,SPORT MOM Style,IL_33RG7LWDINUWO,1,
B0DKJ3HGSX,JULY TOP PICKS,IL_9FXRQ038D494,1,
B0DKJ3PMJ5,TOP SEPTEMBER DEALS,IL_JI222AIPC2S,1,
B0DKJ7CV3P,CHIC 2-PIECE SETS,IL_QR27F03IP4AQ,1,
B0DKMFNPL6,RUGS,IL_2N8O18PX5PHA3,1,
B0DKMG7XKK,RUGS,IL_2N8O18PX5PHA3,1,
B0DKMPS8FT,MY HOLIDAY Home,IL_18JLLR8E7X2KU,1,
B0DKN1KGZR,AFFORDABLE DECOR,IL_2EHNEZELPW5NA,1,
B0DKNFMZQZ,HOLIDAY COLOR CRUSHES 2025|JUST IN...My Newest OBSESSIONS,IL_1LKQL9NF315YS|IL_EAQUVLIMTM7R,2,
B0DKNHN673,TOP SEPTEMBER DEALS,IL_JI222AIPC2S,1,
B0DKNTF7QN,NEW HOME FINDS,IL_1QMBJFJU34FUR,1,
B0DKNWGZC2,April Amazon Live,IL_K5H00QYC3R1G,1,
B0DKP4YP53,AFFORDABLE DECOR,IL_2EHNEZELPW5NA,1,
B0DKR2GFV1,BURGUNDY CRUSH|CYBER HOLIDAY|FAUX & DRIED FLORALS|HOLIDAY ON SALE|MY HOLIDAY Home|VIRAL Holiday Finds,IL_18JLLR8E7X2KU|IL_2WRZJHHWAS214|IL_32JT2D5T30E4J|IL_32NJAOW4JT5JB|IL_3QCVRRMTI2TTQ|IL_81C70Z4U4BII,6,All memberships are included in internal_label; only the first 5 stable backup labels appear in custom_label_0-4.
B0DKRNZXTL,NEW HOME FINDS,IL_1QMBJFJU34FUR,1,
B0DKSB4WVM,MARCH Best Sellers,IL_13DUABZBTBJVY,1,
B0DKSTK763,MORE NEW FINDS,IL_32M44I5BF0O0R,1,
B0DKVH9MZP,CYBER HOLIDAY,IL_32NJAOW4JT5JB,1,
B0DKVZY32V,VASES. TRAYS. BOXES.,IL_2YQAXQUJ2H8KY,1,
B0DKVZZN32,CYBER HOLIDAY|FAUX & DRIED FLORALS|HOLIDAY MUST-HAVES on AMAZON LIVE|SHOP The Hillary Style,IL_21CU9PVXLTL6P|IL_2WRZJHHWAS214|IL_32NJAOW4JT5JB|IL_3U58T22AIU7ZR,4,
B0DKWJRBV9,The Hillary Style Holiday,IL_2V2HL7TFY8QE8,1,
B0DKXF4FDW,HEALTHY Living,IL_136JGDBOWW0I4,1,
B0DKXMTCSW,ORGANIZING Essentials,IL_27VCDHN1568QK,1,
B0DL2BKHLL,MY HOLIDAY Home,IL_18JLLR8E7X2KU,1,
B0DL3DB2KT,DATE NIGHT FASHION,IL_20Q0HRFOLM3K2,1,
B0DL41WSPY,DATE NIGHT FASHION,IL_20Q0HRFOLM3K2,1,
B0DL5H3F5N,CABINETS. SIDEBOARDS. BUFFETS. CONSOLES.,IL_2Q8H0EUR30UN9,1,
B0DL61HXZ8,HILLARY'S BEACH Bag Essentials,IL_29FTLXCTPVP41,1,
B0DL64N5NZ,HOME DECOR,IL_2V4ZM0XXYOP34,1,
B0DL6C8LK6,EARNED A SPOT FOR LIFE!,IL_76ENHDCP4NP1,1,
B0DL6DWZ29,NEW Arrivals,IL_2DHFOQ3A1Q5U2,1,
B0DL6HM4VM,EARNED A SPOT FOR LIFE!|NEW Arrivals,IL_2DHFOQ3A1Q5U2|IL_76ENHDCP4NP1,2,
B0DL7FKNQG,Spring Obsessed,IL_222ENLE1WDY2M,1,
B0DL81JBHG,CYBER HOLIDAY|HOLIDAY MUST-HAVES on AMAZON LIVE|VASES. TRAYS. BOXES.,IL_2YQAXQUJ2H8KY|IL_32NJAOW4JT5JB|IL_3U58T22AIU7ZR,3,
B0DL8487CV,AFFORDABLE DECOR,IL_2EHNEZELPW5NA,1,
B0DL86NC5Z,TECH ESSENTIALS,IL_1LVS8EBYWIS2J,1,
B0DL8ZXWYQ,OUTDOOR Oasis,IL_VI6A3WXDHHDU,1,
B0DL9DYMQK,The FALL EDIT|UNDER $50 FALL Capsule,IL_39FHE4P3M78YV|IL_IOIVGOQN9X1X,2,
B0DL9MF8W1,SKIMS LIKE BASICS,IL_395N3QLHWD5V7,1,
B0DL9ZZ4L8,GIFTS UNDER $50,IL_30ZOK8YSQFY5N,1,
B0DLB6C585,THE Littles - GIFT GUIDE,IL_3BMD6XLV7JIPG,1,
B0DLBBTR6B,UNDER $50 FALL Capsule,IL_39FHE4P3M78YV,1,
B0DLBBYKW2,UNDER $50 FALL Capsule,IL_39FHE4P3M78YV,1,
B0DLBP1QYV,NEW Arrivals|VASES. TRAYS. BOXES.,IL_2DHFOQ3A1Q5U2|IL_2YQAXQUJ2H8KY,2,
B0DLBPTFQK,VASES. TRAYS. BOXES.,IL_2YQAXQUJ2H8KY,1,
B0DLBPYJGY,BEDROOM STYLE|CYBER HOLIDAY|LUXE Holiday Home|NEW Arrivals|Our REMODEL HOME|SHOP The Hillary Style|Spring Obsessed|VASES. TRAYS. BOXES.,IL_1RA73GK94YR1G|IL_21CU9PVXLTL6P|IL_21MLRQOMMKCFI|IL_222ENLE1WDY2M|IL_2DHFOQ3A1Q5U2|IL_2HG2TBY26H9IW|IL_2YQAXQUJ2H8KY|IL_32NJAOW4JT5JB,8,All memberships are included in internal_label; only the first 5 stable backup labels appear in custom_label_0-4.
B0DLBQ39JJ,CYBER HOLIDAY|SHOP The Hillary Style|Spring Obsessed|VASES. TRAYS. BOXES.|Your Currently MOST-LOVED,IL_21CU9PVXLTL6P|IL_222ENLE1WDY2M|IL_2YQAXQUJ2H8KY|IL_32NJAOW4JT5JB|IL_3BNM8CSCBJ7VF,5,
B0DLBQZM28,LAUNDRY Room Essentials|VASES. TRAYS. BOXES.,IL_27L1ENCS6OMON|IL_2YQAXQUJ2H8KY,2,
B0DLBSK96M,VASES. TRAYS. BOXES.,IL_2YQAXQUJ2H8KY,1,
B0DLC8Q7C2,RH STYLE - Looks like a SPLURGE,IL_32TSU85USSAQZ,1,
B0DLFSY8R3,VANITY Must-Haves,IL_K1RZXTONZLT1,1,
B0DLG15SQC,RH STYLE - Looks like a SPLURGE,IL_32TSU85USSAQZ,1,
B0DLG8GCT9,HOME & BATH Essentials,IL_IRH0FVF815TU,1,
B0DLG98H5G,JULY TOP PICKS,IL_9FXRQ038D494,1,
B0DLGMPBZK,EUROPEAN SUMMER,IL_341JHBPWHDBNK,1,
B0DLGPYQBV,KITCHEN Organizing|NEW Arrivals,IL_2B46UO4I7XY3G|IL_2DHFOQ3A1Q5U2,2,
B0DLGR79MC,EUROPEAN SUMMER,IL_341JHBPWHDBNK,1,
B0DLGX4RYG,EUROPEAN SUMMER,IL_341JHBPWHDBNK,1,
B0DLGXLXLB,WORK WEAR,IL_3J2NRGA0NCDGR,1,
B0DLGY7G7T,EUROPEAN SUMMER,IL_341JHBPWHDBNK,1,
B0DLH32BNC,FEBRUARY Best Sellers,IL_1MB9961G83COM,1,
B0DLH4WSQG,Hillary's NEWEST Finds,IL_1XPGUL8BC81KW,1,
B0DLHB3SBB,ATHEISURE,IL_31LARMS9JHPGT,1,
B0DLJGP565,JUST IN - Organizing & Home,IL_3UQI8VF6F9P66,1,
B0DLK1C37G,VIRAL Holiday Finds,IL_3QCVRRMTI2TTQ,1,
B0DLK4ZLQM,SHOPBOP Favorites,IL_EEJXEINH2736,1,
B0DLKDVP6Q,ENTERTAINING Essentials,IL_2GHS9RLET14RQ,1,
B0DLKXZ219,BEST SELLERS,IL_3DS692CRM1BGS,1,
B0DLL9TK6Z,HOLIDAY ESSENTIALS,IL_ZN8TBHK35E0D,1,
B0DLLCTL8M,HOLIDAY ESSENTIALS,IL_ZN8TBHK35E0D,1,
B0DLLKNTWW,CARTS DON'T LIE — These were May's biggest hits.|ELEVATED KITCHEN Must-Haves|FAUX & DRIED FLORALS|SHOP The Hillary Style,IL_1BKDYBCCXK5YE|IL_21CU9PVXLTL6P|IL_2WRZJHHWAS214|IL_V4V7ASEQMWKK,4,
B0DLLSCVZW,DORM ROOM ESSENTIALS|LUXE Gifting|TECH ESSENTIALS|TWEEN & TEEN - GIFT GUIDE,IL_1DUCBV6BSXOJF|IL_1I8FQ5LPJG30D|IL_1LVS8EBYWIS2J|IL_B4MF8PKIS82A,4,
B0DLLTJFJL,TECH ESSENTIALS|TOP 100 HOME PICKS|TOP 100+ PRIME DEALS,IL_1LVS8EBYWIS2J|IL_2DVQFMB8O8SDC|IL_330I4A3SQ3ERE,3,
B0DLMWWLV8,Spring Obsessed,IL_222ENLE1WDY2M,1,
B0DLN1LK4L,JUNE TOP PICKS|UNBOXING,IL_1NR6N43OIR93A|IL_2Q5678F6BP61R,2,
B0DLNJ8416,MEMORIAL DAY SALE FOLLOWER FAVORITES,IL_17ITIHGPTINHX,1,
B0DLP1MBLG,UNDER $50 FALL Capsule,IL_39FHE4P3M78YV,1,
B0DLSFBV9T,FASHION,IL_3LEWC1H0K68XB,1,
B0DLVWHCG6,$50 WINTER FASHION,IL_43J6PJOVYKC9,1,
B0DLWK335G,AFFORDABLE DECOR,IL_2EHNEZELPW5NA,1,
B0DLWZ19VN,CYBER HOLIDAY|FAUX & DRIED FLORALS,IL_2WRZJHHWAS214|IL_32NJAOW4JT5JB,2,
B0DLXD2XQ7,QUIET LUXURY/OLD MONEY,IL_310DHOAQUC0DH,1,
B0DLYLWZ46,TOP 50 BEAUTY,IL_17SP6THMUJN6E,1,
B0DLYRS1FZ,CYBER HOLIDAY|HOLIDAY MUST-HAVES on AMAZON LIVE,IL_32NJAOW4JT5JB|IL_3U58T22AIU7ZR,2,
B0DLYY5HNT,AFFORDABLE DECOR|Our REMODEL HOME|RH STYLE - Looks like a SPLURGE|Subtle Luxury Home|Your Currently MOST-LOVED,IL_1RA73GK94YR1G|IL_2EHNEZELPW5NA|IL_32TSU85USSAQZ|IL_3BNM8CSCBJ7VF|IL_BWHQ5TU85DA7,5,
B0DLZQD2WG,LUXE JEWELRY & ACCESSORIES,IL_27BIT6UUHQ198,1,
B0DLZXDHXZ,LIGHTING - Designer Inspired,IL_K3IDK9BPXYFW,1,
B0DM13831M,BATHROOM REMODEL|HOME & BATH Essentials,IL_IRH0FVF815TU|IL_QWA0HLMH0ZPN,2,
B0DM16B1CN,TOP 100 HOME PICKS,IL_2DVQFMB8O8SDC,1,
B0DM1KJVJJ,COFFEE TABLES. SIDE TABLES. ACCENT TABLES,IL_2RDBP13815B8R,1,
B0DM1TXVRN,THE DRESS SHOPPE - From BRUNCH to BLACK TIE,IL_1HHMN64HEUPU9,1,
B0DM1WV95R,TWEEN BACK TO SCHOOL,IL_39AL8K1TZE306,1,
B0DM1XWSP6,JUST IN...My Newest OBSESSIONS|UNDER $50 FALL Capsule,IL_39FHE4P3M78YV|IL_EAQUVLIMTM7R,2,
B0DM2N7RNF,BEAUTY MUST-HAVES,IL_174AROJG7VER7,1,
B0DM2NJMWQ,COFFEE BAR Essentials|ELEVATED Bathroom Must-Haves|ELEVATED KITCHEN Must-Haves|GIFTS UNDER $50|Our REMODEL HOME|TABLETOP MUST-HAVES,IL_1RA73GK94YR1G|IL_21T7CCUQI2DH5|IL_2RA331651DDK8|IL_30ZOK8YSQFY5N|IL_FJAM99COX1K9|IL_V4V7ASEQMWKK,6,All memberships are included in internal_label; only the first 5 stable backup labels appear in custom_label_0-4.
B0DM2PDGMW,VASES. TRAYS. BOXES.,IL_2YQAXQUJ2H8KY,1,
B0DM2PQMBQ,ELEVATED Bathroom Must-Haves|GIFTING|Vanity Organization|Your Currently MOST-LOVED,IL_21T7CCUQI2DH5|IL_3BNM8CSCBJ7VF|IL_WMCP8YLCXSCD|IL_YYM41OHGI1KQ,4,
B0DM48P948,THE DRESS SHOPPE - From BRUNCH to BLACK TIE,IL_1HHMN64HEUPU9,1,
B0DM4SMKL9,MY HOLIDAY Home,IL_18JLLR8E7X2KU,1,
B0DM5B19ZZ,EUROPEAN SUMMER,IL_341JHBPWHDBNK,1,
B0DM5LKBGM,CARTS DON'T LIE — These were May's biggest hits.,IL_1BKDYBCCXK5YE,1,
B0DM6FM2B6,For the Hostess - GIFT GUIDE|SHOP The Hillary Style,IL_21CU9PVXLTL6P|IL_2C66SA5TXKNJK,2,
B0DM6H8P5V,SHOP The Hillary Style,IL_21CU9PVXLTL6P,1,
B0DM6H94L4,ENTERTAINING Essentials|SHOP The Hillary Style,IL_21CU9PVXLTL6P|IL_2GHS9RLET14RQ,2,
B0DM6WWP2M,LUXE Holiday Home|MY HOLIDAY Home|Our REMODEL HOME|VASES. TRAYS. BOXES.,IL_18JLLR8E7X2KU|IL_1RA73GK94YR1G|IL_21MLRQOMMKCFI|IL_2YQAXQUJ2H8KY,4,
B0DM6ZH9QK,ELEVATED KITCHEN Must-Haves|VASES. TRAYS. BOXES.,IL_2YQAXQUJ2H8KY|IL_V4V7ASEQMWKK,2,
B0DM7H7HJG,JUST IN - Organizing & Home,IL_3UQI8VF6F9P66,1,
B0DM7HQB85,SHOPBOP Favorites,IL_EEJXEINH2736,1,
B0DM85R3H1,EARLY Fall,IL_ED3VXSBXPFO5,1,
B0DM9LKDDB,AFFORDABLE DECOR,IL_2EHNEZELPW5NA,1,
B0DM9M1SD6,For the Hostess - GIFT GUIDE,IL_2C66SA5TXKNJK,1,
B0DM9NFVRK,VASES. TRAYS. BOXES.,IL_2YQAXQUJ2H8KY,1,
B0DMBJJYQ7,CYBER HOLIDAY|JUST IN...My Newest OBSESSIONS|The Hillary Style Holiday,IL_2V2HL7TFY8QE8|IL_32NJAOW4JT5JB|IL_EAQUVLIMTM7R,3,
B0DMDSL937,BRIDE- Spoil Her for the Big Day!,IL_3R1F2KZC9BJXJ,1,
B0DMDWXWNP,BEDDING: LUXURY finds in Our Home,IL_3MJSZFZU5658,1,
B0DMF27FQ4,JUST IN...My Newest OBSESSIONS,IL_EAQUVLIMTM7R,1,
B0DMFDKCV8,FASHION,IL_3LEWC1H0K68XB,1,
B0DMFMJT5M,CHIC 2-PIECE SETS,IL_QR27F03IP4AQ,1,
B0DMFRZ9FG,TOP SEPTEMBER DEALS,IL_JI222AIPC2S,1,
B0DMGG88TW,SHOP The Hillary Style|VASES. TRAYS. BOXES.,IL_21CU9PVXLTL6P|IL_2YQAXQUJ2H8KY,2,
B0DMGYX4L6,LUXURY GIFTS,IL_3KKGHGSJ1ZRYC,1,
B0DMH6YBSJ,TRANSITIONAL Fall Fashion|The FALL EDIT,IL_5MN6DE6JTTK2|IL_IOIVGOQN9X1X,2,
B0DMJFLM19,THE Littles - GIFT GUIDE,IL_3BMD6XLV7JIPG,1,
B0DMK97RQ5,BEDROOM STYLE|TECH ESSENTIALS,IL_1LVS8EBYWIS2J|IL_2HG2TBY26H9IW,2,
B0DMMY1RFZ,CABINETS. SIDEBOARDS. BUFFETS. CONSOLES.,IL_2Q8H0EUR30UN9,1,
B0DMMZD3S4,CHIC WITHOUT THE SPLURGE TRAVEL,IL_2GR0M7LHWL1O,1,
B0DMMZH998,CABINETS. SIDEBOARDS. BUFFETS. CONSOLES.,IL_2Q8H0EUR30UN9,1,
B0DMN43H48,CABINETS. SIDEBOARDS. BUFFETS. CONSOLES.|Moody Luxe Home|RH STYLE - Looks like a SPLURGE,IL_2Q8H0EUR30UN9|IL_32TSU85USSAQZ|IL_DB6CKD297DDB,3,
B0DMN4H15C,BEDS. DRESSERS. NIGHTSTANDS.,IL_18H5BP5V6EGYM,1,
B0DMN566D4,BEDS. DRESSERS. NIGHTSTANDS.,IL_18H5BP5V6EGYM,1,
B0DMN5KKMZ,RH STYLE - Looks like a SPLURGE,IL_32TSU85USSAQZ,1,
B0DMN69X7R,CABINETS. SIDEBOARDS. BUFFETS. CONSOLES.,IL_2Q8H0EUR30UN9,1,
B0DMN8F4VV,CABINETS. SIDEBOARDS. BUFFETS. CONSOLES.,IL_2Q8H0EUR30UN9,1,
B0DMN9FV88,COFFEE TABLES. SIDE TABLES. ACCENT TABLES,IL_2RDBP13815B8R,1,
B0DMNC2W79,CABINETS. SIDEBOARDS. BUFFETS. CONSOLES.,IL_2Q8H0EUR30UN9,1,
B0DMNT9XVH,MARCH Best Sellers,IL_13DUABZBTBJVY,1,
B0DMP22BM7,HOME & BATH Essentials,IL_IRH0FVF815TU,1,
B0DMP91RMN,HOME & BATH Essentials,IL_IRH0FVF815TU,1,
B0DMPQY18V,SOFAS. ACCENT CHAIRS. OTTOMANS.,IL_34VIWGR89GOO8,1,
B0DMQKT9DV,EARLY Fall|NEW Arrivals|RESTORATION VIBES|RH STYLE - Looks like a SPLURGE|UNBOXING,IL_1NR6N43OIR93A|IL_2DHFOQ3A1Q5U2|IL_2I5A3XFI29113|IL_32TSU85USSAQZ|IL_ED3VXSBXPFO5,5,
B0DMRDDFH5,ELEVATED KITCHEN Must-Haves|KITCHEN Essentials,IL_286Q78OJSYZO8|IL_V4V7ASEQMWKK,2,
B0DMRV6854,EARLY Fall|RH STYLE - Looks like a SPLURGE,IL_32TSU85USSAQZ|IL_ED3VXSBXPFO5,2,
B0DMSX7SQH,ELEVATED SWIMWEAR,IL_20ODL7UVO85YK,1,
B0DMSYXMYQ,EUROPEAN SUMMER,IL_341JHBPWHDBNK,1,
B0DMTHHLJV,TWEEN BACK TO SCHOOL,IL_39AL8K1TZE306,1,
B0DMTW7H7G,SHOP The Hillary Style|Spring Obsessed|VASES. TRAYS. BOXES.|Vanity Organization|Your Currently MOST-LOVED,IL_21CU9PVXLTL6P|IL_222ENLE1WDY2M|IL_2YQAXQUJ2H8KY|IL_3BNM8CSCBJ7VF|IL_WMCP8YLCXSCD,5,
B0DMTXC4ST,SHOP The Hillary Style,IL_21CU9PVXLTL6P,1,
B0DMTZP6ZL,SHOP The Hillary Style,IL_21CU9PVXLTL6P,1,
B0DMV6LK9F,SHOP The Hillary Style,IL_21CU9PVXLTL6P,1,
B0DMV8M779,SHOP The Hillary Style,IL_21CU9PVXLTL6P,1,
B0DMVBQ3GD,JULY TOP PICKS|RESTORATION VIBES|WALL DECOR - MIRRORS. ART. FRAMES.,IL_1HZQPC6SSAHFG|IL_2I5A3XFI29113|IL_9FXRQ038D494,3,
B0DMVBQPQF,RH STYLE - Looks like a SPLURGE,IL_32TSU85USSAQZ,1,
B0DMVJ6PTF,JOCELYN'S Space|SHOP The Hillary Style,IL_1DXRHB098MRMA|IL_21CU9PVXLTL6P,2,
B0DMVK69BZ,SHOP The Hillary Style,IL_21CU9PVXLTL6P,1,
B0DMVKC98H,SHOP The Hillary Style|VANITY Must-Haves,IL_21CU9PVXLTL6P|IL_K1RZXTONZLT1,2,
B0DMVKVVG3,SHOP The Hillary Style|VANITY Must-Haves,IL_21CU9PVXLTL6P|IL_K1RZXTONZLT1,2,
B0DMVQW65C,MORE NEW FINDS,IL_32M44I5BF0O0R,1,
B0DMVRRYXR,TOP OCTOBER DEALS,IL_1E7EHNK9QTVEH,1,
B0DMVVX35J,WORK WEAR,IL_3J2NRGA0NCDGR,1,
B0DMW7BQ8H,JULY TOP PICKS|JUNE TOP PICKS|TOP 100 HOME PICKS|UNBOXING,IL_1NR6N43OIR93A|IL_2DVQFMB8O8SDC|IL_2Q5678F6BP61R|IL_9FXRQ038D494,4,
B0DMW9KS74,Hillary's NEWEST Finds|TOP 100+ PRIME DEALS,IL_1XPGUL8BC81KW|IL_330I4A3SQ3ERE,2,
B0DN1268QH,$50 WINTER FASHION,IL_43J6PJOVYKC9,1,
B0DN176KHG,MUST-HAVE HOSTING,IL_23YO2PO28IXV,1,
B0DN1KBQ8K,DATE NIGHT FASHION|WORK WEAR,IL_20Q0HRFOLM3K2|IL_3J2NRGA0NCDGR,2,
B0DN1YGYGD,COFFEE BAR Essentials|LAUNDRY Room Essentials|MY TOP PRODUCTS FOR JULY,IL_27L1ENCS6OMON|IL_FJAM99COX1K9|IL_OB8CSFU2LS6V,3,
B0DN23HRTF,The STYLE EDIT - HOTTEST finds RIGHT NOW!,IL_1SLNDA7361JAR,1,
B0DN624P15,Moody Luxe Home,IL_DB6CKD297DDB,1,
B0DN6B5WHT,CABINETS. SIDEBOARDS. BUFFETS. CONSOLES.,IL_2Q8H0EUR30UN9,1,
B0DN6B8Y6F,SKIMS LIKE BASICS,IL_395N3QLHWD5V7,1,
B0DN73QD8C,LUXE Holiday Home,IL_21MLRQOMMKCFI,1,
B0DN73SVMR,CYBER HOLIDAY,IL_32NJAOW4JT5JB,1,
B0DN78SFLT,CYBER HOLIDAY,IL_32NJAOW4JT5JB,1,
B0DN7CHPLH,CYBER HOLIDAY,IL_32NJAOW4JT5JB,1,
B0DN7H5DXJ,SHOP The Hillary Style,IL_21CU9PVXLTL6P,1,
B0DN7J55JJ,HOLIDAY ON SALE,IL_81C70Z4U4BII,1,
B0DN7JF866,CYBER HOLIDAY|MY HOLIDAY Home,IL_18JLLR8E7X2KU|IL_32NJAOW4JT5JB,2,
B0DN7JLXBY,CYBER HOLIDAY,IL_32NJAOW4JT5JB,1,
B0DN7KGNBP,CYBER HOLIDAY,IL_32NJAOW4JT5JB,1,
B0DN7M35TS,SHOP The Hillary Style|TABLETOP MUST-HAVES,IL_21CU9PVXLTL6P|IL_2RA331651DDK8,2,
B0DN7N5Z2C,SHOP The Hillary Style|The Hillary Style Holiday,IL_21CU9PVXLTL6P|IL_2V2HL7TFY8QE8,2,
B0DN7P3BYZ,CYBER HOLIDAY,IL_32NJAOW4JT5JB,1,
B0DN7SD16F,SHOP The Hillary Style,IL_21CU9PVXLTL6P,1,
B0DN7SLJXJ,SHOP The Hillary Style,IL_21CU9PVXLTL6P,1,
B0DN7VPCGN,SHOP The Hillary Style,IL_21CU9PVXLTL6P,1,
B0DNCT9XRP,WORK WEAR,IL_3J2NRGA0NCDGR,1,
B0DNDFQB2W,JUST IN...My Newest OBSESSIONS|Our REMODEL HOME,IL_1RA73GK94YR1G|IL_EAQUVLIMTM7R,2,
B0DNF98FVY,$50 WINTER FASHION,IL_43J6PJOVYKC9,1,
B0DNFGR5C7,RESORT WEAR FASHION,IL_15NDDXZ7X0955,1,
B0DNFHTD28,CARTS DON'T LIE — These were May's biggest hits.,IL_1BKDYBCCXK5YE,1,
B0DNFLDVR2,LUXURY GIFTS,IL_3KKGHGSJ1ZRYC,1,
B0DNFYBRM1,HOLIDAY COLOR CRUSHES 2025,IL_1LKQL9NF315YS,1,
B0DNG4V7X3,JOCELYN'S Space|SHOP The Hillary Style|VASES. TRAYS. BOXES.,IL_1DXRHB098MRMA|IL_21CU9PVXLTL6P|IL_2YQAXQUJ2H8KY,3,
B0DNGQ2MZM,CYBER HOLIDAY|The Hillary Style Holiday,IL_2V2HL7TFY8QE8|IL_32NJAOW4JT5JB,2,
B0DNJ2ZGQT,MORE NEW FINDS,IL_32M44I5BF0O0R,1,
B0DNJKTHMP,LIGHTING - Designer Inspired|Our REMODEL HOME,IL_1RA73GK94YR1G|IL_K3IDK9BPXYFW,2,
B0DNJP6JKZ,SKIMS LIKE BASICS,IL_395N3QLHWD5V7,1,
B0DNJRB7JM,RH STYLE - Looks like a SPLURGE,IL_32TSU85USSAQZ,1,
B0DNKB3YHJ,TOP 100+ PRIME DEALS,IL_330I4A3SQ3ERE,1,
B0DNKLY8FZ,CYBER HOLIDAY,IL_32NJAOW4JT5JB,1,
B0DNKN1G27,FOR HER - HANDBAGS,IL_3ITM4V91K4422,1,
B0DNL6M49W,SHOP The Hillary Style|Subtle Luxury Home|TABLETOP MUST-HAVES,IL_21CU9PVXLTL6P|IL_2RA331651DDK8|IL_BWHQ5TU85DA7,3,
B0DNL9Q2H5,SHOP The Hillary Style,IL_21CU9PVXLTL6P,1,
B0DNLBKLW6,SHOP The Hillary Style,IL_21CU9PVXLTL6P,1,
B0DNLKY8DC,SHOP The Hillary Style,IL_21CU9PVXLTL6P,1,
B0DNLP41JD,SHOP The Hillary Style,IL_21CU9PVXLTL6P,1,
B0DNM119L3,FEBRUARY Best Sellers,IL_1MB9961G83COM,1,
B0DNMG94D1,Your Currently MOST-LOVED,IL_3BNM8CSCBJ7VF,1,
B0DNMHHH38,2025 TOP SELLERS|48 Yr Old Mom of 5 - What I am OBSESSED over!,IL_1NSB6B4CK6NM1|IL_3RT5O1LPLW4HX,2,
B0DNNS427G,JULY TOP PICKS,IL_9FXRQ038D494,1,
B0DNP1789B,SOFAS. ACCENT CHAIRS. OTTOMANS.,IL_34VIWGR89GOO8,1,
B0DNQD95CC,JUST IN...My Newest OBSESSIONS|LIGHTING - Designer Inspired,IL_EAQUVLIMTM7R|IL_K3IDK9BPXYFW,2,
B0DNRG4JV1,CYBER HOLIDAY|HOLIDAY BEST SELLERS|MY HOLIDAY Home|MY Holiday Styling List|The Hillary Style Holiday|VIRAL Holiday Finds,IL_12LJ38VR8BIZT|IL_18JLLR8E7X2KU|IL_1Q6KH53S4CVWD|IL_2V2HL7TFY8QE8|IL_32NJAOW4JT5JB|IL_3QCVRRMTI2TTQ,6,All memberships are included in internal_label; only the first 5 stable backup labels appear in custom_label_0-4.
B0DNRJKQVF,MY Holiday Styling List,IL_12LJ38VR8BIZT,1,
B0DNRR7PRS,SHOP The Hillary Style,IL_21CU9PVXLTL6P,1,
B0DNRRBHWP,My Curated Gift Guide|SHOP The Hillary Style,IL_21CU9PVXLTL6P|IL_IE0BGUCCDZ8X,2,
B0DNRRD32N,SHOP The Hillary Style,IL_21CU9PVXLTL6P,1,
B0DNRRG4WN,SHOP The Hillary Style,IL_21CU9PVXLTL6P,1,
B0DNRRGMTR,Our REMODEL HOME|POWDER BATH|SHOP The Hillary Style|Spring Obsessed|VASES. TRAYS. BOXES.,IL_1RA73GK94YR1G|IL_21CU9PVXLTL6P|IL_222ENLE1WDY2M|IL_2YQAXQUJ2H8KY|IL_311VGYMV97O78,5,
B0DNRRM3Y3,SHOP The Hillary Style,IL_21CU9PVXLTL6P,1,
B0DNRRXHZN,SHOP The Hillary Style,IL_21CU9PVXLTL6P,1,
B0DNS2S5V7,BEDROOM STYLE|RH STYLE - Looks like a SPLURGE,IL_2HG2TBY26H9IW|IL_32TSU85USSAQZ,2,
B0DNSV86GY,HILLARY'S BEACH Bag Essentials,IL_29FTLXCTPVP41,1,
B0DNSWJLTQ,BEAUTY MUST-HAVES,IL_174AROJG7VER7,1,
B0DNTSGR2F,ORGANIZING Essentials,IL_27VCDHN1568QK,1,
B0DNTTMMRG,PILATES PRINCESS,IL_3QM5O5E9ELURW,1,
B0DNV41HMG,CYBER HOLIDAY,IL_32NJAOW4JT5JB,1,
B0DNV4PSTC,CYBER HOLIDAY|Furniture Mover REEL|LUXE Holiday Home|MY Holiday Styling List|The Hillary Style Holiday,IL_12LJ38VR8BIZT|IL_21MLRQOMMKCFI|IL_2ABZ85AO7D848|IL_2V2HL7TFY8QE8|IL_32NJAOW4JT5JB,5,
B0DNXHYWTT,The STYLE EDIT - HOTTEST finds RIGHT NOW!,IL_1SLNDA7361JAR,1,
B0DNXXRC1X,CYBER HOLIDAY|MY Holiday Styling List,IL_12LJ38VR8BIZT|IL_32NJAOW4JT5JB,2,
B0DNY1GNW4,RESTORATION VIBES|SHOP The Hillary Style|VANITY Must-Haves|VASES. TRAYS. BOXES.,IL_21CU9PVXLTL6P|IL_2I5A3XFI29113|IL_2YQAXQUJ2H8KY|IL_K1RZXTONZLT1,4,
B0DNYJBD9W,CHIC WITHOUT THE SPLURGE TRAVEL|FASHION|RESORT WEAR FASHION,IL_15NDDXZ7X0955|IL_2GR0M7LHWL1O|IL_3LEWC1H0K68XB,3,
B0DNYMBZSV,FASHION,IL_3LEWC1H0K68XB,1,
B0DNYPH6H1,LIGHTING - Designer Inspired,IL_K3IDK9BPXYFW,1,
B0DNYRN77M,LIGHTING - Designer Inspired,IL_K3IDK9BPXYFW,1,
B0DNYSXL7L,TRANSITIONAL Fall Fashion,IL_5MN6DE6JTTK2,1,
B0DNZ527F9,CABINETS. SIDEBOARDS. BUFFETS. CONSOLES.,IL_2Q8H0EUR30UN9,1,
B0DP1FXQFV,APRIL Best Sellers,IL_181FEP0C2U0RU,1,
B0DP21QWM7,FOR HER - HANDBAGS,IL_3ITM4V91K4422,1,
B0DP3F41QZ,CYBER HOLIDAY,IL_32NJAOW4JT5JB,1,
B0DP3JP9GJ,CYBER HOLIDAY|HOLIDAY ON SALE|MY HOLIDAY Home,IL_18JLLR8E7X2KU|IL_32NJAOW4JT5JB|IL_81C70Z4U4BII,3,
B0DP3PGWX9,FASHION,IL_3LEWC1H0K68XB,1,
B0DP3ZDFK5,JULY TOP PICKS,IL_9FXRQ038D494,1,
B0DP4CJYNC,HOLIDAY BEST SELLERS,IL_1Q6KH53S4CVWD,1,
B0DP4HLP1X,DESIGNER INSPIRED,IL_3JCDIMAGNYZ0E,1,
B0DP4HP81Q,JUST IN - Organizing & Home,IL_3UQI8VF6F9P66,1,
B0DP4VXWFD,Spring Obsessed,IL_222ENLE1WDY2M,1,
B0DP5BCNKF,HOLIDAY ON SALE|The Hillary Style Holiday|VIRAL Holiday Finds,IL_2V2HL7TFY8QE8|IL_3QCVRRMTI2TTQ|IL_81C70Z4U4BII,3,
B0DP5CBVG5,ELEVATED HOLIDAY FASHION,IL_WU8FIFLKC1R5,1,
B0DP5CH8SZ,THE DRESS SHOPPE - From BRUNCH to BLACK TIE,IL_1HHMN64HEUPU9,1,
B0DP5XXQ7T,2025 TOP SELLERS,IL_3RT5O1LPLW4HX,1,
B0DP5YQ2HY,CARTS DON'T LIE — These were May's biggest hits.,IL_1BKDYBCCXK5YE,1,
B0DP6H79LJ,LUXE JEWELRY & ACCESSORIES,IL_27BIT6UUHQ198,1,
B0DP6Q951Q,HOME & BATH Essentials,IL_IRH0FVF815TU,1,
B0DP6QY85K,OVER 40 & Fabulous HILLARY'S Capsule WARDROBE - Effortless & Chic|QUIET LUXURY/OLD MONEY,IL_1GS6BISWIK7UN|IL_310DHOAQUC0DH,2,
B0DP6SJZFT,JUNE TOP PICKS,IL_2Q5678F6BP61R,1,
B0DP6SYHXT,The STYLE EDIT - HOTTEST finds RIGHT NOW!,IL_1SLNDA7361JAR,1,
B0DP8HZ3DR,TEEN GUYS|TWEEN BACK TO SCHOOL,IL_39AL8K1TZE306|IL_O65RH2OR0EF3,2,
B0DP8JZ2HM,JUST IN...My Newest OBSESSIONS,IL_EAQUVLIMTM7R,1,
B0DP8N29JV,JUST IN - Organizing & Home,IL_3UQI8VF6F9P66,1,
B0DP9LRFFJ,WALL DECOR - MIRRORS. ART. FRAMES.,IL_1HZQPC6SSAHFG,1,
B0DP9RYD6T,48 Yr Old Mom of 5 - What I am OBSESSED over!|QUIET LUXURY/OLD MONEY,IL_1NSB6B4CK6NM1|IL_310DHOAQUC0DH,2,
B0DP9S5V6D,UNDER $50 FALL Capsule,IL_39FHE4P3M78YV,1,
B0DPB7NZFD,FOR HIM - GIFT GUIDE,IL_26IY6FNENQC7M,1,
B0DPBZ465V,BATHROOM REMODEL,IL_QWA0HLMH0ZPN,1,
B0DPF4KZF6,BURGUNDY CRUSH,IL_32JT2D5T30E4J,1,
B0DPFVJB8S,SKIMS LIKE BASICS,IL_395N3QLHWD5V7,1,
B0DPG7JQJH,FASHION,IL_3LEWC1H0K68XB,1,
B0DPGF7538,AFFORDABLE DECOR,IL_2EHNEZELPW5NA,1,
B0DPGHBBCP,HOLIDAY COLOR CRUSHES 2025,IL_1LKQL9NF315YS,1,
B0DPGS3VTC,BATHROOM REMODEL,IL_QWA0HLMH0ZPN,1,
B0DPGSCBF3,BEAUTY & SKINCARE,IL_WPS59NJ19M48,1,
B0DPHDTRW3,BEAUTY & SKINCARE,IL_WPS59NJ19M48,1,
B0DPHG617Q,DATE NIGHT FASHION,IL_20Q0HRFOLM3K2,1,
B0DPHSC12L,HOLIDAY ON SALE,IL_81C70Z4U4BII,1,
B0DPHVLMLZ,FASHION,IL_3LEWC1H0K68XB,1,
B0DPHWP4PX,HOLIDAY COLOR CRUSHES 2025,IL_1LKQL9NF315YS,1,
B0DPHY47K1,UNDER $50 FALL Capsule,IL_39FHE4P3M78YV,1,
B0DPKN4S66,EARLY Fall|Hillary's NEWEST Finds|RH STYLE - Looks like a SPLURGE,IL_1XPGUL8BC81KW|IL_32TSU85USSAQZ|IL_ED3VXSBXPFO5,3,
B0DPLBT5C9,The Hillary Style Holiday,IL_2V2HL7TFY8QE8,1,
B0DPLD3MX5,CYBER HOLIDAY|VIRAL Holiday Finds,IL_32NJAOW4JT5JB|IL_3QCVRRMTI2TTQ,2,
B0DPLYLMNW,APRIL Best Sellers,IL_181FEP0C2U0RU,1,
B0DPM4N55Y,TOP NOVEMBER DEALS,IL_2Z5U0A9S9OXF9,1,
B0DPM5MFWG,TOP NOVEMBER DEALS,IL_2Z5U0A9S9OXF9,1,
B0DPM9KGMM,In MY Travel Bag,IL_SC6UJV027JAK,1,
B0DPMXPT2P,THE DRESS SHOPPE - From BRUNCH to BLACK TIE,IL_1HHMN64HEUPU9,1,
B0DPNJR3F2,In MY Travel Bag,IL_SC6UJV027JAK,1,
B0DPP9DB7H,AUGUST TOP PICKS,IL_DSS93TBPVRP5,1,
B0DPPQ44XY,$50 WINTER FASHION|TOP OCTOBER DEALS,IL_1E7EHNK9QTVEH|IL_43J6PJOVYKC9,2,
B0DPQBGBT2,48 Yr Old Mom of 5 - What I am OBSESSED over!,IL_1NSB6B4CK6NM1,1,
B0DPQN98C9,VIRAL Home Gadgets,IL_14615HLXD512Y,1,
B0DPQWZ5GP,In MY Travel Bag|OVER 40 & Fabulous HILLARY'S Capsule WARDROBE - Effortless & Chic|THE DRESS SHOPPE - From BRUNCH to BLACK TIE|WORK WEAR,IL_1GS6BISWIK7UN|IL_1HHMN64HEUPU9|IL_3J2NRGA0NCDGR|IL_SC6UJV027JAK,4,
B0DPR2M4M1,The Hillary Style Holiday|VIRAL Holiday Finds,IL_2V2HL7TFY8QE8|IL_3QCVRRMTI2TTQ,2,
B0DPR3D1BP,MORE NEW FINDS,IL_32M44I5BF0O0R,1,
B0DPR7F63S,RH STYLE - Looks like a SPLURGE,IL_32TSU85USSAQZ,1,
B0DPRFFQCX,HALLOWEEN,IL_TOLRF8ZU3T5K,1,
B0DPRGGPQS,48 Yr Old Mom of 5 - What I am OBSESSED over!|BEAUTY MUST-HAVES|JULY TOP PICKS|JUNE TOP PICKS|LUXE Gifting|TOP 100+ PRIME DEALS|TOP 50 BEAUTY,IL_174AROJG7VER7|IL_17SP6THMUJN6E|IL_1NSB6B4CK6NM1|IL_2Q5678F6BP61R|IL_330I4A3SQ3ERE|IL_9FXRQ038D494|IL_B4MF8PKIS82A,7,All memberships are included in internal_label; only the first 5 stable backup labels appear in custom_label_0-4.
B0DPS37Y1T,TWEEN BACK TO SCHOOL,IL_39AL8K1TZE306,1,
B0DPS8JTD6,MORE NEW FINDS,IL_32M44I5BF0O0R,1,
B0DPS91B8P,MORE NEW FINDS,IL_32M44I5BF0O0R,1,
B0DPTD1G7K,WORK WEAR,IL_3J2NRGA0NCDGR,1,
B0DPWQVMZN,HALLOWEEN,IL_TOLRF8ZU3T5K,1,
B0DPWXG8ZB,CABINETS. SIDEBOARDS. BUFFETS. CONSOLES.|HOME OFFICE Essentials|RESTORATION VIBES,IL_2I5A3XFI29113|IL_2Q8H0EUR30UN9|IL_31KXTI157WXNV,3,
B0DPXM82Y7,CYBER HOLIDAY|My Curated Gift Guide|The Hillary Style Holiday,IL_2V2HL7TFY8QE8|IL_32NJAOW4JT5JB|IL_IE0BGUCCDZ8X,3,
B0DPXPQDV5,TRANSITIONAL Fall Fashion,IL_5MN6DE6JTTK2,1,
B0DPXX7TM7,CABINETS. SIDEBOARDS. BUFFETS. CONSOLES.,IL_2Q8H0EUR30UN9,1,
B0DPXYXSHJ,PILATES PRINCESS,IL_3QM5O5E9ELURW,1,
B0DPYRGBGD,ENTERTAINING Essentials,IL_2GHS9RLET14RQ,1,
B0DPZ7Z7R6,LUXE JEWELRY & ACCESSORIES,IL_27BIT6UUHQ198,1,
B0DPZPTRP7,WALL DECOR - MIRRORS. ART. FRAMES.,IL_1HZQPC6SSAHFG,1,
B0DPZQ8BJS,HOLIDAY COLOR CRUSHES 2025,IL_1LKQL9NF315YS,1,
B0DPZYLJNK,MORE NEW FINDS,IL_32M44I5BF0O0R,1,
B0DQ1ZTF6S,HOME & BATH Essentials,IL_IRH0FVF815TU,1,
B0DQ4JVCSW,ELEVATED SWIMWEAR,IL_20ODL7UVO85YK,1,
B0DQ4RT8YK,April Amazon Live,IL_K5H00QYC3R1G,1,
B0DQ4TWH85,CABINETS. SIDEBOARDS. BUFFETS. CONSOLES.,IL_2Q8H0EUR30UN9,1,
B0DQ4X2MN5,JUNE TOP PICKS,IL_2Q5678F6BP61R,1,
B0DQ67KP4Z,ELEMENTARY SCHOOL|TEEN GUYS|TWEEN BACK TO SCHOOL,IL_13LSJDYI0DMAZ|IL_39AL8K1TZE306|IL_O65RH2OR0EF3,3,
B0DQ69SSZD,THE Littles - GIFT GUIDE,IL_3BMD6XLV7JIPG,1,
B0DQ6B45X6,TOP SEPTEMBER DEALS,IL_JI222AIPC2S,1,
B0DQ6WG2FK,TOP 100+ PRIME DEALS,IL_330I4A3SQ3ERE,1,
B0DQ6WJG1B,BEAUTY & SKINCARE,IL_WPS59NJ19M48,1,
B0DQ75GSSP,EUROPEAN SUMMER,IL_341JHBPWHDBNK,1,
B0DQ8B62SZ,April Amazon Live,IL_K5H00QYC3R1G,1,
B0DQ8R86VR,SPORT MOM Style,IL_33RG7LWDINUWO,1,
B0DQ9GVV36,GIFTING,IL_YYM41OHGI1KQ,1,
B0DQ9LMRJ5,LUXE Holiday Home|The Hillary Style Holiday,IL_21MLRQOMMKCFI|IL_2V2HL7TFY8QE8,2,
B0DQ9LQ92D,SHOP The Hillary Style,IL_21CU9PVXLTL6P,1,
B0DQ9T92KZ,SHOP The Hillary Style,IL_21CU9PVXLTL6P,1,
B0DQB91Q2X,MY Holiday Styling List|The Hillary Style Holiday,IL_12LJ38VR8BIZT|IL_2V2HL7TFY8QE8,2,
B0DQC6SZ5W,Subtle Luxury Home,IL_BWHQ5TU85DA7,1,
B0DQCS6KNS,TEEN GIRLIES,IL_370XLUWUIJAX1,1,
B0DQCYDPK1,Your Currently MOST-LOVED,IL_3BNM8CSCBJ7VF,1,
B0DQDKDPWN,LIGHTING - Designer Inspired,IL_K3IDK9BPXYFW,1,
B0DQDRJ1YX,APRIL Best Sellers|Outdoor PLANTERS,IL_181FEP0C2U0RU|IL_270Y6RLSPP10V,2,
B0DQDYMSH9,TEEN GUYS,IL_O65RH2OR0EF3,1,
B0DQFLF9FZ,Our REMODEL HOME,IL_1RA73GK94YR1G,1,
B0DQGFY36S,CARTS DON'T LIE — These were May's biggest hits.|ELEVATED Bathroom Must-Haves,IL_1BKDYBCCXK5YE|IL_21T7CCUQI2DH5,2,
B0DQGQ7RVJ,JULY TOP PICKS,IL_9FXRQ038D494,1,
B0DQJTP7SJ,ORGANIZING Essentials,IL_27VCDHN1568QK,1,
B0DQKGK1K6,FEBRUARY Best Sellers,IL_1MB9961G83COM,1,
B0DQKKHFVK,April Amazon Live,IL_K5H00QYC3R1G,1,
B0DQLDT5XZ,LIGHTING - Designer Inspired,IL_K3IDK9BPXYFW,1,
B0DQLFW9CS,$50 WINTER FASHION,IL_43J6PJOVYKC9,1,
B0DQLZG77W,CABINETS. SIDEBOARDS. BUFFETS. CONSOLES.,IL_2Q8H0EUR30UN9,1,
B0DQNTJGRV,TRANSITIONAL Fall Fashion,IL_5MN6DE6JTTK2,1,
B0DQP7JT9H,RESTORATION VIBES,IL_2I5A3XFI29113,1,
B0DQPGLMP1,EUROPEAN SUMMER,IL_341JHBPWHDBNK,1,
B0DQQ5MF8N,The STYLE EDIT - HOTTEST finds RIGHT NOW!,IL_1SLNDA7361JAR,1,
B0DQR5Q4YN,HOLIDAY COLOR CRUSHES 2025,IL_1LKQL9NF315YS,1,
B0DQR6Z67X,COFFEE TABLES. SIDE TABLES. ACCENT TABLES,IL_2RDBP13815B8R,1,
B0DQSGG4MW,NEW HOME FINDS,IL_1QMBJFJU34FUR,1,
B0DQSGM76Q,GIFTING,IL_YYM41OHGI1KQ,1,
B0DQSJM8SX,DORM ROOM ESSENTIALS|TWEEN BACK TO SCHOOL,IL_1DUCBV6BSXOJF|IL_39AL8K1TZE306,2,
B0DQSR97R3,ATHEISURE,IL_31LARMS9JHPGT,1,
B0DQTBHF5C,WORK WEAR,IL_3J2NRGA0NCDGR,1,
B0DQTNDYP5,EUROPEAN SUMMER|RESORT WEAR FASHION,IL_15NDDXZ7X0955|IL_341JHBPWHDBNK,2,
B0DQTP1L9T,BRIDE- Spoil Her for the Big Day!,IL_3R1F2KZC9BJXJ,1,
B0DQVM7CNT,LUXURY GIFTS,IL_3KKGHGSJ1ZRYC,1,
B0DQXQQ59F,VIRAL Home Gadgets,IL_14615HLXD512Y,1,
B0DQYCM8TQ,MARCH Best Sellers,IL_13DUABZBTBJVY,1,
B0DQYCY913,The STYLE EDIT - HOTTEST finds RIGHT NOW!,IL_1SLNDA7361JAR,1,
B0DR2KLBQK,BATHROOM REMODEL,IL_QWA0HLMH0ZPN,1,
B0DR2XNMCD,NEW HOME FINDS,IL_1QMBJFJU34FUR,1,
B0DR2Y9NK2,April Amazon Live,IL_K5H00QYC3R1G,1,
B0DR2YJ9LQ,April Amazon Live,IL_K5H00QYC3R1G,1,
B0DR31GC3D,DORM ROOM ESSENTIALS,IL_1DUCBV6BSXOJF,1,
B0DR31JV9G,April Amazon Live,IL_K5H00QYC3R1G,1,
B0DR349W7Z,April Amazon Live,IL_K5H00QYC3R1G,1,
B0DR3B4FRR,SOFAS. ACCENT CHAIRS. OTTOMANS.,IL_34VIWGR89GOO8,1,
B0DR5DNHSN,WORK WEAR,IL_3J2NRGA0NCDGR,1,
B0DR5JP2NK,ELEVATED SWIMWEAR,IL_20ODL7UVO85YK,1,
B0DR5LK7LW,RESORT WEAR FASHION,IL_15NDDXZ7X0955,1,
B0DR5TQKGN,Spring Obsessed,IL_222ENLE1WDY2M,1,
B0DR7YL44C,BEST SELLERS,IL_3DS692CRM1BGS,1,
B0DR7Z2SBZ,TOP OCTOBER DEALS,IL_1E7EHNK9QTVEH,1,
B0DR84FN9V,ELEVATED KITCHEN Must-Haves|Your Currently MOST-LOVED,IL_3BNM8CSCBJ7VF|IL_V4V7ASEQMWKK,2,
B0DR8F6ZTV,2025 TOP SELLERS,IL_3RT5O1LPLW4HX,1,
B0DR8NJMCJ,HOME & BATH Essentials|ORGANIZING Essentials,IL_27VCDHN1568QK|IL_IRH0FVF815TU,2,
B0DR8NK7QT,TRANSITIONAL Fall Fashion,IL_5MN6DE6JTTK2,1,
B0DR8RCJR7,DATE NIGHT FASHION,IL_20Q0HRFOLM3K2,1,
B0DR8SMMSX,LIGHTING - Designer Inspired,IL_K3IDK9BPXYFW,1,
B0DR9GN2PM,TWEEN & TEEN - GIFT GUIDE|TWEEN BACK TO SCHOOL,IL_1I8FQ5LPJG30D|IL_39AL8K1TZE306,2,
B0DR9Y1MP7,BEAUTY MUST-HAVES,IL_174AROJG7VER7,1,
B0DRCWGYZ6,HOLIDAY THEMES 2025,IL_CQQP654U5715,1,
B0DRCYPN81,FASHION,IL_3LEWC1H0K68XB,1,
B0DRD3C53Q,CABINETS. SIDEBOARDS. BUFFETS. CONSOLES.,IL_2Q8H0EUR30UN9,1,
B0DRF7JBTC,PRESCHOOL LITTLES,IL_16F1ZOLGB573M,1,
B0DRFBCZCJ,FASHION,IL_3LEWC1H0K68XB,1,
B0DRFC4KC4,LUXURY GIFTS,IL_3KKGHGSJ1ZRYC,1,
B0DRFT12TB,ATHLETIC DRESSES|SPORT MOM Style,IL_33RG7LWDINUWO|IL_3GE7XODL0Z5A3,2,
B0DRG6Q8ZM,WALL DECOR - MIRRORS. ART. FRAMES.,IL_1HZQPC6SSAHFG,1,
B0DRGBLXNC,HOLIDAY ON SALE,IL_81C70Z4U4BII,1,
B0DRHLNN6G,PILATES PRINCESS,IL_3QM5O5E9ELURW,1,
B0DRHRV7VJ,RESORT WEAR FASHION,IL_15NDDXZ7X0955,1,
B0DRHTK5J1,ELEMENTARY SCHOOL,IL_13LSJDYI0DMAZ,1,
B0DRK3GRT3,$50 WINTER FASHION,IL_43J6PJOVYKC9,1,
B0DRKZ52Y2,THE Littles - GIFT GUIDE,IL_3BMD6XLV7JIPG,1,
B0DRM4J2YM,BEAUTY & SKINCARE|TOP SEPTEMBER DEALS,IL_JI222AIPC2S|IL_WPS59NJ19M48,2,
B0DRM6T81Z,TABLETOP MUST-HAVES,IL_2RA331651DDK8,1,
B0DRNHFXTZ,ELEVATED HOLIDAY FASHION,IL_WU8FIFLKC1R5,1,
B0DRP2L77Z,ELEVATED SWIMWEAR,IL_20ODL7UVO85YK,1,
B0DRP4MLFG,SPORT MOM Style,IL_33RG7LWDINUWO,1,
B0DRTT5WTR,CHIC WITHOUT THE SPLURGE TRAVEL,IL_2GR0M7LHWL1O,1,
B0DRV224Z5,April Amazon Live,IL_K5H00QYC3R1G,1,
B0DRV39H1X,TEEN GIRLIES|TWEEN BACK TO SCHOOL,IL_370XLUWUIJAX1|IL_39AL8K1TZE306,2,
B0DRVDGCW8,THE Little Black Dress,IL_CTNECHN1HUCU,1,
B0DRVRX2CL,LIGHTING - Designer Inspired,IL_K3IDK9BPXYFW,1,
B0DRW8QJ8L,BATHROOM REMODEL|SHOP The Hillary Style,IL_21CU9PVXLTL6P|IL_QWA0HLMH0ZPN,2,
B0DRY8JTD9,ENTERTAINING Essentials,IL_2GHS9RLET14RQ,1,
B0DRZQSBHR,KITCHEN Organizing|NEW Arrivals,IL_2B46UO4I7XY3G|IL_2DHFOQ3A1Q5U2,2,
B0DS2MZP77,QUIET LUXURY/OLD MONEY,IL_310DHOAQUC0DH,1,
B0DS2W25BG,TECH ESSENTIALS,IL_1LVS8EBYWIS2J,1,
B0DS3YTNBL,DINING ROOM,IL_3RKTIOM3H9T72,1,
B0DS47P1YL,JULY TOP PICKS,IL_9FXRQ038D494,1,
B0DS5QDL2T,DORM ROOM ESSENTIALS,IL_1DUCBV6BSXOJF,1,
B0DS5VL7GT,GIFTING,IL_YYM41OHGI1KQ,1,
B0DS621HHX,MAXI DRESS EDIT,IL_3CETAKAWP1P7C,1,
B0DS6LGD91,HAIR CARE,IL_3VBGW6RI08DIE,1,
B0DSBCFV3D,LUXE JEWELRY & ACCESSORIES,IL_27BIT6UUHQ198,1,
B0DSBF29PP,CHIC WITHOUT THE SPLURGE TRAVEL|OVER 40 & Fabulous HILLARY'S Capsule WARDROBE - Effortless & Chic,IL_1GS6BISWIK7UN|IL_2GR0M7LHWL1O,2,
B0DSBLVTS8,BURGUNDY CRUSH|HOLIDAY COLOR CRUSHES 2025,IL_1LKQL9NF315YS|IL_32JT2D5T30E4J,2,
B0DSBVK5Z9,BEDROOM STYLE|EARNED A SPOT FOR LIFE!|JULY TOP PICKS|Our REMODEL HOME,IL_1RA73GK94YR1G|IL_2HG2TBY26H9IW|IL_76ENHDCP4NP1|IL_9FXRQ038D494,4,
B0DSCHHWG6,RH STYLE - Looks like a SPLURGE,IL_32TSU85USSAQZ,1,
B0DSCK36C1,DINING ROOM,IL_3RKTIOM3H9T72,1,
B0DSCKYZ6C,RH STYLE - Looks like a SPLURGE,IL_32TSU85USSAQZ,1,
B0DSCLLB28,DINING ROOM,IL_3RKTIOM3H9T72,1,
B0DSCLR1T6,CYBER HOLIDAY|FAUX & DRIED FLORALS|HOLIDAY ON SALE|RESTORATION VIBES|SHOP The Hillary Style|The Hillary Style Holiday,IL_21CU9PVXLTL6P|IL_2I5A3XFI29113|IL_2V2HL7TFY8QE8|IL_2WRZJHHWAS214|IL_32NJAOW4JT5JB|IL_81C70Z4U4BII,6,All memberships are included in internal_label; only the first 5 stable backup labels appear in custom_label_0-4.
B0DSCLY3FR,FAUX & DRIED FLORALS|SHOP The Hillary Style,IL_21CU9PVXLTL6P|IL_2WRZJHHWAS214,2,
B0DSCMVM3C,AUTUMN Vibes|FAUX & DRIED FLORALS|POWDER BATH|SHOP The Hillary Style,IL_21CU9PVXLTL6P|IL_2NDA05KNMQH4|IL_2WRZJHHWAS214|IL_311VGYMV97O78,4,
B0DSCMYN5Y,FAUX & DRIED FLORALS|SHOP The Hillary Style,IL_21CU9PVXLTL6P|IL_2WRZJHHWAS214,2,
B0DSCN2RJT,CARTS DON'T LIE — These were May's biggest hits.|ELEVATED KITCHEN Must-Haves|FAUX & DRIED FLORALS|SHOP The Hillary Style,IL_1BKDYBCCXK5YE|IL_21CU9PVXLTL6P|IL_2WRZJHHWAS214|IL_V4V7ASEQMWKK,4,
B0DSCN3KHG,FAUX & DRIED FLORALS|HOLIDAY ON SALE|Our REMODEL HOME|SHOP The Hillary Style,IL_1RA73GK94YR1G|IL_21CU9PVXLTL6P|IL_2WRZJHHWAS214|IL_81C70Z4U4BII,4,
B0DSCN7L5V,FAUX & DRIED FLORALS|HOLIDAY ON SALE|NEW Arrivals|RESTORATION VIBES|SHOP The Hillary Style,IL_21CU9PVXLTL6P|IL_2DHFOQ3A1Q5U2|IL_2I5A3XFI29113|IL_2WRZJHHWAS214|IL_81C70Z4U4BII,5,
B0DSCNH7LL,FAUX & DRIED FLORALS|SHOP The Hillary Style,IL_21CU9PVXLTL6P|IL_2WRZJHHWAS214,2,
B0DSCNMDW2,FAUX & DRIED FLORALS|SHOP The Hillary Style,IL_21CU9PVXLTL6P|IL_2WRZJHHWAS214,2,
B0DSCNQSHS,APRIL Best Sellers|FAUX & DRIED FLORALS|SHOP The Hillary Style,IL_181FEP0C2U0RU|IL_21CU9PVXLTL6P|IL_2WRZJHHWAS214,3,
B0DSCNXJL8,RESORT WEAR FASHION,IL_15NDDXZ7X0955,1,
B0DSCNYV9M,FAUX & DRIED FLORALS|HOLIDAY ON SALE|SHOP The Hillary Style,IL_21CU9PVXLTL6P|IL_2WRZJHHWAS214|IL_81C70Z4U4BII,3,
B0DSCP1244,FAUX & DRIED FLORALS|RESTORATION VIBES|SHOP The Hillary Style,IL_21CU9PVXLTL6P|IL_2I5A3XFI29113|IL_2WRZJHHWAS214,3,
B0DSDY2K68,$50 WINTER FASHION,IL_43J6PJOVYKC9,1,
B0DSFB3K5H,QUIET LUXURY/OLD MONEY,IL_310DHOAQUC0DH,1,
B0DSFCBBZ2,April Amazon Live,IL_K5H00QYC3R1G,1,
B0DSFD2XKB,April Amazon Live,IL_K5H00QYC3R1G,1,
B0DSFHMS7B,TOP 100 PRIME FASHION DEALS,IL_2LWBTUXIDQYKM,1,
B0DSGJCS47,48 Yr Old Mom of 5 - What I am OBSESSED over!|BEAUTY MUST-HAVES|GIFTING|LUXURY GIFTS,IL_174AROJG7VER7|IL_1NSB6B4CK6NM1|IL_3KKGHGSJ1ZRYC|IL_YYM41OHGI1KQ,4,
B0DSGLVM33,LUXE Gifting,IL_B4MF8PKIS82A,1,
B0DSGNYJ81,FAUX & DRIED FLORALS|FAUX INDOOR/OUTDOOR|NEW Arrivals|SHOP The Hillary Style|Spring Obsessed|Your Currently MOST-LOVED,IL_21CU9PVXLTL6P|IL_222ENLE1WDY2M|IL_2DHFOQ3A1Q5U2|IL_2WRZJHHWAS214|IL_3BNM8CSCBJ7VF|IL_VRW78IY69242,6,All memberships are included in internal_label; only the first 5 stable backup labels appear in custom_label_0-4.
B0DSGP8QN4,SHOP The Hillary Style,IL_21CU9PVXLTL6P,1,
B0DSGP8S17,April Amazon Live|EARNED A SPOT FOR LIFE!|FAUX & DRIED FLORALS|SHOP The Hillary Style,IL_21CU9PVXLTL6P|IL_2WRZJHHWAS214|IL_76ENHDCP4NP1|IL_K5H00QYC3R1G,4,
B0DSGQ3B7P,SHOP The Hillary Style,IL_21CU9PVXLTL6P,1,
B0DSHX528J,The FALL EDIT,IL_IOIVGOQN9X1X,1,
B0DSJ1MLJR,APRIL Best Sellers,IL_181FEP0C2U0RU,1,
B0DSJ6H7Q5,MAXI DRESS EDIT,IL_3CETAKAWP1P7C,1,
B0DSJW8SFG,TOP 100+ PRIME DEALS,IL_330I4A3SQ3ERE,1,
B0DSJYQCBD,ELEVATED KITCHEN Must-Haves|SHOP The Hillary Style,IL_21CU9PVXLTL6P|IL_V4V7ASEQMWKK,2,
B0DSJYVM6Y,SHOP The Hillary Style,IL_21CU9PVXLTL6P,1,
B0DSJZQSVP,SHOP The Hillary Style,IL_21CU9PVXLTL6P,1,
B0DSK1D66X,SHOP The Hillary Style,IL_21CU9PVXLTL6P,1,
B0DSL8HTVL,WORK WEAR,IL_3J2NRGA0NCDGR,1,
B0DSLKCB52,For the Big Kids,IL_22L0SLOF07ITQ,1,
B0DSLSJWW3,LAUNDRY Room Essentials,IL_27L1ENCS6OMON,1,
B0DSLXS4G9,HOLIDAY COLOR CRUSHES 2025,IL_1LKQL9NF315YS,1,
B0DSQM9NS5,AUGUST TOP PICKS,IL_DSS93TBPVRP5,1,
B0DSRZ58P9,April Amazon Live,IL_K5H00QYC3R1G,1,
B0DSTSTHYF,OVER 40 & Fabulous HILLARY'S Capsule WARDROBE - Effortless & Chic,IL_1GS6BISWIK7UN,1,
B0DSV2LX55,BATHROOM REMODEL,IL_QWA0HLMH0ZPN,1,
B0DSVJP1XL,TOP SEPTEMBER DEALS,IL_JI222AIPC2S,1,
B0DSVLGDNP,LIGHTING - Designer Inspired,IL_K3IDK9BPXYFW,1,
B0DSVLRJDF,EUROPEAN SUMMER,IL_341JHBPWHDBNK,1,
B0DSVLZHCC,THE Little Black Dress,IL_CTNECHN1HUCU,1,
B0DSVWQ4T5,MAXI DRESS EDIT,IL_3CETAKAWP1P7C,1,
B0DSVZ6NLJ,ATHLETIC DRESSES,IL_3GE7XODL0Z5A3,1,
B0DSW6H49X,OUTDOOR Oasis,IL_VI6A3WXDHHDU,1,
B0DSWLTS9C,FASHION,IL_3LEWC1H0K68XB,1,
B0DSWPKXYN,HOME & BATH Essentials,IL_IRH0FVF815TU,1,
B0DSWSQXK2,48 Yr Old Mom of 5 - What I am OBSESSED over!,IL_1NSB6B4CK6NM1,1,
B0DSZQ59S7,JULY TOP PICKS,IL_9FXRQ038D494,1,
B0DT14J7KS,$50 WINTER FASHION|JUST IN...My Newest OBSESSIONS,IL_43J6PJOVYKC9|IL_EAQUVLIMTM7R,2,
B0DT1NBSHB,AUGUST TOP PICKS,IL_DSS93TBPVRP5,1,
B0DT2344N3,TECH ESSENTIALS,IL_1LVS8EBYWIS2J,1,
B0DT2GGYDD,SHOP The Hillary Style|The Hillary Style Holiday,IL_21CU9PVXLTL6P|IL_2V2HL7TFY8QE8,2,
B0DT2H9ZBW,DINING ROOM,IL_3RKTIOM3H9T72,1,
B0DT2JNXP2,BEST SELLERS|TOP OCTOBER DEALS,IL_1E7EHNK9QTVEH|IL_3DS692CRM1BGS,2,
B0DT3DMVN3,ATHEISURE|ATHLETIC DRESSES,IL_31LARMS9JHPGT|IL_3GE7XODL0Z5A3,2,
B0DT3P7RY4,RESORT WEAR FASHION,IL_15NDDXZ7X0955,1,
B0DT3Q72DF,ATHLETIC DRESSES,IL_3GE7XODL0Z5A3,1,
B0DT3S8BTS,FASHION|JUNE TOP PICKS,IL_2Q5678F6BP61R|IL_3LEWC1H0K68XB,2,
B0DT3WRRWS,SKIMS LIKE BASICS,IL_395N3QLHWD5V7,1,
B0DT45F7TM,LIGHTING - Designer Inspired,IL_K3IDK9BPXYFW,1,
B0DT45TXJY,DINING ROOM,IL_3RKTIOM3H9T72,1,
B0DT473WV2,BATHROOM REMODEL|LIGHTING - Designer Inspired,IL_K3IDK9BPXYFW|IL_QWA0HLMH0ZPN,2,
B0DT4F9RT3,KITCHEN Organizing|NEW Arrivals,IL_2B46UO4I7XY3G|IL_2DHFOQ3A1Q5U2,2,
B0DT4FTKLV,The STYLE EDIT - HOTTEST finds RIGHT NOW!,IL_1SLNDA7361JAR,1,
B0DT4NP28H,FOR HIM - GIFT GUIDE,IL_26IY6FNENQC7M,1,
B0DT4WC2WR,MAXI DRESS EDIT|THE DRESS SHOPPE - From BRUNCH to BLACK TIE,IL_1HHMN64HEUPU9|IL_3CETAKAWP1P7C,2,
B0DT597BTT,ATHEISURE,IL_31LARMS9JHPGT,1,
B0DT5CJHQ4,STOCKING STUFFERS,IL_20274194WU668,1,
B0DT5MTCZX,ELEVATED KITCHEN Must-Haves|ORGANIZING Essentials,IL_27VCDHN1568QK|IL_V4V7ASEQMWKK,2,
B0DT5QPH46,FAUX INDOOR/OUTDOOR,IL_VRW78IY69242,1,
B0DT63VW3J,TEEN GIRLIES,IL_370XLUWUIJAX1,1,
B0DT8ZKL38,JUST IN - Organizing & Home,IL_3UQI8VF6F9P66,1,
B0DT93M5WP,TEEN GUYS,IL_O65RH2OR0EF3,1,
B0DT9K36W8,SKIMS LIKE BASICS,IL_395N3QLHWD5V7,1,
B0DT9RDDL1,DATE NIGHT FASHION,IL_20Q0HRFOLM3K2,1,
B0DTDJDJS2,THE Little Black Dress,IL_CTNECHN1HUCU,1,
B0DTH6VJZ8,MY TOP PRODUCTS FOR JULY|PILATES PRINCESS,IL_3QM5O5E9ELURW|IL_OB8CSFU2LS6V,2,
B0DTH6Z1G2,EUROPEAN SUMMER,IL_341JHBPWHDBNK,1,
B0DTHNBH4H,OUTDOOR Oasis,IL_VI6A3WXDHHDU,1,
B0DTHRY3KG,JULY TOP PICKS|RESTORATION VIBES,IL_2I5A3XFI29113|IL_9FXRQ038D494,2,
B0DTHYDBWF,SOFAS. ACCENT CHAIRS. OTTOMANS.,IL_34VIWGR89GOO8,1,
B0DTHYWFMB,OUTDOOR Oasis,IL_VI6A3WXDHHDU,1,
B0DTJRS7XW,QUIET LUXURY/OLD MONEY,IL_310DHOAQUC0DH,1,
B0DTK66HHP,ATHLETIC DRESSES,IL_3GE7XODL0Z5A3,1,
B0DTKCN3Z4,48 Yr Old Mom of 5 - What I am OBSESSED over!|BEAUTY MUST-HAVES|CARTS DON'T LIE — These were May's biggest hits.,IL_174AROJG7VER7|IL_1BKDYBCCXK5YE|IL_1NSB6B4CK6NM1,3,
B0DTP6QVLX,ENTERTAINING Essentials,IL_2GHS9RLET14RQ,1,
B0DTPT75Z8,BRIDE- Spoil Her for the Big Day!,IL_3R1F2KZC9BJXJ,1,
B0DTPXSMXW,RESORT WEAR FASHION,IL_15NDDXZ7X0955,1,
B0DTQCY7XW,LIGHTING - Designer Inspired,IL_K3IDK9BPXYFW,1,
B0DTRK94Q8,JUNE TOP PICKS,IL_2Q5678F6BP61R,1,
B0DTYWQ359,AUGUST TOP PICKS,IL_DSS93TBPVRP5,1,
B0DV938Y3L,STOCKING STUFFERS,IL_20274194WU668,1,
B0DVBHY1XF,BEDROOM STYLE|VANITY Must-Haves,IL_2HG2TBY26H9IW|IL_K1RZXTONZLT1,2,
B0DVC1WLRY,Spring Obsessed,IL_222ENLE1WDY2M,1,
B0DVDGC5T9,DATE NIGHT FASHION,IL_20Q0HRFOLM3K2,1,
B0DVH22M8S,TOP OCTOBER DEALS,IL_1E7EHNK9QTVEH,1,
B0DVH6W4H2,NEW HOME FINDS,IL_1QMBJFJU34FUR,1,
B0DVJ3HHDC,BATHROOM REMODEL,IL_QWA0HLMH0ZPN,1,
B0DVSNQ37F,TOP 50 BEAUTY,IL_17SP6THMUJN6E,1,
B0DVWM88B8,QUIET LUXURY/OLD MONEY,IL_310DHOAQUC0DH,1,
B0DW2FBN88,SHOPBOP Favorites,IL_EEJXEINH2736,1,
B0DW474G8N,PRESCHOOL LITTLES,IL_16F1ZOLGB573M,1,
B0DW7S2RJ6,AFFORDABLE DECOR,IL_2EHNEZELPW5NA,1,
B0DWC889LR,BEAUTY & SKINCARE|BEST SELLERS,IL_3DS692CRM1BGS|IL_WPS59NJ19M48,2,
B0DWD3C3TT,BEST SELLERS|TOP OCTOBER DEALS,IL_1E7EHNK9QTVEH|IL_3DS692CRM1BGS,2,
B0DWDZM19D,TOP 100 HOME PICKS,IL_2DVQFMB8O8SDC,1,
B0DWFHVR79,TOP 100 HOME PICKS,IL_2DVQFMB8O8SDC,1,
B0DWFLY18Y,BEAUTY MUST-HAVES,IL_174AROJG7VER7,1,
B0DWFPYF4J,JULY TOP PICKS,IL_9FXRQ038D494,1,
B0DWFRTWYR,TOP NOVEMBER DEALS,IL_2Z5U0A9S9OXF9,1,
B0DWHQS8CC,BEAUTY & SKINCARE,IL_WPS59NJ19M48,1,
B0DWHYDDGF,THE Little Black Dress,IL_CTNECHN1HUCU,1,
B0DWJJ74LN,NEW Arrivals|OVER 40 & Fabulous HILLARY'S Capsule WARDROBE - Effortless & Chic,IL_1GS6BISWIK7UN|IL_2DHFOQ3A1Q5U2,2,
B0DWMGV3JS,MORE NEW FINDS,IL_32M44I5BF0O0R,1,
B0DWN1N49G,ATHLETIC DRESSES|SPORT MOM Style,IL_33RG7LWDINUWO|IL_3GE7XODL0Z5A3,2,
B0DWN21K35,OVER 40 & Fabulous HILLARY'S Capsule WARDROBE - Effortless & Chic,IL_1GS6BISWIK7UN,1,
B0DWN2V2TR,HOLIDAY ESSENTIALS,IL_ZN8TBHK35E0D,1,
B0DWSV392X,TOP SEPTEMBER DEALS,IL_JI222AIPC2S,1,
B0DWSX4VS5,Our REMODEL HOME,IL_1RA73GK94YR1G,1,
B0DWVQ75N3,JULY TOP PICKS,IL_9FXRQ038D494,1,
B0DWXKR1CD,OUTDOOR Oasis,IL_VI6A3WXDHHDU,1,
B0DX1WHR9H,CABINETS. SIDEBOARDS. BUFFETS. CONSOLES.,IL_2Q8H0EUR30UN9,1,
B0DX23X6JN,MORE NEW FINDS,IL_32M44I5BF0O0R,1,
B0DX25WZ9R,BEDS. DRESSERS. NIGHTSTANDS.,IL_18H5BP5V6EGYM,1,
B0DX3XSB85,HOME DECOR,IL_2V4ZM0XXYOP34,1,
B0DX4VDXW7,FOR HIM - GIFT GUIDE,IL_26IY6FNENQC7M,1,
B0DX5PSRKY,PRESCHOOL LITTLES,IL_16F1ZOLGB573M,1,
B0DX6KZR9T,ORGANIZING Essentials,IL_27VCDHN1568QK,1,
B0DXBPYK7X,The STYLE EDIT - HOTTEST finds RIGHT NOW!,IL_1SLNDA7361JAR,1,
B0DXBRXPZL,EARLY Fall|Hillary's NEWEST Finds|JULY TOP PICKS|RH STYLE - Looks like a SPLURGE|TOP 100+ PRIME DEALS,IL_1XPGUL8BC81KW|IL_32TSU85USSAQZ|IL_330I4A3SQ3ERE|IL_9FXRQ038D494|IL_ED3VXSBXPFO5,5,
B0DXC1KGQV,ELEVATED SWIMWEAR,IL_20ODL7UVO85YK,1,
B0DXF5HXZ7,The STYLE EDIT - HOTTEST finds RIGHT NOW!,IL_1SLNDA7361JAR,1,
B0DXF75SRS,BEAUTY MUST-HAVES,IL_174AROJG7VER7,1,
B0DXFBT237,$50 WINTER FASHION|Effortless Chic Home,IL_34RHZWFKXT7UT|IL_43J6PJOVYKC9,2,
B0DXFJN6Z6,RESTORATION VIBES,IL_2I5A3XFI29113,1,
B0DXFX45LR,TRANSITIONAL Fall Fashion,IL_5MN6DE6JTTK2,1,
B0DXFYMRZB,OVER 40 & Fabulous HILLARY'S Capsule WARDROBE - Effortless & Chic|QUIET LUXURY/OLD MONEY,IL_1GS6BISWIK7UN|IL_310DHOAQUC0DH,2,
B0DXFYXPKV,OVER 40 & Fabulous HILLARY'S Capsule WARDROBE - Effortless & Chic,IL_1GS6BISWIK7UN,1,
B0DXFZ32G5,JULY TOP PICKS|RESTORATION VIBES,IL_2I5A3XFI29113|IL_9FXRQ038D494,2,
B0DXJ252K5,JUST IN...My Newest OBSESSIONS,IL_EAQUVLIMTM7R,1,
B0DXK9D35M,CABINETS. SIDEBOARDS. BUFFETS. CONSOLES.,IL_2Q8H0EUR30UN9,1,
B0DXKQ6MQ3,JULY TOP PICKS,IL_9FXRQ038D494,1,
B0DXKS9TVJ,ATHEISURE,IL_31LARMS9JHPGT,1,
B0DXKW8MZK,The FALL EDIT,IL_IOIVGOQN9X1X,1,
B0DXL2QRBJ,JUST IN - Organizing & Home,IL_3UQI8VF6F9P66,1,
B0DXNC52FT,April Amazon Live,IL_K5H00QYC3R1G,1,
B0DXNTQJY8,CHIC 2-PIECE SETS,IL_QR27F03IP4AQ,1,
B0DXP8TB6L,NEW HOME FINDS|OUTDOOR Oasis,IL_1QMBJFJU34FUR|IL_VI6A3WXDHHDU,2,
B0DXPZZP5X,SPORT MOM Style,IL_33RG7LWDINUWO,1,
B0DXTBVFMY,FASHION,IL_3LEWC1H0K68XB,1,
B0DXTVQ9VK,CHIC 2-PIECE SETS,IL_QR27F03IP4AQ,1,
B0DXV659YB,RESTORATION VIBES,IL_2I5A3XFI29113,1,
B0DXVMRQQJ,FALL LOUNGE SETS,IL_1K9R04PZQD03N,1,
B0DXWMK6CQ,BURGUNDY CRUSH,IL_32JT2D5T30E4J,1,
B0DXWP12C8,DATE NIGHT FASHION,IL_20Q0HRFOLM3K2,1,
B0DXYTSJ2N,JUNE TOP PICKS,IL_2Q5678F6BP61R,1,
B0DY2K74NG,HOLIDAY MUST-HAVES on AMAZON LIVE,IL_3U58T22AIU7ZR,1,
B0DY2SWV16,FOR HIM - GIFT GUIDE|TECH ESSENTIALS,IL_1LVS8EBYWIS2J|IL_26IY6FNENQC7M,2,
B0DY4Y7RSY,PILATES PRINCESS,IL_3QM5O5E9ELURW,1,
B0DY51JWD2,HOME & BATH Essentials,IL_IRH0FVF815TU,1,
B0DY689ZRQ,For the Hostess - GIFT GUIDE,IL_2C66SA5TXKNJK,1,
B0DY7BBJC1,HOME DECOR,IL_2V4ZM0XXYOP34,1,
B0DY7GSCXX,FASHION|JUNE TOP PICKS,IL_2Q5678F6BP61R|IL_3LEWC1H0K68XB,2,
B0DY7NBV8L,PILATES PRINCESS,IL_3QM5O5E9ELURW,1,
B0DYCL3VVT,RESORT WEAR FASHION,IL_15NDDXZ7X0955,1,
B0DYDK9VKS,NEW HOME FINDS,IL_1QMBJFJU34FUR,1,
B0DYDRFYYJ,NEW Arrivals,IL_2DHFOQ3A1Q5U2,1,
B0DYDSHYZ5,MAXI DRESS EDIT|THE DRESS SHOPPE - From BRUNCH to BLACK TIE,IL_1HHMN64HEUPU9|IL_3CETAKAWP1P7C,2,
B0DYG4Q6PL,JUST IN...My Newest OBSESSIONS,IL_EAQUVLIMTM7R,1,
B0DYHT8DPD,Hillary's NEWEST Finds,IL_1XPGUL8BC81KW,1,
B0DYJL5DQY,$50 WINTER FASHION|48 Yr Old Mom of 5 - What I am OBSESSED over!,IL_1NSB6B4CK6NM1|IL_43J6PJOVYKC9,2,
B0DYJNMH2Z,SPORT MOM Style,IL_33RG7LWDINUWO,1,
B0DYJP5WM4,ELEVATED KITCHEN Must-Haves,IL_V4V7ASEQMWKK,1,
B0DYJPKRX9,ATHLETIC DRESSES|EARNED A SPOT FOR LIFE!|SPORT MOM Style,IL_33RG7LWDINUWO|IL_3GE7XODL0Z5A3|IL_76ENHDCP4NP1,3,
B0DYJQ3H6D,TWEEN BACK TO SCHOOL,IL_39AL8K1TZE306,1,
B0DYJYG15K,TOP 100+ PRIME DEALS,IL_330I4A3SQ3ERE,1,
B0DYK89YXD,APRIL Best Sellers,IL_181FEP0C2U0RU,1,
B0DYMT5DK5,OVER 40 & Fabulous HILLARY'S Capsule WARDROBE - Effortless & Chic,IL_1GS6BISWIK7UN,1,
B0DYNHB4Q2,CHIC WITHOUT THE SPLURGE TRAVEL|EUROPEAN SUMMER|In MY Travel Bag|MAXI DRESS EDIT|THE DRESS SHOPPE - From BRUNCH to BLACK TIE|WORK WEAR,IL_1HHMN64HEUPU9|IL_2GR0M7LHWL1O|IL_341JHBPWHDBNK|IL_3CETAKAWP1P7C|IL_3J2NRGA0NCDGR|IL_SC6UJV027JAK,6,All memberships are included in internal_label; only the first 5 stable backup labels appear in custom_label_0-4.
B0DYQJ2DXH,AUGUST TOP PICKS,IL_DSS93TBPVRP5,1,
B0DYR65J22,The FALL EDIT,IL_IOIVGOQN9X1X,1,
B0DYSH7LKG,ELEMENTARY SCHOOL|TEEN GIRLIES|TWEEN BACK TO SCHOOL,IL_13LSJDYI0DMAZ|IL_370XLUWUIJAX1|IL_39AL8K1TZE306,3,
B0DYTXL6NF,JULY TOP PICKS,IL_9FXRQ038D494,1,
B0DYYDXP88,BEDS. DRESSERS. NIGHTSTANDS.,IL_18H5BP5V6EGYM,1,
B0DZ1Q392C,TEEN GIRLIES,IL_370XLUWUIJAX1,1,
B0DZ1YK4VG,JUST IN - Organizing & Home,IL_3UQI8VF6F9P66,1,
B0DZ254SSR,DORM ROOM ESSENTIALS,IL_1DUCBV6BSXOJF,1,
B0DZ2JF3BQ,JUST IN - Organizing & Home,IL_3UQI8VF6F9P66,1,
B0DZ5KHMJB,HOLIDAY ON SALE,IL_81C70Z4U4BII,1,
B0DZ5W629S,KITCHEN Essentials,IL_286Q78OJSYZO8,1,
B0DZ6H3PSP,KITCHEN Organizing|NEW Arrivals,IL_2B46UO4I7XY3G|IL_2DHFOQ3A1Q5U2,2,
B0DZ6LF992,COFFEE TABLES. SIDE TABLES. ACCENT TABLES,IL_2RDBP13815B8R,1,
B0DZ751XN6,TECH ESSENTIALS,IL_1LVS8EBYWIS2J,1,
B0DZBQ1367,SKIMS LIKE BASICS,IL_395N3QLHWD5V7,1,
B0DZC995ZR,APRIL Best Sellers,IL_181FEP0C2U0RU,1,
B0DZCR4SGZ,TEEN GIRLIES,IL_370XLUWUIJAX1,1,
B0DZCT3C2Z,FASHION,IL_3LEWC1H0K68XB,1,
B0DZH3J6GX,$50 WINTER FASHION,IL_43J6PJOVYKC9,1,
B0DZHQQ5RX,MAXI DRESS EDIT,IL_3CETAKAWP1P7C,1,
B0DZKDS8QC,Spring Obsessed,IL_222ENLE1WDY2M,1,
B0DZM8FSGV,MAXI DRESS EDIT|TRANSITIONAL Fall Fashion,IL_3CETAKAWP1P7C|IL_5MN6DE6JTTK2,2,
B0DZMJ65M4,HOME DECOR,IL_2V4ZM0XXYOP34,1,
B0DZMS3KGS,ELEMENTARY SCHOOL,IL_13LSJDYI0DMAZ,1,
B0DZMW7F75,SPORT MOM Style,IL_33RG7LWDINUWO,1,
B0DZNJ8Z1V,JULY TOP PICKS,IL_9FXRQ038D494,1,
B0DZNM9CV3,ATHLETIC DRESSES,IL_3GE7XODL0Z5A3,1,
B0DZNXKMVS,BURGUNDY CRUSH|HOLIDAY COLOR CRUSHES 2025,IL_1LKQL9NF315YS|IL_32JT2D5T30E4J,2,
B0DZP2J6Y9,The FALL EDIT,IL_IOIVGOQN9X1X,1,
B0DZPC552T,STOCKING STUFFERS,IL_20274194WU668,1,
B0DZT5LR5V,THE DRESS SHOPPE - From BRUNCH to BLACK TIE,IL_1HHMN64HEUPU9,1,
B0DZWS5BW6,BRIDE- Spoil Her for the Big Day!,IL_3R1F2KZC9BJXJ,1,
B0DZX6FMR3,EUROPEAN SUMMER,IL_341JHBPWHDBNK,1,
B0DZXDSSPT,CHIC WITHOUT THE SPLURGE TRAVEL,IL_2GR0M7LHWL1O,1,
B0DZXHXZZL,UNDER $50 FALL Capsule,IL_39FHE4P3M78YV,1,
B0F1316GQ3,EUROPEAN SUMMER,IL_341JHBPWHDBNK,1,
B0F13BJHC4,QUIET LUXURY/OLD MONEY,IL_310DHOAQUC0DH,1,
B0F13WMLPC,Hillary's NEWEST Finds,IL_1XPGUL8BC81KW,1,
B0F13X61LR,WORK WEAR,IL_3J2NRGA0NCDGR,1,
B0F14VV96B,DINING ROOM,IL_3RKTIOM3H9T72,1,
B0F17S4LTF,UNBOXING,IL_1NR6N43OIR93A,1,
B0F1CJD7T9,JUST IN - Organizing & Home,IL_3UQI8VF6F9P66,1,
B0F1CXY8B3,ELEVATED HOLIDAY FASHION,IL_WU8FIFLKC1R5,1,
B0F1D3BLPG,SPORT MOM Style,IL_33RG7LWDINUWO,1,
B0F1D76DVF,JUST IN - Organizing & Home,IL_3UQI8VF6F9P66,1,
B0F1DKQ5VC,TOP OCTOBER DEALS,IL_1E7EHNK9QTVEH,1,
B0F1DZX8RH,JULY TOP PICKS|TOP 50 BEAUTY,IL_17SP6THMUJN6E|IL_9FXRQ038D494,2,
B0F1FRRXST,RESORT WEAR FASHION,IL_15NDDXZ7X0955,1,
B0F1H9CTPQ,TECH ESSENTIALS,IL_1LVS8EBYWIS2J,1,
B0F1K1DS36,TRANSITIONAL Fall Fashion,IL_5MN6DE6JTTK2,1,
B0F1LLDF2S,JUST IN...My Newest OBSESSIONS,IL_EAQUVLIMTM7R,1,
B0F1QCNW6R,AMAZING NEW Home Finds,IL_202RY6J21JOG9,1,
B0F1RZSG6P,TEEN GUYS,IL_O65RH2OR0EF3,1,
B0F1T7XRZ4,AFFORDABLE DECOR|EARLY Fall|JULY TOP PICKS|RESTORATION VIBES,IL_2EHNEZELPW5NA|IL_2I5A3XFI29113|IL_9FXRQ038D494|IL_ED3VXSBXPFO5,4,
B0F1TCD9DT,COFFEE BAR Essentials,IL_FJAM99COX1K9,1,
B0F1TCDJS2,DATE NIGHT FASHION|In MY Travel Bag,IL_20Q0HRFOLM3K2|IL_SC6UJV027JAK,2,
B0F1TM3FXC,HEALTHY Living,IL_136JGDBOWW0I4,1,
B0F1TNSRY3,MORE NEW FINDS,IL_32M44I5BF0O0R,1,
B0F1TQXT79,OUTDOOR Oasis,IL_VI6A3WXDHHDU,1,
B0F1TSWZ3Z,HEALTHY Living,IL_136JGDBOWW0I4,1,
B0F1V34W6S,JUST IN - Organizing & Home,IL_3UQI8VF6F9P66,1,
B0F1V3YCK6,Hillary's NEWEST Finds,IL_1XPGUL8BC81KW,1,
B0F1V8NRFP,EARNED A SPOT FOR LIFE!|GADGETS I CANNOT live WITHOUT,IL_12L5JOTON77WY|IL_76ENHDCP4NP1,2,
B0F1V9CFG4,EARNED A SPOT FOR LIFE!,IL_76ENHDCP4NP1,1,
B0F1X8NJBH,ELEVATED SWIMWEAR,IL_20ODL7UVO85YK,1,
B0F1XNRQKH,RESORT WEAR FASHION,IL_15NDDXZ7X0955,1,
B0F1Y8MY6R,KITCHEN Essentials,IL_286Q78OJSYZO8,1,
B0F1Y8YXN7,SKIMS LIKE BASICS,IL_395N3QLHWD5V7,1,
B0F1Y9P8DX,BEDS. DRESSERS. NIGHTSTANDS.,IL_18H5BP5V6EGYM,1,
B0F1YKRD7S,RH STYLE - Looks like a SPLURGE,IL_32TSU85USSAQZ,1,
B0F214Y4K7,BEDS. DRESSERS. NIGHTSTANDS.,IL_18H5BP5V6EGYM,1,
B0F219JKZQ,HOLIDAY BEST SELLERS,IL_1Q6KH53S4CVWD,1,
B0F21CFLQ4,HOLIDAY BEST SELLERS,IL_1Q6KH53S4CVWD,1,
B0F21FJ8ZK,JUNE TOP PICKS,IL_2Q5678F6BP61R,1,
B0F21FNY6B,HOME OFFICE Essentials,IL_31KXTI157WXNV,1,
B0F21K5NPW,AMAZING NEW Home Finds,IL_202RY6J21JOG9,1,
B0F21MX967,HOME & BATH Essentials,IL_IRH0FVF815TU,1,
B0F21SFWTF,HOLIDAY COLOR CRUSHES 2025,IL_1LKQL9NF315YS,1,
B0F23H566M,DATE NIGHT FASHION,IL_20Q0HRFOLM3K2,1,
B0F23K5NPM,JULY TOP PICKS,IL_9FXRQ038D494,1,
B0F23ZXNB8,GIFTS UNDER $50,IL_30ZOK8YSQFY5N,1,
B0F2412F6F,TRANSITIONAL Fall Fashion|The FALL EDIT,IL_5MN6DE6JTTK2|IL_IOIVGOQN9X1X,2,
B0F241358Y,HALLOWEEN,IL_TOLRF8ZU3T5K,1,
B0F244P2RQ,JUST IN - Organizing & Home,IL_3UQI8VF6F9P66,1,
B0F246D5LD,BEDDING: LUXURY finds in Our Home|EARNED A SPOT FOR LIFE!|Our REMODEL HOME,IL_1RA73GK94YR1G|IL_3MJSZFZU5658|IL_76ENHDCP4NP1,3,
B0F24T1KTM,LIGHTING - Designer Inspired,IL_K3IDK9BPXYFW,1,
B0F253HXZM,DINING ROOM,IL_3RKTIOM3H9T72,1,
B0F25BDPCH,TEEN GIRLIES,IL_370XLUWUIJAX1,1,
B0F25WBX6G,ELEMENTARY SCHOOL,IL_13LSJDYI0DMAZ,1,
B0F26PZCNS,SKIMS LIKE BASICS,IL_395N3QLHWD5V7,1,
B0F27MG95D,48 Yr Old Mom of 5 - What I am OBSESSED over!|BURGUNDY CRUSH|In MY Travel Bag,IL_1NSB6B4CK6NM1|IL_32JT2D5T30E4J|IL_SC6UJV027JAK,3,
B0F28M8T5K,CHIC WITHOUT THE SPLURGE TRAVEL,IL_2GR0M7LHWL1O,1,
B0F28SYDCT,NEW HOME FINDS,IL_1QMBJFJU34FUR,1,
B0F28TL7MD,MORE NEW FINDS,IL_32M44I5BF0O0R,1,
B0F28VXZL6,CHIC WITHOUT THE SPLURGE TRAVEL,IL_2GR0M7LHWL1O,1,
B0F28XZLV4,HOME DECOR,IL_2V4ZM0XXYOP34,1,
B0F291DGFP,TEEN GUYS,IL_O65RH2OR0EF3,1,
B0F292T7TB,EUROPEAN SUMMER|TOP 100 PRIME FASHION DEALS,IL_2LWBTUXIDQYKM|IL_341JHBPWHDBNK,2,
B0F294SQRN,HOLIDAY ON SALE,IL_81C70Z4U4BII,1,
B0F29CZGNW,TWEEN BACK TO SCHOOL,IL_39AL8K1TZE306,1,
B0F29JPKWK,OUTDOOR Oasis,IL_VI6A3WXDHHDU,1,
B0F29M52KT,JUST IN - Organizing & Home,IL_3UQI8VF6F9P66,1,
B0F2DNBLJD,JUST IN...My Newest OBSESSIONS,IL_EAQUVLIMTM7R,1,
B0F2FNLSKR,TOP NOVEMBER DEALS,IL_2Z5U0A9S9OXF9,1,
B0F2GMCCY2,LIGHTING - Designer Inspired,IL_K3IDK9BPXYFW,1,
B0F2GYMC8H,TECH ESSENTIALS,IL_1LVS8EBYWIS2J,1,
B0F2HJTSFZ,EARNED A SPOT FOR LIFE!,IL_76ENHDCP4NP1,1,
B0F2HKT48Y,HOME & BATH Essentials,IL_IRH0FVF815TU,1,
B0F2HM3N5Y,HOME DECOR,IL_2V4ZM0XXYOP34,1,
B0F2HTBZ5K,STOCKING STUFFERS,IL_20274194WU668,1,
B0F2HXY61C,MORE NEW FINDS,IL_32M44I5BF0O0R,1,
B0F2HYBSG6,Effortless Chic Home,IL_34RHZWFKXT7UT,1,
B0F2J8DV5N,HALLOWEEN,IL_TOLRF8ZU3T5K,1,
B0F2JHNCYM,JUST IN...My Newest OBSESSIONS,IL_EAQUVLIMTM7R,1,
B0F2LPDJG9,UNDER $50 FALL Capsule,IL_39FHE4P3M78YV,1,
B0F2M6H4GN,HOLIDAY COLOR CRUSHES 2025,IL_1LKQL9NF315YS,1,
B0F2MFKNTY,TRAVEL,IL_24ASC2W86JF33,1,
B0F2MR3H5R,RESORT WEAR FASHION,IL_15NDDXZ7X0955,1,
B0F2MV1ZV7,EUROPEAN SUMMER,IL_341JHBPWHDBNK,1,
B0F2MWGF2W,Spring Obsessed,IL_222ENLE1WDY2M,1,
B0F2MX36Q6,The FALL EDIT,IL_IOIVGOQN9X1X,1,
B0F2RVJQTP,AUGUST TOP PICKS,IL_DSS93TBPVRP5,1,
B0F2SGPR4X,AFFORDABLE DECOR|NEW HOME FINDS,IL_1QMBJFJU34FUR|IL_2EHNEZELPW5NA,2,
B0F2W395X2,UNDER $50 FALL Capsule,IL_39FHE4P3M78YV,1,
B0F2YB597D,EUROPEAN SUMMER,IL_341JHBPWHDBNK,1,
B0F2YZDVFH,BEAUTY MUST-HAVES,IL_174AROJG7VER7,1,
B0F31YK7F3,MORE NEW FINDS,IL_32M44I5BF0O0R,1,
B0F323G2X5,ATHLETIC DRESSES,IL_3GE7XODL0Z5A3,1,
B0F329L95X,Hillary's NEWEST Finds,IL_1XPGUL8BC81KW,1,
B0F32BZM9Y,DATE NIGHT FASHION,IL_20Q0HRFOLM3K2,1,
B0F32QJN7T,RESTORATION VIBES,IL_2I5A3XFI29113,1,
B0F32QQ513,UNBOXING,IL_1NR6N43OIR93A,1,
B0F32R7PR3,WORK WEAR,IL_3J2NRGA0NCDGR,1,
B0F32SBWDY,PRESCHOOL LITTLES,IL_16F1ZOLGB573M,1,
B0F334269Q,TOP SEPTEMBER DEALS,IL_JI222AIPC2S,1,
B0F35MFXRC,PILATES PRINCESS,IL_3QM5O5E9ELURW,1,
B0F36SZKXF,HALLOWEEN,IL_TOLRF8ZU3T5K,1,
B0F37945H1,ELEVATED HOLIDAY FASHION,IL_WU8FIFLKC1R5,1,
B0F37VL7P5,EARLY Fall,IL_ED3VXSBXPFO5,1,
B0F37W43H9,SPORT MOM Style,IL_33RG7LWDINUWO,1,
B0F37X6K5X,OVER 40 & Fabulous HILLARY'S Capsule WARDROBE - Effortless & Chic|TRANSITIONAL Fall Fashion|The FALL EDIT,IL_1GS6BISWIK7UN|IL_5MN6DE6JTTK2|IL_IOIVGOQN9X1X,3,
B0F38HG4NB,FASHION,IL_3LEWC1H0K68XB,1,
B0F38K6PCF,LIGHTING - Designer Inspired,IL_K3IDK9BPXYFW,1,
B0F3CTBFSB,THE Littles - GIFT GUIDE,IL_3BMD6XLV7JIPG,1,
B0F3HM82CX,JUST IN...My Newest OBSESSIONS,IL_EAQUVLIMTM7R,1,
B0F3J2D6BN,PILATES PRINCESS,IL_3QM5O5E9ELURW,1,
B0F3PGL9NL,HOLIDAY ESSENTIALS,IL_ZN8TBHK35E0D,1,
B0F3R13J9B,ATHEISURE,IL_31LARMS9JHPGT,1,
B0F3TQDPSV,JUST IN - Organizing & Home,IL_3UQI8VF6F9P66,1,
B0F3W45TR5,MAXI DRESS EDIT,IL_3CETAKAWP1P7C,1,
B0F3X81XZN,Hillary's NEWEST Finds,IL_1XPGUL8BC81KW,1,
B0F3XB7VHC,KITCHEN Organizing|NEW Arrivals,IL_2B46UO4I7XY3G|IL_2DHFOQ3A1Q5U2,2,
B0F3XDDZP3,UNDER $50 FALL Capsule,IL_39FHE4P3M78YV,1,
B0F3XFPPML,JUST IN...My Newest OBSESSIONS|PILATES PRINCESS,IL_3QM5O5E9ELURW|IL_EAQUVLIMTM7R,2,
B0F41TLJT7,HOME DECOR,IL_2V4ZM0XXYOP34,1,
B0F438HRH8,UNDER $50 FALL Capsule,IL_39FHE4P3M78YV,1,
B0F43B59W2,TRANSITIONAL Fall Fashion,IL_5MN6DE6JTTK2,1,
B0F43R5CKY,UNDER $50 FALL Capsule,IL_39FHE4P3M78YV,1,
B0F43T53TL,RESORT WEAR FASHION,IL_15NDDXZ7X0955,1,
B0F473GSVS,PILATES PRINCESS,IL_3QM5O5E9ELURW,1,
B0F47LGYNB,TOP 100+ PRIME DEALS,IL_330I4A3SQ3ERE,1,
B0F4C6DB3Y,EUROPEAN SUMMER|TEEN GIRLIES,IL_341JHBPWHDBNK|IL_370XLUWUIJAX1,2,
B0F4D9HRXH,TOP SEPTEMBER DEALS,IL_JI222AIPC2S,1,
B0F4JSG4CH,WORK WEAR,IL_3J2NRGA0NCDGR,1,
B0F4JY16K4,TOP 100 HOME PICKS,IL_2DVQFMB8O8SDC,1,
B0F4KC2933,ELEMENTARY SCHOOL|TEEN GIRLIES|TWEEN BACK TO SCHOOL,IL_13LSJDYI0DMAZ|IL_370XLUWUIJAX1|IL_39AL8K1TZE306,3,
B0F4KMPXCQ,VIRAL Home Gadgets,IL_14615HLXD512Y,1,
B0F4KNJ4PW,BRIDE- Spoil Her for the Big Day!,IL_3R1F2KZC9BJXJ,1,
B0F4KWRG9M,OVER 40 & Fabulous HILLARY'S Capsule WARDROBE - Effortless & Chic,IL_1GS6BISWIK7UN,1,
B0F4L21Y68,FASHION|RESORT WEAR FASHION,IL_15NDDXZ7X0955|IL_3LEWC1H0K68XB,2,
B0F4L7KR77,BATHROOM REMODEL|HOME & BATH Essentials|JUST IN - Organizing & Home,IL_3UQI8VF6F9P66|IL_IRH0FVF815TU|IL_QWA0HLMH0ZPN,3,
B0F4MQNG4Y,The STYLE EDIT - HOTTEST finds RIGHT NOW!,IL_1SLNDA7361JAR,1,
B0F4N2ZXKD,DATE NIGHT FASHION,IL_20Q0HRFOLM3K2,1,
B0F4PNFBW6,ENTERTAINING Essentials,IL_2GHS9RLET14RQ,1,
B0F4PVKW59,HEALTHY Living,IL_136JGDBOWW0I4,1,
B0F4R5BKYH,ATHEISURE,IL_31LARMS9JHPGT,1,
B0F4R84ZMF,LIGHTING - Designer Inspired,IL_K3IDK9BPXYFW,1,
B0F4RDNQ8R,CHIC 2-PIECE SETS,IL_QR27F03IP4AQ,1,
B0F4SYJ6RZ,LUXURY GIFTS,IL_3KKGHGSJ1ZRYC,1,
B0F4VKNH7N,EARLY Fall,IL_ED3VXSBXPFO5,1,
B0F4WZRQP4,EUROPEAN SUMMER|TOP 100 PRIME FASHION DEALS|The STYLE EDIT - HOTTEST finds RIGHT NOW!,IL_1SLNDA7361JAR|IL_2LWBTUXIDQYKM|IL_341JHBPWHDBNK,3,
B0F4X8WSQV,RESORT WEAR FASHION,IL_15NDDXZ7X0955,1,
B0F4XDZGPG,BEST SELLERS,IL_3DS692CRM1BGS,1,
B0F4XQ6WMR,DATE NIGHT FASHION,IL_20Q0HRFOLM3K2,1,
B0F4XQS8WP,HOLIDAY COLOR CRUSHES 2025,IL_1LKQL9NF315YS,1,
B0F53F33GN,HALLOWEEN,IL_TOLRF8ZU3T5K,1,
B0F53N24TQ,NEW HOME FINDS,IL_1QMBJFJU34FUR,1,
B0F53X72FQ,DORM ROOM ESSENTIALS,IL_1DUCBV6BSXOJF,1,
B0F549TKCT,THE Littles - GIFT GUIDE,IL_3BMD6XLV7JIPG,1,
B0F54HLY45,ENTERTAINING Essentials,IL_2GHS9RLET14RQ,1,
B0F58XQYJR,JUST IN - Organizing & Home,IL_3UQI8VF6F9P66,1,
B0F59C13FK,APRIL Best Sellers|BEDDING: LUXURY finds in Our Home|TOP 100+ PRIME DEALS,IL_181FEP0C2U0RU|IL_330I4A3SQ3ERE|IL_3MJSZFZU5658,3,
B0F5BCKWFQ,$50 WINTER FASHION,IL_43J6PJOVYKC9,1,
B0F5BJXXNR,ELEVATED HOLIDAY FASHION,IL_WU8FIFLKC1R5,1,
B0F5BK255F,TWEEN BACK TO SCHOOL,IL_39AL8K1TZE306,1,
B0F5FW528C,ELEVATED SWIMWEAR,IL_20ODL7UVO85YK,1,
B0F5QDSCQ9,The FALL EDIT,IL_IOIVGOQN9X1X,1,
B0F5TZKB57,EARNED A SPOT FOR LIFE!|LIGHTING - Designer Inspired,IL_76ENHDCP4NP1|IL_K3IDK9BPXYFW,2,
B0F5WXLSNY,LIGHTING - Designer Inspired,IL_K3IDK9BPXYFW,1,
B0F61SPYQV,HOLIDAY ESSENTIALS|MY HOLIDAY Home,IL_18JLLR8E7X2KU|IL_ZN8TBHK35E0D,2,
B0F61SWBGK,HALLOWEEN,IL_TOLRF8ZU3T5K,1,
B0F61Z19V8,WORK WEAR,IL_3J2NRGA0NCDGR,1,
B0F627Q2HB,BEDDING: LUXURY finds in Our Home,IL_3MJSZFZU5658,1,
B0F62DKJ5N,TOP 100 PRIME FASHION DEALS,IL_2LWBTUXIDQYKM,1,
B0F62GGYSX,TEEN GIRLIES|TEEN GUYS,IL_370XLUWUIJAX1|IL_O65RH2OR0EF3,2,
B0F62NJLMS,QUIET LUXURY/OLD MONEY,IL_310DHOAQUC0DH,1,
B0F62RP5ND,WORK WEAR,IL_3J2NRGA0NCDGR,1,
B0F62W8C5B,HOLIDAY COLOR CRUSHES 2025,IL_1LKQL9NF315YS,1,
B0F6376693,ELEVATED HOLIDAY FASHION,IL_WU8FIFLKC1R5,1,
B0F637GW59,LUXE Gifting,IL_B4MF8PKIS82A,1,
B0F637QK1P,GIFTS UNDER $25,IL_OJUSIV7RIXZX,1,
B0F6549L6Z,MORE NEW FINDS,IL_32M44I5BF0O0R,1,
B0F65S1JF1,MAXI DRESS EDIT,IL_3CETAKAWP1P7C,1,
B0F65VB4HJ,DESIGNER INSPIRED,IL_3JCDIMAGNYZ0E,1,
B0F66G9Y3S,MORE NEW FINDS,IL_32M44I5BF0O0R,1,
B0F66GB3ZP,JUST IN - Organizing & Home,IL_3UQI8VF6F9P66,1,
B0F66MLLWX,THE DRESS SHOPPE - From BRUNCH to BLACK TIE,IL_1HHMN64HEUPU9,1,
B0F66TKVS8,$50 WINTER FASHION|DESIGNER INSPIRED,IL_3JCDIMAGNYZ0E|IL_43J6PJOVYKC9,2,
B0F66W5MQC,$50 WINTER FASHION,IL_43J6PJOVYKC9,1,
B0F66WXS82,ELEVATED HOLIDAY FASHION,IL_WU8FIFLKC1R5,1,
B0F66Z15FP,HOLIDAY COLOR CRUSHES 2025,IL_1LKQL9NF315YS,1,
B0F66ZHTQT,TEEN GIRLIES,IL_370XLUWUIJAX1,1,
B0F67DRL2K,ATHLETIC DRESSES,IL_3GE7XODL0Z5A3,1,
B0F6C8WJ6N,FALL LOUNGE SETS,IL_1K9R04PZQD03N,1,
B0F6CQRK6D,PILATES PRINCESS,IL_3QM5O5E9ELURW,1,
B0F6CTH82M,JUST IN - Organizing & Home,IL_3UQI8VF6F9P66,1,
B0F6DGCLJ6,AMAZING NEW Home Finds,IL_202RY6J21JOG9,1,
B0F6DX7WWB,LIGHTING - Designer Inspired,IL_K3IDK9BPXYFW,1,
B0F6K697RP,NEW HOME FINDS,IL_1QMBJFJU34FUR,1,
B0F6L1MT26,BEAUTY MUST-HAVES,IL_174AROJG7VER7,1,
B0F6LHRS9H,The FALL EDIT,IL_IOIVGOQN9X1X,1,
B0F6LL5HJ2,TOP NOVEMBER DEALS,IL_2Z5U0A9S9OXF9,1,
B0F6LQVY6N,HALLOWEEN,IL_TOLRF8ZU3T5K,1,
B0F6MDYRMH,BEST SELLERS,IL_3DS692CRM1BGS,1,
B0F6MRX23C,UNDER $50 FALL Capsule,IL_39FHE4P3M78YV,1,
B0F6MXKBRK,JULY TOP PICKS,IL_9FXRQ038D494,1,
B0F6N7L1NB,UNDER $50 FALL Capsule,IL_39FHE4P3M78YV,1,
B0F6NFQ95W,JUNE TOP PICKS|The STYLE EDIT - HOTTEST finds RIGHT NOW!,IL_1SLNDA7361JAR|IL_2Q5678F6BP61R,2,
B0F6SYKF4K,LIGHTING - Designer Inspired|Our REMODEL HOME|TOP 100 HOME PICKS,IL_1RA73GK94YR1G|IL_2DVQFMB8O8SDC|IL_K3IDK9BPXYFW,3,
B0F6T19CTD,EARLY Fall|Our REMODEL HOME,IL_1RA73GK94YR1G|IL_ED3VXSBXPFO5,2,
B0F6T4QPXG,OVER 40 & Fabulous HILLARY'S Capsule WARDROBE - Effortless & Chic,IL_1GS6BISWIK7UN,1,
B0F6T4TS23,CHIC 2-PIECE SETS|CHIC WITHOUT THE SPLURGE TRAVEL,IL_2GR0M7LHWL1O|IL_QR27F03IP4AQ,2,
B0F6TTDY48,48 Yr Old Mom of 5 - What I am OBSESSED over!|ELEVATED KITCHEN Must-Haves,IL_1NSB6B4CK6NM1|IL_V4V7ASEQMWKK,2,
B0F6TVJ71G,ELEVATED HOLIDAY FASHION,IL_WU8FIFLKC1R5,1,
B0F6TYW46M,NEW Arrivals|OVER 40 & Fabulous HILLARY'S Capsule WARDROBE - Effortless & Chic,IL_1GS6BISWIK7UN|IL_2DHFOQ3A1Q5U2,2,
B0F6V4HNVL,TOP 100 HOME PICKS,IL_2DVQFMB8O8SDC,1,
B0F6V4WXWK,ATHLETIC DRESSES,IL_3GE7XODL0Z5A3,1,
B0F6V6DDP6,TOP SEPTEMBER DEALS,IL_JI222AIPC2S,1,
B0F6VQN7V4,ELEMENTARY SCHOOL,IL_13LSJDYI0DMAZ,1,
B0F6VRLQ92,ELEMENTARY SCHOOL,IL_13LSJDYI0DMAZ,1,
B0F6VT935N,PRESCHOOL LITTLES,IL_16F1ZOLGB573M,1,
B0F6VVG3RG,SPORT MOM Style,IL_33RG7LWDINUWO,1,
B0F6XTFKKJ,APRIL Best Sellers,IL_181FEP0C2U0RU,1,
B0F6XXCS94,BATHROOM REMODEL|HOME & BATH Essentials,IL_IRH0FVF815TU|IL_QWA0HLMH0ZPN,2,
B0F6YQW61T,2025 TOP SELLERS,IL_3RT5O1LPLW4HX,1,
B0F71W2XYZ,48 Yr Old Mom of 5 - What I am OBSESSED over!|BEAUTY MUST-HAVES|LUXE Gifting|LUXURY GIFTS|TOP 50 BEAUTY,IL_174AROJG7VER7|IL_17SP6THMUJN6E|IL_1NSB6B4CK6NM1|IL_3KKGHGSJ1ZRYC|IL_B4MF8PKIS82A,5,
B0F74SFQLH,PRESCHOOL LITTLES,IL_16F1ZOLGB573M,1,
B0F74WQ8GW,PRESCHOOL LITTLES,IL_16F1ZOLGB573M,1,
B0F751WR55,PRESCHOOL LITTLES,IL_16F1ZOLGB573M,1,
B0F78DQ94J,TEEN GIRLIES,IL_370XLUWUIJAX1,1,
B0F7C6XJ3P,THE Littles - GIFT GUIDE,IL_3BMD6XLV7JIPG,1,
B0F7DR58GP,APRIL Best Sellers,IL_181FEP0C2U0RU,1,
B0F7F6F8C8,TOP 100 HOME PICKS,IL_2DVQFMB8O8SDC,1,
B0F7FY6DMW,DESIGNER INSPIRED|LUXE JEWELRY & ACCESSORIES,IL_27BIT6UUHQ198|IL_3JCDIMAGNYZ0E,2,
B0F7G273NN,$50 WINTER FASHION|2025 TOP SELLERS|48 Yr Old Mom of 5 - What I am OBSESSED over!|AFFORDABLE DECOR|AMAZING NEW Home Finds|APRIL Best Sellers|ATHEISURE|ATHLETIC DRESSES|AUGUST TOP PICKS|AUTUMN Vibes|Amazon Furniture in Our Home|April Amazon Live|BARCART|BATHROOM Essentials|BATHROOM Organization|BATHROOM REMODEL|BEAUTY & SKINCARE|BEAUTY MUST-HAVES|BED & BATH FINDS|BEDDING. PILLOWS. THROWS. TOWELS.|BEDDING: LUXURY finds in Our Home|BEDROOM STYLE|BEDS. DRESSERS. NIGHTSTANDS.|BEST SELLERS|BOY'S Bathroom|BRIDE- Spoil Her for the Big Day!|BURGUNDY CRUSH|CABINETS. SIDEBOARDS. BUFFETS. CONSOLES.|CANDLE HOLDERS. CANDLE STICKS.|CAR ORGANIZATION|CARTS DON'T LIE — These were May's biggest hits.|CHIC 2-PIECE SETS|CHIC WITHOUT THE SPLURGE TRAVEL|CLOSET Organizing|COFFEE BAR Essentials|COFFEE TABLE BOOKS|COFFEE TABLES. SIDE TABLES. ACCENT TABLES|CREATOR Favorites|CURTAINS|CYBER HOLIDAY|DATE NIGHT FASHION|DECEMBER Best Sellers|DESIGNER INSPIRED|DINING ROOM|DORM ROOM ESSENTIALS|EARLY Fall|EARNED A SPOT FOR LIFE!|ELEMENTARY SCHOOL|ELEVATED Bathroom Must-Haves|ELEVATED HOLIDAY FASHION|ELEVATED KITCHEN Must-Haves|ELEVATED SWIMWEAR|ENTERTAINING Essentials|ENTRYWAY. FOYER.|EUROPEAN SUMMER|Effortless Chic Home|FALL LOUNGE SETS|FASHION|FAUX & DRIED FLORALS|FAUX INDOOR/OUTDOOR|FEBRUARY Best Sellers|FOR HER - HANDBAGS|FOR HIM - GIFT GUIDE|FRIDGE Organization|FRONT PORCH|FURNITURE In Our Home|For the Big Kids|For the Hostess - GIFT GUIDE|Furniture Mover REEL|GADGETS I CANNOT live WITHOUT|GIFTING|GIFTS UNDER $25|GIFTS UNDER $50|HAIR CARE|HALLOWEEN|HARDWARE & FINISHES|HEALTHY Living|HILLARY'S BEACH Bag Essentials|HOLIDAY BEST SELLERS|HOLIDAY COLOR CRUSHES 2025|HOLIDAY ESSENTIALS|HOLIDAY EVENING Looks|HOLIDAY MUST-HAVES on AMAZON LIVE|HOLIDAY ON SALE|HOLIDAY THEMES 2025|HOME & BATH Essentials|HOME DECOR|HOME OFFICE Essentials|Hillary's NEWEST Finds|Home UPGRADES|In MY Travel Bag|JANUARY Best Sellers|JOCELYN'S Space|JULY TOP PICKS|JUNE TOP PICKS|JUST IN - Organizing & Home|JUST IN...My Newest OBSESSIONS|January Best Sellers 2|KITCHEN Essentials|KITCHEN Organizing|LAMPS|LAST MINUTE GIFTS|LAUNDRY Room Essentials|LIGHTING - Designer Inspired|LUXE Gifting|LUXE Holiday Home|LUXE JEWELRY & ACCESSORIES|LUXURY GIFTS|MARCH Best Sellers|MAXI DRESS EDIT|MEMORIAL DAY SALE FOLLOWER FAVORITES|MORE NEW FINDS|MUST-HAVE HOSTING|MY HOLIDAY Home|MY Holiday Styling List|MY TOP PRODUCTS FOR JULY|Moody Luxe Home|My Curated Gift Guide|My TOP Amazon Cleaning and Organizing|NEW Arrivals|NEW HOLIDAY Finds|NEW HOME FINDS|NIGHTSTAND Essentials|NO DRILL Home Improvement|New Year's Must-Haves|ORGANIZING Essentials|OUR Rental|OUTDOOR Oasis|OVER 40 & Fabulous HILLARY'S Capsule WARDROBE - Effortless & Chic|Our REMODEL HOME|Our SITTING ROOM|Outdoor PLANTERS|PANTRY Organization|PILATES PRINCESS|PILLOWS & THROWS|POWDER BATH|PRESCHOOL LITTLES|QUIET LUXURY/OLD MONEY|RESORT WEAR FASHION|RESTORATION VIBES|RH STYLE - Looks like a SPLURGE|RUGS|SHATTERPROOF Beverage Glasses|SHOP The Hillary Style|SHOPBOP Favorites|SKIMS LIKE BASICS|SOFAS. ACCENT CHAIRS. OTTOMANS.|SPORT MOM Style|STOCKING STUFFERS|SUMMER HOSTING|Spring Obsessed|Subtle Luxury Home|TABLETOP MUST-HAVES|TECH ESSENTIALS|TEEN GIRLIES|TEEN GUYS|THE DRESS SHOPPE - From BRUNCH to BLACK TIE|THE Little Black Dress|THE Littles - GIFT GUIDE|TOP 100 HOME PICKS|TOP 100 PRIME FASHION DEALS|TOP 100+ PRIME DEALS|TOP 50 BEAUTY|TOP MOVING/ORGANIZING|TOP NOVEMBER DEALS|TOP OCTOBER DEALS|TOP SEPTEMBER DEALS|TRANSITIONAL Fall Fashion|TRAVEL|TWEEN & TEEN - GIFT GUIDE|TWEEN BACK TO SCHOOL|The FALL EDIT|The Hillary Style Holiday|The STYLE EDIT - HOTTEST finds RIGHT NOW!|UNBOXING|UNDER $50 FALL Capsule|VANITY Must-Haves|VASES. TRAYS. BOXES.|VIRAL Holiday Finds|VIRAL Home Gadgets|Vanity Organization|WALL DECOR - MIRRORS. ART. FRAMES.|WINTER FASHION|WORK WEAR|Your Currently MOST-LOVED,IL_12L5JOTON77WY|IL_12LJ38VR8BIZT|IL_136JGDBOWW0I4|IL_13866CB1KN3RI|IL_13DUABZBTBJVY|IL_13LSJDYI0DMAZ|IL_14615HLXD512Y|IL_15NDDXZ7X0955|IL_16F1ZOLGB573M|IL_174AROJG7VER7|IL_17ITIHGPTINHX|IL_17SP6THMUJN6E|IL_181FEP0C2U0RU|IL_18H5BP5V6EGYM|IL_18JLLR8E7X2KU|IL_1BKDYBCCXK5YE|IL_1DUCBV6BSXOJF|IL_1DXRHB098MRMA|IL_1E7EHNK9QTVEH|IL_1GS6BISWIK7UN|IL_1HHMN64HEUPU9|IL_1HZQPC6SSAHFG|IL_1I8FQ5LPJG30D|IL_1K9R04PZQD03N|IL_1LFWTJH9UBPKU|IL_1LKQL9NF315YS|IL_1LVS8EBYWIS2J|IL_1MB9961G83COM|IL_1MKYF1CAY9E8G|IL_1NFO0QLH5HS6Y|IL_1NR6N43OIR93A|IL_1NSB6B4CK6NM1|IL_1OH1TVBZ3L337|IL_1Q6KH53S4CVWD|IL_1QMBJFJU34FUR|IL_1QMQ9WWH79VRL|IL_1R4YIGU257W50|IL_1RA73GK94YR1G|IL_1SLNDA7361JAR|IL_1UGCFJJRVROLC|IL_1XPGUL8BC81KW|IL_1YYODGJOLLLRT|IL_20274194WU668|IL_202RY6J21JOG9|IL_20ODL7UVO85YK|IL_20Q0HRFOLM3K2|IL_21CU9PVXLTL6P|IL_21IKKXKZPGWVW|IL_21MLRQOMMKCFI|IL_21T7CCUQI2DH5|IL_222ENLE1WDY2M|IL_22L0SLOF07ITQ|IL_23YO2PO28IXV|IL_24ASC2W86JF33|IL_26IY6FNENQC7M|IL_270Y6RLSPP10V|IL_27BIT6UUHQ198|IL_27L1ENCS6OMON|IL_27VCDHN1568QK|IL_286Q78OJSYZO8|IL_28Z72BVY6B71P|IL_2969EJ7F6BLI8|IL_29FTLXCTPVP41|IL_2ABZ85AO7D848|IL_2B46UO4I7XY3G|IL_2C66SA5TXKNJK|IL_2DHFOQ3A1Q5U2|IL_2DVQFMB8O8SDC|IL_2EHNEZELPW5NA|IL_2GHS9RLET14RQ|IL_2GR0M7LHWL1O|IL_2HG2TBY26H9IW|IL_2I5A3XFI29113|IL_2KYYGUEXPAOKJ|IL_2LWBTUXIDQYKM|IL_2N8O18PX5PHA3|IL_2NDA05KNMQH4|IL_2OL0SY0HD6BBS|IL_2P1RVZSE8RCAZ|IL_2PQNIB7PVLPT1|IL_2Q5678F6BP61R|IL_2Q8H0EUR30UN9|IL_2RA331651DDK8|IL_2RDBP13815B8R|IL_2V2HL7TFY8QE8|IL_2V4ZM0XXYOP34|IL_2V9Q1BLJC4BNW|IL_2WRZJHHWAS214|IL_2YQAXQUJ2H8KY|IL_2Z5U0A9S9OXF9|IL_30ZOK8YSQFY5N|IL_310DHOAQUC0DH|IL_311VGYMV97O78|IL_31KXTI157WXNV|IL_31LARMS9JHPGT|IL_31R6EZ6S1ERJH|IL_32JT2D5T30E4J|IL_32M44I5BF0O0R|IL_32NJAOW4JT5JB|IL_32TSU85USSAQZ|IL_330I4A3SQ3ERE|IL_33RG7LWDINUWO|IL_341JHBPWHDBNK|IL_34RHZWFKXT7UT|IL_34VIWGR89GOO8|IL_370XLUWUIJAX1|IL_395N3QLHWD5V7|IL_39AL8K1TZE306|IL_39FHE4P3M78YV|IL_3BMD6XLV7JIPG|IL_3BNM8CSCBJ7VF|IL_3CETAKAWP1P7C|IL_3CQZYKSH60HA3|IL_3DS692CRM1BGS|IL_3GE7XODL0Z5A3|IL_3H3WH72KSZXK3|IL_3HBHLKKIJRXAQ|IL_3ITM4V91K4422|IL_3J2NRGA0NCDGR|IL_3JCDIMAGNYZ0E|IL_3KKGHGSJ1ZRYC|IL_3LEWC1H0K68XB|IL_3MJSZFZU5658|IL_3QCVRRMTI2TTQ|IL_3QM5O5E9ELURW|IL_3R1F2KZC9BJXJ|IL_3RKTIOM3H9T72|IL_3RT5O1LPLW4HX|IL_3TE1WGJI4HUK8|IL_3U58T22AIU7ZR|IL_3U9GRAHOG87DY|IL_3UQI8VF6F9P66|IL_3VBGW6RI08DIE|IL_3VW7VU2STCZ6B|IL_43J6PJOVYKC9|IL_5MN6DE6JTTK2|IL_76ENHDCP4NP1|IL_81C70Z4U4BII|IL_97O81RWTU3TG|IL_9FXRQ038D494|IL_B4MF8PKIS82A|IL_BWHQ5TU85DA7|IL_C4VDLQZK7ACP|IL_CQQP654U5715|IL_CTNECHN1HUCU|IL_DB6CKD297DDB|IL_DSS93TBPVRP5|IL_EAQUVLIMTM7R|IL_ED3VXSBXPFO5|IL_EEJXEINH2736|IL_F5Z67P4FFJC4|IL_FJAM99COX1K9|IL_IE0BGUCCDZ8X|IL_IOIVGOQN9X1X|IL_IRH0FVF815TU|IL_ITC144HBA2XS|IL_J39K6QG9TPDR|IL_J4MBZKLMALLQ|IL_JI222AIPC2S|IL_K1RZXTONZLT1|IL_K3IDK9BPXYFW|IL_K5H00QYC3R1G|IL_KIGFVJQ0V3OW|IL_L3V3XJ5WT8SV|IL_M0U0DTYJP1BI|IL_M615BEYW486F|IL_O5BIFXCH5S3Y|IL_O65RH2OR0EF3|IL_OB8CSFU2LS6V|IL_OJUSIV7RIXZX|IL_PN4A9X7BMPFX|IL_Q8UFO5D52NKD|IL_QR27F03IP4AQ|IL_QWA0HLMH0ZPN|IL_SC6UJV027JAK|IL_T9AHRYR4TO4W|IL_TOLRF8ZU3T5K|IL_V4V7ASEQMWKK|IL_VI6A3WXDHHDU|IL_VRW78IY69242|IL_WMCP8YLCXSCD|IL_WPS59NJ19M48|IL_WU8FIFLKC1R5|IL_YYM41OHGI1KQ|IL_ZN8TBHK35E0D,185,All memberships are included in internal_label; only the first 5 stable backup labels appear in custom_label_0-4.
B0F7HGQ576,HOLIDAY COLOR CRUSHES 2025,IL_1LKQL9NF315YS,1,
B0F7HSD587,TEEN GIRLIES,IL_370XLUWUIJAX1,1,
B0F7JRGGL4,AUTUMN Vibes,IL_2NDA05KNMQH4,1,
B0F7K6GN6G,$50 WINTER FASHION|JUST IN...My Newest OBSESSIONS|UNDER $50 FALL Capsule,IL_39FHE4P3M78YV|IL_43J6PJOVYKC9|IL_EAQUVLIMTM7R,3,
B0F7KB71C4,FOR HIM - GIFT GUIDE,IL_26IY6FNENQC7M,1,
B0F7KCW6TH,OVER 40 & Fabulous HILLARY'S Capsule WARDROBE - Effortless & Chic|WORK WEAR,IL_1GS6BISWIK7UN|IL_3J2NRGA0NCDGR,2,
B0F7LGVY67,THE Littles - GIFT GUIDE,IL_3BMD6XLV7JIPG,1,
B0F7LJCVMN,MAXI DRESS EDIT,IL_3CETAKAWP1P7C,1,
B0F7LS6HDR,In MY Travel Bag,IL_SC6UJV027JAK,1,
B0F7LSFPBY,NEW HOLIDAY Finds,IL_13866CB1KN3RI,1,
B0F7M234P5,FASHION,IL_3LEWC1H0K68XB,1,
B0F7MV1XHX,ELEMENTARY SCHOOL,IL_13LSJDYI0DMAZ,1,
B0F7MY5F6R,JULY TOP PICKS,IL_9FXRQ038D494,1,
B0F7QFNYGK,In MY Travel Bag|MAXI DRESS EDIT|WORK WEAR,IL_3CETAKAWP1P7C|IL_3J2NRGA0NCDGR|IL_SC6UJV027JAK,3,
B0F7QR71MD,THE DRESS SHOPPE - From BRUNCH to BLACK TIE,IL_1HHMN64HEUPU9,1,
B0F7RNK7DP,The STYLE EDIT - HOTTEST finds RIGHT NOW!,IL_1SLNDA7361JAR,1,
B0F7V1QLBX,STOCKING STUFFERS,IL_20274194WU668,1,
B0F7XDM25X,$50 WINTER FASHION,IL_43J6PJOVYKC9,1,
B0F7XJTK6P,ELEVATED SWIMWEAR,IL_20ODL7UVO85YK,1,
B0F7XLQK4R,HALLOWEEN,IL_TOLRF8ZU3T5K,1,
B0F7XPN3RB,TOP SEPTEMBER DEALS,IL_JI222AIPC2S,1,
B0F7YPN2VY,KITCHEN Essentials,IL_286Q78OJSYZO8,1,
B0F7Z4QZTT,TECH ESSENTIALS,IL_1LVS8EBYWIS2J,1,
B0F7ZWM66P,BEST SELLERS,IL_3DS692CRM1BGS,1,
B0F83KL8LV,DORM ROOM ESSENTIALS,IL_1DUCBV6BSXOJF,1,
B0F83KM9W8,HALLOWEEN,IL_TOLRF8ZU3T5K,1,
B0F83QXWVN,LUXE Gifting,IL_B4MF8PKIS82A,1,
B0F83TMM4T,$50 WINTER FASHION,IL_43J6PJOVYKC9,1,
B0F83V7VCK,The FALL EDIT,IL_IOIVGOQN9X1X,1,
B0F869L6RK,BURGUNDY CRUSH,IL_32JT2D5T30E4J,1,
B0F87N8HMG,ELEVATED HOLIDAY FASHION,IL_WU8FIFLKC1R5,1,
B0F89Y59XT,WORK WEAR,IL_3J2NRGA0NCDGR,1,
B0F89Y8VJT,CARTS DON'T LIE — These were May's biggest hits.|CHIC WITHOUT THE SPLURGE TRAVEL|OVER 40 & Fabulous HILLARY'S Capsule WARDROBE - Effortless & Chic,IL_1BKDYBCCXK5YE|IL_1GS6BISWIK7UN|IL_2GR0M7LHWL1O,3,
B0F89ZK269,QUIET LUXURY/OLD MONEY,IL_310DHOAQUC0DH,1,
B0F8BB6MVX,ATHLETIC DRESSES,IL_3GE7XODL0Z5A3,1,
B0F8BFV8TX,BEST SELLERS,IL_3DS692CRM1BGS,1,
B0F8BML263,ELEMENTARY SCHOOL,IL_13LSJDYI0DMAZ,1,
B0F8BR67FD,TRANSITIONAL Fall Fashion,IL_5MN6DE6JTTK2,1,
B0F8H4GJJZ,$50 WINTER FASHION,IL_43J6PJOVYKC9,1,
B0F8HBB9XS,WALL DECOR - MIRRORS. ART. FRAMES.,IL_1HZQPC6SSAHFG,1,
B0F8HJXZLS,WALL DECOR - MIRRORS. ART. FRAMES.,IL_1HZQPC6SSAHFG,1,
B0F8HWS9VH,PRESCHOOL LITTLES,IL_16F1ZOLGB573M,1,
B0F8J4ZTFT,TECH ESSENTIALS,IL_1LVS8EBYWIS2J,1,
B0F8JLN59W,TOP 50 BEAUTY,IL_17SP6THMUJN6E,1,
B0F8NGXFMZ,HOLIDAY MUST-HAVES on AMAZON LIVE|VIRAL Holiday Finds,IL_3QCVRRMTI2TTQ|IL_3U58T22AIU7ZR,2,
B0F8NKP3VR,FALL LOUNGE SETS,IL_1K9R04PZQD03N,1,
B0F8NRZHGN,HOLIDAY MUST-HAVES on AMAZON LIVE|JUST IN...My Newest OBSESSIONS|VIRAL Holiday Finds,IL_3QCVRRMTI2TTQ|IL_3U58T22AIU7ZR|IL_EAQUVLIMTM7R,3,
B0F8PWZT55,The FALL EDIT,IL_IOIVGOQN9X1X,1,
B0F8QDVK7M,The STYLE EDIT - HOTTEST finds RIGHT NOW!,IL_1SLNDA7361JAR,1,
B0F8QFGG4R,TEEN GIRLIES,IL_370XLUWUIJAX1,1,
B0F8QG3MH9,DORM ROOM ESSENTIALS,IL_1DUCBV6BSXOJF,1,
B0F8QN3FXH,JUST IN - Organizing & Home,IL_3UQI8VF6F9P66,1,
B0F8QQR7SL,ELEVATED HOLIDAY FASHION,IL_WU8FIFLKC1R5,1,
B0F8QSWB93,THE Littles - GIFT GUIDE,IL_3BMD6XLV7JIPG,1,
B0F8R3TNC6,UNBOXING,IL_1NR6N43OIR93A,1,
B0F8T5ZZBT,CHIC WITHOUT THE SPLURGE TRAVEL|FASHION,IL_2GR0M7LHWL1O|IL_3LEWC1H0K68XB,2,
B0F8VLJ8QB,The FALL EDIT,IL_IOIVGOQN9X1X,1,
B0F8VLTNSF,UNBOXING,IL_1NR6N43OIR93A,1,
B0F8VM88GR,QUIET LUXURY/OLD MONEY,IL_310DHOAQUC0DH,1,
B0F8VMFS12,BATHROOM REMODEL,IL_QWA0HLMH0ZPN,1,
B0F8VNT356,TRANSITIONAL Fall Fashion|The FALL EDIT,IL_5MN6DE6JTTK2|IL_IOIVGOQN9X1X,2,
B0F8VP26GL,KITCHEN Organizing|NEW Arrivals,IL_2B46UO4I7XY3G|IL_2DHFOQ3A1Q5U2,2,
B0F8VS13V4,OVER 40 & Fabulous HILLARY'S Capsule WARDROBE - Effortless & Chic,IL_1GS6BISWIK7UN,1,
B0F8ZVTY2X,SKIMS LIKE BASICS,IL_395N3QLHWD5V7,1,
B0F8ZWZRR2,EUROPEAN SUMMER|The STYLE EDIT - HOTTEST finds RIGHT NOW!,IL_1SLNDA7361JAR|IL_341JHBPWHDBNK,2,
B0F92M38VH,WORK WEAR,IL_3J2NRGA0NCDGR,1,
B0F92P7VD4,HOLIDAY COLOR CRUSHES 2025,IL_1LKQL9NF315YS,1,
B0F93DJBM6,AFFORDABLE DECOR,IL_2EHNEZELPW5NA,1,
B0F93L6H9P,MAXI DRESS EDIT|THE DRESS SHOPPE - From BRUNCH to BLACK TIE,IL_1HHMN64HEUPU9|IL_3CETAKAWP1P7C,2,
B0F93M6K8N,MY HOLIDAY Home,IL_18JLLR8E7X2KU,1,
B0F93MX6RR,FOR HIM - GIFT GUIDE,IL_26IY6FNENQC7M,1,
B0F93PXJ8J,In MY Travel Bag|TRANSITIONAL Fall Fashion,IL_5MN6DE6JTTK2|IL_SC6UJV027JAK,2,
B0F942S8YD,2025 TOP SELLERS,IL_3RT5O1LPLW4HX,1,
B0F952ZX3H,JUST IN...My Newest OBSESSIONS,IL_EAQUVLIMTM7R,1,
B0F98QMHYL,HOLIDAY THEMES 2025,IL_CQQP654U5715,1,
B0F98YYF2S,AUTUMN Vibes,IL_2NDA05KNMQH4,1,
B0F98Z9PJK,QUIET LUXURY/OLD MONEY,IL_310DHOAQUC0DH,1,
B0F992RXFL,BEST SELLERS|TOP OCTOBER DEALS,IL_1E7EHNK9QTVEH|IL_3DS692CRM1BGS,2,
B0F995ZVN1,HALLOWEEN,IL_TOLRF8ZU3T5K,1,
B0F9985FHZ,MORE NEW FINDS,IL_32M44I5BF0O0R,1,
B0F99KXHLM,TOP SEPTEMBER DEALS,IL_JI222AIPC2S,1,
B0F99M3HZ2,TRANSITIONAL Fall Fashion,IL_5MN6DE6JTTK2,1,
B0F9B3B9HR,HOME & BATH Essentials,IL_IRH0FVF815TU,1,
B0F9B9R5J9,KITCHEN Essentials,IL_286Q78OJSYZO8,1,
B0F9FB7VCH,The STYLE EDIT - HOTTEST finds RIGHT NOW!,IL_1SLNDA7361JAR,1,
B0F9FBFXLW,MORE NEW FINDS,IL_32M44I5BF0O0R,1,
B0F9FCTSYS,MAXI DRESS EDIT|OVER 40 & Fabulous HILLARY'S Capsule WARDROBE - Effortless & Chic,IL_1GS6BISWIK7UN|IL_3CETAKAWP1P7C,2,
B0F9FFXBB3,BURGUNDY CRUSH,IL_32JT2D5T30E4J,1,
B0F9FJQ62P,EARLY Fall|RH STYLE - Looks like a SPLURGE,IL_32TSU85USSAQZ|IL_ED3VXSBXPFO5,2,
B0F9K844H8,PILATES PRINCESS,IL_3QM5O5E9ELURW,1,
B0F9L8W973,TRANSITIONAL Fall Fashion,IL_5MN6DE6JTTK2,1,
B0F9NHQ9C1,$50 WINTER FASHION|TOP NOVEMBER DEALS,IL_2Z5U0A9S9OXF9|IL_43J6PJOVYKC9,2,
B0F9NKS1ZG,ELEVATED HOLIDAY FASHION,IL_WU8FIFLKC1R5,1,
B0F9NN33N6,$50 WINTER FASHION,IL_43J6PJOVYKC9,1,
B0F9NNHJJS,CHIC 2-PIECE SETS,IL_QR27F03IP4AQ,1,
B0F9NQZG2Z,HALLOWEEN,IL_TOLRF8ZU3T5K,1,
B0F9NTKQZ6,JUST IN...My Newest OBSESSIONS,IL_EAQUVLIMTM7R,1,
B0F9NXX5YG,ELEVATED HOLIDAY FASHION,IL_WU8FIFLKC1R5,1,
B0F9NZ2L83,The FALL EDIT,IL_IOIVGOQN9X1X,1,
B0F9P1ZZ3J,The FALL EDIT,IL_IOIVGOQN9X1X,1,
B0F9P2FL51,EUROPEAN SUMMER,IL_341JHBPWHDBNK,1,
B0F9P334WV,TOP SEPTEMBER DEALS,IL_JI222AIPC2S,1,
B0F9P5W1LR,JUST IN - Organizing & Home,IL_3UQI8VF6F9P66,1,
B0F9PDG8XN,RESORT WEAR FASHION,IL_15NDDXZ7X0955,1,
B0F9SPZ33X,HOLIDAY THEMES 2025,IL_CQQP654U5715,1,
B0F9TG32TN,QUIET LUXURY/OLD MONEY,IL_310DHOAQUC0DH,1,
B0F9V2R325,AMAZING NEW Home Finds,IL_202RY6J21JOG9,1,
B0F9W8VPXC,EARLY Fall|JULY TOP PICKS,IL_9FXRQ038D494|IL_ED3VXSBXPFO5,2,
B0F9WRVKKJ,TWEEN & TEEN - GIFT GUIDE,IL_1I8FQ5LPJG30D,1,
B0F9WTPVTR,UNBOXING,IL_1NR6N43OIR93A,1,
B0F9WW6JD3,EUROPEAN SUMMER,IL_341JHBPWHDBNK,1,
B0F9WWPRQW,$50 WINTER FASHION,IL_43J6PJOVYKC9,1,
B0F9WWPV1C,OVER 40 & Fabulous HILLARY'S Capsule WARDROBE - Effortless & Chic,IL_1GS6BISWIK7UN,1,
B0F9WYB9FL,HEALTHY Living|KITCHEN Organizing|NEW Arrivals,IL_136JGDBOWW0I4|IL_2B46UO4I7XY3G|IL_2DHFOQ3A1Q5U2,3,
B0F9X8R61T,TRANSITIONAL Fall Fashion,IL_5MN6DE6JTTK2,1,
B0F9XWH9JP,THE Littles - GIFT GUIDE,IL_3BMD6XLV7JIPG,1,
B0F9XWNX45,LIGHTING - Designer Inspired,IL_K3IDK9BPXYFW,1,
B0F9XZ1TTM,LIGHTING - Designer Inspired,IL_K3IDK9BPXYFW,1,
B0F9Y3ZG3L,BEST SELLERS|TOP OCTOBER DEALS,IL_1E7EHNK9QTVEH|IL_3DS692CRM1BGS,2,
B0F9Y4Q9RH,BEST SELLERS,IL_3DS692CRM1BGS,1,
B0F9Y679J5,BEST SELLERS|JUST IN...My Newest OBSESSIONS,IL_3DS692CRM1BGS|IL_EAQUVLIMTM7R,2,
B0F9YKNN73,JUST IN - Organizing & Home,IL_3UQI8VF6F9P66,1,
B0F9YLV5FP,HALLOWEEN,IL_TOLRF8ZU3T5K,1,
B0F9YMB1W1,HALLOWEEN,IL_TOLRF8ZU3T5K,1,
B0F9YX6B21,TOP 100 HOME PICKS,IL_2DVQFMB8O8SDC,1,
B0F9ZN799J,SPORT MOM Style,IL_33RG7LWDINUWO,1,
B0F9ZWSXW3,SPORT MOM Style,IL_33RG7LWDINUWO,1,
B0F9ZXWFWL,ELEMENTARY SCHOOL,IL_13LSJDYI0DMAZ,1,
B0FB199BCW,TOP 50 BEAUTY,IL_17SP6THMUJN6E,1,
B0FB1C8GWW,TOP 100 PRIME FASHION DEALS,IL_2LWBTUXIDQYKM,1,
B0FB44NFLX,JUST IN...My Newest OBSESSIONS,IL_EAQUVLIMTM7R,1,
B0FB4VKC6V,DATE NIGHT FASHION,IL_20Q0HRFOLM3K2,1,
B0FB4Y2WVG,TRANSITIONAL Fall Fashion,IL_5MN6DE6JTTK2,1,
B0FB7B7Z8R,FASHION,IL_3LEWC1H0K68XB,1,
B0FB8HLZD3,JUNE TOP PICKS,IL_2Q5678F6BP61R,1,
B0FB92W4MG,QUIET LUXURY/OLD MONEY,IL_310DHOAQUC0DH,1,
B0FB961PVX,$50 WINTER FASHION|BURGUNDY CRUSH|DESIGNER INSPIRED|JUST IN...My Newest OBSESSIONS,IL_32JT2D5T30E4J|IL_3JCDIMAGNYZ0E|IL_43J6PJOVYKC9|IL_EAQUVLIMTM7R,4,
B0FBBTMYBQ,JUNE TOP PICKS,IL_2Q5678F6BP61R,1,
B0FBBV27FC,UNBOXING,IL_1NR6N43OIR93A,1,
B0FBC9XWT5,JUNE TOP PICKS|RESTORATION VIBES|UNBOXING,IL_1NR6N43OIR93A|IL_2I5A3XFI29113|IL_2Q5678F6BP61R,3,
B0FBCCN7N4,UNBOXING,IL_1NR6N43OIR93A,1,
B0FBFHL62L,WORK WEAR,IL_3J2NRGA0NCDGR,1,
B0FBG7VLQ7,The FALL EDIT,IL_IOIVGOQN9X1X,1,
B0FBGGXJS7,EARLY Fall|JULY TOP PICKS,IL_9FXRQ038D494|IL_ED3VXSBXPFO5,2,
B0FBH17JJH,BEST SELLERS,IL_3DS692CRM1BGS,1,
B0FBKLD7KG,NEW Arrivals,IL_2DHFOQ3A1Q5U2,1,
B0FBNCJK33,ORGANIZING Essentials,IL_27VCDHN1568QK,1,
B0FBR3NF65,WORK WEAR,IL_3J2NRGA0NCDGR,1,
B0FBR47LDR,AFFORDABLE DECOR|AUTUMN Vibes,IL_2EHNEZELPW5NA|IL_2NDA05KNMQH4,2,
B0FBR5ZP8H,TRANSITIONAL Fall Fashion|UNDER $50 FALL Capsule,IL_39FHE4P3M78YV|IL_5MN6DE6JTTK2,2,
B0FBRFZ6Y6,The STYLE EDIT - HOTTEST finds RIGHT NOW!,IL_1SLNDA7361JAR,1,
B0FBRFZNR2,TWEEN BACK TO SCHOOL,IL_39AL8K1TZE306,1,
B0FBRHCGXY,The STYLE EDIT - HOTTEST finds RIGHT NOW!,IL_1SLNDA7361JAR,1,
B0FBRLS7YK,JUST IN...My Newest OBSESSIONS,IL_EAQUVLIMTM7R,1,
B0FBRPX7RS,THE Littles - GIFT GUIDE,IL_3BMD6XLV7JIPG,1,
B0FBRQRPLX,ELEVATED KITCHEN Must-Haves,IL_V4V7ASEQMWKK,1,
B0FBS93JXR,AFFORDABLE DECOR|NEW HOME FINDS,IL_1QMBJFJU34FUR|IL_2EHNEZELPW5NA,2,
B0FBSFD7W7,GIFTS UNDER $50,IL_30ZOK8YSQFY5N,1,
B0FBSZL8NT,DATE NIGHT FASHION,IL_20Q0HRFOLM3K2,1,
B0FBV4MKX4,LUXURY GIFTS,IL_3KKGHGSJ1ZRYC,1,
B0FBVZL2YK,OVER 40 & Fabulous HILLARY'S Capsule WARDROBE - Effortless & Chic,IL_1GS6BISWIK7UN,1,
B0FBWCD856,BEST SELLERS|VIRAL Holiday Finds,IL_3DS692CRM1BGS|IL_3QCVRRMTI2TTQ,2,
B0FBWHCQF2,EARLY Fall,IL_ED3VXSBXPFO5,1,
B0FBWR3XKJ,HOLIDAY COLOR CRUSHES 2025,IL_1LKQL9NF315YS,1,
B0FBWT48TC,THE Littles - GIFT GUIDE,IL_3BMD6XLV7JIPG,1,
B0FBWYX3XF,HEALTHY Living,IL_136JGDBOWW0I4,1,
B0FC1N4R8M,DINING ROOM,IL_3RKTIOM3H9T72,1,
B0FC26FHBL,The FALL EDIT,IL_IOIVGOQN9X1X,1,
B0FC2B9TWD,AFFORDABLE DECOR,IL_2EHNEZELPW5NA,1,
B0FC2BZF85,Hillary's NEWEST Finds|RH STYLE - Looks like a SPLURGE,IL_1XPGUL8BC81KW|IL_32TSU85USSAQZ,2,
B0FC2M6X8J,OUTDOOR Oasis,IL_VI6A3WXDHHDU,1,
B0FC2N1GFW,OUTDOOR Oasis,IL_VI6A3WXDHHDU,1,
B0FC5SRD3F,AUGUST TOP PICKS,IL_DSS93TBPVRP5,1,
B0FC63HMNV,HALLOWEEN,IL_TOLRF8ZU3T5K,1,
B0FC6945H2,TOP SEPTEMBER DEALS,IL_JI222AIPC2S,1,
B0FC6H5RVR,THE DRESS SHOPPE - From BRUNCH to BLACK TIE,IL_1HHMN64HEUPU9,1,
B0FC6LHJ6H,HOLIDAY ESSENTIALS,IL_ZN8TBHK35E0D,1,
B0FC6LJSGT,$50 WINTER FASHION,IL_43J6PJOVYKC9,1,
B0FC6M4FP7,$50 WINTER FASHION,IL_43J6PJOVYKC9,1,
B0FC86689Y,TEEN GIRLIES,IL_370XLUWUIJAX1,1,
B0FC8H4KRZ,THE DRESS SHOPPE - From BRUNCH to BLACK TIE,IL_1HHMN64HEUPU9,1,
B0FCBYHJX8,HOLIDAY COLOR CRUSHES 2025,IL_1LKQL9NF315YS,1,
B0FCC21WWB,HOLIDAY COLOR CRUSHES 2025,IL_1LKQL9NF315YS,1,
B0FCC3LVQ9,The FALL EDIT,IL_IOIVGOQN9X1X,1,
B0FCC52NN6,ELEVATED HOLIDAY FASHION,IL_WU8FIFLKC1R5,1,
B0FCF7XSN8,LIGHTING - Designer Inspired,IL_K3IDK9BPXYFW,1,
B0FCFCCNLJ,ELEVATED HOLIDAY FASHION,IL_WU8FIFLKC1R5,1,
B0FCFHFKXY,EUROPEAN SUMMER|MAXI DRESS EDIT,IL_341JHBPWHDBNK|IL_3CETAKAWP1P7C,2,
B0FCFMHJ6D,TOP 100 PRIME FASHION DEALS,IL_2LWBTUXIDQYKM,1,
B0FCFVNHCP,THE Littles - GIFT GUIDE,IL_3BMD6XLV7JIPG,1,
B0FCG7WJV4,NEW HOME FINDS,IL_1QMBJFJU34FUR,1,
B0FCL6S15P,SPORT MOM Style,IL_33RG7LWDINUWO,1,
B0FCLJR9ZX,FALL LOUNGE SETS,IL_1K9R04PZQD03N,1,
B0FCLL12PR,SPORT MOM Style,IL_33RG7LWDINUWO,1,
B0FCLL3BSP,HOLIDAY COLOR CRUSHES 2025,IL_1LKQL9NF315YS,1,
B0FCLL8CDQ,$50 WINTER FASHION,IL_43J6PJOVYKC9,1,
B0FCLNB4RH,VIRAL Holiday Finds,IL_3QCVRRMTI2TTQ,1,
B0FCLRK3GB,The STYLE EDIT - HOTTEST finds RIGHT NOW!,IL_1SLNDA7361JAR,1,
B0FCLRWFB7,$50 WINTER FASHION,IL_43J6PJOVYKC9,1,
B0FCLYTQRK,THE DRESS SHOPPE - From BRUNCH to BLACK TIE,IL_1HHMN64HEUPU9,1,
B0FCM7TN6Q,The STYLE EDIT - HOTTEST finds RIGHT NOW!,IL_1SLNDA7361JAR,1,
B0FCM8FD2Q,Hillary's NEWEST Finds,IL_1XPGUL8BC81KW,1,
B0FCM9ZQNZ,For the Hostess - GIFT GUIDE,IL_2C66SA5TXKNJK,1,
B0FCMHJK5C,FASHION,IL_3LEWC1H0K68XB,1,
B0FCMHRGZS,PILATES PRINCESS,IL_3QM5O5E9ELURW,1,
B0FCRLL9YD,HOLIDAY THEMES 2025,IL_CQQP654U5715,1,
B0FCRPXXRS,BEST SELLERS|HOLIDAY BEST SELLERS,IL_1Q6KH53S4CVWD|IL_3DS692CRM1BGS,2,
B0FCRWFHD8,MORE NEW FINDS,IL_32M44I5BF0O0R,1,
B0FCRWW6NH,ELEVATED HOLIDAY FASHION,IL_WU8FIFLKC1R5,1,
B0FCS4VL5R,ELEVATED HOLIDAY FASHION,IL_WU8FIFLKC1R5,1,
B0FCS6GX3V,AFFORDABLE DECOR|JUNE TOP PICKS,IL_2EHNEZELPW5NA|IL_2Q5678F6BP61R,2,
B0FCSFQYL8,HALLOWEEN,IL_TOLRF8ZU3T5K,1,
B0FCVM3PZN,ORGANIZING Essentials,IL_27VCDHN1568QK,1,
B0FCX2ZNJ5,AUGUST TOP PICKS,IL_DSS93TBPVRP5,1,
B0FCX4V2G4,JUNE TOP PICKS,IL_2Q5678F6BP61R,1,
B0FCY2ZT13,THE DRESS SHOPPE - From BRUNCH to BLACK TIE,IL_1HHMN64HEUPU9,1,
B0FCYT2Y73,CHIC WITHOUT THE SPLURGE TRAVEL,IL_2GR0M7LHWL1O,1,
B0FCZLMKFW,In MY Travel Bag,IL_SC6UJV027JAK,1,
B0FCZLZ9PG,ENTERTAINING Essentials,IL_2GHS9RLET14RQ,1,
B0FD2J6Z8X,LIGHTING - Designer Inspired,IL_K3IDK9BPXYFW,1,
B0FD2RFHLV,TOP SEPTEMBER DEALS,IL_JI222AIPC2S,1,
B0FD2S2ZMS,OVER 40 & Fabulous HILLARY'S Capsule WARDROBE - Effortless & Chic|TRANSITIONAL Fall Fashion,IL_1GS6BISWIK7UN|IL_5MN6DE6JTTK2,2,
B0FD2Y4NVH,The FALL EDIT,IL_IOIVGOQN9X1X,1,
B0FD2Y9WMK,HOLIDAY ESSENTIALS|VIRAL Holiday Finds,IL_3QCVRRMTI2TTQ|IL_ZN8TBHK35E0D,2,
B0FD354L27,In MY Travel Bag,IL_SC6UJV027JAK,1,
B0FD3PD1G5,WORK WEAR,IL_3J2NRGA0NCDGR,1,
B0FD3QXL6W,DATE NIGHT FASHION,IL_20Q0HRFOLM3K2,1,
B0FD3R854B,CHIC WITHOUT THE SPLURGE TRAVEL,IL_2GR0M7LHWL1O,1,
B0FD3TTRLF,The FALL EDIT,IL_IOIVGOQN9X1X,1,
B0FD3XVZ2F,ENTERTAINING Essentials,IL_2GHS9RLET14RQ,1,
B0FD3Y86KD,UNDER $50 FALL Capsule,IL_39FHE4P3M78YV,1,
B0FD9RP3Z9,ENTERTAINING Essentials,IL_2GHS9RLET14RQ,1,
B0FD9SFKCS,RESTORATION VIBES,IL_2I5A3XFI29113,1,
B0FD9XVZ3H,ELEVATED KITCHEN Must-Haves,IL_V4V7ASEQMWKK,1,
B0FDF38L6C,HOLIDAY COLOR CRUSHES 2025,IL_1LKQL9NF315YS,1,
B0FDFHZWV4,ELEVATED HOLIDAY FASHION,IL_WU8FIFLKC1R5,1,
B0FDFZZNH2,JUST IN - Organizing & Home,IL_3UQI8VF6F9P66,1,
B0FDGLPRGT,DORM ROOM ESSENTIALS,IL_1DUCBV6BSXOJF,1,
B0FDGP67SX,TOP NOVEMBER DEALS,IL_2Z5U0A9S9OXF9,1,
B0FDGQCPLK,$50 WINTER FASHION,IL_43J6PJOVYKC9,1,
B0FDJW1V8S,JUST IN - Organizing & Home,IL_3UQI8VF6F9P66,1,
B0FDKJH9RT,HOME OFFICE Essentials,IL_31KXTI157WXNV,1,
B0FDKNKWL8,RESORT WEAR FASHION,IL_15NDDXZ7X0955,1,
B0FDKQ2FG6,TOP 100+ PRIME DEALS,IL_330I4A3SQ3ERE,1,
B0FDKRWFDD,ATHLETIC DRESSES,IL_3GE7XODL0Z5A3,1,
B0FDKW48YN,HEALTHY Living,IL_136JGDBOWW0I4,1,
B0FDKYPQ2W,SPORT MOM Style,IL_33RG7LWDINUWO,1,
B0FDPWJ6XJ,BATHROOM Essentials,IL_L3V3XJ5WT8SV,1,
B0FDQGV5K7,BEDROOM STYLE|Our REMODEL HOME|WALL DECOR - MIRRORS. ART. FRAMES.,IL_1HZQPC6SSAHFG|IL_1RA73GK94YR1G|IL_2HG2TBY26H9IW,3,
B0FDQHJL7J,TOP NOVEMBER DEALS,IL_2Z5U0A9S9OXF9,1,
B0FDQX356H,Our REMODEL HOME,IL_1RA73GK94YR1G,1,
B0FDR9GL7Z,RH STYLE - Looks like a SPLURGE,IL_32TSU85USSAQZ,1,
B0FDS2LDXL,PILATES PRINCESS,IL_3QM5O5E9ELURW,1,
B0FDVX32RL,LIGHTING - Designer Inspired,IL_K3IDK9BPXYFW,1,
B0FDW7CBL8,JUST IN - Organizing & Home,IL_3UQI8VF6F9P66,1,
B0FDW9YTJ6,DESIGNER INSPIRED,IL_3JCDIMAGNYZ0E,1,
B0FDWJKBD7,HOLIDAY COLOR CRUSHES 2025|JUST IN...My Newest OBSESSIONS,IL_1LKQL9NF315YS|IL_EAQUVLIMTM7R,2,
B0FDWM1S9K,DORM ROOM ESSENTIALS|EARNED A SPOT FOR LIFE!,IL_1DUCBV6BSXOJF|IL_76ENHDCP4NP1,2,
B0FDWN4X14,BEDDING: LUXURY finds in Our Home|BEDROOM STYLE,IL_2HG2TBY26H9IW|IL_3MJSZFZU5658,2,
B0FDWNJ8H9,JUST IN - Organizing & Home,IL_3UQI8VF6F9P66,1,
B0FDX18FB1,CHIC WITHOUT THE SPLURGE TRAVEL|LUXE JEWELRY & ACCESSORIES,IL_27BIT6UUHQ198|IL_2GR0M7LHWL1O,2,
B0FDXLRP8J,FOR HIM - GIFT GUIDE,IL_26IY6FNENQC7M,1,
B0FDXY4XS3,AFFORDABLE DECOR|EARLY Fall|HOLIDAY THEMES 2025|JULY TOP PICKS|QUIET LUXURY/OLD MONEY,IL_2EHNEZELPW5NA|IL_310DHOAQUC0DH|IL_9FXRQ038D494|IL_CQQP654U5715|IL_ED3VXSBXPFO5,5,
B0FDY4T278,PRESCHOOL LITTLES,IL_16F1ZOLGB573M,1,
B0FF12FZS9,TOP OCTOBER DEALS,IL_1E7EHNK9QTVEH,1,
B0FF3Y1ZVX,TOP OCTOBER DEALS,IL_1E7EHNK9QTVEH,1,
B0FF42GWJH,ELEVATED HOLIDAY FASHION|THE DRESS SHOPPE - From BRUNCH to BLACK TIE,IL_1HHMN64HEUPU9|IL_WU8FIFLKC1R5,2,
B0FF48S53C,LUXE Gifting|MEMORIAL DAY SALE FOLLOWER FAVORITES,IL_17ITIHGPTINHX|IL_B4MF8PKIS82A,2,
B0FF49N678,HALLOWEEN,IL_TOLRF8ZU3T5K,1,
B0FF4SNPZP,WORK WEAR,IL_3J2NRGA0NCDGR,1,
B0FF5DTD62,FASHION,IL_3LEWC1H0K68XB,1,
B0FF78GL9P,ELEVATED SWIMWEAR,IL_20ODL7UVO85YK,1,
B0FF9PW831,OVER 40 & Fabulous HILLARY'S Capsule WARDROBE - Effortless & Chic,IL_1GS6BISWIK7UN,1,
B0FF9ZVDT1,JUST IN - Organizing & Home,IL_3UQI8VF6F9P66,1,
B0FFB7X5KK,VIRAL Holiday Finds,IL_3QCVRRMTI2TTQ,1,
B0FFCHRF4Y,MORE NEW FINDS,IL_32M44I5BF0O0R,1,
B0FFFWSHMQ,TOP OCTOBER DEALS,IL_1E7EHNK9QTVEH,1,
B0FFGNMFMX,HOLIDAY COLOR CRUSHES 2025,IL_1LKQL9NF315YS,1,
B0FFGRM67C,THE Littles - GIFT GUIDE,IL_3BMD6XLV7JIPG,1,
B0FFGX9B1C,FOR HIM - GIFT GUIDE,IL_26IY6FNENQC7M,1,
B0FFH8DV43,TOP SEPTEMBER DEALS,IL_JI222AIPC2S,1,
B0FFHG9N88,QUIET LUXURY/OLD MONEY,IL_310DHOAQUC0DH,1,
B0FFJFMF75,QUIET LUXURY/OLD MONEY,IL_310DHOAQUC0DH,1,
B0FFM7M78P,LUXE Gifting|LUXE JEWELRY & ACCESSORIES,IL_27BIT6UUHQ198|IL_B4MF8PKIS82A,2,
B0FFN1SB2J,For the Hostess - GIFT GUIDE,IL_2C66SA5TXKNJK,1,
B0FFS8M9S5,HOME & BATH Essentials,IL_IRH0FVF815TU,1,
B0FFSF59MB,The STYLE EDIT - HOTTEST finds RIGHT NOW!,IL_1SLNDA7361JAR,1,
B0FFSXDQVL,WORK WEAR,IL_3J2NRGA0NCDGR,1,
B0FFT8TYZZ,Our REMODEL HOME,IL_1RA73GK94YR1G,1,
B0FFWS9RHH,TWEEN BACK TO SCHOOL,IL_39AL8K1TZE306,1,
B0FFYWBZSJ,LUXE Gifting,IL_B4MF8PKIS82A,1,
B0FFZ784FM,NEW HOLIDAY Finds,IL_13866CB1KN3RI,1,
B0FG2B3WLZ,RESTORATION VIBES,IL_2I5A3XFI29113,1,
B0FG2YC2BQ,WORK WEAR,IL_3J2NRGA0NCDGR,1,
B0FG31KXG6,UNDER $50 FALL Capsule,IL_39FHE4P3M78YV,1,
B0FG6JNJBM,PRESCHOOL LITTLES,IL_16F1ZOLGB573M,1,
B0FG7WPF8J,VIRAL Holiday Finds,IL_3QCVRRMTI2TTQ,1,
B0FG8398CK,ELEVATED HOLIDAY FASHION,IL_WU8FIFLKC1R5,1,
B0FG85Z9RJ,ELEVATED KITCHEN Must-Haves,IL_V4V7ASEQMWKK,1,
B0FGC131LX,THE DRESS SHOPPE - From BRUNCH to BLACK TIE,IL_1HHMN64HEUPU9,1,
B0FGCHWNQN,AMAZING NEW Home Finds,IL_202RY6J21JOG9,1,
B0FGCYW66K,HOLIDAY ON SALE,IL_81C70Z4U4BII,1,
B0FGD2DLH9,CHIC WITHOUT THE SPLURGE TRAVEL,IL_2GR0M7LHWL1O,1,
B0FGD3938V,The FALL EDIT,IL_IOIVGOQN9X1X,1,
B0FGD8PWN8,HOME & BATH Essentials,IL_IRH0FVF815TU,1,
B0FGDH1W5Z,EUROPEAN SUMMER,IL_341JHBPWHDBNK,1,
B0FGG25SHT,HOLIDAY THEMES 2025,IL_CQQP654U5715,1,
B0FGHFVTTQ,48 Yr Old Mom of 5 - What I am OBSESSED over!,IL_1NSB6B4CK6NM1,1,
B0FGHQNKZG,TRANSITIONAL Fall Fashion,IL_5MN6DE6JTTK2,1,
B0FGJCMZN3,NEW Arrivals,IL_2DHFOQ3A1Q5U2,1,
B0FGJG5N1S,JUST IN - Organizing & Home,IL_3UQI8VF6F9P66,1,
B0FGLFYBH6,CARTS DON'T LIE — These were May's biggest hits.|LUXURY GIFTS,IL_1BKDYBCCXK5YE|IL_3KKGHGSJ1ZRYC,2,
B0FGLTS9YY,BEAUTY MUST-HAVES,IL_174AROJG7VER7,1,
B0FGPZNMS9,HALLOWEEN,IL_TOLRF8ZU3T5K,1,
B0FGTWTB5T,LIGHTING - Designer Inspired,IL_K3IDK9BPXYFW,1,
B0FGTYMCK6,THE DRESS SHOPPE - From BRUNCH to BLACK TIE,IL_1HHMN64HEUPU9,1,
B0FGV4CMHL,TEEN GIRLIES,IL_370XLUWUIJAX1,1,
B0FGV5878P,TEEN GIRLIES,IL_370XLUWUIJAX1,1,
B0FGVJWSMR,HOLIDAY ESSENTIALS|HOLIDAY MUST-HAVES on AMAZON LIVE|MY HOLIDAY Home|VIRAL Holiday Finds,IL_18JLLR8E7X2KU|IL_3QCVRRMTI2TTQ|IL_3U58T22AIU7ZR|IL_ZN8TBHK35E0D,4,
B0FGW8V41F,NEW HOLIDAY Finds,IL_13866CB1KN3RI,1,
B0FGX63T7D,$50 WINTER FASHION|2025 TOP SELLERS|48 Yr Old Mom of 5 - What I am OBSESSED over!|AFFORDABLE DECOR|AMAZING NEW Home Finds|APRIL Best Sellers|ATHEISURE|ATHLETIC DRESSES|AUGUST TOP PICKS|AUTUMN Vibes|Amazon Furniture in Our Home|April Amazon Live|BARCART|BATHROOM Essentials|BATHROOM Organization|BATHROOM REMODEL|BEAUTY & SKINCARE|BEAUTY MUST-HAVES|BED & BATH FINDS|BEDDING. PILLOWS. THROWS. TOWELS.|BEDDING: LUXURY finds in Our Home|BEDROOM STYLE|BEDS. DRESSERS. NIGHTSTANDS.|BEST SELLERS|BOY'S Bathroom|BRIDE- Spoil Her for the Big Day!|BURGUNDY CRUSH|CABINETS. SIDEBOARDS. BUFFETS. CONSOLES.|CANDLE HOLDERS. CANDLE STICKS.|CAR ORGANIZATION|CARTS DON'T LIE — These were May's biggest hits.|CHIC 2-PIECE SETS|CHIC WITHOUT THE SPLURGE TRAVEL|CLOSET Organizing|COFFEE BAR Essentials|COFFEE TABLE BOOKS|COFFEE TABLES. SIDE TABLES. ACCENT TABLES|CREATOR Favorites|CURTAINS|CYBER HOLIDAY|DATE NIGHT FASHION|DECEMBER Best Sellers|DESIGNER INSPIRED|DINING ROOM|DORM ROOM ESSENTIALS|EARLY Fall|EARNED A SPOT FOR LIFE!|ELEMENTARY SCHOOL|ELEVATED Bathroom Must-Haves|ELEVATED HOLIDAY FASHION|ELEVATED KITCHEN Must-Haves|ELEVATED SWIMWEAR|ENTERTAINING Essentials|ENTRYWAY. FOYER.|EUROPEAN SUMMER|Effortless Chic Home|FALL LOUNGE SETS|FASHION|FAUX & DRIED FLORALS|FAUX INDOOR/OUTDOOR|FEBRUARY Best Sellers|FOR HER - HANDBAGS|FOR HIM - GIFT GUIDE|FRIDGE Organization|FRONT PORCH|FURNITURE In Our Home|For the Big Kids|For the Hostess - GIFT GUIDE|Furniture Mover REEL|GADGETS I CANNOT live WITHOUT|GIFTING|GIFTS UNDER $25|GIFTS UNDER $50|HAIR CARE|HALLOWEEN|HARDWARE & FINISHES|HEALTHY Living|HILLARY'S BEACH Bag Essentials|HOLIDAY BEST SELLERS|HOLIDAY COLOR CRUSHES 2025|HOLIDAY ESSENTIALS|HOLIDAY EVENING Looks|HOLIDAY MUST-HAVES on AMAZON LIVE|HOLIDAY ON SALE|HOLIDAY THEMES 2025|HOME & BATH Essentials|HOME DECOR|HOME OFFICE Essentials|Hillary's NEWEST Finds|Home UPGRADES|In MY Travel Bag|JANUARY Best Sellers|JOCELYN'S Space|JULY TOP PICKS|JUNE TOP PICKS|JUST IN - Organizing & Home|JUST IN...My Newest OBSESSIONS|January Best Sellers 2|KITCHEN Essentials|KITCHEN Organizing|LAMPS|LAST MINUTE GIFTS|LAUNDRY Room Essentials|LIGHTING - Designer Inspired|LUXE Gifting|LUXE Holiday Home|LUXE JEWELRY & ACCESSORIES|LUXURY GIFTS|MARCH Best Sellers|MAXI DRESS EDIT|MEMORIAL DAY SALE FOLLOWER FAVORITES|MORE NEW FINDS|MUST-HAVE HOSTING|MY HOLIDAY Home|MY Holiday Styling List|MY TOP PRODUCTS FOR JULY|Moody Luxe Home|My Curated Gift Guide|My TOP Amazon Cleaning and Organizing|NEW Arrivals|NEW HOLIDAY Finds|NEW HOME FINDS|NIGHTSTAND Essentials|NO DRILL Home Improvement|New Year's Must-Haves|ORGANIZING Essentials|OUR Rental|OUTDOOR Oasis|OVER 40 & Fabulous HILLARY'S Capsule WARDROBE - Effortless & Chic|Our REMODEL HOME|Our SITTING ROOM|Outdoor PLANTERS|PANTRY Organization|PILATES PRINCESS|PILLOWS & THROWS|POWDER BATH|PRESCHOOL LITTLES|QUIET LUXURY/OLD MONEY|RESORT WEAR FASHION|RESTORATION VIBES|RH STYLE - Looks like a SPLURGE|RUGS|SHATTERPROOF Beverage Glasses|SHOP The Hillary Style|SHOPBOP Favorites|SKIMS LIKE BASICS|SOFAS. ACCENT CHAIRS. OTTOMANS.|SPORT MOM Style|STOCKING STUFFERS|SUMMER HOSTING|Spring Obsessed|Subtle Luxury Home|TABLETOP MUST-HAVES|TECH ESSENTIALS|TEEN GIRLIES|TEEN GUYS|THE DRESS SHOPPE - From BRUNCH to BLACK TIE|THE Little Black Dress|THE Littles - GIFT GUIDE|TOP 100 HOME PICKS|TOP 100 PRIME FASHION DEALS|TOP 100+ PRIME DEALS|TOP 50 BEAUTY|TOP MOVING/ORGANIZING|TOP NOVEMBER DEALS|TOP OCTOBER DEALS|TOP SEPTEMBER DEALS|TRANSITIONAL Fall Fashion|TRAVEL|TWEEN & TEEN - GIFT GUIDE|TWEEN BACK TO SCHOOL|The FALL EDIT|The Hillary Style Holiday|The STYLE EDIT - HOTTEST finds RIGHT NOW!|UNBOXING|UNDER $50 FALL Capsule|VANITY Must-Haves|VASES. TRAYS. BOXES.|VIRAL Holiday Finds|VIRAL Home Gadgets|Vanity Organization|WALL DECOR - MIRRORS. ART. FRAMES.|WINTER FASHION|WORK WEAR|Your Currently MOST-LOVED,IL_12L5JOTON77WY|IL_12LJ38VR8BIZT|IL_136JGDBOWW0I4|IL_13866CB1KN3RI|IL_13DUABZBTBJVY|IL_13LSJDYI0DMAZ|IL_14615HLXD512Y|IL_15NDDXZ7X0955|IL_16F1ZOLGB573M|IL_174AROJG7VER7|IL_17ITIHGPTINHX|IL_17SP6THMUJN6E|IL_181FEP0C2U0RU|IL_18H5BP5V6EGYM|IL_18JLLR8E7X2KU|IL_1BKDYBCCXK5YE|IL_1DUCBV6BSXOJF|IL_1DXRHB098MRMA|IL_1E7EHNK9QTVEH|IL_1GS6BISWIK7UN|IL_1HHMN64HEUPU9|IL_1HZQPC6SSAHFG|IL_1I8FQ5LPJG30D|IL_1K9R04PZQD03N|IL_1LFWTJH9UBPKU|IL_1LKQL9NF315YS|IL_1LVS8EBYWIS2J|IL_1MB9961G83COM|IL_1MKYF1CAY9E8G|IL_1NFO0QLH5HS6Y|IL_1NR6N43OIR93A|IL_1NSB6B4CK6NM1|IL_1OH1TVBZ3L337|IL_1Q6KH53S4CVWD|IL_1QMBJFJU34FUR|IL_1QMQ9WWH79VRL|IL_1R4YIGU257W50|IL_1RA73GK94YR1G|IL_1SLNDA7361JAR|IL_1UGCFJJRVROLC|IL_1XPGUL8BC81KW|IL_1YYODGJOLLLRT|IL_20274194WU668|IL_202RY6J21JOG9|IL_20ODL7UVO85YK|IL_20Q0HRFOLM3K2|IL_21CU9PVXLTL6P|IL_21IKKXKZPGWVW|IL_21MLRQOMMKCFI|IL_21T7CCUQI2DH5|IL_222ENLE1WDY2M|IL_22L0SLOF07ITQ|IL_23YO2PO28IXV|IL_24ASC2W86JF33|IL_26IY6FNENQC7M|IL_270Y6RLSPP10V|IL_27BIT6UUHQ198|IL_27L1ENCS6OMON|IL_27VCDHN1568QK|IL_286Q78OJSYZO8|IL_28Z72BVY6B71P|IL_2969EJ7F6BLI8|IL_29FTLXCTPVP41|IL_2ABZ85AO7D848|IL_2B46UO4I7XY3G|IL_2C66SA5TXKNJK|IL_2DHFOQ3A1Q5U2|IL_2DVQFMB8O8SDC|IL_2EHNEZELPW5NA|IL_2GHS9RLET14RQ|IL_2GR0M7LHWL1O|IL_2HG2TBY26H9IW|IL_2I5A3XFI29113|IL_2KYYGUEXPAOKJ|IL_2LWBTUXIDQYKM|IL_2N8O18PX5PHA3|IL_2NDA05KNMQH4|IL_2OL0SY0HD6BBS|IL_2P1RVZSE8RCAZ|IL_2PQNIB7PVLPT1|IL_2Q5678F6BP61R|IL_2Q8H0EUR30UN9|IL_2RA331651DDK8|IL_2RDBP13815B8R|IL_2V2HL7TFY8QE8|IL_2V4ZM0XXYOP34|IL_2V9Q1BLJC4BNW|IL_2WRZJHHWAS214|IL_2YQAXQUJ2H8KY|IL_2Z5U0A9S9OXF9|IL_30ZOK8YSQFY5N|IL_310DHOAQUC0DH|IL_311VGYMV97O78|IL_31KXTI157WXNV|IL_31LARMS9JHPGT|IL_31R6EZ6S1ERJH|IL_32JT2D5T30E4J|IL_32M44I5BF0O0R|IL_32NJAOW4JT5JB|IL_32TSU85USSAQZ|IL_330I4A3SQ3ERE|IL_33RG7LWDINUWO|IL_341JHBPWHDBNK|IL_34RHZWFKXT7UT|IL_34VIWGR89GOO8|IL_370XLUWUIJAX1|IL_395N3QLHWD5V7|IL_39AL8K1TZE306|IL_39FHE4P3M78YV|IL_3BMD6XLV7JIPG|IL_3BNM8CSCBJ7VF|IL_3CETAKAWP1P7C|IL_3CQZYKSH60HA3|IL_3DS692CRM1BGS|IL_3GE7XODL0Z5A3|IL_3H3WH72KSZXK3|IL_3HBHLKKIJRXAQ|IL_3ITM4V91K4422|IL_3J2NRGA0NCDGR|IL_3JCDIMAGNYZ0E|IL_3KKGHGSJ1ZRYC|IL_3LEWC1H0K68XB|IL_3MJSZFZU5658|IL_3QCVRRMTI2TTQ|IL_3QM5O5E9ELURW|IL_3R1F2KZC9BJXJ|IL_3RKTIOM3H9T72|IL_3RT5O1LPLW4HX|IL_3TE1WGJI4HUK8|IL_3U58T22AIU7ZR|IL_3U9GRAHOG87DY|IL_3UQI8VF6F9P66|IL_3VBGW6RI08DIE|IL_3VW7VU2STCZ6B|IL_43J6PJOVYKC9|IL_5MN6DE6JTTK2|IL_76ENHDCP4NP1|IL_81C70Z4U4BII|IL_97O81RWTU3TG|IL_9FXRQ038D494|IL_B4MF8PKIS82A|IL_BWHQ5TU85DA7|IL_C4VDLQZK7ACP|IL_CQQP654U5715|IL_CTNECHN1HUCU|IL_DB6CKD297DDB|IL_DSS93TBPVRP5|IL_EAQUVLIMTM7R|IL_ED3VXSBXPFO5|IL_EEJXEINH2736|IL_F5Z67P4FFJC4|IL_FJAM99COX1K9|IL_IE0BGUCCDZ8X|IL_IOIVGOQN9X1X|IL_IRH0FVF815TU|IL_ITC144HBA2XS|IL_J39K6QG9TPDR|IL_J4MBZKLMALLQ|IL_JI222AIPC2S|IL_K1RZXTONZLT1|IL_K3IDK9BPXYFW|IL_K5H00QYC3R1G|IL_KIGFVJQ0V3OW|IL_L3V3XJ5WT8SV|IL_M0U0DTYJP1BI|IL_M615BEYW486F|IL_O5BIFXCH5S3Y|IL_O65RH2OR0EF3|IL_OB8CSFU2LS6V|IL_OJUSIV7RIXZX|IL_PN4A9X7BMPFX|IL_Q8UFO5D52NKD|IL_QR27F03IP4AQ|IL_QWA0HLMH0ZPN|IL_SC6UJV027JAK|IL_T9AHRYR4TO4W|IL_TOLRF8ZU3T5K|IL_V4V7ASEQMWKK|IL_VI6A3WXDHHDU|IL_VRW78IY69242|IL_WMCP8YLCXSCD|IL_WPS59NJ19M48|IL_WU8FIFLKC1R5|IL_YYM41OHGI1KQ|IL_ZN8TBHK35E0D,185,All memberships are included in internal_label; only the first 5 stable backup labels appear in custom_label_0-4.
B0FGXGS29R,DATE NIGHT FASHION,IL_20Q0HRFOLM3K2,1,
B0FGXK8XQS,AFFORDABLE DECOR,IL_2EHNEZELPW5NA,1,
B0FH12P62X,JUST IN - Organizing & Home,IL_3UQI8VF6F9P66,1,
B0FH1Y84H6,TEEN GUYS|TWEEN BACK TO SCHOOL,IL_39AL8K1TZE306|IL_O65RH2OR0EF3,2,
B0FH26CSXT,JULY TOP PICKS|RESTORATION VIBES|RH STYLE - Looks like a SPLURGE,IL_2I5A3XFI29113|IL_32TSU85USSAQZ|IL_9FXRQ038D494,3,
B0FH27CCV4,SOFAS. ACCENT CHAIRS. OTTOMANS.,IL_34VIWGR89GOO8,1,
B0FH2GNP34,WORK WEAR,IL_3J2NRGA0NCDGR,1,
B0FH2HN4D4,The STYLE EDIT - HOTTEST finds RIGHT NOW!,IL_1SLNDA7361JAR,1,
B0FH2K57NB,HOLIDAY COLOR CRUSHES 2025,IL_1LKQL9NF315YS,1,
B0FH474FSR,Hillary's NEWEST Finds,IL_1XPGUL8BC81KW,1,
B0FH4HH41F,EARLY Fall,IL_ED3VXSBXPFO5,1,
B0FH4NM831,EARLY Fall|HALLOWEEN,IL_ED3VXSBXPFO5|IL_TOLRF8ZU3T5K,2,
B0FH4T7HGP,HOME DECOR,IL_2V4ZM0XXYOP34,1,
B0FH51Q2Y2,HOLIDAY BEST SELLERS|VIRAL Holiday Finds,IL_1Q6KH53S4CVWD|IL_3QCVRRMTI2TTQ,2,
B0FH5325H2,ELEVATED HOLIDAY FASHION,IL_WU8FIFLKC1R5,1,
B0FH54CLPV,TOP 100 PRIME FASHION DEALS,IL_2LWBTUXIDQYKM,1,
B0FH59VZ2J,STOCKING STUFFERS,IL_20274194WU668,1,
B0FH6TCXRY,DESIGNER INSPIRED,IL_3JCDIMAGNYZ0E,1,
B0FH6W8PRQ,MORE NEW FINDS,IL_32M44I5BF0O0R,1,
B0FH6ZY7WC,PILATES PRINCESS,IL_3QM5O5E9ELURW,1,
B0FH7DHNQY,The FALL EDIT,IL_IOIVGOQN9X1X,1,
B0FH8ZYLJL,EUROPEAN SUMMER,IL_341JHBPWHDBNK,1,
B0FH9BNBKW,DATE NIGHT FASHION,IL_20Q0HRFOLM3K2,1,
B0FH9NJTV2,QUIET LUXURY/OLD MONEY|WORK WEAR,IL_310DHOAQUC0DH|IL_3J2NRGA0NCDGR,2,
B0FH9NXWZ9,NEW HOME FINDS,IL_1QMBJFJU34FUR,1,
B0FH9RC5FM,TOP NOVEMBER DEALS,IL_2Z5U0A9S9OXF9,1,
B0FH9S552J,HOLIDAY COLOR CRUSHES 2025,IL_1LKQL9NF315YS,1,
B0FH9YQQF1,The STYLE EDIT - HOTTEST finds RIGHT NOW!,IL_1SLNDA7361JAR,1,
B0FHB1XNLS,JUST IN - Organizing & Home,IL_3UQI8VF6F9P66,1,
B0FHB3SRN5,MAXI DRESS EDIT|THE DRESS SHOPPE - From BRUNCH to BLACK TIE,IL_1HHMN64HEUPU9|IL_3CETAKAWP1P7C,2,
B0FHB597GS,JUST IN - Organizing & Home,IL_3UQI8VF6F9P66,1,
B0FHD29XS2,HOME DECOR,IL_2V4ZM0XXYOP34,1,
B0FHGF8HD7,TOP 100 PRIME FASHION DEALS,IL_2LWBTUXIDQYKM,1,
B0FHGW3GNK,TRANSITIONAL Fall Fashion|The FALL EDIT,IL_5MN6DE6JTTK2|IL_IOIVGOQN9X1X,2,
B0FHH693Z4,HEALTHY Living|KITCHEN Organizing|NEW Arrivals,IL_136JGDBOWW0I4|IL_2B46UO4I7XY3G|IL_2DHFOQ3A1Q5U2,3,
B0FHHFSY2D,SPORT MOM Style,IL_33RG7LWDINUWO,1,
B0FHJ9VKH4,STOCKING STUFFERS|TWEEN & TEEN - GIFT GUIDE,IL_1I8FQ5LPJG30D|IL_20274194WU668,2,
B0FHJQXLZQ,DATE NIGHT FASHION,IL_20Q0HRFOLM3K2,1,
B0FHJXZ1WG,2025 TOP SELLERS,IL_3RT5O1LPLW4HX,1,
B0FHJYXX2T,UNDER $50 FALL Capsule,IL_39FHE4P3M78YV,1,
B0FHKJ3LM6,HOLIDAY EVENING Looks,IL_2OL0SY0HD6BBS,1,
B0FHKJLNKL,TOP NOVEMBER DEALS,IL_2Z5U0A9S9OXF9,1,
B0FHKK9XSB,HOLIDAY BEST SELLERS,IL_1Q6KH53S4CVWD,1,
B0FHPK3MMT,HOME DECOR,IL_2V4ZM0XXYOP34,1,
B0FHPMRYTJ,TOP 100+ PRIME DEALS,IL_330I4A3SQ3ERE,1,
B0FHPTTRCB,TEEN GIRLIES,IL_370XLUWUIJAX1,1,
B0FHPZJYQD,ELEMENTARY SCHOOL,IL_13LSJDYI0DMAZ,1,
B0FHQ5JG2Z,The STYLE EDIT - HOTTEST finds RIGHT NOW!,IL_1SLNDA7361JAR,1,
B0FHR47Q5D,DESIGNER INSPIRED,IL_3JCDIMAGNYZ0E,1,
B0FHRWF9JZ,RESORT WEAR FASHION,IL_15NDDXZ7X0955,1,
B0FHSBRYND,FASHION,IL_3LEWC1H0K68XB,1,
B0FHVZHXL7,JUST IN...My Newest OBSESSIONS,IL_EAQUVLIMTM7R,1,
B0FHW7CPVP,HOLIDAY COLOR CRUSHES 2025,IL_1LKQL9NF315YS,1,
B0FHW7YG46,FASHION,IL_3LEWC1H0K68XB,1,
B0FHW8XHBT,HOLIDAY COLOR CRUSHES 2025,IL_1LKQL9NF315YS,1,
B0FHWRC7WZ,AMAZING NEW Home Finds,IL_202RY6J21JOG9,1,
B0FJ1GQ15N,STOCKING STUFFERS,IL_20274194WU668,1,
B0FJ2YHYND,FOR HIM - GIFT GUIDE,IL_26IY6FNENQC7M,1,
B0FJ8727KT,EARLY Fall,IL_ED3VXSBXPFO5,1,
B0FJ8Q6KDC,HEALTHY Living,IL_136JGDBOWW0I4,1,
B0FJDV2KMN,ELEVATED SWIMWEAR,IL_20ODL7UVO85YK,1,
B0FJFBR9MZ,UNDER $50 FALL Capsule,IL_39FHE4P3M78YV,1,
B0FJFD6ZVL,RESORT WEAR FASHION,IL_15NDDXZ7X0955,1,
B0FJFGD8JX,BURGUNDY CRUSH,IL_32JT2D5T30E4J,1,
B0FJFLKM3X,ELEVATED HOLIDAY FASHION,IL_WU8FIFLKC1R5,1,
B0FJFVHT94,LUXURY GIFTS,IL_3KKGHGSJ1ZRYC,1,
B0FJG26TT7,EUROPEAN SUMMER|JUNE TOP PICKS|MAXI DRESS EDIT|THE DRESS SHOPPE - From BRUNCH to BLACK TIE,IL_1HHMN64HEUPU9|IL_2Q5678F6BP61R|IL_341JHBPWHDBNK|IL_3CETAKAWP1P7C,4,
B0FJG488NY,WORK WEAR,IL_3J2NRGA0NCDGR,1,
B0FJKT85SD,KITCHEN Essentials,IL_286Q78OJSYZO8,1,
B0FJM118JC,ENTERTAINING Essentials,IL_2GHS9RLET14RQ,1,
B0FJM96P5R,ELEVATED HOLIDAY FASHION,IL_WU8FIFLKC1R5,1,
B0FJN3BTPV,UNBOXING,IL_1NR6N43OIR93A,1,
B0FJNGMN4Y,TECH ESSENTIALS,IL_1LVS8EBYWIS2J,1,
B0FJQ8XDKV,$50 WINTER FASHION,IL_43J6PJOVYKC9,1,
B0FJRMWQ11,FASHION,IL_3LEWC1H0K68XB,1,
B0FJRQQ9JJ,CHIC WITHOUT THE SPLURGE TRAVEL|RESORT WEAR FASHION,IL_15NDDXZ7X0955|IL_2GR0M7LHWL1O,2,
B0FJRZ74W1,HALLOWEEN,IL_TOLRF8ZU3T5K,1,
B0FJRZSB4Q,HOLIDAY THEMES 2025,IL_CQQP654U5715,1,
B0FJS331J3,BEDDING: LUXURY finds in Our Home,IL_3MJSZFZU5658,1,
B0FJWP2XXS,BEST SELLERS,IL_3DS692CRM1BGS,1,
B0FJXLP7CS,TOP 100 PRIME FASHION DEALS,IL_2LWBTUXIDQYKM,1,
B0FJXRPY2N,FALL LOUNGE SETS,IL_1K9R04PZQD03N,1,
B0FJZ8FJC7,PRESCHOOL LITTLES,IL_16F1ZOLGB573M,1,
B0FK17SK4X,HOLIDAY ON SALE|Our REMODEL HOME,IL_1RA73GK94YR1G|IL_81C70Z4U4BII,2,
B0FK18JZQM,HOLIDAY ON SALE|The Hillary Style Holiday,IL_2V2HL7TFY8QE8|IL_81C70Z4U4BII,2,
B0FK1N16KK,HOLIDAY ON SALE,IL_81C70Z4U4BII,1,
B0FK26M34H,HOME DECOR,IL_2V4ZM0XXYOP34,1,
B0FK28T8RL,ELEVATED HOLIDAY FASHION,IL_WU8FIFLKC1R5,1,
B0FK3YGNMR,QUIET LUXURY/OLD MONEY|RH STYLE - Looks like a SPLURGE,IL_310DHOAQUC0DH|IL_32TSU85USSAQZ,2,
B0FK4LSHYJ,QUIET LUXURY/OLD MONEY,IL_310DHOAQUC0DH,1,
B0FK4M4Z62,OVER 40 & Fabulous HILLARY'S Capsule WARDROBE - Effortless & Chic,IL_1GS6BISWIK7UN,1,
B0FK56Q6PB,HOLIDAY ON SALE,IL_81C70Z4U4BII,1,
B0FK56QR4S,NEW HOME FINDS,IL_1QMBJFJU34FUR,1,
B0FK5BBS69,APRIL Best Sellers|BEDROOM STYLE|EARNED A SPOT FOR LIFE!,IL_181FEP0C2U0RU|IL_2HG2TBY26H9IW|IL_76ENHDCP4NP1,3,
B0FK5J894C,WORK WEAR,IL_3J2NRGA0NCDGR,1,
B0FK5K66DY,TRANSITIONAL Fall Fashion|The STYLE EDIT - HOTTEST finds RIGHT NOW!,IL_1SLNDA7361JAR|IL_5MN6DE6JTTK2,2,
B0FK6C83YW,BEDDING. PILLOWS. THROWS. TOWELS.,IL_1LFWTJH9UBPKU,1,
B0FK8RY4ZT,$50 WINTER FASHION,IL_43J6PJOVYKC9,1,
B0FKBCQDTX,ELEVATED HOLIDAY FASHION,IL_WU8FIFLKC1R5,1,
B0FKBJ74Z8,HOLIDAY THEMES 2025|NEW HOLIDAY Finds|VIRAL Holiday Finds,IL_13866CB1KN3RI|IL_3QCVRRMTI2TTQ|IL_CQQP654U5715,3,
B0FKBN29K6,RH STYLE - Looks like a SPLURGE,IL_32TSU85USSAQZ,1,
B0FKG3KQB4,FASHION,IL_3LEWC1H0K68XB,1,
B0FKH1KXVF,JUST IN - Organizing & Home,IL_3UQI8VF6F9P66,1,
B0FKH1NG8X,LIGHTING - Designer Inspired,IL_K3IDK9BPXYFW,1,
B0FKHB4Y4G,CABINETS. SIDEBOARDS. BUFFETS. CONSOLES.|RESTORATION VIBES,IL_2I5A3XFI29113|IL_2Q8H0EUR30UN9,2,
B0FKMXVCR1,HOLIDAY THEMES 2025,IL_CQQP654U5715,1,
B0FKN2LKXK,CABINETS. SIDEBOARDS. BUFFETS. CONSOLES.,IL_2Q8H0EUR30UN9,1,
B0FKN8RTBG,AUGUST TOP PICKS,IL_DSS93TBPVRP5,1,
B0FKN9LH6X,LUXE Gifting|LUXE JEWELRY & ACCESSORIES|LUXURY GIFTS|TOP NOVEMBER DEALS,IL_27BIT6UUHQ198|IL_2Z5U0A9S9OXF9|IL_3KKGHGSJ1ZRYC|IL_B4MF8PKIS82A,4,
B0FKPK5JRH,TOP 100+ PRIME DEALS,IL_330I4A3SQ3ERE,1,
B0FKRGL1L9,PRESCHOOL LITTLES,IL_16F1ZOLGB573M,1,
B0FKSCNM6K,ATHEISURE,IL_31LARMS9JHPGT,1,
B0FKSN24LT,JUST IN - Organizing & Home,IL_3UQI8VF6F9P66,1,
B0FKSSC652,QUIET LUXURY/OLD MONEY,IL_310DHOAQUC0DH,1,
B0FKYQ4Q6G,DATE NIGHT FASHION,IL_20Q0HRFOLM3K2,1,
B0FKZ6VRNC,SPORT MOM Style,IL_33RG7LWDINUWO,1,
B0FL12XN6X,WORK WEAR,IL_3J2NRGA0NCDGR,1,
B0FL15QCD6,TRANSITIONAL Fall Fashion|The FALL EDIT,IL_5MN6DE6JTTK2|IL_IOIVGOQN9X1X,2,
B0FL25XXTX,DESIGNER INSPIRED,IL_3JCDIMAGNYZ0E,1,
B0FL27X4C5,JUST IN - Organizing & Home,IL_3UQI8VF6F9P66,1,
B0FL2KTLCZ,RH STYLE - Looks like a SPLURGE,IL_32TSU85USSAQZ,1,
B0FL4RQG6M,SHOP The Hillary Style,IL_21CU9PVXLTL6P,1,
B0FL5HVQQX,HOLIDAY BEST SELLERS|HOLIDAY MUST-HAVES on AMAZON LIVE|NEW Arrivals|The Hillary Style Holiday,IL_1Q6KH53S4CVWD|IL_2DHFOQ3A1Q5U2|IL_2V2HL7TFY8QE8|IL_3U58T22AIU7ZR,4,
B0FL6DQGT6,APRIL Best Sellers|MEMORIAL DAY SALE FOLLOWER FAVORITES,IL_17ITIHGPTINHX|IL_181FEP0C2U0RU,2,
B0FL73JCKP,RESORT WEAR FASHION,IL_15NDDXZ7X0955,1,
B0FL7N1FDX,OUTDOOR Oasis|RUGS,IL_2N8O18PX5PHA3|IL_VI6A3WXDHHDU,2,
B0FL7PCZ72,HOLIDAY COLOR CRUSHES 2025,IL_1LKQL9NF315YS,1,
B0FL7SHPPC,APRIL Best Sellers,IL_181FEP0C2U0RU,1,
B0FL87TG5D,TOP OCTOBER DEALS,IL_1E7EHNK9QTVEH,1,
B0FLCDY3WJ,BEST SELLERS,IL_3DS692CRM1BGS,1,
B0FLCH3DQT,DESIGNER INSPIRED,IL_3JCDIMAGNYZ0E,1,
B0FLDD42L4,WORK WEAR,IL_3J2NRGA0NCDGR,1,
B0FLDFY1SH,TECH ESSENTIALS,IL_1LVS8EBYWIS2J,1,
B0FLDV7MR6,TWEEN & TEEN - GIFT GUIDE,IL_1I8FQ5LPJG30D,1,
B0FLDVVT9S,DATE NIGHT FASHION,IL_20Q0HRFOLM3K2,1,
B0FLF49GRN,TEEN GIRLIES,IL_370XLUWUIJAX1,1,
B0FLG6D6Z3,KITCHEN Essentials|KITCHEN Organizing|NEW Arrivals,IL_286Q78OJSYZO8|IL_2B46UO4I7XY3G|IL_2DHFOQ3A1Q5U2,3,
B0FLJPQ5CY,BEDDING: LUXURY finds in Our Home,IL_3MJSZFZU5658,1,
B0FLJTQMXP,EARLY Fall,IL_ED3VXSBXPFO5,1,
B0FLJY89F4,UNDER $50 FALL Capsule,IL_39FHE4P3M78YV,1,
B0FLKLL49B,EARNED A SPOT FOR LIFE!|RH STYLE - Looks like a SPLURGE,IL_32TSU85USSAQZ|IL_76ENHDCP4NP1,2,
B0FLNFRFPC,FALL LOUNGE SETS,IL_1K9R04PZQD03N,1,
B0FLNXHN2R,STOCKING STUFFERS,IL_20274194WU668,1,
B0FLPB6M57,FASHION,IL_3LEWC1H0K68XB,1,
B0FLPXTKFX,AMAZING NEW Home Finds,IL_202RY6J21JOG9,1,
B0FLQ1HWMS,ENTERTAINING Essentials,IL_2GHS9RLET14RQ,1,
B0FLQ5GXHT,TRANSITIONAL Fall Fashion,IL_5MN6DE6JTTK2,1,
B0FLQ5S7BH,TOP NOVEMBER DEALS,IL_2Z5U0A9S9OXF9,1,
B0FLQB54CX,TOP NOVEMBER DEALS,IL_2Z5U0A9S9OXF9,1,
B0FLQPY3V7,STOCKING STUFFERS,IL_20274194WU668,1,
B0FLVSQDPN,BEDROOM STYLE|HOME DECOR,IL_2HG2TBY26H9IW|IL_2V4ZM0XXYOP34,2,
B0FLX6PPYT,BEAUTY MUST-HAVES|LUXURY GIFTS|TOP 50 BEAUTY,IL_174AROJG7VER7|IL_17SP6THMUJN6E|IL_3KKGHGSJ1ZRYC,3,
B0FLXL2NL2,Effortless Chic Home,IL_34RHZWFKXT7UT,1,
B0FLXQVF8R,$50 WINTER FASHION|Effortless Chic Home,IL_34RHZWFKXT7UT|IL_43J6PJOVYKC9,2,
B0FLY3VND1,OVER 40 & Fabulous HILLARY'S Capsule WARDROBE - Effortless & Chic,IL_1GS6BISWIK7UN,1,
B0FLY99BSK,$50 WINTER FASHION,IL_43J6PJOVYKC9,1,
B0FM3K6HD3,EUROPEAN SUMMER|MAXI DRESS EDIT,IL_341JHBPWHDBNK|IL_3CETAKAWP1P7C,2,
B0FM3L41S6,LUXE Gifting,IL_B4MF8PKIS82A,1,
B0FM3SC1HD,EARLY Fall|RH STYLE - Looks like a SPLURGE,IL_32TSU85USSAQZ|IL_ED3VXSBXPFO5,2,
B0FM3SPT9C,BEDROOM STYLE,IL_2HG2TBY26H9IW,1,
B0FM73LWGB,JUST IN - Organizing & Home,IL_3UQI8VF6F9P66,1,
B0FM87K3YH,BURGUNDY CRUSH,IL_32JT2D5T30E4J,1,
B0FM8CL998,ATHEISURE,IL_31LARMS9JHPGT,1,
B0FM8HX2KJ,TOP 100+ PRIME DEALS,IL_330I4A3SQ3ERE,1,
B0FMD89ZHQ,MORE NEW FINDS,IL_32M44I5BF0O0R,1,
B0FMDS6BF4,CABINETS. SIDEBOARDS. BUFFETS. CONSOLES.,IL_2Q8H0EUR30UN9,1,
B0FMK91XDL,HOME DECOR,IL_2V4ZM0XXYOP34,1,
B0FMKGSJGT,TEEN GIRLIES,IL_370XLUWUIJAX1,1,
B0FMM4H6GQ,EUROPEAN SUMMER|RESORT WEAR FASHION,IL_15NDDXZ7X0955|IL_341JHBPWHDBNK,2,
B0FMPZ77J6,MAXI DRESS EDIT,IL_3CETAKAWP1P7C,1,
B0FMQS6XST,SPORT MOM Style,IL_33RG7LWDINUWO,1,
B0FMQYWD3S,48 Yr Old Mom of 5 - What I am OBSESSED over!,IL_1NSB6B4CK6NM1,1,
B0FMRDY5Q6,48 Yr Old Mom of 5 - What I am OBSESSED over!|In MY Travel Bag|LUXURY GIFTS,IL_1NSB6B4CK6NM1|IL_3KKGHGSJ1ZRYC|IL_SC6UJV027JAK,3,
B0FMS6LS1G,$50 WINTER FASHION|2025 TOP SELLERS|48 Yr Old Mom of 5 - What I am OBSESSED over!|AFFORDABLE DECOR|AMAZING NEW Home Finds|APRIL Best Sellers|ATHEISURE|ATHLETIC DRESSES|AUGUST TOP PICKS|AUTUMN Vibes|Amazon Furniture in Our Home|April Amazon Live|BARCART|BATHROOM Essentials|BATHROOM Organization|BATHROOM REMODEL|BEAUTY & SKINCARE|BEAUTY MUST-HAVES|BED & BATH FINDS|BEDDING. PILLOWS. THROWS. TOWELS.|BEDDING: LUXURY finds in Our Home|BEDROOM STYLE|BEDS. DRESSERS. NIGHTSTANDS.|BEST SELLERS|BOY'S Bathroom|BRIDE- Spoil Her for the Big Day!|BURGUNDY CRUSH|CABINETS. SIDEBOARDS. BUFFETS. CONSOLES.|CANDLE HOLDERS. CANDLE STICKS.|CAR ORGANIZATION|CARTS DON'T LIE — These were May's biggest hits.|CHIC 2-PIECE SETS|CHIC WITHOUT THE SPLURGE TRAVEL|CLOSET Organizing|COFFEE BAR Essentials|COFFEE TABLE BOOKS|COFFEE TABLES. SIDE TABLES. ACCENT TABLES|CREATOR Favorites|CURTAINS|CYBER HOLIDAY|DATE NIGHT FASHION|DECEMBER Best Sellers|DESIGNER INSPIRED|DINING ROOM|DORM ROOM ESSENTIALS|EARLY Fall|EARNED A SPOT FOR LIFE!|ELEMENTARY SCHOOL|ELEVATED Bathroom Must-Haves|ELEVATED HOLIDAY FASHION|ELEVATED KITCHEN Must-Haves|ELEVATED SWIMWEAR|ENTERTAINING Essentials|ENTRYWAY. FOYER.|EUROPEAN SUMMER|Effortless Chic Home|FALL LOUNGE SETS|FASHION|FAUX & DRIED FLORALS|FAUX INDOOR/OUTDOOR|FEBRUARY Best Sellers|FOR HER - HANDBAGS|FOR HIM - GIFT GUIDE|FRIDGE Organization|FRONT PORCH|FURNITURE In Our Home|For the Big Kids|For the Hostess - GIFT GUIDE|Furniture Mover REEL|GADGETS I CANNOT live WITHOUT|GIFTING|GIFTS UNDER $25|GIFTS UNDER $50|HAIR CARE|HALLOWEEN|HARDWARE & FINISHES|HEALTHY Living|HILLARY'S BEACH Bag Essentials|HOLIDAY BEST SELLERS|HOLIDAY COLOR CRUSHES 2025|HOLIDAY ESSENTIALS|HOLIDAY EVENING Looks|HOLIDAY MUST-HAVES on AMAZON LIVE|HOLIDAY ON SALE|HOLIDAY THEMES 2025|HOME & BATH Essentials|HOME DECOR|HOME OFFICE Essentials|Hillary's NEWEST Finds|Home UPGRADES|In MY Travel Bag|JANUARY Best Sellers|JOCELYN'S Space|JULY TOP PICKS|JUNE TOP PICKS|JUST IN - Organizing & Home|JUST IN...My Newest OBSESSIONS|January Best Sellers 2|KITCHEN Essentials|KITCHEN Organizing|LAMPS|LAST MINUTE GIFTS|LAUNDRY Room Essentials|LIGHTING - Designer Inspired|LUXE Gifting|LUXE Holiday Home|LUXE JEWELRY & ACCESSORIES|LUXURY GIFTS|MARCH Best Sellers|MAXI DRESS EDIT|MEMORIAL DAY SALE FOLLOWER FAVORITES|MORE NEW FINDS|MUST-HAVE HOSTING|MY HOLIDAY Home|MY Holiday Styling List|MY TOP PRODUCTS FOR JULY|Moody Luxe Home|My Curated Gift Guide|My TOP Amazon Cleaning and Organizing|NEW Arrivals|NEW HOLIDAY Finds|NEW HOME FINDS|NIGHTSTAND Essentials|NO DRILL Home Improvement|New Year's Must-Haves|ORGANIZING Essentials|OUR Rental|OUTDOOR Oasis|OVER 40 & Fabulous HILLARY'S Capsule WARDROBE - Effortless & Chic|Our REMODEL HOME|Our SITTING ROOM|Outdoor PLANTERS|PANTRY Organization|PILATES PRINCESS|PILLOWS & THROWS|POWDER BATH|PRESCHOOL LITTLES|QUIET LUXURY/OLD MONEY|RESORT WEAR FASHION|RESTORATION VIBES|RH STYLE - Looks like a SPLURGE|RUGS|SHATTERPROOF Beverage Glasses|SHOP The Hillary Style|SHOPBOP Favorites|SKIMS LIKE BASICS|SOFAS. ACCENT CHAIRS. OTTOMANS.|SPORT MOM Style|STOCKING STUFFERS|SUMMER HOSTING|Spring Obsessed|Subtle Luxury Home|TABLETOP MUST-HAVES|TECH ESSENTIALS|TEEN GIRLIES|TEEN GUYS|THE DRESS SHOPPE - From BRUNCH to BLACK TIE|THE Little Black Dress|THE Littles - GIFT GUIDE|TOP 100 HOME PICKS|TOP 100 PRIME FASHION DEALS|TOP 100+ PRIME DEALS|TOP 50 BEAUTY|TOP MOVING/ORGANIZING|TOP NOVEMBER DEALS|TOP OCTOBER DEALS|TOP SEPTEMBER DEALS|TRANSITIONAL Fall Fashion|TRAVEL|TWEEN & TEEN - GIFT GUIDE|TWEEN BACK TO SCHOOL|The FALL EDIT|The Hillary Style Holiday|The STYLE EDIT - HOTTEST finds RIGHT NOW!|UNBOXING|UNDER $50 FALL Capsule|VANITY Must-Haves|VASES. TRAYS. BOXES.|VIRAL Holiday Finds|VIRAL Home Gadgets|Vanity Organization|WALL DECOR - MIRRORS. ART. FRAMES.|WINTER FASHION|WORK WEAR|Your Currently MOST-LOVED,IL_12L5JOTON77WY|IL_12LJ38VR8BIZT|IL_136JGDBOWW0I4|IL_13866CB1KN3RI|IL_13DUABZBTBJVY|IL_13LSJDYI0DMAZ|IL_14615HLXD512Y|IL_15NDDXZ7X0955|IL_16F1ZOLGB573M|IL_174AROJG7VER7|IL_17ITIHGPTINHX|IL_17SP6THMUJN6E|IL_181FEP0C2U0RU|IL_18H5BP5V6EGYM|IL_18JLLR8E7X2KU|IL_1BKDYBCCXK5YE|IL_1DUCBV6BSXOJF|IL_1DXRHB098MRMA|IL_1E7EHNK9QTVEH|IL_1GS6BISWIK7UN|IL_1HHMN64HEUPU9|IL_1HZQPC6SSAHFG|IL_1I8FQ5LPJG30D|IL_1K9R04PZQD03N|IL_1LFWTJH9UBPKU|IL_1LKQL9NF315YS|IL_1LVS8EBYWIS2J|IL_1MB9961G83COM|IL_1MKYF1CAY9E8G|IL_1NFO0QLH5HS6Y|IL_1NR6N43OIR93A|IL_1NSB6B4CK6NM1|IL_1OH1TVBZ3L337|IL_1Q6KH53S4CVWD|IL_1QMBJFJU34FUR|IL_1QMQ9WWH79VRL|IL_1R4YIGU257W50|IL_1RA73GK94YR1G|IL_1SLNDA7361JAR|IL_1UGCFJJRVROLC|IL_1XPGUL8BC81KW|IL_1YYODGJOLLLRT|IL_20274194WU668|IL_202RY6J21JOG9|IL_20ODL7UVO85YK|IL_20Q0HRFOLM3K2|IL_21CU9PVXLTL6P|IL_21IKKXKZPGWVW|IL_21MLRQOMMKCFI|IL_21T7CCUQI2DH5|IL_222ENLE1WDY2M|IL_22L0SLOF07ITQ|IL_23YO2PO28IXV|IL_24ASC2W86JF33|IL_26IY6FNENQC7M|IL_270Y6RLSPP10V|IL_27BIT6UUHQ198|IL_27L1ENCS6OMON|IL_27VCDHN1568QK|IL_286Q78OJSYZO8|IL_28Z72BVY6B71P|IL_2969EJ7F6BLI8|IL_29FTLXCTPVP41|IL_2ABZ85AO7D848|IL_2B46UO4I7XY3G|IL_2C66SA5TXKNJK|IL_2DHFOQ3A1Q5U2|IL_2DVQFMB8O8SDC|IL_2EHNEZELPW5NA|IL_2GHS9RLET14RQ|IL_2GR0M7LHWL1O|IL_2HG2TBY26H9IW|IL_2I5A3XFI29113|IL_2KYYGUEXPAOKJ|IL_2LWBTUXIDQYKM|IL_2N8O18PX5PHA3|IL_2NDA05KNMQH4|IL_2OL0SY0HD6BBS|IL_2P1RVZSE8RCAZ|IL_2PQNIB7PVLPT1|IL_2Q5678F6BP61R|IL_2Q8H0EUR30UN9|IL_2RA331651DDK8|IL_2RDBP13815B8R|IL_2V2HL7TFY8QE8|IL_2V4ZM0XXYOP34|IL_2V9Q1BLJC4BNW|IL_2WRZJHHWAS214|IL_2YQAXQUJ2H8KY|IL_2Z5U0A9S9OXF9|IL_30ZOK8YSQFY5N|IL_310DHOAQUC0DH|IL_311VGYMV97O78|IL_31KXTI157WXNV|IL_31LARMS9JHPGT|IL_31R6EZ6S1ERJH|IL_32JT2D5T30E4J|IL_32M44I5BF0O0R|IL_32NJAOW4JT5JB|IL_32TSU85USSAQZ|IL_330I4A3SQ3ERE|IL_33RG7LWDINUWO|IL_341JHBPWHDBNK|IL_34RHZWFKXT7UT|IL_34VIWGR89GOO8|IL_370XLUWUIJAX1|IL_395N3QLHWD5V7|IL_39AL8K1TZE306|IL_39FHE4P3M78YV|IL_3BMD6XLV7JIPG|IL_3BNM8CSCBJ7VF|IL_3CETAKAWP1P7C|IL_3CQZYKSH60HA3|IL_3DS692CRM1BGS|IL_3GE7XODL0Z5A3|IL_3H3WH72KSZXK3|IL_3HBHLKKIJRXAQ|IL_3ITM4V91K4422|IL_3J2NRGA0NCDGR|IL_3JCDIMAGNYZ0E|IL_3KKGHGSJ1ZRYC|IL_3LEWC1H0K68XB|IL_3MJSZFZU5658|IL_3QCVRRMTI2TTQ|IL_3QM5O5E9ELURW|IL_3R1F2KZC9BJXJ|IL_3RKTIOM3H9T72|IL_3RT5O1LPLW4HX|IL_3TE1WGJI4HUK8|IL_3U58T22AIU7ZR|IL_3U9GRAHOG87DY|IL_3UQI8VF6F9P66|IL_3VBGW6RI08DIE|IL_3VW7VU2STCZ6B|IL_43J6PJOVYKC9|IL_5MN6DE6JTTK2|IL_76ENHDCP4NP1|IL_81C70Z4U4BII|IL_97O81RWTU3TG|IL_9FXRQ038D494|IL_B4MF8PKIS82A|IL_BWHQ5TU85DA7|IL_C4VDLQZK7ACP|IL_CQQP654U5715|IL_CTNECHN1HUCU|IL_DB6CKD297DDB|IL_DSS93TBPVRP5|IL_EAQUVLIMTM7R|IL_ED3VXSBXPFO5|IL_EEJXEINH2736|IL_F5Z67P4FFJC4|IL_FJAM99COX1K9|IL_IE0BGUCCDZ8X|IL_IOIVGOQN9X1X|IL_IRH0FVF815TU|IL_ITC144HBA2XS|IL_J39K6QG9TPDR|IL_J4MBZKLMALLQ|IL_JI222AIPC2S|IL_K1RZXTONZLT1|IL_K3IDK9BPXYFW|IL_K5H00QYC3R1G|IL_KIGFVJQ0V3OW|IL_L3V3XJ5WT8SV|IL_M0U0DTYJP1BI|IL_M615BEYW486F|IL_O5BIFXCH5S3Y|IL_O65RH2OR0EF3|IL_OB8CSFU2LS6V|IL_OJUSIV7RIXZX|IL_PN4A9X7BMPFX|IL_Q8UFO5D52NKD|IL_QR27F03IP4AQ|IL_QWA0HLMH0ZPN|IL_SC6UJV027JAK|IL_T9AHRYR4TO4W|IL_TOLRF8ZU3T5K|IL_V4V7ASEQMWKK|IL_VI6A3WXDHHDU|IL_VRW78IY69242|IL_WMCP8YLCXSCD|IL_WPS59NJ19M48|IL_WU8FIFLKC1R5|IL_YYM41OHGI1KQ|IL_ZN8TBHK35E0D,185,All memberships are included in internal_label; only the first 5 stable backup labels appear in custom_label_0-4.
B0FMTJV5Y3,For the Big Kids,IL_22L0SLOF07ITQ,1,
B0FMXPRK4N,FASHION,IL_3LEWC1H0K68XB,1,
B0FMXZPD3N,HOME & BATH Essentials|HOME DECOR,IL_2V4ZM0XXYOP34|IL_IRH0FVF815TU,2,
B0FMY2T5WW,FASHION,IL_3LEWC1H0K68XB,1,
B0FMY75TNH,KITCHEN Essentials,IL_286Q78OJSYZO8,1,
B0FMY7B94V,JUNE TOP PICKS,IL_2Q5678F6BP61R,1,
B0FMY954ZH,NEW HOME FINDS,IL_1QMBJFJU34FUR,1,
B0FMY9CMJN,HOLIDAY COLOR CRUSHES 2025|JUST IN...My Newest OBSESSIONS|VIRAL Holiday Finds,IL_1LKQL9NF315YS|IL_3QCVRRMTI2TTQ|IL_EAQUVLIMTM7R,3,
B0FN3FC17D,MAXI DRESS EDIT,IL_3CETAKAWP1P7C,1,
B0FN3Q47G8,QUIET LUXURY/OLD MONEY,IL_310DHOAQUC0DH,1,
B0FN3S2622,JUST IN - Organizing & Home,IL_3UQI8VF6F9P66,1,
B0FN4B1YXK,BEST SELLERS,IL_3DS692CRM1BGS,1,
B0FN4HSF5M,UNDER $50 FALL Capsule,IL_39FHE4P3M78YV,1,
B0FN724VHZ,HOME & BATH Essentials,IL_IRH0FVF815TU,1,
B0FN7537DQ,OUTDOOR Oasis,IL_VI6A3WXDHHDU,1,
B0FN7VB7ZG,The STYLE EDIT - HOTTEST finds RIGHT NOW!,IL_1SLNDA7361JAR,1,
B0FN891NBL,NEW Arrivals,IL_2DHFOQ3A1Q5U2,1,
B0FN8B1PJH,Hillary's NEWEST Finds|NEW Arrivals,IL_1XPGUL8BC81KW|IL_2DHFOQ3A1Q5U2,2,
B0FNC835FH,MAXI DRESS EDIT,IL_3CETAKAWP1P7C,1,
B0FNCSPDLQ,THE DRESS SHOPPE - From BRUNCH to BLACK TIE,IL_1HHMN64HEUPU9,1,
B0FNCSZRPW,RESTORATION VIBES|TOP 100 HOME PICKS,IL_2DVQFMB8O8SDC|IL_2I5A3XFI29113,2,
B0FNCW69FN,BURGUNDY CRUSH,IL_32JT2D5T30E4J,1,
B0FND5L1RF,HOLIDAY THEMES 2025,IL_CQQP654U5715,1,
B0FNKQ7V4X,ELEVATED KITCHEN Must-Haves,IL_V4V7ASEQMWKK,1,
B0FNN3QTLL,RESTORATION VIBES,IL_2I5A3XFI29113,1,
B0FNN45JX6,LUXE Gifting,IL_B4MF8PKIS82A,1,
B0FNQ6MYM1,DATE NIGHT FASHION,IL_20Q0HRFOLM3K2,1,
B0FNQ8SV3T,DATE NIGHT FASHION,IL_20Q0HRFOLM3K2,1,
B0FNQW2T5Z,JULY TOP PICKS|TOP 50 BEAUTY,IL_17SP6THMUJN6E|IL_9FXRQ038D494,2,
B0FNR8STYH,FASHION,IL_3LEWC1H0K68XB,1,
B0FNW5RCWT,Hillary's NEWEST Finds,IL_1XPGUL8BC81KW,1,
B0FNXFLG1N,AMAZING NEW Home Finds,IL_202RY6J21JOG9,1,
B0FNXY14TV,NEW HOME FINDS,IL_1QMBJFJU34FUR,1,
B0FP17RHVQ,KITCHEN Essentials,IL_286Q78OJSYZO8,1,
B0FP2JGPV9,The FALL EDIT,IL_IOIVGOQN9X1X,1,
B0FP2K3FBL,TRANSITIONAL Fall Fashion|The FALL EDIT,IL_5MN6DE6JTTK2|IL_IOIVGOQN9X1X,2,
B0FP2VL5LN,HALLOWEEN,IL_TOLRF8ZU3T5K,1,
B0FP3N7MMF,ELEMENTARY SCHOOL,IL_13LSJDYI0DMAZ,1,
B0FP45W64H,PRESCHOOL LITTLES,IL_16F1ZOLGB573M,1,
B0FP4D8N31,PRESCHOOL LITTLES,IL_16F1ZOLGB573M,1,
B0FP56FR8Q,BEDROOM STYLE,IL_2HG2TBY26H9IW,1,
B0FP5CDV24,DATE NIGHT FASHION|NEW Arrivals,IL_20Q0HRFOLM3K2|IL_2DHFOQ3A1Q5U2,2,
B0FP5D1N3W,FALL LOUNGE SETS,IL_1K9R04PZQD03N,1,
B0FP5D25ZZ,The FALL EDIT,IL_IOIVGOQN9X1X,1,
B0FP5G7T7S,MAXI DRESS EDIT,IL_3CETAKAWP1P7C,1,
B0FP8NV16H,BEST SELLERS|HOLIDAY THEMES 2025,IL_3DS692CRM1BGS|IL_CQQP654U5715,2,
B0FP8YFZVB,The STYLE EDIT - HOTTEST finds RIGHT NOW!,IL_1SLNDA7361JAR,1,
B0FP92TPZM,The STYLE EDIT - HOTTEST finds RIGHT NOW!,IL_1SLNDA7361JAR,1,
B0FP93G4NM,LUXE Gifting,IL_B4MF8PKIS82A,1,
B0FP9C6Y4B,JUST IN - Organizing & Home,IL_3UQI8VF6F9P66,1,
B0FPBJZRDL,AFFORDABLE DECOR,IL_2EHNEZELPW5NA,1,
B0FPBR63KF,The Hillary Style Holiday,IL_2V2HL7TFY8QE8,1,
B0FPC11WS7,STOCKING STUFFERS,IL_20274194WU668,1,
B0FPC753B2,HOME DECOR,IL_2V4ZM0XXYOP34,1,
B0FPCJ7FL3,HOME DECOR,IL_2V4ZM0XXYOP34,1,
B0FPCRXSM4,WORK WEAR,IL_3J2NRGA0NCDGR,1,
B0FPCWW3V8,RESORT WEAR FASHION|Spring Obsessed,IL_15NDDXZ7X0955|IL_222ENLE1WDY2M,2,
B0FPCYYTBX,RESTORATION VIBES,IL_2I5A3XFI29113,1,
B0FPD6VNDW,ELEMENTARY SCHOOL,IL_13LSJDYI0DMAZ,1,
B0FPD7CC2S,TEEN GUYS,IL_O65RH2OR0EF3,1,
B0FPD8L13P,ENTERTAINING Essentials,IL_2GHS9RLET14RQ,1,
B0FPFLSNW8,MAXI DRESS EDIT,IL_3CETAKAWP1P7C,1,
B0FPGS14FZ,MORE NEW FINDS,IL_32M44I5BF0O0R,1,
B0FPM66QX8,Hillary's NEWEST Finds,IL_1XPGUL8BC81KW,1,
B0FPM9HSP9,JUST IN - Organizing & Home,IL_3UQI8VF6F9P66,1,
B0FPMGCC8Y,KITCHEN Essentials,IL_286Q78OJSYZO8,1,
B0FPPND27M,TEEN GIRLIES,IL_370XLUWUIJAX1,1,
B0FPPV8V5Q,48 Yr Old Mom of 5 - What I am OBSESSED over!|BEAUTY MUST-HAVES|LUXURY GIFTS,IL_174AROJG7VER7|IL_1NSB6B4CK6NM1|IL_3KKGHGSJ1ZRYC,3,
B0FPQGG8MX,HOME DECOR,IL_2V4ZM0XXYOP34,1,
B0FPQKK97X,EARNED A SPOT FOR LIFE!,IL_76ENHDCP4NP1,1,
B0FPR6DQ29,APRIL Best Sellers|DESIGNER INSPIRED,IL_181FEP0C2U0RU|IL_3JCDIMAGNYZ0E,2,
B0FPT6Q122,TEEN GIRLIES,IL_370XLUWUIJAX1,1,
B0FPWGNZVG,MAXI DRESS EDIT,IL_3CETAKAWP1P7C,1,
B0FPWQ6JJ2,RESTORATION VIBES|RH STYLE - Looks like a SPLURGE,IL_2I5A3XFI29113|IL_32TSU85USSAQZ,2,
B0FPWW9LD6,UNDER $50 FALL Capsule,IL_39FHE4P3M78YV,1,
B0FPX21S28,QUIET LUXURY/OLD MONEY,IL_310DHOAQUC0DH,1,
B0FPX94CW3,TRANSITIONAL Fall Fashion,IL_5MN6DE6JTTK2,1,
B0FPXJW3JB,OVER 40 & Fabulous HILLARY'S Capsule WARDROBE - Effortless & Chic,IL_1GS6BISWIK7UN,1,
B0FPXPJYYS,CHIC WITHOUT THE SPLURGE TRAVEL|QUIET LUXURY/OLD MONEY,IL_2GR0M7LHWL1O|IL_310DHOAQUC0DH,2,
B0FPYX8HXT,FOR HIM - GIFT GUIDE,IL_26IY6FNENQC7M,1,
B0FPYZRRBY,JUNE TOP PICKS,IL_2Q5678F6BP61R,1,
B0FQ3WCNCL,MORE NEW FINDS,IL_32M44I5BF0O0R,1,
B0FQ5NMVY4,HOLIDAY COLOR CRUSHES 2025|JUST IN...My Newest OBSESSIONS,IL_1LKQL9NF315YS|IL_EAQUVLIMTM7R,2,
B0FQ5YZ2FS,RESTORATION VIBES,IL_2I5A3XFI29113,1,
B0FQ62TKQ2,HOME DECOR,IL_2V4ZM0XXYOP34,1,
B0FQ68K95T,HOLIDAY COLOR CRUSHES 2025,IL_1LKQL9NF315YS,1,
B0FQ78XXRK,PRESCHOOL LITTLES,IL_16F1ZOLGB573M,1,
B0FQ7LT87Y,ELEMENTARY SCHOOL,IL_13LSJDYI0DMAZ,1,
B0FQ7PKRLP,PRESCHOOL LITTLES,IL_16F1ZOLGB573M,1,
B0FQ7RZ3HB,PRESCHOOL LITTLES,IL_16F1ZOLGB573M,1,
B0FQ7V99JX,PRESCHOOL LITTLES,IL_16F1ZOLGB573M,1,
B0FQ7Y9WCF,ELEMENTARY SCHOOL|PRESCHOOL LITTLES,IL_13LSJDYI0DMAZ|IL_16F1ZOLGB573M,2,
B0FQ7YWDC8,PRESCHOOL LITTLES,IL_16F1ZOLGB573M,1,
B0FQ9MGXML,The STYLE EDIT - HOTTEST finds RIGHT NOW!,IL_1SLNDA7361JAR,1,
B0FQ9WNQHM,THE Little Black Dress,IL_CTNECHN1HUCU,1,
B0FQB3T8XZ,MAXI DRESS EDIT,IL_3CETAKAWP1P7C,1,
B0FQBF8V7S,The STYLE EDIT - HOTTEST finds RIGHT NOW!,IL_1SLNDA7361JAR,1,
B0FQBV38D5,The STYLE EDIT - HOTTEST finds RIGHT NOW!,IL_1SLNDA7361JAR,1,
B0FQC6JTSC,FALL LOUNGE SETS,IL_1K9R04PZQD03N,1,
B0FQCK9RZ6,EARLY Fall,IL_ED3VXSBXPFO5,1,
B0FQCWGQQ7,DATE NIGHT FASHION,IL_20Q0HRFOLM3K2,1,
B0FQFB8FMG,TECH ESSENTIALS,IL_1LVS8EBYWIS2J,1,
B0FQFYSH7T,CYBER HOLIDAY|HOLIDAY MUST-HAVES on AMAZON LIVE|MY HOLIDAY Home|TOP NOVEMBER DEALS|The Hillary Style Holiday|VIRAL Holiday Finds,IL_18JLLR8E7X2KU|IL_2V2HL7TFY8QE8|IL_2Z5U0A9S9OXF9|IL_32NJAOW4JT5JB|IL_3QCVRRMTI2TTQ|IL_3U58T22AIU7ZR,6,All memberships are included in internal_label; only the first 5 stable backup labels appear in custom_label_0-4.
B0FQHXXNB4,ELEMENTARY SCHOOL,IL_13LSJDYI0DMAZ,1,
B0FQHYXDBQ,CHIC WITHOUT THE SPLURGE TRAVEL|DATE NIGHT FASHION|OVER 40 & Fabulous HILLARY'S Capsule WARDROBE - Effortless & Chic,IL_1GS6BISWIK7UN|IL_20Q0HRFOLM3K2|IL_2GR0M7LHWL1O,3,
B0FQJ4WRBP,ATHEISURE|ATHLETIC DRESSES,IL_31LARMS9JHPGT|IL_3GE7XODL0Z5A3,2,
B0FQJQ28YB,CHIC 2-PIECE SETS,IL_QR27F03IP4AQ,1,
B0FQKZ2Q9S,TECH ESSENTIALS,IL_1LVS8EBYWIS2J,1,
B0FQML4HZY,THE Little Black Dress,IL_CTNECHN1HUCU,1,
B0FQP16YRW,EUROPEAN SUMMER,IL_341JHBPWHDBNK,1,
B0FQP51MST,TOP 100 PRIME FASHION DEALS,IL_2LWBTUXIDQYKM,1,
B0FQPBD416,The STYLE EDIT - HOTTEST finds RIGHT NOW!,IL_1SLNDA7361JAR,1,
B0FQPKY86Q,JUST IN - Organizing & Home,IL_3UQI8VF6F9P66,1,
B0FQPPBJZJ,DESIGNER INSPIRED,IL_3JCDIMAGNYZ0E,1,
B0FQRJ641G,The Hillary Style Holiday,IL_2V2HL7TFY8QE8,1,
B0FQRKL794,CYBER HOLIDAY|HOLIDAY MUST-HAVES on AMAZON LIVE,IL_32NJAOW4JT5JB|IL_3U58T22AIU7ZR,2,
B0FQTGLJBH,JUST IN - Organizing & Home,IL_3UQI8VF6F9P66,1,
B0FQTV3Z8R,AFFORDABLE DECOR|NEW HOME FINDS,IL_1QMBJFJU34FUR|IL_2EHNEZELPW5NA,2,
B0FQV2J48Q,LUXURY GIFTS,IL_3KKGHGSJ1ZRYC,1,
B0FQXQ89SP,CYBER HOLIDAY|The Hillary Style Holiday,IL_2V2HL7TFY8QE8|IL_32NJAOW4JT5JB,2,
B0FQXRMG9M,CYBER HOLIDAY|HOLIDAY COLOR CRUSHES 2025|JUST IN...My Newest OBSESSIONS|MY HOLIDAY Home|The Hillary Style Holiday,IL_18JLLR8E7X2KU|IL_1LKQL9NF315YS|IL_2V2HL7TFY8QE8|IL_32NJAOW4JT5JB|IL_EAQUVLIMTM7R,5,
B0FQXTL2FN,MY HOLIDAY Home,IL_18JLLR8E7X2KU,1,
B0FQY4WD9S,For the Hostess - GIFT GUIDE,IL_2C66SA5TXKNJK,1,
B0FQYB1DJM,MY HOLIDAY Home,IL_18JLLR8E7X2KU,1,
B0FQYCJMPC,2025 TOP SELLERS|BEDDING: LUXURY finds in Our Home,IL_3MJSZFZU5658|IL_3RT5O1LPLW4HX,2,
B0FQYFHXJ7,The Hillary Style Holiday,IL_2V2HL7TFY8QE8,1,
B0FQYK7QT6,MY HOLIDAY Home,IL_18JLLR8E7X2KU,1,
B0FQYLH2TJ,CYBER HOLIDAY|MY HOLIDAY Home|The Hillary Style Holiday,IL_18JLLR8E7X2KU|IL_2V2HL7TFY8QE8|IL_32NJAOW4JT5JB,3,
B0FQYPCM5C,The Hillary Style Holiday,IL_2V2HL7TFY8QE8,1,
B0FQYRL9SV,CYBER HOLIDAY|MY HOLIDAY Home|The Hillary Style Holiday,IL_18JLLR8E7X2KU|IL_2V2HL7TFY8QE8|IL_32NJAOW4JT5JB,3,
B0FQYRMBP5,CYBER HOLIDAY|MY HOLIDAY Home|The Hillary Style Holiday,IL_18JLLR8E7X2KU|IL_2V2HL7TFY8QE8|IL_32NJAOW4JT5JB,3,
B0FQYT8XWF,CYBER HOLIDAY|HOLIDAY BEST SELLERS|The Hillary Style Holiday,IL_1Q6KH53S4CVWD|IL_2V2HL7TFY8QE8|IL_32NJAOW4JT5JB,3,
B0FQYV4SLJ,The Hillary Style Holiday,IL_2V2HL7TFY8QE8,1,
B0FQYVDJ5W,CYBER HOLIDAY|HOLIDAY COLOR CRUSHES 2025,IL_1LKQL9NF315YS|IL_32NJAOW4JT5JB,2,
B0FQYWGVTC,For the Hostess - GIFT GUIDE|The Hillary Style Holiday,IL_2C66SA5TXKNJK|IL_2V2HL7TFY8QE8,2,
B0FQYXJR1Q,The Hillary Style Holiday,IL_2V2HL7TFY8QE8,1,
B0FQYXKMWL,CYBER HOLIDAY|The Hillary Style Holiday,IL_2V2HL7TFY8QE8|IL_32NJAOW4JT5JB,2,
B0FQZHGH51,The Hillary Style Holiday|VIRAL Holiday Finds,IL_2V2HL7TFY8QE8|IL_3QCVRRMTI2TTQ,2,
B0FR42SMZM,MEMORIAL DAY SALE FOLLOWER FAVORITES,IL_17ITIHGPTINHX,1,
B0FR4G4C5P,DATE NIGHT FASHION,IL_20Q0HRFOLM3K2,1,
B0FR4RN379,KITCHEN Essentials,IL_286Q78OJSYZO8,1,
B0FR4RS3F1,HEALTHY Living,IL_136JGDBOWW0I4,1,
B0FR4X373W,HOME DECOR,IL_2V4ZM0XXYOP34,1,
B0FR6SYJZ2,RESORT WEAR FASHION,IL_15NDDXZ7X0955,1,
B0FR7C7BQS,HOLIDAY THEMES 2025,IL_CQQP654U5715,1,
B0FR8HB9Z3,APRIL Best Sellers,IL_181FEP0C2U0RU,1,
B0FR8P8JWF,HALLOWEEN,IL_TOLRF8ZU3T5K,1,
B0FR8PMPMH,The STYLE EDIT - HOTTEST finds RIGHT NOW!,IL_1SLNDA7361JAR,1,
B0FR8PQ994,TRANSITIONAL Fall Fashion|The FALL EDIT,IL_5MN6DE6JTTK2|IL_IOIVGOQN9X1X,2,
B0FR8SBRX7,FASHION,IL_3LEWC1H0K68XB,1,
B0FR8TMW8K,CHIC 2-PIECE SETS,IL_QR27F03IP4AQ,1,
B0FR91YKNJ,HALLOWEEN,IL_TOLRF8ZU3T5K,1,
B0FR92WX48,FALL LOUNGE SETS,IL_1K9R04PZQD03N,1,
B0FRBQTFC1,TOP 100 PRIME FASHION DEALS|The STYLE EDIT - HOTTEST finds RIGHT NOW!,IL_1SLNDA7361JAR|IL_2LWBTUXIDQYKM,2,
B0FRDQ6LGT,THE DRESS SHOPPE - From BRUNCH to BLACK TIE,IL_1HHMN64HEUPU9,1,
B0FRDZD6D4,TOP 100 PRIME FASHION DEALS,IL_2LWBTUXIDQYKM,1,
B0FRF3PT21,JUST IN - Organizing & Home,IL_3UQI8VF6F9P66,1,
B0FRF44BW9,ATHEISURE,IL_31LARMS9JHPGT,1,
B0FRGN417V,CHIC WITHOUT THE SPLURGE TRAVEL|OVER 40 & Fabulous HILLARY'S Capsule WARDROBE - Effortless & Chic,IL_1GS6BISWIK7UN|IL_2GR0M7LHWL1O,2,
B0FRJ5T4D1,HOLIDAY BEST SELLERS|NEW HOLIDAY Finds|The Hillary Style Holiday,IL_13866CB1KN3RI|IL_1Q6KH53S4CVWD|IL_2V2HL7TFY8QE8,3,
B0FRJ6DXR7,CYBER HOLIDAY|HOLIDAY MUST-HAVES on AMAZON LIVE|MY HOLIDAY Home|The Hillary Style Holiday,IL_18JLLR8E7X2KU|IL_2V2HL7TFY8QE8|IL_32NJAOW4JT5JB|IL_3U58T22AIU7ZR,4,
B0FRK1BHFR,HOLIDAY BEST SELLERS|MY HOLIDAY Home|The Hillary Style Holiday,IL_18JLLR8E7X2KU|IL_1Q6KH53S4CVWD|IL_2V2HL7TFY8QE8,3,
B0FRM7ZLKN,CHIC 2-PIECE SETS,IL_QR27F03IP4AQ,1,
B0FRM95HGX,FASHION,IL_3LEWC1H0K68XB,1,
B0FRMF68DL,OUTDOOR Oasis,IL_VI6A3WXDHHDU,1,
B0FRN45K99,MAXI DRESS EDIT,IL_3CETAKAWP1P7C,1,
B0FRN4W3TB,THE DRESS SHOPPE - From BRUNCH to BLACK TIE,IL_1HHMN64HEUPU9,1,
B0FRNQHMQ7,TRANSITIONAL Fall Fashion,IL_5MN6DE6JTTK2,1,
B0FRRTDGFT,$50 WINTER FASHION,IL_43J6PJOVYKC9,1,
B0FRXSN2K7,CYBER HOLIDAY|HOLIDAY BEST SELLERS,IL_1Q6KH53S4CVWD|IL_32NJAOW4JT5JB,2,
B0FRXZNNLF,BURGUNDY CRUSH|CYBER HOLIDAY|HOLIDAY MUST-HAVES on AMAZON LIVE|NEW HOLIDAY Finds|The Hillary Style Holiday,IL_13866CB1KN3RI|IL_2V2HL7TFY8QE8|IL_32JT2D5T30E4J|IL_32NJAOW4JT5JB|IL_3U58T22AIU7ZR,5,
B0FS17WBLR,TOP 100 PRIME FASHION DEALS,IL_2LWBTUXIDQYKM,1,
B0FS1HCG6D,HOLIDAY THEMES 2025,IL_CQQP654U5715,1,
B0FS1L2V38,WORK WEAR,IL_3J2NRGA0NCDGR,1,
B0FS1L6ZLW,The STYLE EDIT - HOTTEST finds RIGHT NOW!,IL_1SLNDA7361JAR,1,
B0FS1P2BDS,WORK WEAR,IL_3J2NRGA0NCDGR,1,
B0FS2BHLT6,THE DRESS SHOPPE - From BRUNCH to BLACK TIE,IL_1HHMN64HEUPU9,1,
B0FS636YVZ,ENTERTAINING Essentials,IL_2GHS9RLET14RQ,1,
B0FS6CFRTP,TOP 100 HOME PICKS|TOP 100+ PRIME DEALS,IL_2DVQFMB8O8SDC|IL_330I4A3SQ3ERE,2,
B0FS6SVBKT,LIGHTING - Designer Inspired,IL_K3IDK9BPXYFW,1,
B0FS7H1CX7,The Hillary Style Holiday,IL_2V2HL7TFY8QE8,1,
B0FS7MKC33,The Hillary Style Holiday,IL_2V2HL7TFY8QE8,1,
B0FS7PTPF8,For the Hostess - GIFT GUIDE|HOLIDAY BEST SELLERS|HOLIDAY MUST-HAVES on AMAZON LIVE|MY HOLIDAY Home|TOP NOVEMBER DEALS|The Hillary Style Holiday,IL_18JLLR8E7X2KU|IL_1Q6KH53S4CVWD|IL_2C66SA5TXKNJK|IL_2V2HL7TFY8QE8|IL_2Z5U0A9S9OXF9|IL_3U58T22AIU7ZR,6,All memberships are included in internal_label; only the first 5 stable backup labels appear in custom_label_0-4.
B0FS81X18L,TWEEN & TEEN - GIFT GUIDE,IL_1I8FQ5LPJG30D,1,
B0FSCSZHVL,JUNE TOP PICKS,IL_2Q5678F6BP61R,1,
B0FSJS24JH,THE DRESS SHOPPE - From BRUNCH to BLACK TIE,IL_1HHMN64HEUPU9,1,
B0FSJTMP5K,QUIET LUXURY/OLD MONEY,IL_310DHOAQUC0DH,1,
B0FSK7RYD1,AUGUST TOP PICKS,IL_DSS93TBPVRP5,1,
B0FSLQZPRD,ATHLETIC DRESSES,IL_3GE7XODL0Z5A3,1,
B0FSPQJWWH,EUROPEAN SUMMER,IL_341JHBPWHDBNK,1,
B0FSQ3H2DZ,QUIET LUXURY/OLD MONEY,IL_310DHOAQUC0DH,1,
B0FSR159C3,RESTORATION VIBES,IL_2I5A3XFI29113,1,
B0FSR5LRPZ,The STYLE EDIT - HOTTEST finds RIGHT NOW!,IL_1SLNDA7361JAR,1,
B0FSSFBC8C,$50 WINTER FASHION,IL_43J6PJOVYKC9,1,
B0FSSYS2SK,LIGHTING - Designer Inspired,IL_K3IDK9BPXYFW,1,
B0FSSZJXJ3,ELEMENTARY SCHOOL,IL_13LSJDYI0DMAZ,1,
B0FSTB32GL,HOLIDAY ON SALE,IL_81C70Z4U4BII,1,
B0FSTDPQTN,The Hillary Style Holiday,IL_2V2HL7TFY8QE8,1,
B0FSTFP67W,For the Hostess - GIFT GUIDE,IL_2C66SA5TXKNJK,1,
B0FSZL2LDB,TRANSITIONAL Fall Fashion,IL_5MN6DE6JTTK2,1,
B0FSZVW8LJ,DATE NIGHT FASHION,IL_20Q0HRFOLM3K2,1,
B0FSZZZ61L,JULY TOP PICKS,IL_9FXRQ038D494,1,
B0FT1Q4RTB,KITCHEN Organizing|NEW Arrivals,IL_2B46UO4I7XY3G|IL_2DHFOQ3A1Q5U2,2,
B0FT1QYVVC,CYBER HOLIDAY|The Hillary Style Holiday,IL_2V2HL7TFY8QE8|IL_32NJAOW4JT5JB,2,
B0FT1R7SFY,HOLIDAY MUST-HAVES on AMAZON LIVE|The Hillary Style Holiday,IL_2V2HL7TFY8QE8|IL_3U58T22AIU7ZR,2,
B0FT3Z3BTL,CYBER HOLIDAY|HOLIDAY MUST-HAVES on AMAZON LIVE|The Hillary Style Holiday,IL_2V2HL7TFY8QE8|IL_32NJAOW4JT5JB|IL_3U58T22AIU7ZR,3,
B0FT4CKD2Y,HOLIDAY ON SALE,IL_81C70Z4U4BII,1,
B0FT78ZYF2,The STYLE EDIT - HOTTEST finds RIGHT NOW!,IL_1SLNDA7361JAR,1,
B0FTC6R9SD,MY HOLIDAY Home,IL_18JLLR8E7X2KU,1,
B0FTMFHTSX,TRANSITIONAL Fall Fashion|UNDER $50 FALL Capsule,IL_39FHE4P3M78YV|IL_5MN6DE6JTTK2,2,
B0FTS44CDG,CHIC WITHOUT THE SPLURGE TRAVEL|THE DRESS SHOPPE - From BRUNCH to BLACK TIE,IL_1HHMN64HEUPU9|IL_2GR0M7LHWL1O,2,
B0FTVDGN5L,DESIGNER INSPIRED,IL_3JCDIMAGNYZ0E,1,
B0FTXSVTLL,HOLIDAY MUST-HAVES on AMAZON LIVE,IL_3U58T22AIU7ZR,1,
B0FTXW1JKZ,CYBER HOLIDAY,IL_32NJAOW4JT5JB,1,
B0FTYVFQ39,CHIC 2-PIECE SETS,IL_QR27F03IP4AQ,1,
B0FTZK36V7,NEW Arrivals,IL_2DHFOQ3A1Q5U2,1,
B0FV13NM2J,EARLY Fall|RESTORATION VIBES|RH STYLE - Looks like a SPLURGE,IL_2I5A3XFI29113|IL_32TSU85USSAQZ|IL_ED3VXSBXPFO5,3,
B0FV3L2LTH,HOLIDAY ON SALE,IL_81C70Z4U4BII,1,
B0FV4X9M4K,NEW HOME FINDS,IL_1QMBJFJU34FUR,1,
B0FV8CD9LH,BEDDING: LUXURY finds in Our Home,IL_3MJSZFZU5658,1,
B0FV8MY7YJ,BEST SELLERS,IL_3DS692CRM1BGS,1,
B0FV94R6X9,CYBER HOLIDAY,IL_32NJAOW4JT5JB,1,
B0FVFLQBQ1,TOP 100+ PRIME DEALS,IL_330I4A3SQ3ERE,1,
B0FVGHWC7T,OUTDOOR Oasis|TOP 100 HOME PICKS,IL_2DVQFMB8O8SDC|IL_VI6A3WXDHHDU,2,
B0FVLKJMGS,HOME DECOR,IL_2V4ZM0XXYOP34,1,
B0FVLTZWGL,ATHEISURE,IL_31LARMS9JHPGT,1,
B0FVR14L9Q,DESIGNER INSPIRED,IL_3JCDIMAGNYZ0E,1,
B0FVSJZMZJ,CHIC WITHOUT THE SPLURGE TRAVEL,IL_2GR0M7LHWL1O,1,
B0FVTFGPWX,LUXE Gifting,IL_B4MF8PKIS82A,1,
B0FVTK6DQN,MY HOLIDAY Home,IL_18JLLR8E7X2KU,1,
B0FVTMCWVX,CYBER HOLIDAY,IL_32NJAOW4JT5JB,1,
B0FVWWVT8F,CHIC WITHOUT THE SPLURGE TRAVEL,IL_2GR0M7LHWL1O,1,
B0FVWXH943,EUROPEAN SUMMER,IL_341JHBPWHDBNK,1,
B0FVXKGDBQ,FASHION,IL_3LEWC1H0K68XB,1,
B0FVXKGDBR,FASHION,IL_3LEWC1H0K68XB,1,
B0FVXS6PHP,The STYLE EDIT - HOTTEST finds RIGHT NOW!,IL_1SLNDA7361JAR,1,
B0FVZDPKWF,CYBER HOLIDAY|HOLIDAY MUST-HAVES on AMAZON LIVE|MY HOLIDAY Home|The Hillary Style Holiday,IL_18JLLR8E7X2KU|IL_2V2HL7TFY8QE8|IL_32NJAOW4JT5JB|IL_3U58T22AIU7ZR,4,
B0FVZFGXKN,CYBER HOLIDAY|HOLIDAY BEST SELLERS|HOLIDAY MUST-HAVES on AMAZON LIVE|The Hillary Style Holiday,IL_1Q6KH53S4CVWD|IL_2V2HL7TFY8QE8|IL_32NJAOW4JT5JB|IL_3U58T22AIU7ZR,4,
B0FW1BC91Z,The Hillary Style Holiday,IL_2V2HL7TFY8QE8,1,
B0FW3JM2GK,TOP 100 PRIME FASHION DEALS,IL_2LWBTUXIDQYKM,1,
B0FW47SNDG,KITCHEN Organizing|NEW Arrivals,IL_2B46UO4I7XY3G|IL_2DHFOQ3A1Q5U2,2,
B0FW49BVJG,CHIC 2-PIECE SETS,IL_QR27F03IP4AQ,1,
B0FW4KT143,VIRAL Holiday Finds,IL_3QCVRRMTI2TTQ,1,
B0FW4PCK58,JUST IN - Organizing & Home,IL_3UQI8VF6F9P66,1,
B0FWBKBH81,RESTORATION VIBES|RH STYLE - Looks like a SPLURGE,IL_2I5A3XFI29113|IL_32TSU85USSAQZ,2,
B0FWBZ5239,FASHION,IL_3LEWC1H0K68XB,1,
B0FWC3ZXDG,RH STYLE - Looks like a SPLURGE,IL_32TSU85USSAQZ,1,
B0FWCDWF5L,Hillary's NEWEST Finds,IL_1XPGUL8BC81KW,1,
B0FWHR38QW,RESTORATION VIBES,IL_2I5A3XFI29113,1,
B0FWJWFM4M,EARLY Fall,IL_ED3VXSBXPFO5,1,
B0FWK73KTK,TEEN GUYS,IL_O65RH2OR0EF3,1,
B0FWLRZ869,HOME & BATH Essentials,IL_IRH0FVF815TU,1,
B0FWPD8L25,BURGUNDY CRUSH,IL_32JT2D5T30E4J,1,
B0FWPKWH1M,MY HOLIDAY Home,IL_18JLLR8E7X2KU,1,
B0FWPLRS8Z,CYBER HOLIDAY,IL_32NJAOW4JT5JB,1,
B0FWPR2SLM,HOLIDAY ON SALE,IL_81C70Z4U4BII,1,
B0FWPSGNTY,The Hillary Style Holiday,IL_2V2HL7TFY8QE8,1,
B0FWQDHGNJ,HOME DECOR,IL_2V4ZM0XXYOP34,1,
B0FWQF4FZX,JUST IN - Organizing & Home,IL_3UQI8VF6F9P66,1,
B0FWQSTS33,HOME DECOR,IL_2V4ZM0XXYOP34,1,
B0FWR9MJM3,The STYLE EDIT - HOTTEST finds RIGHT NOW!,IL_1SLNDA7361JAR,1,
B0FWRH2GW2,BEDROOM STYLE,IL_2HG2TBY26H9IW,1,
B0FWRJHLKF,EUROPEAN SUMMER,IL_341JHBPWHDBNK,1,
B0FWS6N57Q,BURGUNDY CRUSH|The Hillary Style Holiday,IL_2V2HL7TFY8QE8|IL_32JT2D5T30E4J,2,
B0FWSF6HB8,For the Hostess - GIFT GUIDE,IL_2C66SA5TXKNJK,1,
B0FWSJKXS4,CYBER HOLIDAY,IL_32NJAOW4JT5JB,1,
B0FWSPJG75,HOLIDAY ON SALE|The Hillary Style Holiday,IL_2V2HL7TFY8QE8|IL_81C70Z4U4BII,2,
B0FWSRXMDC,CYBER HOLIDAY,IL_32NJAOW4JT5JB,1,
B0FWT237M9,HOLIDAY ON SALE,IL_81C70Z4U4BII,1,
B0FWT2W2T3,HOLIDAY ON SALE,IL_81C70Z4U4BII,1,
B0FWT5B8N7,HOLIDAY ON SALE,IL_81C70Z4U4BII,1,
B0FWT7MZMK,HOLIDAY ON SALE,IL_81C70Z4U4BII,1,
B0FWTBLSJ7,The Hillary Style Holiday,IL_2V2HL7TFY8QE8,1,
B0FWTBX4J5,The Hillary Style Holiday,IL_2V2HL7TFY8QE8,1,
B0FWTF9BYH,CYBER HOLIDAY,IL_32NJAOW4JT5JB,1,
B0FWTGBDWW,CYBER HOLIDAY,IL_32NJAOW4JT5JB,1,
B0FWTMZXWG,CYBER HOLIDAY|MY HOLIDAY Home,IL_18JLLR8E7X2KU|IL_32NJAOW4JT5JB,2,
B0FWTRQ1LJ,DATE NIGHT FASHION,IL_20Q0HRFOLM3K2,1,
B0FWTSRJKX,HOLIDAY ON SALE,IL_81C70Z4U4BII,1,
B0FWVK5F32,RUGS,IL_2N8O18PX5PHA3,1,
B0FX2N6946,DATE NIGHT FASHION,IL_20Q0HRFOLM3K2,1,
B0FX2RQGBR,MAXI DRESS EDIT,IL_3CETAKAWP1P7C,1,
B0FX3FG3F3,HOME & BATH Essentials|TOP 100+ PRIME DEALS,IL_330I4A3SQ3ERE|IL_IRH0FVF815TU,2,
B0FX3MTDSX,OVER 40 & Fabulous HILLARY'S Capsule WARDROBE - Effortless & Chic,IL_1GS6BISWIK7UN,1,
B0FX3NY19S,THE DRESS SHOPPE - From BRUNCH to BLACK TIE,IL_1HHMN64HEUPU9,1,
B0FX3T9HPJ,SPORT MOM Style,IL_33RG7LWDINUWO,1,
B0FX4BFTW4,CHIC WITHOUT THE SPLURGE TRAVEL|In MY Travel Bag|OVER 40 & Fabulous HILLARY'S Capsule WARDROBE - Effortless & Chic|SPORT MOM Style,IL_1GS6BISWIK7UN|IL_2GR0M7LHWL1O|IL_33RG7LWDINUWO|IL_SC6UJV027JAK,4,
B0FX4DXLL3,TWEEN BACK TO SCHOOL,IL_39AL8K1TZE306,1,
B0FX4GQYXZ,OVER 40 & Fabulous HILLARY'S Capsule WARDROBE - Effortless & Chic,IL_1GS6BISWIK7UN,1,
B0FX58JRPF,BEDS. DRESSERS. NIGHTSTANDS.,IL_18H5BP5V6EGYM,1,
B0FX5JJH84,DATE NIGHT FASHION,IL_20Q0HRFOLM3K2,1,
B0FX7MMCKV,EUROPEAN SUMMER,IL_341JHBPWHDBNK,1,
B0FX7VVF55,THE DRESS SHOPPE - From BRUNCH to BLACK TIE,IL_1HHMN64HEUPU9,1,
B0FXBN27P4,LIGHTING - Designer Inspired,IL_K3IDK9BPXYFW,1,
B0FXDTZKCX,MAXI DRESS EDIT,IL_3CETAKAWP1P7C,1,
B0FXDW15JK,MAXI DRESS EDIT,IL_3CETAKAWP1P7C,1,
B0FXF4NJS1,MAXI DRESS EDIT,IL_3CETAKAWP1P7C,1,
B0FXGG2WYL,BEDROOM STYLE,IL_2HG2TBY26H9IW,1,
B0FXHJ55K2,KITCHEN Essentials,IL_286Q78OJSYZO8,1,
B0FXKF5NKD,FALL LOUNGE SETS,IL_1K9R04PZQD03N,1,
B0FXLBXT5R,Hillary's NEWEST Finds,IL_1XPGUL8BC81KW,1,
B0FXMJ77W2,BEDROOM STYLE|MORE NEW FINDS,IL_2HG2TBY26H9IW|IL_32M44I5BF0O0R,2,
B0FXMK1TDT,RESTORATION VIBES,IL_2I5A3XFI29113,1,
B0FXMMZ2WL,The FALL EDIT,IL_IOIVGOQN9X1X,1,
B0FXR5PVNX,The FALL EDIT,IL_IOIVGOQN9X1X,1,
B0FXYG7W1M,ATHEISURE|JUNE TOP PICKS,IL_2Q5678F6BP61R|IL_31LARMS9JHPGT,2,
B0FY1884GF,RESTORATION VIBES,IL_2I5A3XFI29113,1,
B0FY18ZG8B,RESTORATION VIBES,IL_2I5A3XFI29113,1,
B0FY2K3BP5,JULY TOP PICKS,IL_9FXRQ038D494,1,
B0FY2Q61HG,DATE NIGHT FASHION,IL_20Q0HRFOLM3K2,1,
B0FY2T6MSP,NEW Arrivals|TRANSITIONAL Fall Fashion|The FALL EDIT,IL_2DHFOQ3A1Q5U2|IL_5MN6DE6JTTK2|IL_IOIVGOQN9X1X,3,
B0FY33Q3QH,MAXI DRESS EDIT,IL_3CETAKAWP1P7C,1,
B0FY34NYWM,MAXI DRESS EDIT,IL_3CETAKAWP1P7C,1,
B0FY37RCVT,MAXI DRESS EDIT,IL_3CETAKAWP1P7C,1,
B0FY6LVGG8,TOP 50 BEAUTY,IL_17SP6THMUJN6E,1,
B0FY6NWWLF,JUST IN - Organizing & Home,IL_3UQI8VF6F9P66,1,
B0FYBL3HN1,APRIL Best Sellers|Hillary's NEWEST Finds|TOP 100 HOME PICKS,IL_181FEP0C2U0RU|IL_1XPGUL8BC81KW|IL_2DVQFMB8O8SDC,3,
B0FYC6RLF8,EARLY Fall|JULY TOP PICKS,IL_9FXRQ038D494|IL_ED3VXSBXPFO5,2,
B0FYCQW1XG,FASHION,IL_3LEWC1H0K68XB,1,
B0FYCRB4B1,CHIC 2-PIECE SETS,IL_QR27F03IP4AQ,1,
B0FYF6K4W4,THE DRESS SHOPPE - From BRUNCH to BLACK TIE,IL_1HHMN64HEUPU9,1,
B0FYGSMWLD,HALLOWEEN,IL_TOLRF8ZU3T5K,1,
B0FYPN377D,SPORT MOM Style,IL_33RG7LWDINUWO,1,
B0FYQQ4WFD,APRIL Best Sellers,IL_181FEP0C2U0RU,1,
B0FZ8CJPFS,NEW HOME FINDS,IL_1QMBJFJU34FUR,1,
B0FZBKZ7H5,JUST IN - Organizing & Home,IL_3UQI8VF6F9P66,1,
B0FZG37GM7,HOME DECOR|NEW HOME FINDS,IL_1QMBJFJU34FUR|IL_2V4ZM0XXYOP34,2,
B0FZG6BD88,THE DRESS SHOPPE - From BRUNCH to BLACK TIE,IL_1HHMN64HEUPU9,1,
B0FZGJ9MRK,CHIC WITHOUT THE SPLURGE TRAVEL|RESORT WEAR FASHION|THE DRESS SHOPPE - From BRUNCH to BLACK TIE,IL_15NDDXZ7X0955|IL_1HHMN64HEUPU9|IL_2GR0M7LHWL1O,3,
B0FZJ1CB5D,MAXI DRESS EDIT,IL_3CETAKAWP1P7C,1,
B0FZJFJR3V,ATHEISURE|PILATES PRINCESS,IL_31LARMS9JHPGT|IL_3QM5O5E9ELURW,2,
B0FZJFW93T,ATHEISURE,IL_31LARMS9JHPGT,1,
B0FZJPLFKL,RESORT WEAR FASHION,IL_15NDDXZ7X0955,1,
B0FZKMK43V,KITCHEN Essentials,IL_286Q78OJSYZO8,1,
B0FZL72NPS,EUROPEAN SUMMER,IL_341JHBPWHDBNK,1,
B0FZR8DC2H,CHIC 2-PIECE SETS,IL_QR27F03IP4AQ,1,
B0FZRQDRYS,Hillary's NEWEST Finds,IL_1XPGUL8BC81KW,1,
B0FZRTD2Q9,HOME DECOR,IL_2V4ZM0XXYOP34,1,
B0FZTNF3BJ,JUST IN - Organizing & Home,IL_3UQI8VF6F9P66,1,
B0G11G3X53,EUROPEAN SUMMER,IL_341JHBPWHDBNK,1,
B0G12PWP8H,OVER 40 & Fabulous HILLARY'S Capsule WARDROBE - Effortless & Chic,IL_1GS6BISWIK7UN,1,
B0G13MNSJ1,WORK WEAR,IL_3J2NRGA0NCDGR,1,
B0G13Z6F4B,The STYLE EDIT - HOTTEST finds RIGHT NOW!,IL_1SLNDA7361JAR,1,
B0G15R64SG,HEALTHY Living,IL_136JGDBOWW0I4,1,
B0G15YX4MD,LIGHTING - Designer Inspired,IL_K3IDK9BPXYFW,1,
B0G1BXZLX2,EARLY Fall,IL_ED3VXSBXPFO5,1,
B0G1C48D1L,The STYLE EDIT - HOTTEST finds RIGHT NOW!,IL_1SLNDA7361JAR,1,
B0G1FNPQTS,The STYLE EDIT - HOTTEST finds RIGHT NOW!,IL_1SLNDA7361JAR,1,
B0G1G9WFQG,THE Little Black Dress,IL_CTNECHN1HUCU,1,
B0G1J67K86,ATHLETIC DRESSES,IL_3GE7XODL0Z5A3,1,
B0G1LK3TKW,TWEEN BACK TO SCHOOL,IL_39AL8K1TZE306,1,
B0G1M85234,TEEN GUYS,IL_O65RH2OR0EF3,1,
B0G1MP1RY7,RESORT WEAR FASHION,IL_15NDDXZ7X0955,1,
B0G1PCCLQH,CHIC WITHOUT THE SPLURGE TRAVEL|LUXE JEWELRY & ACCESSORIES|OVER 40 & Fabulous HILLARY'S Capsule WARDROBE - Effortless & Chic|WORK WEAR,IL_1GS6BISWIK7UN|IL_27BIT6UUHQ198|IL_2GR0M7LHWL1O|IL_3J2NRGA0NCDGR,4,
B0G1QVNKZ5,CHIC WITHOUT THE SPLURGE TRAVEL|In MY Travel Bag|OVER 40 & Fabulous HILLARY'S Capsule WARDROBE - Effortless & Chic,IL_1GS6BISWIK7UN|IL_2GR0M7LHWL1O|IL_SC6UJV027JAK,3,
B0G1R8MZYF,The STYLE EDIT - HOTTEST finds RIGHT NOW!,IL_1SLNDA7361JAR,1,
B0G1RB75LC,48 Yr Old Mom of 5 - What I am OBSESSED over!|MEMORIAL DAY SALE FOLLOWER FAVORITES,IL_17ITIHGPTINHX|IL_1NSB6B4CK6NM1,2,
B0G1RC32G5,HOME DECOR,IL_2V4ZM0XXYOP34,1,
B0G1SD75QM,LUXE Gifting|LUXE JEWELRY & ACCESSORIES,IL_27BIT6UUHQ198|IL_B4MF8PKIS82A,2,
B0G1TYMSL1,AFFORDABLE DECOR|NEW HOME FINDS,IL_1QMBJFJU34FUR|IL_2EHNEZELPW5NA,2,
B0G1VJ16C4,DESIGNER INSPIRED|RESORT WEAR FASHION,IL_15NDDXZ7X0955|IL_3JCDIMAGNYZ0E,2,
B0G1VMCZB6,ELEVATED SWIMWEAR,IL_20ODL7UVO85YK,1,
B0G1VWN8HK,EARLY Fall|RH STYLE - Looks like a SPLURGE,IL_32TSU85USSAQZ|IL_ED3VXSBXPFO5,2,
B0G1X2T4BW,WORK WEAR,IL_3J2NRGA0NCDGR,1,
B0G1X6BM3S,JUNE TOP PICKS|MEMORIAL DAY SALE FOLLOWER FAVORITES,IL_17ITIHGPTINHX|IL_2Q5678F6BP61R,2,
B0G1XS9YNG,MAXI DRESS EDIT,IL_3CETAKAWP1P7C,1,
B0G1XTD28R,FASHION|RESORT WEAR FASHION|THE DRESS SHOPPE - From BRUNCH to BLACK TIE,IL_15NDDXZ7X0955|IL_1HHMN64HEUPU9|IL_3LEWC1H0K68XB,3,
B0G1XXYH4C,ATHLETIC DRESSES,IL_3GE7XODL0Z5A3,1,
B0G1YFRFNY,MAXI DRESS EDIT,IL_3CETAKAWP1P7C,1,
B0G1YN6KMJ,DATE NIGHT FASHION,IL_20Q0HRFOLM3K2,1,
B0G22VJCVP,The STYLE EDIT - HOTTEST finds RIGHT NOW!,IL_1SLNDA7361JAR,1,
B0G244BFZV,ELEVATED SWIMWEAR,IL_20ODL7UVO85YK,1,
B0G24WHLXV,The FALL EDIT,IL_IOIVGOQN9X1X,1,
B0G255XTCP,In MY Travel Bag,IL_SC6UJV027JAK,1,
B0G25D8ZDQ,MAXI DRESS EDIT,IL_3CETAKAWP1P7C,1,
B0G25JTG7K,The STYLE EDIT - HOTTEST finds RIGHT NOW!,IL_1SLNDA7361JAR,1,
B0G25SD5R7,WORK WEAR,IL_3J2NRGA0NCDGR,1,
B0G25T3G9R,Hillary's NEWEST Finds,IL_1XPGUL8BC81KW,1,
B0G25TZRX5,CHIC WITHOUT THE SPLURGE TRAVEL|In MY Travel Bag,IL_2GR0M7LHWL1O|IL_SC6UJV027JAK,2,
B0G25X4364,RESTORATION VIBES,IL_2I5A3XFI29113,1,
B0G269LFKD,CYBER HOLIDAY|HOLIDAY MUST-HAVES on AMAZON LIVE,IL_32NJAOW4JT5JB|IL_3U58T22AIU7ZR,2,
B0G28TMQ49,MORE NEW FINDS,IL_32M44I5BF0O0R,1,
B0G28Y73HN,The STYLE EDIT - HOTTEST finds RIGHT NOW!,IL_1SLNDA7361JAR,1,
B0G2BDBS9K,TWEEN BACK TO SCHOOL,IL_39AL8K1TZE306,1,
B0G2BGM72T,$50 WINTER FASHION,IL_43J6PJOVYKC9,1,
B0G2BQ2PV9,DESIGNER INSPIRED,IL_3JCDIMAGNYZ0E,1,
B0G2BSJVF2,THE Little Black Dress,IL_CTNECHN1HUCU,1,
B0G2CFPZMB,Hillary's NEWEST Finds,IL_1XPGUL8BC81KW,1,
B0G2JNRMZV,EUROPEAN SUMMER,IL_341JHBPWHDBNK,1,
B0G2L45WFW,DORM ROOM ESSENTIALS|TWEEN BACK TO SCHOOL,IL_1DUCBV6BSXOJF|IL_39AL8K1TZE306,2,
B0G2LLLHVH,ATHLETIC DRESSES,IL_3GE7XODL0Z5A3,1,
B0G2LV9HZW,APRIL Best Sellers|CHIC WITHOUT THE SPLURGE TRAVEL|UNBOXING,IL_181FEP0C2U0RU|IL_1NR6N43OIR93A|IL_2GR0M7LHWL1O,3,
B0G2LW58Q4,OVER 40 & Fabulous HILLARY'S Capsule WARDROBE - Effortless & Chic,IL_1GS6BISWIK7UN,1,
B0G2RRWX2S,Hillary's NEWEST Finds,IL_1XPGUL8BC81KW,1,
B0G2S4MPJ2,Hillary's NEWEST Finds|NEW HOME FINDS,IL_1QMBJFJU34FUR|IL_1XPGUL8BC81KW,2,
B0G2S5G76F,JUST IN - Organizing & Home,IL_3UQI8VF6F9P66,1,
B0G2S5TVXZ,TWEEN BACK TO SCHOOL,IL_39AL8K1TZE306,1,
B0G2S8HFP4,WORK WEAR,IL_3J2NRGA0NCDGR,1,
B0G2SJRC1M,TOP 100 HOME PICKS,IL_2DVQFMB8O8SDC,1,
B0G2WSYXS6,TOP 100+ PRIME DEALS,IL_330I4A3SQ3ERE,1,
B0G2WW6F7G,JUST IN - Organizing & Home,IL_3UQI8VF6F9P66,1,
B0G2X83FBZ,JUNE TOP PICKS|TOP 100 PRIME FASHION DEALS|The STYLE EDIT - HOTTEST finds RIGHT NOW!,IL_1SLNDA7361JAR|IL_2LWBTUXIDQYKM|IL_2Q5678F6BP61R,3,
B0G2XRX7W7,MORE NEW FINDS,IL_32M44I5BF0O0R,1,
B0G2Y7B17G,CHIC 2-PIECE SETS,IL_QR27F03IP4AQ,1,
B0G2YBBYYX,DATE NIGHT FASHION,IL_20Q0HRFOLM3K2,1,
B0G33LYJHZ,CHIC 2-PIECE SETS,IL_QR27F03IP4AQ,1,
B0G33N9TCL,The STYLE EDIT - HOTTEST finds RIGHT NOW!,IL_1SLNDA7361JAR,1,
B0G343Y3XY,NEW Arrivals,IL_2DHFOQ3A1Q5U2,1,
B0G346TSXL,WORK WEAR,IL_3J2NRGA0NCDGR,1,
B0G34TVVYS,JUST IN - Organizing & Home,IL_3UQI8VF6F9P66,1,
B0G353K1K4,CHIC WITHOUT THE SPLURGE TRAVEL|EUROPEAN SUMMER|THE DRESS SHOPPE - From BRUNCH to BLACK TIE,IL_1HHMN64HEUPU9|IL_2GR0M7LHWL1O|IL_341JHBPWHDBNK,3,
B0G355FDMG,MAXI DRESS EDIT,IL_3CETAKAWP1P7C,1,
B0G35F96ZX,RH STYLE - Looks like a SPLURGE,IL_32TSU85USSAQZ,1,
B0G37F29NN,CHIC 2-PIECE SETS,IL_QR27F03IP4AQ,1,
B0G37WH7TR,The STYLE EDIT - HOTTEST finds RIGHT NOW!,IL_1SLNDA7361JAR,1,
B0G3BBV3KC,ELEMENTARY SCHOOL,IL_13LSJDYI0DMAZ,1,
B0G3GYVJYG,PRESCHOOL LITTLES,IL_16F1ZOLGB573M,1,
B0G3NJTQKS,TEEN GUYS,IL_O65RH2OR0EF3,1,
B0G3PLVFL8,ELEMENTARY SCHOOL,IL_13LSJDYI0DMAZ,1,
B0G3PVBBTJ,LIGHTING - Designer Inspired,IL_K3IDK9BPXYFW,1,
B0G3QG7WCW,RESTORATION VIBES,IL_2I5A3XFI29113,1,
B0G3QG95RC,RESTORATION VIBES,IL_2I5A3XFI29113,1,
B0G3QHYWZQ,JULY TOP PICKS,IL_9FXRQ038D494,1,
B0G3QM6C43,EARLY Fall,IL_ED3VXSBXPFO5,1,
B0G3STC7RB,DESIGNER INSPIRED,IL_3JCDIMAGNYZ0E,1,
B0G3T4PT38,ELEVATED SWIMWEAR,IL_20ODL7UVO85YK,1,
B0G3TRZ1BK,PILATES PRINCESS,IL_3QM5O5E9ELURW,1,
B0G3TZNWVK,TRANSITIONAL Fall Fashion|The FALL EDIT,IL_5MN6DE6JTTK2|IL_IOIVGOQN9X1X,2,
B0G3TZWSMJ,PILATES PRINCESS,IL_3QM5O5E9ELURW,1,
B0G3V9H5DJ,NEW Arrivals|OVER 40 & Fabulous HILLARY'S Capsule WARDROBE - Effortless & Chic,IL_1GS6BISWIK7UN|IL_2DHFOQ3A1Q5U2,2,
B0G3VKL2CF,MORE NEW FINDS,IL_32M44I5BF0O0R,1,
B0G3W1PMZL,WORK WEAR,IL_3J2NRGA0NCDGR,1,
B0G3WQ7C13,RESTORATION VIBES,IL_2I5A3XFI29113,1,
B0G3XDDZGF,NEW Arrivals,IL_2DHFOQ3A1Q5U2,1,
B0G429V5NB,CHIC WITHOUT THE SPLURGE TRAVEL|EUROPEAN SUMMER|In MY Travel Bag|OVER 40 & Fabulous HILLARY'S Capsule WARDROBE - Effortless & Chic|THE DRESS SHOPPE - From BRUNCH to BLACK TIE,IL_1GS6BISWIK7UN|IL_1HHMN64HEUPU9|IL_2GR0M7LHWL1O|IL_341JHBPWHDBNK|IL_SC6UJV027JAK,5,
B0G42QSKH7,ELEVATED SWIMWEAR,IL_20ODL7UVO85YK,1,
B0G42V5VY4,PILATES PRINCESS,IL_3QM5O5E9ELURW,1,
B0G42WQX2Q,EARLY Fall|RH STYLE - Looks like a SPLURGE,IL_32TSU85USSAQZ|IL_ED3VXSBXPFO5,2,
B0G44393TH,WORK WEAR,IL_3J2NRGA0NCDGR,1,
B0G46HRKM4,ELEVATED KITCHEN Must-Haves,IL_V4V7ASEQMWKK,1,
B0G48PPLS7,JUST IN - Organizing & Home,IL_3UQI8VF6F9P66,1,
B0G49Q7RWC,OVER 40 & Fabulous HILLARY'S Capsule WARDROBE - Effortless & Chic,IL_1GS6BISWIK7UN,1,
B0G4BZ4M42,EUROPEAN SUMMER|THE DRESS SHOPPE - From BRUNCH to BLACK TIE,IL_1HHMN64HEUPU9|IL_341JHBPWHDBNK,2,
B0G4C1VZZ6,THE Little Black Dress,IL_CTNECHN1HUCU,1,
B0G4CDCRB7,FASHION,IL_3LEWC1H0K68XB,1,
B0G4DVYLVS,CHIC WITHOUT THE SPLURGE TRAVEL|EUROPEAN SUMMER,IL_2GR0M7LHWL1O|IL_341JHBPWHDBNK,2,
B0G4DXKF34,OVER 40 & Fabulous HILLARY'S Capsule WARDROBE - Effortless & Chic,IL_1GS6BISWIK7UN,1,
B0G4J8HWRF,NEW Arrivals,IL_2DHFOQ3A1Q5U2,1,
B0G4LB9HB1,The STYLE EDIT - HOTTEST finds RIGHT NOW!,IL_1SLNDA7361JAR,1,
B0G4LBJF82,SPORT MOM Style,IL_33RG7LWDINUWO,1,
B0G4M8C3XK,RESORT WEAR FASHION,IL_15NDDXZ7X0955,1,
B0G4MH3S8L,HOME DECOR,IL_2V4ZM0XXYOP34,1,
B0G4MR5QLK,OVER 40 & Fabulous HILLARY'S Capsule WARDROBE - Effortless & Chic,IL_1GS6BISWIK7UN,1,
B0G4N4BY24,In MY Travel Bag,IL_SC6UJV027JAK,1,
B0G4NC66R4,CHIC WITHOUT THE SPLURGE TRAVEL,IL_2GR0M7LHWL1O,1,
B0G4QHQN2D,Hillary's NEWEST Finds,IL_1XPGUL8BC81KW,1,
B0G4RNV2KG,ELEMENTARY SCHOOL,IL_13LSJDYI0DMAZ,1,
B0G4S2J3H7,PRESCHOOL LITTLES,IL_16F1ZOLGB573M,1,
B0G4VRFJTQ,EUROPEAN SUMMER|The FALL EDIT,IL_341JHBPWHDBNK|IL_IOIVGOQN9X1X,2,
B0G4XKYWVK,ELEMENTARY SCHOOL,IL_13LSJDYI0DMAZ,1,
B0G4XM1CRB,DESIGNER INSPIRED,IL_3JCDIMAGNYZ0E,1,
B0G51HT1TD,MAXI DRESS EDIT,IL_3CETAKAWP1P7C,1,
B0G51QGJMB,EUROPEAN SUMMER|The FALL EDIT,IL_341JHBPWHDBNK|IL_IOIVGOQN9X1X,2,
B0G52K4X5Q,WORK WEAR,IL_3J2NRGA0NCDGR,1,
B0G53J4WJY,TRANSITIONAL Fall Fashion,IL_5MN6DE6JTTK2,1,
B0G541S5YV,AUGUST TOP PICKS|CHIC 2-PIECE SETS,IL_DSS93TBPVRP5|IL_QR27F03IP4AQ,2,
B0G587YPJW,DATE NIGHT FASHION|OVER 40 & Fabulous HILLARY'S Capsule WARDROBE - Effortless & Chic,IL_1GS6BISWIK7UN|IL_20Q0HRFOLM3K2,2,
B0G5FBZDHM,MAXI DRESS EDIT,IL_3CETAKAWP1P7C,1,
B0G5LNL516,NEW HOME FINDS,IL_1QMBJFJU34FUR,1,
B0G5PMSDFK,ELEMENTARY SCHOOL,IL_13LSJDYI0DMAZ,1,
B0G5WZ7L5L,DORM ROOM ESSENTIALS,IL_1DUCBV6BSXOJF,1,
B0G5X697R1,FASHION,IL_3LEWC1H0K68XB,1,
B0G5X8D6WW,NEW HOME FINDS,IL_1QMBJFJU34FUR,1,
B0G5XYJCLY,RESTORATION VIBES,IL_2I5A3XFI29113,1,
B0G5YMW76K,ATHEISURE,IL_31LARMS9JHPGT,1,
B0G5YP57DK,ATHEISURE,IL_31LARMS9JHPGT,1,
B0G5Z5H2GC,TWEEN BACK TO SCHOOL,IL_39AL8K1TZE306,1,
B0G62XF8M7,TOP 50 BEAUTY,IL_17SP6THMUJN6E,1,
B0G63SD5JD,CHIC WITHOUT THE SPLURGE TRAVEL|FASHION|RESORT WEAR FASHION,IL_15NDDXZ7X0955|IL_2GR0M7LHWL1O|IL_3LEWC1H0K68XB,3,
B0G63YF5QN,EUROPEAN SUMMER|MAXI DRESS EDIT|WORK WEAR,IL_341JHBPWHDBNK|IL_3CETAKAWP1P7C|IL_3J2NRGA0NCDGR,3,
B0G647VJZR,EUROPEAN SUMMER|LUXE JEWELRY & ACCESSORIES,IL_27BIT6UUHQ198|IL_341JHBPWHDBNK,2,
B0G64JP499,CHIC WITHOUT THE SPLURGE TRAVEL|EUROPEAN SUMMER|RESORT WEAR FASHION,IL_15NDDXZ7X0955|IL_2GR0M7LHWL1O|IL_341JHBPWHDBNK,3,
B0G64KRX17,LUXE Gifting,IL_B4MF8PKIS82A,1,
B0G653P316,PRESCHOOL LITTLES,IL_16F1ZOLGB573M,1,
B0G69974VK,The FALL EDIT,IL_IOIVGOQN9X1X,1,
B0G6CRTYPS,ELEMENTARY SCHOOL,IL_13LSJDYI0DMAZ,1,
B0G6D17XZZ,AUGUST TOP PICKS|CHIC WITHOUT THE SPLURGE TRAVEL|DATE NIGHT FASHION|OVER 40 & Fabulous HILLARY'S Capsule WARDROBE - Effortless & Chic,IL_1GS6BISWIK7UN|IL_20Q0HRFOLM3K2|IL_2GR0M7LHWL1O|IL_DSS93TBPVRP5,4,
B0G6J92856,The FALL EDIT,IL_IOIVGOQN9X1X,1,
B0G6K7FC5R,THE DRESS SHOPPE - From BRUNCH to BLACK TIE,IL_1HHMN64HEUPU9,1,
B0G6KP14K6,JUST IN - Organizing & Home,IL_3UQI8VF6F9P66,1,
B0G6KTFC1G,TOP 100+ PRIME DEALS,IL_330I4A3SQ3ERE,1,
B0G6LKNH3D,DINING ROOM,IL_3RKTIOM3H9T72,1,
B0G6SPLGPB,TRANSITIONAL Fall Fashion|The FALL EDIT|The STYLE EDIT - HOTTEST finds RIGHT NOW!,IL_1SLNDA7361JAR|IL_5MN6DE6JTTK2|IL_IOIVGOQN9X1X,3,
B0G6ST4C1Z,Hillary's NEWEST Finds,IL_1XPGUL8BC81KW,1,
B0G6T5SY4W,MORE NEW FINDS,IL_32M44I5BF0O0R,1,
B0G6T7ZPNH,EUROPEAN SUMMER,IL_341JHBPWHDBNK,1,
B0G6X4WDBC,EARLY Fall|RH STYLE - Looks like a SPLURGE|TOP 100+ PRIME DEALS,IL_32TSU85USSAQZ|IL_330I4A3SQ3ERE|IL_ED3VXSBXPFO5,3,
B0G6X6KS8G,BEAUTY & SKINCARE|TOP 50 BEAUTY,IL_17SP6THMUJN6E|IL_WPS59NJ19M48,2,
B0G6Y3CLZT,EUROPEAN SUMMER,IL_341JHBPWHDBNK,1,
B0G6ZMYNCW,The STYLE EDIT - HOTTEST finds RIGHT NOW!,IL_1SLNDA7361JAR,1,
B0G72GZCXK,TEEN GUYS,IL_O65RH2OR0EF3,1,
B0G7B8PDWW,ATHEISURE|ATHLETIC DRESSES,IL_31LARMS9JHPGT|IL_3GE7XODL0Z5A3,2,
B0G7BKFTHV,FASHION,IL_3LEWC1H0K68XB,1,
B0G7JCVJSD,CABINETS. SIDEBOARDS. BUFFETS. CONSOLES.,IL_2Q8H0EUR30UN9,1,
B0G7MJ2MCV,JUNE TOP PICKS,IL_2Q5678F6BP61R,1,
B0G7SHWG6P,The STYLE EDIT - HOTTEST finds RIGHT NOW!,IL_1SLNDA7361JAR,1,
B0G7TK95DN,EARLY Fall|RH STYLE - Looks like a SPLURGE|WALL DECOR - MIRRORS. ART. FRAMES.,IL_1HZQPC6SSAHFG|IL_32TSU85USSAQZ|IL_ED3VXSBXPFO5,3,
B0G7TP2HGW,RESORT WEAR FASHION,IL_15NDDXZ7X0955,1,
B0G7Y5Q4TG,THE Little Black Dress,IL_CTNECHN1HUCU,1,
B0G7YLJD5L,JUNE TOP PICKS,IL_2Q5678F6BP61R,1,
B0G7YTWVHS,The FALL EDIT,IL_IOIVGOQN9X1X,1,
B0G82QHHGX,EUROPEAN SUMMER,IL_341JHBPWHDBNK,1,
B0G8DK99HZ,TOP 100 HOME PICKS,IL_2DVQFMB8O8SDC,1,
B0G8DNPXRJ,SPORT MOM Style,IL_33RG7LWDINUWO,1,
B0G8F7DJPP,$50 WINTER FASHION|2025 TOP SELLERS|48 Yr Old Mom of 5 - What I am OBSESSED over!|AFFORDABLE DECOR|AMAZING NEW Home Finds|APRIL Best Sellers|ATHEISURE|ATHLETIC DRESSES|AUGUST TOP PICKS|AUTUMN Vibes|Amazon Furniture in Our Home|April Amazon Live|BARCART|BATHROOM Essentials|BATHROOM Organization|BATHROOM REMODEL|BEAUTY & SKINCARE|BEAUTY MUST-HAVES|BED & BATH FINDS|BEDDING. PILLOWS. THROWS. TOWELS.|BEDDING: LUXURY finds in Our Home|BEDROOM STYLE|BEDS. DRESSERS. NIGHTSTANDS.|BEST SELLERS|BOY'S Bathroom|BRIDE- Spoil Her for the Big Day!|BURGUNDY CRUSH|CABINETS. SIDEBOARDS. BUFFETS. CONSOLES.|CANDLE HOLDERS. CANDLE STICKS.|CAR ORGANIZATION|CARTS DON'T LIE — These were May's biggest hits.|CHIC 2-PIECE SETS|CHIC WITHOUT THE SPLURGE TRAVEL|CLOSET Organizing|COFFEE BAR Essentials|COFFEE TABLE BOOKS|COFFEE TABLES. SIDE TABLES. ACCENT TABLES|CREATOR Favorites|CURTAINS|CYBER HOLIDAY|DATE NIGHT FASHION|DECEMBER Best Sellers|DESIGNER INSPIRED|DINING ROOM|DORM ROOM ESSENTIALS|EARLY Fall|EARNED A SPOT FOR LIFE!|ELEMENTARY SCHOOL|ELEVATED Bathroom Must-Haves|ELEVATED HOLIDAY FASHION|ELEVATED KITCHEN Must-Haves|ELEVATED SWIMWEAR|ENTERTAINING Essentials|ENTRYWAY. FOYER.|EUROPEAN SUMMER|Effortless Chic Home|FALL LOUNGE SETS|FASHION|FAUX & DRIED FLORALS|FAUX INDOOR/OUTDOOR|FEBRUARY Best Sellers|FOR HER - HANDBAGS|FOR HIM - GIFT GUIDE|FRIDGE Organization|FRONT PORCH|FURNITURE In Our Home|For the Big Kids|For the Hostess - GIFT GUIDE|Furniture Mover REEL|GADGETS I CANNOT live WITHOUT|GIFTING|GIFTS UNDER $25|GIFTS UNDER $50|HAIR CARE|HALLOWEEN|HARDWARE & FINISHES|HEALTHY Living|HILLARY'S BEACH Bag Essentials|HOLIDAY BEST SELLERS|HOLIDAY COLOR CRUSHES 2025|HOLIDAY ESSENTIALS|HOLIDAY EVENING Looks|HOLIDAY MUST-HAVES on AMAZON LIVE|HOLIDAY ON SALE|HOLIDAY THEMES 2025|HOME & BATH Essentials|HOME DECOR|HOME OFFICE Essentials|Hillary's NEWEST Finds|Home UPGRADES|In MY Travel Bag|JANUARY Best Sellers|JOCELYN'S Space|JULY TOP PICKS|JUNE TOP PICKS|JUST IN - Organizing & Home|JUST IN...My Newest OBSESSIONS|January Best Sellers 2|KITCHEN Essentials|KITCHEN Organizing|LAMPS|LAST MINUTE GIFTS|LAUNDRY Room Essentials|LIGHTING - Designer Inspired|LUXE Gifting|LUXE Holiday Home|LUXE JEWELRY & ACCESSORIES|LUXURY GIFTS|MARCH Best Sellers|MAXI DRESS EDIT|MEMORIAL DAY SALE FOLLOWER FAVORITES|MORE NEW FINDS|MUST-HAVE HOSTING|MY HOLIDAY Home|MY Holiday Styling List|MY TOP PRODUCTS FOR JULY|Moody Luxe Home|My Curated Gift Guide|My TOP Amazon Cleaning and Organizing|NEW Arrivals|NEW HOLIDAY Finds|NEW HOME FINDS|NIGHTSTAND Essentials|NO DRILL Home Improvement|New Year's Must-Haves|ORGANIZING Essentials|OUR Rental|OUTDOOR Oasis|OVER 40 & Fabulous HILLARY'S Capsule WARDROBE - Effortless & Chic|Our REMODEL HOME|Our SITTING ROOM|Outdoor PLANTERS|PANTRY Organization|PILATES PRINCESS|PILLOWS & THROWS|POWDER BATH|PRESCHOOL LITTLES|QUIET LUXURY/OLD MONEY|RESORT WEAR FASHION|RESTORATION VIBES|RH STYLE - Looks like a SPLURGE|RUGS|SHATTERPROOF Beverage Glasses|SHOP The Hillary Style|SHOPBOP Favorites|SKIMS LIKE BASICS|SOFAS. ACCENT CHAIRS. OTTOMANS.|SPORT MOM Style|STOCKING STUFFERS|SUMMER HOSTING|Spring Obsessed|Subtle Luxury Home|TABLETOP MUST-HAVES|TECH ESSENTIALS|TEEN GIRLIES|TEEN GUYS|THE DRESS SHOPPE - From BRUNCH to BLACK TIE|THE Little Black Dress|THE Littles - GIFT GUIDE|TOP 100 HOME PICKS|TOP 100 PRIME FASHION DEALS|TOP 100+ PRIME DEALS|TOP 50 BEAUTY|TOP MOVING/ORGANIZING|TOP NOVEMBER DEALS|TOP OCTOBER DEALS|TOP SEPTEMBER DEALS|TRANSITIONAL Fall Fashion|TRAVEL|TWEEN & TEEN - GIFT GUIDE|TWEEN BACK TO SCHOOL|The FALL EDIT|The Hillary Style Holiday|The STYLE EDIT - HOTTEST finds RIGHT NOW!|UNBOXING|UNDER $50 FALL Capsule|VANITY Must-Haves|VASES. TRAYS. BOXES.|VIRAL Holiday Finds|VIRAL Home Gadgets|Vanity Organization|WALL DECOR - MIRRORS. ART. FRAMES.|WINTER FASHION|WORK WEAR|Your Currently MOST-LOVED,IL_12L5JOTON77WY|IL_12LJ38VR8BIZT|IL_136JGDBOWW0I4|IL_13866CB1KN3RI|IL_13DUABZBTBJVY|IL_13LSJDYI0DMAZ|IL_14615HLXD512Y|IL_15NDDXZ7X0955|IL_16F1ZOLGB573M|IL_174AROJG7VER7|IL_17ITIHGPTINHX|IL_17SP6THMUJN6E|IL_181FEP0C2U0RU|IL_18H5BP5V6EGYM|IL_18JLLR8E7X2KU|IL_1BKDYBCCXK5YE|IL_1DUCBV6BSXOJF|IL_1DXRHB098MRMA|IL_1E7EHNK9QTVEH|IL_1GS6BISWIK7UN|IL_1HHMN64HEUPU9|IL_1HZQPC6SSAHFG|IL_1I8FQ5LPJG30D|IL_1K9R04PZQD03N|IL_1LFWTJH9UBPKU|IL_1LKQL9NF315YS|IL_1LVS8EBYWIS2J|IL_1MB9961G83COM|IL_1MKYF1CAY9E8G|IL_1NFO0QLH5HS6Y|IL_1NR6N43OIR93A|IL_1NSB6B4CK6NM1|IL_1OH1TVBZ3L337|IL_1Q6KH53S4CVWD|IL_1QMBJFJU34FUR|IL_1QMQ9WWH79VRL|IL_1R4YIGU257W50|IL_1RA73GK94YR1G|IL_1SLNDA7361JAR|IL_1UGCFJJRVROLC|IL_1XPGUL8BC81KW|IL_1YYODGJOLLLRT|IL_20274194WU668|IL_202RY6J21JOG9|IL_20ODL7UVO85YK|IL_20Q0HRFOLM3K2|IL_21CU9PVXLTL6P|IL_21IKKXKZPGWVW|IL_21MLRQOMMKCFI|IL_21T7CCUQI2DH5|IL_222ENLE1WDY2M|IL_22L0SLOF07ITQ|IL_23YO2PO28IXV|IL_24ASC2W86JF33|IL_26IY6FNENQC7M|IL_270Y6RLSPP10V|IL_27BIT6UUHQ198|IL_27L1ENCS6OMON|IL_27VCDHN1568QK|IL_286Q78OJSYZO8|IL_28Z72BVY6B71P|IL_2969EJ7F6BLI8|IL_29FTLXCTPVP41|IL_2ABZ85AO7D848|IL_2B46UO4I7XY3G|IL_2C66SA5TXKNJK|IL_2DHFOQ3A1Q5U2|IL_2DVQFMB8O8SDC|IL_2EHNEZELPW5NA|IL_2GHS9RLET14RQ|IL_2GR0M7LHWL1O|IL_2HG2TBY26H9IW|IL_2I5A3XFI29113|IL_2KYYGUEXPAOKJ|IL_2LWBTUXIDQYKM|IL_2N8O18PX5PHA3|IL_2NDA05KNMQH4|IL_2OL0SY0HD6BBS|IL_2P1RVZSE8RCAZ|IL_2PQNIB7PVLPT1|IL_2Q5678F6BP61R|IL_2Q8H0EUR30UN9|IL_2RA331651DDK8|IL_2RDBP13815B8R|IL_2V2HL7TFY8QE8|IL_2V4ZM0XXYOP34|IL_2V9Q1BLJC4BNW|IL_2WRZJHHWAS214|IL_2YQAXQUJ2H8KY|IL_2Z5U0A9S9OXF9|IL_30ZOK8YSQFY5N|IL_310DHOAQUC0DH|IL_311VGYMV97O78|IL_31KXTI157WXNV|IL_31LARMS9JHPGT|IL_31R6EZ6S1ERJH|IL_32JT2D5T30E4J|IL_32M44I5BF0O0R|IL_32NJAOW4JT5JB|IL_32TSU85USSAQZ|IL_330I4A3SQ3ERE|IL_33RG7LWDINUWO|IL_341JHBPWHDBNK|IL_34RHZWFKXT7UT|IL_34VIWGR89GOO8|IL_370XLUWUIJAX1|IL_395N3QLHWD5V7|IL_39AL8K1TZE306|IL_39FHE4P3M78YV|IL_3BMD6XLV7JIPG|IL_3BNM8CSCBJ7VF|IL_3CETAKAWP1P7C|IL_3CQZYKSH60HA3|IL_3DS692CRM1BGS|IL_3GE7XODL0Z5A3|IL_3H3WH72KSZXK3|IL_3HBHLKKIJRXAQ|IL_3ITM4V91K4422|IL_3J2NRGA0NCDGR|IL_3JCDIMAGNYZ0E|IL_3KKGHGSJ1ZRYC|IL_3LEWC1H0K68XB|IL_3MJSZFZU5658|IL_3QCVRRMTI2TTQ|IL_3QM5O5E9ELURW|IL_3R1F2KZC9BJXJ|IL_3RKTIOM3H9T72|IL_3RT5O1LPLW4HX|IL_3TE1WGJI4HUK8|IL_3U58T22AIU7ZR|IL_3U9GRAHOG87DY|IL_3UQI8VF6F9P66|IL_3VBGW6RI08DIE|IL_3VW7VU2STCZ6B|IL_43J6PJOVYKC9|IL_5MN6DE6JTTK2|IL_76ENHDCP4NP1|IL_81C70Z4U4BII|IL_97O81RWTU3TG|IL_9FXRQ038D494|IL_B4MF8PKIS82A|IL_BWHQ5TU85DA7|IL_C4VDLQZK7ACP|IL_CQQP654U5715|IL_CTNECHN1HUCU|IL_DB6CKD297DDB|IL_DSS93TBPVRP5|IL_EAQUVLIMTM7R|IL_ED3VXSBXPFO5|IL_EEJXEINH2736|IL_F5Z67P4FFJC4|IL_FJAM99COX1K9|IL_IE0BGUCCDZ8X|IL_IOIVGOQN9X1X|IL_IRH0FVF815TU|IL_ITC144HBA2XS|IL_J39K6QG9TPDR|IL_J4MBZKLMALLQ|IL_JI222AIPC2S|IL_K1RZXTONZLT1|IL_K3IDK9BPXYFW|IL_K5H00QYC3R1G|IL_KIGFVJQ0V3OW|IL_L3V3XJ5WT8SV|IL_M0U0DTYJP1BI|IL_M615BEYW486F|IL_O5BIFXCH5S3Y|IL_O65RH2OR0EF3|IL_OB8CSFU2LS6V|IL_OJUSIV7RIXZX|IL_PN4A9X7BMPFX|IL_Q8UFO5D52NKD|IL_QR27F03IP4AQ|IL_QWA0HLMH0ZPN|IL_SC6UJV027JAK|IL_T9AHRYR4TO4W|IL_TOLRF8ZU3T5K|IL_V4V7ASEQMWKK|IL_VI6A3WXDHHDU|IL_VRW78IY69242|IL_WMCP8YLCXSCD|IL_WPS59NJ19M48|IL_WU8FIFLKC1R5|IL_YYM41OHGI1KQ|IL_ZN8TBHK35E0D,185,All memberships are included in internal_label; only the first 5 stable backup labels appear in custom_label_0-4.
B0G8XX5YV2,ELEVATED SWIMWEAR,IL_20ODL7UVO85YK,1,
B0G8YCGXKS,FASHION,IL_3LEWC1H0K68XB,1,
B0G9BPJ22Y,JUNE TOP PICKS|UNBOXING,IL_1NR6N43OIR93A|IL_2Q5678F6BP61R,2,
B0G9MQ2MRP,OVER 40 & Fabulous HILLARY'S Capsule WARDROBE - Effortless & Chic,IL_1GS6BISWIK7UN,1,
B0G9PGHDCC,QUIET LUXURY/OLD MONEY,IL_310DHOAQUC0DH,1,
B0GBTPG7H1,COFFEE TABLES. SIDE TABLES. ACCENT TABLES,IL_2RDBP13815B8R,1,
B0GBVN464G,ELEMENTARY SCHOOL,IL_13LSJDYI0DMAZ,1,
B0GBWCCMPX,CHIC 2-PIECE SETS,IL_QR27F03IP4AQ,1,
B0GBXN629F,OUTDOOR Oasis,IL_VI6A3WXDHHDU,1,
B0GBYR2HC7,DATE NIGHT FASHION,IL_20Q0HRFOLM3K2,1,
B0GBZFRHD2,TOP 100 HOME PICKS,IL_2DVQFMB8O8SDC,1,
B0GC2M4YHP,DESIGNER INSPIRED,IL_3JCDIMAGNYZ0E,1,
B0GC556PZB,UNDER $50 FALL Capsule,IL_39FHE4P3M78YV,1,
B0GC59D3K7,EUROPEAN SUMMER,IL_341JHBPWHDBNK,1,
B0GC65Y582,CHIC WITHOUT THE SPLURGE TRAVEL|EUROPEAN SUMMER|OVER 40 & Fabulous HILLARY'S Capsule WARDROBE - Effortless & Chic|WORK WEAR,IL_1GS6BISWIK7UN|IL_2GR0M7LHWL1O|IL_341JHBPWHDBNK|IL_3J2NRGA0NCDGR,4,
B0GC8JCC4Y,TWEEN BACK TO SCHOOL,IL_39AL8K1TZE306,1,
B0GCCF2SGQ,JUNE TOP PICKS,IL_2Q5678F6BP61R,1,
B0GCCN6NQQ,AFFORDABLE DECOR,IL_2EHNEZELPW5NA,1,
B0GCDDCZM4,TEEN GIRLIES|TEEN GUYS,IL_370XLUWUIJAX1|IL_O65RH2OR0EF3,2,
B0GCDPSFXD,KITCHEN Organizing|NEW Arrivals,IL_2B46UO4I7XY3G|IL_2DHFOQ3A1Q5U2,2,
B0GCF5B7GB,TEEN GIRLIES|TWEEN BACK TO SCHOOL,IL_370XLUWUIJAX1|IL_39AL8K1TZE306,2,
B0GCH5ZC86,EARLY Fall,IL_ED3VXSBXPFO5,1,
B0GCHGSV8Y,MORE NEW FINDS,IL_32M44I5BF0O0R,1,
B0GCHZDZ1C,ELEVATED KITCHEN Must-Haves,IL_V4V7ASEQMWKK,1,
B0GCHZRZX2,ELEMENTARY SCHOOL,IL_13LSJDYI0DMAZ,1,
B0GCLLWL2H,48 Yr Old Mom of 5 - What I am OBSESSED over!,IL_1NSB6B4CK6NM1,1,
B0GCM12L39,CHIC 2-PIECE SETS,IL_QR27F03IP4AQ,1,
B0GCM2W92X,MORE NEW FINDS,IL_32M44I5BF0O0R,1,
B0GCMHH8G2,FASHION,IL_3LEWC1H0K68XB,1,
B0GCMSSZ5S,EUROPEAN SUMMER,IL_341JHBPWHDBNK,1,
B0GCNZN55K,SPORT MOM Style,IL_33RG7LWDINUWO,1,
B0GCTR75Z1,Hillary's NEWEST Finds,IL_1XPGUL8BC81KW,1,
B0GCY215YZ,TRANSITIONAL Fall Fashion|The FALL EDIT|UNDER $50 FALL Capsule,IL_39FHE4P3M78YV|IL_5MN6DE6JTTK2|IL_IOIVGOQN9X1X,3,
B0GCZ4R5V6,TWEEN BACK TO SCHOOL,IL_39AL8K1TZE306,1,
B0GD1P1H1V,TRANSITIONAL Fall Fashion|The FALL EDIT,IL_5MN6DE6JTTK2|IL_IOIVGOQN9X1X,2,
B0GD2J6VWY,DATE NIGHT FASHION,IL_20Q0HRFOLM3K2,1,
B0GD55H157,MORE NEW FINDS,IL_32M44I5BF0O0R,1,
B0GD6KJNVN,FASHION,IL_3LEWC1H0K68XB,1,
B0GDD7186W,In MY Travel Bag,IL_SC6UJV027JAK,1,
B0GDFS35ZW,TOP 100+ PRIME DEALS,IL_330I4A3SQ3ERE,1,
B0GDMMRYD5,The FALL EDIT,IL_IOIVGOQN9X1X,1,
B0GDWMVQC1,HOME DECOR,IL_2V4ZM0XXYOP34,1,
B0GDWWWDVD,ELEVATED SWIMWEAR,IL_20ODL7UVO85YK,1,
B0GDZJ741L,CHIC 2-PIECE SETS,IL_QR27F03IP4AQ,1,
B0GF1LQMY3,LIGHTING - Designer Inspired,IL_K3IDK9BPXYFW,1,
B0GF7PRKGF,RESTORATION VIBES,IL_2I5A3XFI29113,1,
B0GF849XTY,EUROPEAN SUMMER|THE DRESS SHOPPE - From BRUNCH to BLACK TIE,IL_1HHMN64HEUPU9|IL_341JHBPWHDBNK,2,
B0GF88R12W,HOME DECOR,IL_2V4ZM0XXYOP34,1,
B0GF8DVMN5,OVER 40 & Fabulous HILLARY'S Capsule WARDROBE - Effortless & Chic,IL_1GS6BISWIK7UN,1,
B0GF9RJQJZ,PRESCHOOL LITTLES,IL_16F1ZOLGB573M,1,
B0GFLWPDW7,JUNE TOP PICKS,IL_2Q5678F6BP61R,1,
B0GFMS2QMY,CHIC 2-PIECE SETS|EUROPEAN SUMMER,IL_341JHBPWHDBNK|IL_QR27F03IP4AQ,2,
B0GFSRM47D,MAXI DRESS EDIT,IL_3CETAKAWP1P7C,1,
B0GFT9V6HD,ATHEISURE,IL_31LARMS9JHPGT,1,
B0GFTFTMV8,EARLY Fall|RH STYLE - Looks like a SPLURGE,IL_32TSU85USSAQZ|IL_ED3VXSBXPFO5,2,
B0GFTWM1YX,BEDROOM STYLE|EARLY Fall,IL_2HG2TBY26H9IW|IL_ED3VXSBXPFO5,2,
B0GFVN79PL,CHIC 2-PIECE SETS,IL_QR27F03IP4AQ,1,
B0GG4X4FMG,THE Little Black Dress,IL_CTNECHN1HUCU,1,
B0GG67N3GZ,DATE NIGHT FASHION|OVER 40 & Fabulous HILLARY'S Capsule WARDROBE - Effortless & Chic,IL_1GS6BISWIK7UN|IL_20Q0HRFOLM3K2,2,
B0GG9V6MF2,CHIC WITHOUT THE SPLURGE TRAVEL|OVER 40 & Fabulous HILLARY'S Capsule WARDROBE - Effortless & Chic,IL_1GS6BISWIK7UN|IL_2GR0M7LHWL1O,2,
B0GGB5MQWX,TEEN GIRLIES|TEEN GUYS,IL_370XLUWUIJAX1|IL_O65RH2OR0EF3,2,
B0GGB98QYN,THE DRESS SHOPPE - From BRUNCH to BLACK TIE,IL_1HHMN64HEUPU9,1,
B0GGGQPR1H,CHIC 2-PIECE SETS,IL_QR27F03IP4AQ,1,
B0GGGVZM3H,Hillary's NEWEST Finds,IL_1XPGUL8BC81KW,1,
B0GGHCH4YT,JULY TOP PICKS|UNBOXING,IL_1NR6N43OIR93A|IL_9FXRQ038D494,2,
B0GGHK5Z8B,TOP 100 HOME PICKS,IL_2DVQFMB8O8SDC,1,
B0GGLTP3FZ,CHIC WITHOUT THE SPLURGE TRAVEL|OVER 40 & Fabulous HILLARY'S Capsule WARDROBE - Effortless & Chic,IL_1GS6BISWIK7UN|IL_2GR0M7LHWL1O,2,
B0GGN65HLJ,Hillary's NEWEST Finds,IL_1XPGUL8BC81KW,1,
B0GGQMP2H9,MAXI DRESS EDIT,IL_3CETAKAWP1P7C,1,
B0GGRCW4NG,NEW Arrivals,IL_2DHFOQ3A1Q5U2,1,
B0GGTQ8PXW,TEEN GIRLIES,IL_370XLUWUIJAX1,1,
B0GGV2BMHW,TEEN GIRLIES,IL_370XLUWUIJAX1,1,
B0GGVH6BT6,TEEN GIRLIES,IL_370XLUWUIJAX1,1,
B0GGYYLCF1,TOP 100+ PRIME DEALS,IL_330I4A3SQ3ERE,1,
B0GGZF4G78,ATHLETIC DRESSES,IL_3GE7XODL0Z5A3,1,
B0GGZJNKFS,RESORT WEAR FASHION|THE DRESS SHOPPE - From BRUNCH to BLACK TIE,IL_15NDDXZ7X0955|IL_1HHMN64HEUPU9,2,
B0GGZWRCRX,DATE NIGHT FASHION,IL_20Q0HRFOLM3K2,1,
B0GGZZ9HRN,THE Little Black Dress,IL_CTNECHN1HUCU,1,
B0GH1NB19T,CHIC 2-PIECE SETS,IL_QR27F03IP4AQ,1,
B0GH2TKTW2,OVER 40 & Fabulous HILLARY'S Capsule WARDROBE - Effortless & Chic|RESORT WEAR FASHION,IL_15NDDXZ7X0955|IL_1GS6BISWIK7UN,2,
B0GH2XDMWN,RESORT WEAR FASHION,IL_15NDDXZ7X0955,1,
B0GH2XLC7F,RESORT WEAR FASHION,IL_15NDDXZ7X0955,1,
B0GH2XY9QT,RESORT WEAR FASHION,IL_15NDDXZ7X0955,1,
B0GH5NY6S8,ATHLETIC DRESSES,IL_3GE7XODL0Z5A3,1,
B0GH5X1KL5,AUGUST TOP PICKS|JULY TOP PICKS,IL_9FXRQ038D494|IL_DSS93TBPVRP5,2,
B0GH679X3W,The FALL EDIT,IL_IOIVGOQN9X1X,1,
B0GH6BCGZ6,TRANSITIONAL Fall Fashion,IL_5MN6DE6JTTK2,1,
B0GH6NH6Z5,DATE NIGHT FASHION|JUNE TOP PICKS|NEW Arrivals|OVER 40 & Fabulous HILLARY'S Capsule WARDROBE - Effortless & Chic|TRANSITIONAL Fall Fashion|The FALL EDIT,IL_1GS6BISWIK7UN|IL_20Q0HRFOLM3K2|IL_2DHFOQ3A1Q5U2|IL_2Q5678F6BP61R|IL_5MN6DE6JTTK2|IL_IOIVGOQN9X1X,6,All memberships are included in internal_label; only the first 5 stable backup labels appear in custom_label_0-4.
B0GH7V67JD,EUROPEAN SUMMER|MAXI DRESS EDIT,IL_341JHBPWHDBNK|IL_3CETAKAWP1P7C,2,
B0GH7VHSBH,In MY Travel Bag,IL_SC6UJV027JAK,1,
B0GH8D9T3P,MEMORIAL DAY SALE FOLLOWER FAVORITES,IL_17ITIHGPTINHX,1,
B0GHMQLM6W,ATHEISURE|ATHLETIC DRESSES,IL_31LARMS9JHPGT|IL_3GE7XODL0Z5A3,2,
B0GHMW94Z4,ELEVATED SWIMWEAR,IL_20ODL7UVO85YK,1,
B0GHNYJ7QL,CHIC 2-PIECE SETS,IL_QR27F03IP4AQ,1,
B0GHQ7WMXZ,DATE NIGHT FASHION,IL_20Q0HRFOLM3K2,1,
B0GHQGV8X9,CHIC 2-PIECE SETS,IL_QR27F03IP4AQ,1,
B0GHQWL7RL,MAXI DRESS EDIT|RESORT WEAR FASHION,IL_15NDDXZ7X0955|IL_3CETAKAWP1P7C,2,
B0GHTJVC2W,NEW HOME FINDS,IL_1QMBJFJU34FUR,1,
B0GHV299TD,NEW HOME FINDS,IL_1QMBJFJU34FUR,1,
B0GHWVBPLY,HEALTHY Living,IL_136JGDBOWW0I4,1,
B0GHXP67JN,FASHION,IL_3LEWC1H0K68XB,1,
B0GHXWTT37,MORE NEW FINDS,IL_32M44I5BF0O0R,1,
B0GHYNCJ5N,TEEN GIRLIES,IL_370XLUWUIJAX1,1,
B0GHYXV2YR,KITCHEN Organizing|NEW Arrivals,IL_2B46UO4I7XY3G|IL_2DHFOQ3A1Q5U2,2,
B0GJ58SGFK,THE Little Black Dress,IL_CTNECHN1HUCU,1,
B0GJ5LMDVT,ATHLETIC DRESSES,IL_3GE7XODL0Z5A3,1,
B0GJ5RRPW8,ATHLETIC DRESSES,IL_3GE7XODL0Z5A3,1,
B0GJ68CGTQ,FALL LOUNGE SETS,IL_1K9R04PZQD03N,1,
B0GJ6FD5LH,PRESCHOOL LITTLES,IL_16F1ZOLGB573M,1,
B0GJ9CDQNR,EUROPEAN SUMMER|The FALL EDIT,IL_341JHBPWHDBNK|IL_IOIVGOQN9X1X,2,
B0GJD822TN,EARLY Fall|Hillary's NEWEST Finds|RH STYLE - Looks like a SPLURGE,IL_1XPGUL8BC81KW|IL_32TSU85USSAQZ|IL_ED3VXSBXPFO5,3,
B0GJDLZ3YL,SPORT MOM Style,IL_33RG7LWDINUWO,1,
B0GJS2TBTQ,MORE NEW FINDS,IL_32M44I5BF0O0R,1,
B0GJS64Z93,TEEN GIRLIES,IL_370XLUWUIJAX1,1,
B0GJSTRHLT,LUXE Gifting|LUXE JEWELRY & ACCESSORIES,IL_27BIT6UUHQ198|IL_B4MF8PKIS82A,2,
B0GJTRP9RB,CHIC WITHOUT THE SPLURGE TRAVEL,IL_2GR0M7LHWL1O,1,
B0GJYYS6YY,APRIL Best Sellers,IL_181FEP0C2U0RU,1,
B0GJZLDKM5,ELEVATED SWIMWEAR,IL_20ODL7UVO85YK,1,
B0GJZQMVRT,CHIC 2-PIECE SETS,IL_QR27F03IP4AQ,1,
B0GJZTFG1N,RUGS,IL_2N8O18PX5PHA3,1,
B0GJZTXJYR,The FALL EDIT,IL_IOIVGOQN9X1X,1,
B0GK6WFQGY,MORE NEW FINDS,IL_32M44I5BF0O0R,1,
B0GK7574HW,THE Little Black Dress,IL_CTNECHN1HUCU,1,
B0GK7YJR72,UNBOXING,IL_1NR6N43OIR93A,1,
B0GK8LVMMZ,CHIC 2-PIECE SETS,IL_QR27F03IP4AQ,1,
B0GK8RPR16,THE DRESS SHOPPE - From BRUNCH to BLACK TIE,IL_1HHMN64HEUPU9,1,
B0GKD8FK4J,THE Little Black Dress,IL_CTNECHN1HUCU,1,
B0GKDJ35D6,OVER 40 & Fabulous HILLARY'S Capsule WARDROBE - Effortless & Chic|THE DRESS SHOPPE - From BRUNCH to BLACK TIE,IL_1GS6BISWIK7UN|IL_1HHMN64HEUPU9,2,
B0GKG9RZXN,BEDROOM STYLE|EARLY Fall|RESTORATION VIBES,IL_2HG2TBY26H9IW|IL_2I5A3XFI29113|IL_ED3VXSBXPFO5,3,
B0GKQ3P3ZC,TWEEN BACK TO SCHOOL,IL_39AL8K1TZE306,1,
B0GKTR8GDG,NEW Arrivals,IL_2DHFOQ3A1Q5U2,1,
B0GKZX1G9D,The STYLE EDIT - HOTTEST finds RIGHT NOW!,IL_1SLNDA7361JAR,1,
B0GL197TQQ,NEW Arrivals,IL_2DHFOQ3A1Q5U2,1,
B0GL1RC2Q2,CHIC 2-PIECE SETS,IL_QR27F03IP4AQ,1,
B0GL22737F,DATE NIGHT FASHION,IL_20Q0HRFOLM3K2,1,
B0GL238Z1R,RESORT WEAR FASHION,IL_15NDDXZ7X0955,1,
B0GL3K93QG,JUNE TOP PICKS|RESTORATION VIBES|UNBOXING,IL_1NR6N43OIR93A|IL_2I5A3XFI29113|IL_2Q5678F6BP61R,3,
B0GL7P4FVW,ELEVATED SWIMWEAR|RESORT WEAR FASHION,IL_15NDDXZ7X0955|IL_20ODL7UVO85YK,2,
B0GL8KNL6G,HOME DECOR,IL_2V4ZM0XXYOP34,1,
B0GL8N93GM,OUTDOOR Oasis,IL_VI6A3WXDHHDU,1,
B0GL8PBD3J,EUROPEAN SUMMER,IL_341JHBPWHDBNK,1,
B0GLF54HZQ,ATHEISURE,IL_31LARMS9JHPGT,1,
B0GLMKDYZ5,ELEVATED SWIMWEAR,IL_20ODL7UVO85YK,1,
B0GLP123S5,CHIC 2-PIECE SETS,IL_QR27F03IP4AQ,1,
B0GLP1H1ZX,THE DRESS SHOPPE - From BRUNCH to BLACK TIE,IL_1HHMN64HEUPU9,1,
B0GLPP47QD,LUXE JEWELRY & ACCESSORIES,IL_27BIT6UUHQ198,1,
B0GLS8QF6R,TOP 100 HOME PICKS|TOP 100+ PRIME DEALS,IL_2DVQFMB8O8SDC|IL_330I4A3SQ3ERE,2,
B0GLWVKMCD,DESIGNER INSPIRED,IL_3JCDIMAGNYZ0E,1,
B0GLYD2QKC,Hillary's NEWEST Finds,IL_1XPGUL8BC81KW,1,
B0GMCFRJXK,JUNE TOP PICKS,IL_2Q5678F6BP61R,1,
B0GMCGDK2F,CARTS DON'T LIE — These were May's biggest hits.|CHIC WITHOUT THE SPLURGE TRAVEL|DESIGNER INSPIRED|JUNE TOP PICKS,IL_1BKDYBCCXK5YE|IL_2GR0M7LHWL1O|IL_2Q5678F6BP61R|IL_3JCDIMAGNYZ0E,4,
B0GMVD2MJW,ATHLETIC DRESSES,IL_3GE7XODL0Z5A3,1,
B0GMZ4V7XZ,THE DRESS SHOPPE - From BRUNCH to BLACK TIE,IL_1HHMN64HEUPU9,1,
B0GN98L277,TEEN GUYS|TWEEN BACK TO SCHOOL,IL_39AL8K1TZE306|IL_O65RH2OR0EF3,2,
B0GPS7R8YY,FASHION,IL_3LEWC1H0K68XB,1,
B0GPVLKR87,CHIC 2-PIECE SETS,IL_QR27F03IP4AQ,1,
B0GPWLBBTN,MORE NEW FINDS,IL_32M44I5BF0O0R,1,
B0GPX349MD,UNBOXING,IL_1NR6N43OIR93A,1,
B0GQ3LP1YF,TECH ESSENTIALS,IL_1LVS8EBYWIS2J,1,
B0GQ9CLJCV,DATE NIGHT FASHION,IL_20Q0HRFOLM3K2,1,
B0GQ9ST13Z,PILATES PRINCESS,IL_3QM5O5E9ELURW,1,
B0GQBF7Q48,DATE NIGHT FASHION,IL_20Q0HRFOLM3K2,1,
B0GQPNC7ZL,QUIET LUXURY/OLD MONEY,IL_310DHOAQUC0DH,1,
B0GQRWRZDW,OUTDOOR Oasis,IL_VI6A3WXDHHDU,1,
B0GR8XXVF3,BEDROOM STYLE,IL_2HG2TBY26H9IW,1,
B0GR947XBP,48 Yr Old Mom of 5 - What I am OBSESSED over!|EARNED A SPOT FOR LIFE!,IL_1NSB6B4CK6NM1|IL_76ENHDCP4NP1,2,
B0GR9BX6PT,CHIC 2-PIECE SETS,IL_QR27F03IP4AQ,1,
B0GR9F3QJL,TRANSITIONAL Fall Fashion,IL_5MN6DE6JTTK2,1,
B0GR9N69VT,THE DRESS SHOPPE - From BRUNCH to BLACK TIE,IL_1HHMN64HEUPU9,1,
B0GR9RYHNV,48 Yr Old Mom of 5 - What I am OBSESSED over!|APRIL Best Sellers|LUXE Gifting|LUXE JEWELRY & ACCESSORIES|WORK WEAR,IL_181FEP0C2U0RU|IL_1NSB6B4CK6NM1|IL_27BIT6UUHQ198|IL_3J2NRGA0NCDGR|IL_B4MF8PKIS82A,5,
B0GRCFSXPT,RH STYLE - Looks like a SPLURGE,IL_32TSU85USSAQZ,1,
B0GRDBKBXJ,RESTORATION VIBES,IL_2I5A3XFI29113,1,
B0GRDND6LK,The FALL EDIT,IL_IOIVGOQN9X1X,1,
B0GRDND6LM,OVER 40 & Fabulous HILLARY'S Capsule WARDROBE - Effortless & Chic,IL_1GS6BISWIK7UN,1,
B0GRRQGDKQ,LIGHTING - Designer Inspired,IL_K3IDK9BPXYFW,1,
B0GRZPRBGG,UNDER $50 FALL Capsule,IL_39FHE4P3M78YV,1,
B0GRZWQZY5,HALLOWEEN,IL_TOLRF8ZU3T5K,1,
B0GS1D67QK,THE Little Black Dress,IL_CTNECHN1HUCU,1,
B0GS2YTCM4,NEW Arrivals,IL_2DHFOQ3A1Q5U2,1,
B0GS36782F,NEW HOME FINDS,IL_1QMBJFJU34FUR,1,
B0GS3SG2XS,ELEVATED SWIMWEAR,IL_20ODL7UVO85YK,1,
B0GS4WW2WL,EUROPEAN SUMMER|JULY TOP PICKS,IL_341JHBPWHDBNK|IL_9FXRQ038D494,2,
B0GS5YB25G,UNDER $50 FALL Capsule,IL_39FHE4P3M78YV,1,
B0GS69KWLC,CHIC 2-PIECE SETS,IL_QR27F03IP4AQ,1,
B0GS8PCPCL,HOME DECOR,IL_2V4ZM0XXYOP34,1,
B0GS92TR5R,EARLY Fall|Hillary's NEWEST Finds|RESTORATION VIBES|RH STYLE - Looks like a SPLURGE,IL_1XPGUL8BC81KW|IL_2I5A3XFI29113|IL_32TSU85USSAQZ|IL_ED3VXSBXPFO5,4,
B0GS94BJVC,ORGANIZING Essentials,IL_27VCDHN1568QK,1,
B0GS9LKK2T,CHIC 2-PIECE SETS,IL_QR27F03IP4AQ,1,
B0GS9SD8VS,SPORT MOM Style,IL_33RG7LWDINUWO,1,
B0GSF9HFL4,MAXI DRESS EDIT|RESORT WEAR FASHION,IL_15NDDXZ7X0955|IL_3CETAKAWP1P7C,2,
B0GSH5176G,ELEMENTARY SCHOOL,IL_13LSJDYI0DMAZ,1,
B0GSLT462N,NEW Arrivals,IL_2DHFOQ3A1Q5U2,1,
B0GSLWQL65,EARLY Fall,IL_ED3VXSBXPFO5,1,
B0GSM3H9S3,EARLY Fall,IL_ED3VXSBXPFO5,1,
B0GSQMSHWC,The FALL EDIT,IL_IOIVGOQN9X1X,1,
B0GSVWVC4T,FASHION,IL_3LEWC1H0K68XB,1,
B0GSW1ZJW1,DATE NIGHT FASHION,IL_20Q0HRFOLM3K2,1,
B0GSXYDG7D,EUROPEAN SUMMER|LUXE JEWELRY & ACCESSORIES|OVER 40 & Fabulous HILLARY'S Capsule WARDROBE - Effortless & Chic,IL_1GS6BISWIK7UN|IL_27BIT6UUHQ198|IL_341JHBPWHDBNK,3,
B0GSYK3Y46,TEEN GIRLIES,IL_370XLUWUIJAX1,1,
B0GSZF6FJ5,NEW Arrivals,IL_2DHFOQ3A1Q5U2,1,
B0GSZFSMXW,DATE NIGHT FASHION,IL_20Q0HRFOLM3K2,1,
B0GSZL8MVP,WORK WEAR,IL_3J2NRGA0NCDGR,1,
B0GT2H32K5,MORE NEW FINDS,IL_32M44I5BF0O0R,1,
B0GT2PYBSD,DATE NIGHT FASHION,IL_20Q0HRFOLM3K2,1,
B0GT4BMX5Z,OUTDOOR Oasis,IL_VI6A3WXDHHDU,1,
B0GT4QPFSL,CHIC 2-PIECE SETS,IL_QR27F03IP4AQ,1,
B0GT54MM9V,EARLY Fall,IL_ED3VXSBXPFO5,1,
B0GT7JXTT2,PRESCHOOL LITTLES,IL_16F1ZOLGB573M,1,
B0GT861NYT,DATE NIGHT FASHION|OVER 40 & Fabulous HILLARY'S Capsule WARDROBE - Effortless & Chic,IL_1GS6BISWIK7UN|IL_20Q0HRFOLM3K2,2,
B0GT8VR1BY,RESORT WEAR FASHION,IL_15NDDXZ7X0955,1,
B0GTLJBR3L,DATE NIGHT FASHION,IL_20Q0HRFOLM3K2,1,
B0GTLKLD8N,FALL LOUNGE SETS,IL_1K9R04PZQD03N,1,
B0GTLQ87P5,NEW Arrivals,IL_2DHFOQ3A1Q5U2,1,
B0GTLVR2Z4,DATE NIGHT FASHION,IL_20Q0HRFOLM3K2,1,
B0GTLWDTCG,MORE NEW FINDS,IL_32M44I5BF0O0R,1,
B0GTN34764,EUROPEAN SUMMER|MAXI DRESS EDIT|THE DRESS SHOPPE - From BRUNCH to BLACK TIE,IL_1HHMN64HEUPU9|IL_341JHBPWHDBNK|IL_3CETAKAWP1P7C,3,
B0GTN63W14,DATE NIGHT FASHION,IL_20Q0HRFOLM3K2,1,
B0GTNMQVLK,DINING ROOM,IL_3RKTIOM3H9T72,1,
B0GTNSZS6G,CHIC 2-PIECE SETS,IL_QR27F03IP4AQ,1,
B0GTQ29FPS,CHIC 2-PIECE SETS|EUROPEAN SUMMER,IL_341JHBPWHDBNK|IL_QR27F03IP4AQ,2,
B0GTQNYTQJ,MORE NEW FINDS,IL_32M44I5BF0O0R,1,
B0GTTLVT1M,CHIC 2-PIECE SETS,IL_QR27F03IP4AQ,1,
B0GTVRX4FK,RESTORATION VIBES,IL_2I5A3XFI29113,1,
B0GTWG8DKV,TOP 100 HOME PICKS,IL_2DVQFMB8O8SDC,1,
B0GTWZ6J1T,OUTDOOR Oasis,IL_VI6A3WXDHHDU,1,
B0GTZ18F14,Hillary's NEWEST Finds,IL_1XPGUL8BC81KW,1,
B0GV1VMMW1,FASHION,IL_3LEWC1H0K68XB,1,
B0GV3SVVVV,THE DRESS SHOPPE - From BRUNCH to BLACK TIE,IL_1HHMN64HEUPU9,1,
B0GV4B3Y2S,TEEN GUYS,IL_O65RH2OR0EF3,1,
B0GVDFH92G,EUROPEAN SUMMER,IL_341JHBPWHDBNK,1,
B0GVDPTBRW,EUROPEAN SUMMER,IL_341JHBPWHDBNK,1,
B0GVDSQZF6,EARLY Fall,IL_ED3VXSBXPFO5,1,
B0GVMBV77N,MORE NEW FINDS,IL_32M44I5BF0O0R,1,
B0GVN4SVVH,JUNE TOP PICKS,IL_2Q5678F6BP61R,1,
B0GVRM9WKL,TOP 100 PRIME FASHION DEALS|The STYLE EDIT - HOTTEST finds RIGHT NOW!,IL_1SLNDA7361JAR|IL_2LWBTUXIDQYKM,2,
B0GVT588ZD,TEEN GUYS,IL_O65RH2OR0EF3,1,
B0GW94LD7Q,The FALL EDIT,IL_IOIVGOQN9X1X,1,
B0GWCTTRL7,NEW Arrivals,IL_2DHFOQ3A1Q5U2,1,
B0GWD6RZK1,HEALTHY Living,IL_136JGDBOWW0I4,1,
B0GWDV1FL5,DORM ROOM ESSENTIALS,IL_1DUCBV6BSXOJF,1,
B0GWGPFDK1,OVER 40 & Fabulous HILLARY'S Capsule WARDROBE - Effortless & Chic,IL_1GS6BISWIK7UN,1,
B0GWH1NDKV,HALLOWEEN,IL_TOLRF8ZU3T5K,1,
B0GWHLD9ZR,JULY TOP PICKS,IL_9FXRQ038D494,1,
B0GWHLSKLD,SPORT MOM Style,IL_33RG7LWDINUWO,1,
B0GWHP3C1T,RESTORATION VIBES,IL_2I5A3XFI29113,1,
B0GWLLMVKX,EARLY Fall|NEW Arrivals,IL_2DHFOQ3A1Q5U2|IL_ED3VXSBXPFO5,2,
B0GWLVWS9Q,MORE NEW FINDS,IL_32M44I5BF0O0R,1,
B0GWM3TYG6,ELEMENTARY SCHOOL,IL_13LSJDYI0DMAZ,1,
B0GWMBN3CN,EUROPEAN SUMMER|OVER 40 & Fabulous HILLARY'S Capsule WARDROBE - Effortless & Chic,IL_1GS6BISWIK7UN|IL_341JHBPWHDBNK,2,
B0GWML8FBW,EARLY Fall,IL_ED3VXSBXPFO5,1,
B0GWQ7FKSK,ELEVATED SWIMWEAR,IL_20ODL7UVO85YK,1,
B0GWTRMVLY,CHIC 2-PIECE SETS,IL_QR27F03IP4AQ,1,
B0GWZTYQND,RESTORATION VIBES,IL_2I5A3XFI29113,1,
B0GX16SSWR,PRESCHOOL LITTLES,IL_16F1ZOLGB573M,1,
B0GX5M43KF,JUNE TOP PICKS,IL_2Q5678F6BP61R,1,
B0GX6FD6TX,CHIC 2-PIECE SETS,IL_QR27F03IP4AQ,1,
B0GX6K1YSW,The FALL EDIT,IL_IOIVGOQN9X1X,1,
B0GX7M9XSQ,NEW Arrivals|OVER 40 & Fabulous HILLARY'S Capsule WARDROBE - Effortless & Chic,IL_1GS6BISWIK7UN|IL_2DHFOQ3A1Q5U2,2,
B0GX7P6965,AUGUST TOP PICKS,IL_DSS93TBPVRP5,1,
B0GX82FP54,HALLOWEEN,IL_TOLRF8ZU3T5K,1,
B0GX98MRLQ,ATHLETIC DRESSES,IL_3GE7XODL0Z5A3,1,
B0GX9BSPGK,Hillary's NEWEST Finds,IL_1XPGUL8BC81KW,1,
B0GXFSYPDG,RESTORATION VIBES,IL_2I5A3XFI29113,1,
B0GXGF1J9G,UNDER $50 FALL Capsule,IL_39FHE4P3M78YV,1,
B0GXHV63DZ,ELEVATED SWIMWEAR,IL_20ODL7UVO85YK,1,
B0GXJ4LXTS,RESTORATION VIBES,IL_2I5A3XFI29113,1,
B0GXJBB7SR,RESTORATION VIBES,IL_2I5A3XFI29113,1,
B0GXL89TB9,RESTORATION VIBES,IL_2I5A3XFI29113,1,
B0GXZ3XPGX,TWEEN BACK TO SCHOOL,IL_39AL8K1TZE306,1,
B0GXZ5PYY4,CHIC 2-PIECE SETS,IL_QR27F03IP4AQ,1,
B0GY1RFT5L,THE DRESS SHOPPE - From BRUNCH to BLACK TIE,IL_1HHMN64HEUPU9,1,
B0GY7JLZRH,PILATES PRINCESS,IL_3QM5O5E9ELURW,1,
B0GY7M4KBW,HALLOWEEN,IL_TOLRF8ZU3T5K,1,
B0GY7VJV15,HALLOWEEN,IL_TOLRF8ZU3T5K,1,
B0GY8L953S,WORK WEAR,IL_3J2NRGA0NCDGR,1,
B0GY9737C1,Hillary's NEWEST Finds,IL_1XPGUL8BC81KW,1,
B0GYD4XCNP,TRANSITIONAL Fall Fashion,IL_5MN6DE6JTTK2,1,
B0GYDC1LVV,CHIC 2-PIECE SETS,IL_QR27F03IP4AQ,1,
B0GYJDVSX3,THE DRESS SHOPPE - From BRUNCH to BLACK TIE|THE Little Black Dress,IL_1HHMN64HEUPU9|IL_CTNECHN1HUCU,2,
B0GYKKH8GJ,EARLY Fall,IL_ED3VXSBXPFO5,1,
B0GYN6T3K1,RESTORATION VIBES,IL_2I5A3XFI29113,1,
B0GYNP5NLG,HALLOWEEN,IL_TOLRF8ZU3T5K,1,
B0GYNQHDZP,HALLOWEEN,IL_TOLRF8ZU3T5K,1,
B0GYNRQ6B2,HALLOWEEN,IL_TOLRF8ZU3T5K,1,
B0GYNSNQJ4,The FALL EDIT,IL_IOIVGOQN9X1X,1,
B0GYNVW4WN,SPORT MOM Style,IL_33RG7LWDINUWO,1,
B0GYNW3GN9,EARLY Fall|HALLOWEEN|JULY TOP PICKS,IL_9FXRQ038D494|IL_ED3VXSBXPFO5|IL_TOLRF8ZU3T5K,3,
B0GYPG2XFK,MAXI DRESS EDIT,IL_3CETAKAWP1P7C,1,
B0GYQ8JMF4,EUROPEAN SUMMER,IL_341JHBPWHDBNK,1,
B0GYQFBFT8,EUROPEAN SUMMER|OVER 40 & Fabulous HILLARY'S Capsule WARDROBE - Effortless & Chic|TOP 100 PRIME FASHION DEALS,IL_1GS6BISWIK7UN|IL_2LWBTUXIDQYKM|IL_341JHBPWHDBNK,3,
B0GYRCV69J,NEW Arrivals,IL_2DHFOQ3A1Q5U2,1,
B0GYS9XP4S,EARNED A SPOT FOR LIFE!,IL_76ENHDCP4NP1,1,
B0GYWS8MWF,EARLY Fall,IL_ED3VXSBXPFO5,1,
B0GYX1SGTN,SPORT MOM Style,IL_33RG7LWDINUWO,1,
B0GYX9VPLY,RESTORATION VIBES,IL_2I5A3XFI29113,1,
B0GYYLXG5Z,HALLOWEEN,IL_TOLRF8ZU3T5K,1,
B0GYZ5Q816,MAXI DRESS EDIT,IL_3CETAKAWP1P7C,1,
B0GYZ9JVTT,TRANSITIONAL Fall Fashion|The FALL EDIT|UNDER $50 FALL Capsule,IL_39FHE4P3M78YV|IL_5MN6DE6JTTK2|IL_IOIVGOQN9X1X,3,
B0GZ2XVPRD,DATE NIGHT FASHION,IL_20Q0HRFOLM3K2,1,
B0GZ93NQ97,EARLY Fall|HALLOWEEN,IL_ED3VXSBXPFO5|IL_TOLRF8ZU3T5K,2,
B0GZDVZLPW,EARLY Fall|HALLOWEEN|JULY TOP PICKS,IL_9FXRQ038D494|IL_ED3VXSBXPFO5|IL_TOLRF8ZU3T5K,3,
B0GZMSHZ78,EUROPEAN SUMMER,IL_341JHBPWHDBNK,1,
B0GZNKKYT2,HALLOWEEN,IL_TOLRF8ZU3T5K,1,
B0GZPJTTBR,The FALL EDIT,IL_IOIVGOQN9X1X,1,
B0GZQ42KCX,JULY TOP PICKS,IL_9FXRQ038D494,1,
B0H11S2MTH,TRANSITIONAL Fall Fashion,IL_5MN6DE6JTTK2,1,
B0H14ZV9G4,CHIC 2-PIECE SETS,IL_QR27F03IP4AQ,1,
B0H19Y1ZTS,MORE NEW FINDS,IL_32M44I5BF0O0R,1,
B0H1CGGX6T,HALLOWEEN,IL_TOLRF8ZU3T5K,1,
B0H1K45473,EARLY Fall,IL_ED3VXSBXPFO5,1,
B0H1LH1NLF,EUROPEAN SUMMER,IL_341JHBPWHDBNK,1,
B0H1LHTMV9,EARLY Fall|HALLOWEEN,IL_ED3VXSBXPFO5|IL_TOLRF8ZU3T5K,2,
B0H1M1Q9CT,PRESCHOOL LITTLES,IL_16F1ZOLGB573M,1,
B0H1M988QP,ELEMENTARY SCHOOL,IL_13LSJDYI0DMAZ,1,
B0H1QKS8RY,ATHLETIC DRESSES,IL_3GE7XODL0Z5A3,1,
B0H1RF4CVB,OVER 40 & Fabulous HILLARY'S Capsule WARDROBE - Effortless & Chic|The FALL EDIT|UNDER $50 FALL Capsule,IL_1GS6BISWIK7UN|IL_39FHE4P3M78YV|IL_IOIVGOQN9X1X,3,
B0H1WT3QNW,EARLY Fall,IL_ED3VXSBXPFO5,1,
B0H1WTNV36,The FALL EDIT,IL_IOIVGOQN9X1X,1,
B0H1WY8G3Y,HALLOWEEN,IL_TOLRF8ZU3T5K,1,
B0H21Q17W9,FALL LOUNGE SETS,IL_1K9R04PZQD03N,1,
B0H27BXNKW,EARLY Fall|NEW Arrivals,IL_2DHFOQ3A1Q5U2|IL_ED3VXSBXPFO5,2,
B0H27XDPKJ,EUROPEAN SUMMER|TOP 100 PRIME FASHION DEALS|TOP 100+ PRIME DEALS|UNBOXING,IL_1NR6N43OIR93A|IL_2LWBTUXIDQYKM|IL_330I4A3SQ3ERE|IL_341JHBPWHDBNK,4,
B0H281KCNY,LIGHTING - Designer Inspired,IL_K3IDK9BPXYFW,1,
B0H2B6XRNX,THE Little Black Dress,IL_CTNECHN1HUCU,1,
B0H2CGR16D,TWEEN BACK TO SCHOOL,IL_39AL8K1TZE306,1,
B0H2CK4Q7V,THE DRESS SHOPPE - From BRUNCH to BLACK TIE,IL_1HHMN64HEUPU9,1,
B0H2CSJDX3,EUROPEAN SUMMER,IL_341JHBPWHDBNK,1,
B0H2D4NHB6,The FALL EDIT|UNDER $50 FALL Capsule,IL_39FHE4P3M78YV|IL_IOIVGOQN9X1X,2,
B0H2DNCT35,FALL LOUNGE SETS,IL_1K9R04PZQD03N,1,
B0H2FWD7P9,TOP 100 PRIME FASHION DEALS,IL_2LWBTUXIDQYKM,1,
B0H2GXJ81J,HALLOWEEN,IL_TOLRF8ZU3T5K,1,
B0H2H93G7H,HALLOWEEN,IL_TOLRF8ZU3T5K,1,
B0H2LRMLDQ,HALLOWEEN,IL_TOLRF8ZU3T5K,1,
B0H2TVFP37,FALL LOUNGE SETS,IL_1K9R04PZQD03N,1,
B0H2XLM6CY,EARLY Fall,IL_ED3VXSBXPFO5,1,
B0H2YFLPS5,HALLOWEEN,IL_TOLRF8ZU3T5K,1,
B0H2YQL5F5,THE DRESS SHOPPE - From BRUNCH to BLACK TIE|THE Little Black Dress,IL_1HHMN64HEUPU9|IL_CTNECHN1HUCU,2,
B0H321JPGG,UNDER $50 FALL Capsule,IL_39FHE4P3M78YV,1,
B0H35W3JJ1,CHIC 2-PIECE SETS,IL_QR27F03IP4AQ,1,
B0H38PTH3W,FALL LOUNGE SETS,IL_1K9R04PZQD03N,1,
B0H397PZFZ,CHIC 2-PIECE SETS,IL_QR27F03IP4AQ,1,
B0H3KJG12S,MORE NEW FINDS,IL_32M44I5BF0O0R,1,
B0H3NXV2NG,Hillary's NEWEST Finds,IL_1XPGUL8BC81KW,1,
B0H3TXT4QR,DATE NIGHT FASHION,IL_20Q0HRFOLM3K2,1,
B0H3ZCFFJG,NEW Arrivals,IL_2DHFOQ3A1Q5U2,1,
B0H45ND4YV,The FALL EDIT|UNDER $50 FALL Capsule,IL_39FHE4P3M78YV|IL_IOIVGOQN9X1X,2,
B0H45NG3PX,JULY TOP PICKS,IL_9FXRQ038D494,1,
B0H4FH58PK,TEEN GIRLIES,IL_370XLUWUIJAX1,1,
B0H4GGSNNQ,THE DRESS SHOPPE - From BRUNCH to BLACK TIE|THE Little Black Dress,IL_1HHMN64HEUPU9|IL_CTNECHN1HUCU,2,
B0H4LB7QSW,OVER 40 & Fabulous HILLARY'S Capsule WARDROBE - Effortless & Chic,IL_1GS6BISWIK7UN,1,
B0H4NWZ8GX,TEEN GIRLIES|TWEEN BACK TO SCHOOL,IL_370XLUWUIJAX1|IL_39AL8K1TZE306,2,
B0H5Q42L7F,THE Little Black Dress,IL_CTNECHN1HUCU,1,
B0H5RPWGFC,MAXI DRESS EDIT,IL_3CETAKAWP1P7C,1,
B0H638T758,MAXI DRESS EDIT,IL_3CETAKAWP1P7C,1,
B0H6PZBMSV,MAXI DRESS EDIT,IL_3CETAKAWP1P7C,1,
B0H6STG196,EUROPEAN SUMMER,IL_341JHBPWHDBNK,1,
B0H74YLP76,HALLOWEEN,IL_TOLRF8ZU3T5K,1,
B0H7HMN8TZ,FALL LOUNGE SETS,IL_1K9R04PZQD03N,1,
B0H7HN262G,HALLOWEEN,IL_TOLRF8ZU3T5K,1,
B0H7XGY5NF,SPORT MOM Style,IL_33RG7LWDINUWO,1,
B0H8HX4Q8H,CHIC 2-PIECE SETS|EUROPEAN SUMMER,IL_341JHBPWHDBNK|IL_QR27F03IP4AQ,2,
B0H94XKPT9,AUGUST TOP PICKS|HALLOWEEN,IL_DSS93TBPVRP5|IL_TOLRF8ZU3T5K,2,
B0H951N2DR,HALLOWEEN,IL_TOLRF8ZU3T5K,1,
B0H991WPQW,HALLOWEEN,IL_TOLRF8ZU3T5K,1,
B0HC6G3FGM,THE DRESS SHOPPE - From BRUNCH to BLACK TIE,IL_1HHMN64HEUPU9,1,
