asin,amazon_url,idea_lists,issue
B000B55AEK,https://www.amazon.com/dp/B000B55AEK?tag=hillarypeil-20,TOP SEPTEMBER DEALS,Amazon Creators API returned no product record after retry
B000MWTI0O,https://www.amazon.com/dp/B000MWTI0O?tag=hillarypeil-20,FRIDGE Organization,Amazon Creators API returned no product record after retry
B001QERCC8,https://www.amazon.com/dp/B001QERCC8?tag=hillarypeil-20,TOP 100 PRIME FASHION DEALS,Amazon Creators API returned no product record after retry
B0040UTBHY,https://www.amazon.com/dp/B0040UTBHY?tag=hillarypeil-20,TWEEN & TEEN - GIFT GUIDE,Amazon Creators API returned no product record after retry
B004XWCQG2,https://www.amazon.com/dp/B004XWCQG2?tag=hillarypeil-20,APRIL Best Sellers,Amazon Creators API returned no product record after retry
B0065JC4PE,https://www.amazon.com/dp/B0065JC4PE?tag=hillarypeil-20,HAIR CARE,Amazon Creators API returned no product record after retry
B008X0VM0Q,https://www.amazon.com/dp/B008X0VM0Q?tag=hillarypeil-20,BATHROOM Organization,Amazon Creators API returned no product record after retry
B00CQGTGXS,https://www.amazon.com/dp/B00CQGTGXS?tag=hillarypeil-20,January Best Sellers 2 | ORGANIZING Essentials,Amazon Creators API returned no product record after retry
B00EV5AT6A,https://www.amazon.com/dp/B00EV5AT6A?tag=hillarypeil-20,January Best Sellers 2,Amazon Creators API returned no product record after retry
B00MNFZJ2Y,https://www.amazon.com/dp/B00MNFZJ2Y?tag=hillarypeil-20,NEW HOME FINDS,Amazon Creators API returned no product record after retry
B00PZMS73U,https://www.amazon.com/dp/B00PZMS73U?tag=hillarypeil-20,DINING ROOM,Amazon Creators API returned no product record after retry
B00QANWYGO,https://www.amazon.com/dp/B00QANWYGO?tag=hillarypeil-20,JOCELYN'S Space,Amazon Creators API returned no product record after retry
B00RHZ8B7K,https://www.amazon.com/dp/B00RHZ8B7K?tag=hillarypeil-20,Outdoor PLANTERS,Amazon Creators API returned no product record after retry
B00X5YPXAU,https://www.amazon.com/dp/B00X5YPXAU?tag=hillarypeil-20,WINTER FASHION,Amazon Creators API returned no product record after retry
B016TNJBUG,https://www.amazon.com/dp/B016TNJBUG?tag=hillarypeil-20,BARCART,Amazon Creators API returned no product record after retry
B01A62KC5Y,https://www.amazon.com/dp/B01A62KC5Y?tag=hillarypeil-20,WORK WEAR,Amazon Creators API returned no product record after retry
B01AL0039G,https://www.amazon.com/dp/B01AL0039G?tag=hillarypeil-20,2025 TOP SELLERS | BEST SELLERS | Hillary's NEWEST Finds | OUTDOOR Oasis,Amazon Creators API returned no product record after retry
B01D1IKS5E,https://www.amazon.com/dp/B01D1IKS5E?tag=hillarypeil-20,WINTER FASHION,Amazon Creators API returned no product record after retry
B01DBDDL0I,https://www.amazon.com/dp/B01DBDDL0I?tag=hillarypeil-20,AUTUMN Vibes,Amazon Creators API returned no product record after retry
B01DPLTJVG,https://www.amazon.com/dp/B01DPLTJVG?tag=hillarypeil-20,AFFORDABLE DECOR | HOME DECOR,Amazon Creators API returned no product record after retry
B01DPLTJWK,https://www.amazon.com/dp/B01DPLTJWK?tag=hillarypeil-20,GIFTS UNDER $25,Amazon Creators API returned no product record after retry
B01HSKOJ38,https://www.amazon.com/dp/B01HSKOJ38?tag=hillarypeil-20,COFFEE TABLES. SIDE TABLES. ACCENT TABLES,Amazon Creators API returned no product record after retry
B01IR9A93I,https://www.amazon.com/dp/B01IR9A93I?tag=hillarypeil-20,AUTUMN Vibes,Amazon Creators API returned no product record after retry
B01JEAKSN0,https://www.amazon.com/dp/B01JEAKSN0?tag=hillarypeil-20,BEDDING. PILLOWS. THROWS. TOWELS.,Amazon Creators API returned no product record after retry
B01KPQIAGE,https://www.amazon.com/dp/B01KPQIAGE?tag=hillarypeil-20,THE Littles - GIFT GUIDE,Amazon Creators API returned no product record after retry
B01M1DHO4T,https://www.amazon.com/dp/B01M1DHO4T?tag=hillarypeil-20,RUGS,Amazon Creators API returned no product record after retry
B01M3RIX4D,https://www.amazon.com/dp/B01M3RIX4D?tag=hillarypeil-20,AFFORDABLE DECOR | VASES. TRAYS. BOXES.,Amazon Creators API returned no product record after retry
B01N6FLRLT,https://www.amazon.com/dp/B01N6FLRLT?tag=hillarypeil-20,LIGHTING - Designer Inspired,Amazon Creators API returned no product record after retry
B06XJZT53T,https://www.amazon.com/dp/B06XJZT53T?tag=hillarypeil-20,LUXE JEWELRY & ACCESSORIES,Amazon Creators API returned no product record after retry
B06Y2YRKQ2,https://www.amazon.com/dp/B06Y2YRKQ2?tag=hillarypeil-20,GIFTS UNDER $25,Amazon Creators API returned no product record after retry
B071NJF3Q8,https://www.amazon.com/dp/B071NJF3Q8?tag=hillarypeil-20,FOR HER - HANDBAGS,Amazon Creators API returned no product record after retry
B072QKRG26,https://www.amazon.com/dp/B072QKRG26?tag=hillarypeil-20,PILLOWS & THROWS,Amazon Creators API returned no product record after retry
B074HX3PW2,https://www.amazon.com/dp/B074HX3PW2?tag=hillarypeil-20,WINTER FASHION,Amazon Creators API returned no product record after retry
B074HXSLBH,https://www.amazon.com/dp/B074HXSLBH?tag=hillarypeil-20,TWEEN & TEEN - GIFT GUIDE,Amazon Creators API returned no product record after retry
B074N94G27,https://www.amazon.com/dp/B074N94G27?tag=hillarypeil-20,LAST MINUTE GIFTS,Amazon Creators API returned no product record after retry
B075CYMYK6,https://www.amazon.com/dp/B075CYMYK6?tag=hillarypeil-20,January Best Sellers 2,Amazon Creators API returned no product record after retry
B075DF3WRL,https://www.amazon.com/dp/B075DF3WRL?tag=hillarypeil-20,OUTDOOR Oasis,Amazon Creators API returned no product record after retry
B077RSTG8T,https://www.amazon.com/dp/B077RSTG8T?tag=hillarypeil-20,RESORT WEAR FASHION,Amazon Creators API returned no product record after retry
B078YRKZFM,https://www.amazon.com/dp/B078YRKZFM?tag=hillarypeil-20,FOR HIM - GIFT GUIDE,Amazon Creators API returned no product record after retry
B079743PRF,https://www.amazon.com/dp/B079743PRF?tag=hillarypeil-20,LAMPS,Amazon Creators API returned no product record after retry
B079H2YF6K,https://www.amazon.com/dp/B079H2YF6K?tag=hillarypeil-20,Spring Obsessed,Amazon Creators API returned no product record after retry
B07B2KX563,https://www.amazon.com/dp/B07B2KX563?tag=hillarypeil-20,CURTAINS,Amazon Creators API returned no product record after retry
B07B63KDHW,https://www.amazon.com/dp/B07B63KDHW?tag=hillarypeil-20,CABINETS. SIDEBOARDS. BUFFETS. CONSOLES.,Amazon Creators API returned no product record after retry
B07B941LHK,https://www.amazon.com/dp/B07B941LHK?tag=hillarypeil-20,AUTUMN Vibes,Amazon Creators API returned no product record after retry
B07BP4FJ5M,https://www.amazon.com/dp/B07BP4FJ5M?tag=hillarypeil-20,HARDWARE & FINISHES,Amazon Creators API returned no product record after retry
B07BVFMDYR,https://www.amazon.com/dp/B07BVFMDYR?tag=hillarypeil-20,BEDDING. PILLOWS. THROWS. TOWELS.,Amazon Creators API returned no product record after retry
B07BVP92NS,https://www.amazon.com/dp/B07BVP92NS?tag=hillarypeil-20,PILLOWS & THROWS,Amazon Creators API returned no product record after retry
B07BVQV4HT,https://www.amazon.com/dp/B07BVQV4HT?tag=hillarypeil-20,PILLOWS & THROWS,Amazon Creators API returned no product record after retry
B07BVR1111,https://www.amazon.com/dp/B07BVR1111?tag=hillarypeil-20,PILLOWS & THROWS,Amazon Creators API returned no product record after retry
B07BVRF87X,https://www.amazon.com/dp/B07BVRF87X?tag=hillarypeil-20,AFFORDABLE DECOR,Amazon Creators API returned no product record after retry
B07C3FDGDK,https://www.amazon.com/dp/B07C3FDGDK?tag=hillarypeil-20,DINING ROOM,Amazon Creators API returned no product record after retry
B07C7JBZYT,https://www.amazon.com/dp/B07C7JBZYT?tag=hillarypeil-20,BATHROOM Organization,Amazon Creators API returned no product record after retry
B07C9ZD3P8,https://www.amazon.com/dp/B07C9ZD3P8?tag=hillarypeil-20,HOLIDAY COLOR CRUSHES 2025 | JUST IN...My Newest OBSESSIONS,Amazon Creators API returned no product record after retry
B07CF5GQTT,https://www.amazon.com/dp/B07CF5GQTT?tag=hillarypeil-20,MARCH Best Sellers,Amazon Creators API returned no product record after retry
B07CK55S3H,https://www.amazon.com/dp/B07CK55S3H?tag=hillarypeil-20,BATHROOM Essentials,Amazon Creators API returned no product record after retry
B07CMKX3C7,https://www.amazon.com/dp/B07CMKX3C7?tag=hillarypeil-20,BED & BATH FINDS,Amazon Creators API returned no product record after retry
B07CW7RFTC,https://www.amazon.com/dp/B07CW7RFTC?tag=hillarypeil-20,RUGS,Amazon Creators API returned no product record after retry
B07DCQM2S4,https://www.amazon.com/dp/B07DCQM2S4?tag=hillarypeil-20,AFFORDABLE DECOR,Amazon Creators API returned no product record after retry
B07DG12R12,https://www.amazon.com/dp/B07DG12R12?tag=hillarypeil-20,BEDDING. PILLOWS. THROWS. TOWELS.,Amazon Creators API returned no product record after retry
B07DGNXPM8,https://www.amazon.com/dp/B07DGNXPM8?tag=hillarypeil-20,LAMPS,Amazon Creators API returned no product record after retry
B07DK4X2Z3,https://www.amazon.com/dp/B07DK4X2Z3?tag=hillarypeil-20,HARDWARE & FINISHES,Amazon Creators API returned no product record after retry
B07DR9CK3Y,https://www.amazon.com/dp/B07DR9CK3Y?tag=hillarypeil-20,TWEEN & TEEN - GIFT GUIDE,Amazon Creators API returned no product record after retry
B07DZM6H1S,https://www.amazon.com/dp/B07DZM6H1S?tag=hillarypeil-20,WINTER FASHION,Amazon Creators API returned no product record after retry
B07F4128P2,https://www.amazon.com/dp/B07F4128P2?tag=hillarypeil-20,KITCHEN Essentials,Amazon Creators API returned no product record after retry
B07F65BMWD,https://www.amazon.com/dp/B07F65BMWD?tag=hillarypeil-20,COFFEE TABLES. SIDE TABLES. ACCENT TABLES,Amazon Creators API returned no product record after retry
B07F8GZQG4,https://www.amazon.com/dp/B07F8GZQG4?tag=hillarypeil-20,BATHROOM Essentials | BATHROOM Organization | ELEVATED Bathroom Must-Haves | Effortless Chic Home | MEMORIAL DAY SALE FOLLOWER FAVORITES,Amazon Creators API returned no product record after retry
B07FRFLS23,https://www.amazon.com/dp/B07FRFLS23?tag=hillarypeil-20,GIFTS UNDER $50,Amazon Creators API returned no product record after retry
B07GR98LZ5,https://www.amazon.com/dp/B07GR98LZ5?tag=hillarypeil-20,WALL DECOR - MIRRORS. ART. FRAMES.,Amazon Creators API returned no product record after retry
B07HF2Q28Z,https://www.amazon.com/dp/B07HF2Q28Z?tag=hillarypeil-20,HEALTHY Living,Amazon Creators API returned no product record after retry
B07HGGYXC2,https://www.amazon.com/dp/B07HGGYXC2?tag=hillarypeil-20,AUTUMN Vibes,Amazon Creators API returned no product record after retry
B07HNKPX1S,https://www.amazon.com/dp/B07HNKPX1S?tag=hillarypeil-20,Subtle Luxury Home,Amazon Creators API returned no product record after retry
B07HRPGRR6,https://www.amazon.com/dp/B07HRPGRR6?tag=hillarypeil-20,WINTER FASHION,Amazon Creators API returned no product record after retry
B07J5SPCWS,https://www.amazon.com/dp/B07J5SPCWS?tag=hillarypeil-20,AUTUMN Vibes,Amazon Creators API returned no product record after retry
B07JC188M6,https://www.amazon.com/dp/B07JC188M6?tag=hillarypeil-20,ENTERTAINING Essentials,Amazon Creators API returned no product record after retry
B07JHJSNPS,https://www.amazon.com/dp/B07JHJSNPS?tag=hillarypeil-20,AUGUST TOP PICKS | AUTUMN Vibes | BEDDING. PILLOWS. THROWS. TOWELS.,Amazon Creators API returned no product record after retry
B07K1KNPH9,https://www.amazon.com/dp/B07K1KNPH9?tag=hillarypeil-20,HOME DECOR | RUGS,Amazon Creators API returned no product record after retry
B07K1V7SDR,https://www.amazon.com/dp/B07K1V7SDR?tag=hillarypeil-20,BATHROOM Essentials | VASES. TRAYS. BOXES.,Amazon Creators API returned no product record after retry
B07L5PQ7KJ,https://www.amazon.com/dp/B07L5PQ7KJ?tag=hillarypeil-20,OVER 40 & Fabulous HILLARY'S Capsule WARDROBE - Effortless & Chic | WORK WEAR,Amazon Creators API returned no product record after retry
B07L6WB4Z2,https://www.amazon.com/dp/B07L6WB4Z2?tag=hillarypeil-20,JUST IN - Organizing & Home,Amazon Creators API returned no product record after retry
B07L7Q6W5J,https://www.amazon.com/dp/B07L7Q6W5J?tag=hillarypeil-20,AUTUMN Vibes,Amazon Creators API returned no product record after retry
B07L9VNCMZ,https://www.amazon.com/dp/B07L9VNCMZ?tag=hillarypeil-20,HOLIDAY THEMES 2025,Amazon Creators API returned no product record after retry
B07M7K65P4,https://www.amazon.com/dp/B07M7K65P4?tag=hillarypeil-20,BED & BATH FINDS,Amazon Creators API returned no product record after retry
B07N2DWLPC,https://www.amazon.com/dp/B07N2DWLPC?tag=hillarypeil-20,FOR HER - HANDBAGS,Amazon Creators API returned no product record after retry
B07NNQPLQY,https://www.amazon.com/dp/B07NNQPLQY?tag=hillarypeil-20,COFFEE TABLES. SIDE TABLES. ACCENT TABLES,Amazon Creators API returned no product record after retry
B07NQRM6ML,https://www.amazon.com/dp/B07NQRM6ML?tag=hillarypeil-20,JANUARY Best Sellers,Amazon Creators API returned no product record after retry
B07NYD6WXL,https://www.amazon.com/dp/B07NYD6WXL?tag=hillarypeil-20,RESORT WEAR FASHION,Amazon Creators API returned no product record after retry
B07PGSK15M,https://www.amazon.com/dp/B07PGSK15M?tag=hillarypeil-20,ELEVATED HOLIDAY FASHION,Amazon Creators API returned no product record after retry
B07PH19Y5S,https://www.amazon.com/dp/B07PH19Y5S?tag=hillarypeil-20,FEBRUARY Best Sellers | TABLETOP MUST-HAVES,Amazon Creators API returned no product record after retry
B07Q79MLRN,https://www.amazon.com/dp/B07Q79MLRN?tag=hillarypeil-20,GIFTS UNDER $50,Amazon Creators API returned no product record after retry
B07QB9GYK6,https://www.amazon.com/dp/B07QB9GYK6?tag=hillarypeil-20,RUGS,Amazon Creators API returned no product record after retry
B07QMM8JVF,https://www.amazon.com/dp/B07QMM8JVF?tag=hillarypeil-20,LUXE JEWELRY & ACCESSORIES,Amazon Creators API returned no product record after retry
B07QSK7DHR,https://www.amazon.com/dp/B07QSK7DHR?tag=hillarypeil-20,LUXE JEWELRY & ACCESSORIES,Amazon Creators API returned no product record after retry
B07R5QD598,https://www.amazon.com/dp/B07R5QD598?tag=hillarypeil-20,FOR HIM - GIFT GUIDE,Amazon Creators API returned no product record after retry
B07R7NGBY1,https://www.amazon.com/dp/B07R7NGBY1?tag=hillarypeil-20,MORE NEW FINDS,Amazon Creators API returned no product record after retry
B07RFPVPMG,https://www.amazon.com/dp/B07RFPVPMG?tag=hillarypeil-20,HOLIDAY COLOR CRUSHES 2025,Amazon Creators API returned no product record after retry
B07RJVT9RP,https://www.amazon.com/dp/B07RJVT9RP?tag=hillarypeil-20,HOLIDAY ON SALE | LUXE Holiday Home | VIRAL Holiday Finds,Amazon Creators API returned no product record after retry
B07RQP9V92,https://www.amazon.com/dp/B07RQP9V92?tag=hillarypeil-20,APRIL Best Sellers,Amazon Creators API returned no product record after retry
B07RSB15H5,https://www.amazon.com/dp/B07RSB15H5?tag=hillarypeil-20,LIGHTING - Designer Inspired,Amazon Creators API returned no product record after retry
B07RX6R5VV,https://www.amazon.com/dp/B07RX6R5VV?tag=hillarypeil-20,AUTUMN Vibes,Amazon Creators API returned no product record after retry
B07S4842S6,https://www.amazon.com/dp/B07S4842S6?tag=hillarypeil-20,FASHION | RESORT WEAR FASHION,Amazon Creators API returned no product record after retry
B07S7FX8WX,https://www.amazon.com/dp/B07S7FX8WX?tag=hillarypeil-20,VIRAL Home Gadgets,Amazon Creators API returned no product record after retry
B07SST1K8Z,https://www.amazon.com/dp/B07SST1K8Z?tag=hillarypeil-20,BATHROOM Essentials | Subtle Luxury Home,Amazon Creators API returned no product record after retry
B07SX7TX95,https://www.amazon.com/dp/B07SX7TX95?tag=hillarypeil-20,LUXE JEWELRY & ACCESSORIES,Amazon Creators API returned no product record after retry
B07SYPQ8LZ,https://www.amazon.com/dp/B07SYPQ8LZ?tag=hillarypeil-20,BATHROOM Essentials | BATHROOM REMODEL,Amazon Creators API returned no product record after retry
B07TB5L98H,https://www.amazon.com/dp/B07TB5L98H?tag=hillarypeil-20,RUGS,Amazon Creators API returned no product record after retry
B07TJ1XW7R,https://www.amazon.com/dp/B07TJ1XW7R?tag=hillarypeil-20,FOR HIM - GIFT GUIDE,Amazon Creators API returned no product record after retry
B07TWJWTDV,https://www.amazon.com/dp/B07TWJWTDV?tag=hillarypeil-20,AUTUMN Vibes,Amazon Creators API returned no product record after retry
B07TXF8CXM,https://www.amazon.com/dp/B07TXF8CXM?tag=hillarypeil-20,$50 WINTER FASHION,Amazon Creators API returned no product record after retry
B07TYJHXQX,https://www.amazon.com/dp/B07TYJHXQX?tag=hillarypeil-20,AUTUMN Vibes,Amazon Creators API returned no product record after retry
B07V1F35K1,https://www.amazon.com/dp/B07V1F35K1?tag=hillarypeil-20,FOR HER - HANDBAGS,Amazon Creators API returned no product record after retry
B07VC7SND1,https://www.amazon.com/dp/B07VC7SND1?tag=hillarypeil-20,RESORT WEAR FASHION,Amazon Creators API returned no product record after retry
B07VQXGS5V,https://www.amazon.com/dp/B07VQXGS5V?tag=hillarypeil-20,CURTAINS,Amazon Creators API returned no product record after retry
B07W5JZBVJ,https://www.amazon.com/dp/B07W5JZBVJ?tag=hillarypeil-20,LUXE Gifting,Amazon Creators API returned no product record after retry
B07W9C99JH,https://www.amazon.com/dp/B07W9C99JH?tag=hillarypeil-20,AUGUST TOP PICKS,Amazon Creators API returned no product record after retry
B07WJVS6DN,https://www.amazon.com/dp/B07WJVS6DN?tag=hillarypeil-20,GIFTS UNDER $25,Amazon Creators API returned no product record after retry
B07WN2YC5T,https://www.amazon.com/dp/B07WN2YC5T?tag=hillarypeil-20,HARDWARE & FINISHES,Amazon Creators API returned no product record after retry
B07X2GW7FB,https://www.amazon.com/dp/B07X2GW7FB?tag=hillarypeil-20,BATHROOM Essentials,Amazon Creators API returned no product record after retry
B07XXRKMCW,https://www.amazon.com/dp/B07XXRKMCW?tag=hillarypeil-20,BED & BATH FINDS,Amazon Creators API returned no product record after retry
B07Y4YBWMV,https://www.amazon.com/dp/B07Y4YBWMV?tag=hillarypeil-20,CHIC WITHOUT THE SPLURGE TRAVEL | RESORT WEAR FASHION,Amazon Creators API returned no product record after retry
B07Y9KKXCS,https://www.amazon.com/dp/B07Y9KKXCS?tag=hillarypeil-20,In MY Travel Bag | TRAVEL,Amazon Creators API returned no product record after retry
B07YBFXR5P,https://www.amazon.com/dp/B07YBFXR5P?tag=hillarypeil-20,ELEVATED KITCHEN Must-Haves | KITCHEN Organizing | Subtle Luxury Home,Amazon Creators API returned no product record after retry
B07YCYZ7GR,https://www.amazon.com/dp/B07YCYZ7GR?tag=hillarypeil-20,LUXE JEWELRY & ACCESSORIES,Amazon Creators API returned no product record after retry
B07YDHL3GZ,https://www.amazon.com/dp/B07YDHL3GZ?tag=hillarypeil-20,BATHROOM Essentials,Amazon Creators API returned no product record after retry
B07YHNXMS8,https://www.amazon.com/dp/B07YHNXMS8?tag=hillarypeil-20,CARTS DON'T LIE — These were May's biggest hits. | DECEMBER Best Sellers | JUNE TOP PICKS | MY Holiday Styling List | TOP 100+ PRIME DEALS | The Hillary Style Holiday,Amazon Creators API returned no product record after retry
B07YKVWK14,https://www.amazon.com/dp/B07YKVWK14?tag=hillarypeil-20,BATHROOM Essentials,Amazon Creators API returned no product record after retry
B07YRJKH1R,https://www.amazon.com/dp/B07YRJKH1R?tag=hillarypeil-20,PILLOWS & THROWS,Amazon Creators API returned no product record after retry
B07YTWXWY7,https://www.amazon.com/dp/B07YTWXWY7?tag=hillarypeil-20,BEDDING. PILLOWS. THROWS. TOWELS.,Amazon Creators API returned no product record after retry
B07YY87FXP,https://www.amazon.com/dp/B07YY87FXP?tag=hillarypeil-20,JANUARY Best Sellers,Amazon Creators API returned no product record after retry
B07ZKHF2GM,https://www.amazon.com/dp/B07ZKHF2GM?tag=hillarypeil-20,PILLOWS & THROWS,Amazon Creators API returned no product record after retry
B07ZP6V9W8,https://www.amazon.com/dp/B07ZP6V9W8?tag=hillarypeil-20,DECEMBER Best Sellers,Amazon Creators API returned no product record after retry
B07ZX5XHFM,https://www.amazon.com/dp/B07ZX5XHFM?tag=hillarypeil-20,QUIET LUXURY/OLD MONEY,Amazon Creators API returned no product record after retry
B081C2DP71,https://www.amazon.com/dp/B081C2DP71?tag=hillarypeil-20,RESORT WEAR FASHION,Amazon Creators API returned no product record after retry
B081TFCRGM,https://www.amazon.com/dp/B081TFCRGM?tag=hillarypeil-20,TWEEN & TEEN - GIFT GUIDE,Amazon Creators API returned no product record after retry
B0823K5WTK,https://www.amazon.com/dp/B0823K5WTK?tag=hillarypeil-20,PILLOWS & THROWS,Amazon Creators API returned no product record after retry
B082PJZ6R2,https://www.amazon.com/dp/B082PJZ6R2?tag=hillarypeil-20,RUGS,Amazon Creators API returned no product record after retry
B082WW7FZ9,https://www.amazon.com/dp/B082WW7FZ9?tag=hillarypeil-20,RESORT WEAR FASHION,Amazon Creators API returned no product record after retry
B08341PR8G,https://www.amazon.com/dp/B08341PR8G?tag=hillarypeil-20,BATHROOM Essentials,Amazon Creators API returned no product record after retry
B0838ZB86C,https://www.amazon.com/dp/B0838ZB86C?tag=hillarypeil-20,SPORT MOM Style,Amazon Creators API returned no product record after retry
B083TDXDS3,https://www.amazon.com/dp/B083TDXDS3?tag=hillarypeil-20,DINING ROOM,Amazon Creators API returned no product record after retry
B083ZCR7N8,https://www.amazon.com/dp/B083ZCR7N8?tag=hillarypeil-20,NEW Arrivals,Amazon Creators API returned no product record after retry
B084GY7284,https://www.amazon.com/dp/B084GY7284?tag=hillarypeil-20,COFFEE BAR Essentials,Amazon Creators API returned no product record after retry
B085TC2BC6,https://www.amazon.com/dp/B085TC2BC6?tag=hillarypeil-20,LUXE JEWELRY & ACCESSORIES,Amazon Creators API returned no product record after retry
B085Y8TMFR,https://www.amazon.com/dp/B085Y8TMFR?tag=hillarypeil-20,GIFTS UNDER $25,Amazon Creators API returned no product record after retry
B0869LKSQ5,https://www.amazon.com/dp/B0869LKSQ5?tag=hillarypeil-20,LAMPS,Amazon Creators API returned no product record after retry
B0872B1WR5,https://www.amazon.com/dp/B0872B1WR5?tag=hillarypeil-20,HOLIDAY EVENING Looks,Amazon Creators API returned no product record after retry
B087JRV75R,https://www.amazon.com/dp/B087JRV75R?tag=hillarypeil-20,ORGANIZING Essentials,Amazon Creators API returned no product record after retry
B087TW7656,https://www.amazon.com/dp/B087TW7656?tag=hillarypeil-20,PILLOWS & THROWS,Amazon Creators API returned no product record after retry
B087YQTYF9,https://www.amazon.com/dp/B087YQTYF9?tag=hillarypeil-20,PILLOWS & THROWS,Amazon Creators API returned no product record after retry
B087ZPXMHP,https://www.amazon.com/dp/B087ZPXMHP?tag=hillarypeil-20,CABINETS. SIDEBOARDS. BUFFETS. CONSOLES.,Amazon Creators API returned no product record after retry
B0884DP5P2,https://www.amazon.com/dp/B0884DP5P2?tag=hillarypeil-20,DECEMBER Best Sellers | KITCHEN Essentials | SUMMER HOSTING,Amazon Creators API returned no product record after retry
B088LYHST7,https://www.amazon.com/dp/B088LYHST7?tag=hillarypeil-20,UNDER $50 FALL Capsule,Amazon Creators API returned no product record after retry
B088LYQW9X,https://www.amazon.com/dp/B088LYQW9X?tag=hillarypeil-20,PILATES PRINCESS,Amazon Creators API returned no product record after retry
B088RDFLRL,https://www.amazon.com/dp/B088RDFLRL?tag=hillarypeil-20,WINTER FASHION,Amazon Creators API returned no product record after retry
B088RKDC67,https://www.amazon.com/dp/B088RKDC67?tag=hillarypeil-20,ELEVATED HOLIDAY FASHION,Amazon Creators API returned no product record after retry
B088WT76XZ,https://www.amazon.com/dp/B088WT76XZ?tag=hillarypeil-20,For the Big Kids,Amazon Creators API returned no product record after retry
B0899CQ8F7,https://www.amazon.com/dp/B0899CQ8F7?tag=hillarypeil-20,TWEEN & TEEN - GIFT GUIDE,Amazon Creators API returned no product record after retry
B089D3WDNS,https://www.amazon.com/dp/B089D3WDNS?tag=hillarypeil-20,TWEEN & TEEN - GIFT GUIDE,Amazon Creators API returned no product record after retry
B089LQ3J7Y,https://www.amazon.com/dp/B089LQ3J7Y?tag=hillarypeil-20,$50 WINTER FASHION | WORK WEAR,Amazon Creators API returned no product record after retry
B089Q279R3,https://www.amazon.com/dp/B089Q279R3?tag=hillarypeil-20,DORM ROOM ESSENTIALS,Amazon Creators API returned no product record after retry
B089SK9XSV,https://www.amazon.com/dp/B089SK9XSV?tag=hillarypeil-20,GIFTS UNDER $50,Amazon Creators API returned no product record after retry
B089Y1354D,https://www.amazon.com/dp/B089Y1354D?tag=hillarypeil-20,BEDDING. PILLOWS. THROWS. TOWELS.,Amazon Creators API returned no product record after retry
B08B1MFC8L,https://www.amazon.com/dp/B08B1MFC8L?tag=hillarypeil-20,$50 WINTER FASHION | GIFTS UNDER $25 | LUXE JEWELRY & ACCESSORIES | OVER 40 & Fabulous HILLARY'S Capsule WARDROBE - Effortless & Chic,Amazon Creators API returned no product record after retry
B08B3FZXJQ,https://www.amazon.com/dp/B08B3FZXJQ?tag=hillarypeil-20,BATHROOM Essentials,Amazon Creators API returned no product record after retry
B08BFNXC89,https://www.amazon.com/dp/B08BFNXC89?tag=hillarypeil-20,MARCH Best Sellers,Amazon Creators API returned no product record after retry
B08BMMNYW7,https://www.amazon.com/dp/B08BMMNYW7?tag=hillarypeil-20,BATHROOM Essentials,Amazon Creators API returned no product record after retry
B08C5GQ8R3,https://www.amazon.com/dp/B08C5GQ8R3?tag=hillarypeil-20,PILLOWS & THROWS,Amazon Creators API returned no product record after retry
B08C7WYX5D,https://www.amazon.com/dp/B08C7WYX5D?tag=hillarypeil-20,AUTUMN Vibes,Amazon Creators API returned no product record after retry
B08CDM6F44,https://www.amazon.com/dp/B08CDM6F44?tag=hillarypeil-20,GIFTS UNDER $25,Amazon Creators API returned no product record after retry
B08CHLBY7L,https://www.amazon.com/dp/B08CHLBY7L?tag=hillarypeil-20,QUIET LUXURY/OLD MONEY | SPORT MOM Style,Amazon Creators API returned no product record after retry
B08CJZ614V,https://www.amazon.com/dp/B08CJZ614V?tag=hillarypeil-20,In MY Travel Bag,Amazon Creators API returned no product record after retry
B08CS22ZJ1,https://www.amazon.com/dp/B08CS22ZJ1?tag=hillarypeil-20,Spring Obsessed,Amazon Creators API returned no product record after retry
B08CT74FHF,https://www.amazon.com/dp/B08CT74FHF?tag=hillarypeil-20,GIFTS UNDER $25,Amazon Creators API returned no product record after retry
B08CXJD9WC,https://www.amazon.com/dp/B08CXJD9WC?tag=hillarypeil-20,WINTER FASHION,Amazon Creators API returned no product record after retry
B08D9BBTPW,https://www.amazon.com/dp/B08D9BBTPW?tag=hillarypeil-20,ELEVATED HOLIDAY FASHION,Amazon Creators API returned no product record after retry
B08DLW3S7R,https://www.amazon.com/dp/B08DLW3S7R?tag=hillarypeil-20,HARDWARE & FINISHES,Amazon Creators API returned no product record after retry
B08DVY3Y2R,https://www.amazon.com/dp/B08DVY3Y2R?tag=hillarypeil-20,TABLETOP MUST-HAVES,Amazon Creators API returned no product record after retry
B08F2FLBC2,https://www.amazon.com/dp/B08F2FLBC2?tag=hillarypeil-20,WINTER FASHION,Amazon Creators API returned no product record after retry
B08F48HNJG,https://www.amazon.com/dp/B08F48HNJG?tag=hillarypeil-20,PILLOWS & THROWS,Amazon Creators API returned no product record after retry
B08F56SK2J,https://www.amazon.com/dp/B08F56SK2J?tag=hillarypeil-20,BEAUTY MUST-HAVES,Amazon Creators API returned no product record after retry
B08FJDML42,https://www.amazon.com/dp/B08FJDML42?tag=hillarypeil-20,VIRAL Holiday Finds,Amazon Creators API returned no product record after retry
B08FTDK2TL,https://www.amazon.com/dp/B08FTDK2TL?tag=hillarypeil-20,ELEVATED HOLIDAY FASHION,Amazon Creators API returned no product record after retry
B08FY4LHDF,https://www.amazon.com/dp/B08FY4LHDF?tag=hillarypeil-20,TWEEN & TEEN - GIFT GUIDE,Amazon Creators API returned no product record after retry
B08G1RGVR9,https://www.amazon.com/dp/B08G1RGVR9?tag=hillarypeil-20,AUTUMN Vibes | Our REMODEL HOME,Amazon Creators API returned no product record after retry
B08GPR88MX,https://www.amazon.com/dp/B08GPR88MX?tag=hillarypeil-20,JUST IN - Organizing & Home,Amazon Creators API returned no product record after retry
B08HLMQ6Z8,https://www.amazon.com/dp/B08HLMQ6Z8?tag=hillarypeil-20,FOR HIM - GIFT GUIDE,Amazon Creators API returned no product record after retry
B08HLNXYMT,https://www.amazon.com/dp/B08HLNXYMT?tag=hillarypeil-20,CHIC 2-PIECE SETS | The STYLE EDIT - HOTTEST finds RIGHT NOW!,Amazon Creators API returned no product record after retry
B08J42M889,https://www.amazon.com/dp/B08J42M889?tag=hillarypeil-20,GIFTS UNDER $50,Amazon Creators API returned no product record after retry
B08J7QMTVC,https://www.amazon.com/dp/B08J7QMTVC?tag=hillarypeil-20,WINTER FASHION,Amazon Creators API returned no product record after retry
B08JSCB6L4,https://www.amazon.com/dp/B08JSCB6L4?tag=hillarypeil-20,AUGUST TOP PICKS | BEST SELLERS | LAMPS | MY TOP PRODUCTS FOR JULY | NEW Arrivals | RH STYLE - Looks like a SPLURGE,Amazon Creators API returned no product record after retry
B08JVC7GJH,https://www.amazon.com/dp/B08JVC7GJH?tag=hillarypeil-20,LIGHTING - Designer Inspired,Amazon Creators API returned no product record after retry
B08JVCFZN6,https://www.amazon.com/dp/B08JVCFZN6?tag=hillarypeil-20,LIGHTING - Designer Inspired,Amazon Creators API returned no product record after retry
B08L539CFR,https://www.amazon.com/dp/B08L539CFR?tag=hillarypeil-20,CAR ORGANIZATION,Amazon Creators API returned no product record after retry
B08LGH48V2,https://www.amazon.com/dp/B08LGH48V2?tag=hillarypeil-20,RESORT WEAR FASHION,Amazon Creators API returned no product record after retry
B08LMR98HZ,https://www.amazon.com/dp/B08LMR98HZ?tag=hillarypeil-20,DECEMBER Best Sellers,Amazon Creators API returned no product record after retry
B08LQXMNRL,https://www.amazon.com/dp/B08LQXMNRL?tag=hillarypeil-20,ENTRYWAY. FOYER.,Amazon Creators API returned no product record after retry
B08LVQ81XN,https://www.amazon.com/dp/B08LVQ81XN?tag=hillarypeil-20,CAR ORGANIZATION,Amazon Creators API returned no product record after retry
B08LVT2TZW,https://www.amazon.com/dp/B08LVT2TZW?tag=hillarypeil-20,WINTER FASHION,Amazon Creators API returned no product record after retry
B08M617ML1,https://www.amazon.com/dp/B08M617ML1?tag=hillarypeil-20,ELEVATED HOLIDAY FASHION,Amazon Creators API returned no product record after retry
B08M6KH2TK,https://www.amazon.com/dp/B08M6KH2TK?tag=hillarypeil-20,GIFTS UNDER $25,Amazon Creators API returned no product record after retry
B08N61L49G,https://www.amazon.com/dp/B08N61L49G?tag=hillarypeil-20,COFFEE TABLES. SIDE TABLES. ACCENT TABLES,Amazon Creators API returned no product record after retry
B08N6R37TN,https://www.amazon.com/dp/B08N6R37TN?tag=hillarypeil-20,FOR HER - HANDBAGS,Amazon Creators API returned no product record after retry
B08P1KK29C,https://www.amazon.com/dp/B08P1KK29C?tag=hillarypeil-20,The STYLE EDIT - HOTTEST finds RIGHT NOW!,Amazon Creators API returned no product record after retry
B08PZDWCV6,https://www.amazon.com/dp/B08PZDWCV6?tag=hillarypeil-20,TOP 100 PRIME FASHION DEALS,Amazon Creators API returned no product record after retry
B08QD87FCP,https://www.amazon.com/dp/B08QD87FCP?tag=hillarypeil-20,HOLIDAY THEMES 2025,Amazon Creators API returned no product record after retry
B08QFBHYZC,https://www.amazon.com/dp/B08QFBHYZC?tag=hillarypeil-20,MARCH Best Sellers,Amazon Creators API returned no product record after retry
B08QFR8B3N,https://www.amazon.com/dp/B08QFR8B3N?tag=hillarypeil-20,APRIL Best Sellers | April Amazon Live | MARCH Best Sellers,Amazon Creators API returned no product record after retry
B08QMKW7VL,https://www.amazon.com/dp/B08QMKW7VL?tag=hillarypeil-20,LIGHTING - Designer Inspired,Amazon Creators API returned no product record after retry
B08S5VR5YK,https://www.amazon.com/dp/B08S5VR5YK?tag=hillarypeil-20,PILLOWS & THROWS,Amazon Creators API returned no product record after retry
B08SJK8TDJ,https://www.amazon.com/dp/B08SJK8TDJ?tag=hillarypeil-20,NEW Arrivals | TOP 100 HOME PICKS | TOP 100+ PRIME DEALS | UNBOXING,Amazon Creators API returned no product record after retry
B08TDPKXWC,https://www.amazon.com/dp/B08TDPKXWC?tag=hillarypeil-20,CABINETS. SIDEBOARDS. BUFFETS. CONSOLES.,Amazon Creators API returned no product record after retry
B08TH8TZVW,https://www.amazon.com/dp/B08TH8TZVW?tag=hillarypeil-20,BED & BATH FINDS,Amazon Creators API returned no product record after retry
B08TP8Y5R4,https://www.amazon.com/dp/B08TP8Y5R4?tag=hillarypeil-20,KITCHEN Essentials,Amazon Creators API returned no product record after retry
B08XWTKLGS,https://www.amazon.com/dp/B08XWTKLGS?tag=hillarypeil-20,GIFTS UNDER $25,Amazon Creators API returned no product record after retry
B08Y5SBK7R,https://www.amazon.com/dp/B08Y5SBK7R?tag=hillarypeil-20,LIGHTING - Designer Inspired,Amazon Creators API returned no product record after retry
B08Y5Z43D9,https://www.amazon.com/dp/B08Y5Z43D9?tag=hillarypeil-20,ELEVATED SWIMWEAR,Amazon Creators API returned no product record after retry
B08YYMC1HD,https://www.amazon.com/dp/B08YYMC1HD?tag=hillarypeil-20,PILATES PRINCESS,Amazon Creators API returned no product record after retry
B08YZ2SZYS,https://www.amazon.com/dp/B08YZ2SZYS?tag=hillarypeil-20,ENTERTAINING Essentials,Amazon Creators API returned no product record after retry
B08Z6TTRDL,https://www.amazon.com/dp/B08Z6TTRDL?tag=hillarypeil-20,BED & BATH FINDS,Amazon Creators API returned no product record after retry
B08Z79GJQD,https://www.amazon.com/dp/B08Z79GJQD?tag=hillarypeil-20,PANTRY Organization,Amazon Creators API returned no product record after retry
B08Z7KFHS9,https://www.amazon.com/dp/B08Z7KFHS9?tag=hillarypeil-20,BATHROOM REMODEL | HOME & BATH Essentials,Amazon Creators API returned no product record after retry
B08ZY8HT1G,https://www.amazon.com/dp/B08ZY8HT1G?tag=hillarypeil-20,AUGUST TOP PICKS | DECEMBER Best Sellers | JANUARY Best Sellers | KITCHEN Organizing,Amazon Creators API returned no product record after retry
B08ZYM1NYQ,https://www.amazon.com/dp/B08ZYM1NYQ?tag=hillarypeil-20,BEDDING. PILLOWS. THROWS. TOWELS.,Amazon Creators API returned no product record after retry
B0917SZRRN,https://www.amazon.com/dp/B0917SZRRN?tag=hillarypeil-20,DECEMBER Best Sellers,Amazon Creators API returned no product record after retry
B091DKNXPK,https://www.amazon.com/dp/B091DKNXPK?tag=hillarypeil-20,CLOSET Organizing | FEBRUARY Best Sellers,Amazon Creators API returned no product record after retry
B091DMMTM5,https://www.amazon.com/dp/B091DMMTM5?tag=hillarypeil-20,APRIL Best Sellers | April Amazon Live,Amazon Creators API returned no product record after retry
B091PGM3JL,https://www.amazon.com/dp/B091PGM3JL?tag=hillarypeil-20,BEDDING. PILLOWS. THROWS. TOWELS.,Amazon Creators API returned no product record after retry
B092MQ6JBF,https://www.amazon.com/dp/B092MQ6JBF?tag=hillarypeil-20,FOR HER - HANDBAGS,Amazon Creators API returned no product record after retry
B09321ZB4N,https://www.amazon.com/dp/B09321ZB4N?tag=hillarypeil-20,GIFTS UNDER $25,Amazon Creators API returned no product record after retry
B0932Y9NDZ,https://www.amazon.com/dp/B0932Y9NDZ?tag=hillarypeil-20,HOLIDAY ON SALE | TOP SEPTEMBER DEALS,Amazon Creators API returned no product record after retry
B093QHHV2C,https://www.amazon.com/dp/B093QHHV2C?tag=hillarypeil-20,LAST MINUTE GIFTS,Amazon Creators API returned no product record after retry
B0945YTB5K,https://www.amazon.com/dp/B0945YTB5K?tag=hillarypeil-20,FOR HER - HANDBAGS,Amazon Creators API returned no product record after retry
B0949S7VRS,https://www.amazon.com/dp/B0949S7VRS?tag=hillarypeil-20,AUTUMN Vibes,Amazon Creators API returned no product record after retry
B094J54QW3,https://www.amazon.com/dp/B094J54QW3?tag=hillarypeil-20,BATHROOM Essentials,Amazon Creators API returned no product record after retry
B094JTPG5X,https://www.amazon.com/dp/B094JTPG5X?tag=hillarypeil-20,FOR HIM - GIFT GUIDE,Amazon Creators API returned no product record after retry
B094YXX3BZ,https://www.amazon.com/dp/B094YXX3BZ?tag=hillarypeil-20,LAMPS,Amazon Creators API returned no product record after retry
B094YZ9SQ7,https://www.amazon.com/dp/B094YZ9SQ7?tag=hillarypeil-20,MORE NEW FINDS,Amazon Creators API returned no product record after retry
B094ZJ75Q1,https://www.amazon.com/dp/B094ZJ75Q1?tag=hillarypeil-20,TOP 100 PRIME FASHION DEALS,Amazon Creators API returned no product record after retry
B095C2T5LY,https://www.amazon.com/dp/B095C2T5LY?tag=hillarypeil-20,JANUARY Best Sellers,Amazon Creators API returned no product record after retry
B095CKMKG6,https://www.amazon.com/dp/B095CKMKG6?tag=hillarypeil-20,NEW HOME FINDS | Subtle Luxury Home,Amazon Creators API returned no product record after retry
B095MP1FLV,https://www.amazon.com/dp/B095MP1FLV?tag=hillarypeil-20,PILATES PRINCESS,Amazon Creators API returned no product record after retry
B095P2N57B,https://www.amazon.com/dp/B095P2N57B?tag=hillarypeil-20,BATHROOM Essentials,Amazon Creators API returned no product record after retry
B0969BWWPM,https://www.amazon.com/dp/B0969BWWPM?tag=hillarypeil-20,BATHROOM Organization,Amazon Creators API returned no product record after retry
B096G58MW6,https://www.amazon.com/dp/B096G58MW6?tag=hillarypeil-20,LAMPS,Amazon Creators API returned no product record after retry
B096KMZ5G3,https://www.amazon.com/dp/B096KMZ5G3?tag=hillarypeil-20,LUXE JEWELRY & ACCESSORIES,Amazon Creators API returned no product record after retry
B096SV8SJG,https://www.amazon.com/dp/B096SV8SJG?tag=hillarypeil-20,FOR HIM - GIFT GUIDE | LAST MINUTE GIFTS,Amazon Creators API returned no product record after retry
B096V8N5H7,https://www.amazon.com/dp/B096V8N5H7?tag=hillarypeil-20,TRAVEL,Amazon Creators API returned no product record after retry
B09736B6N7,https://www.amazon.com/dp/B09736B6N7?tag=hillarypeil-20,Vanity Organization,Amazon Creators API returned no product record after retry
B0979QJWQJ,https://www.amazon.com/dp/B0979QJWQJ?tag=hillarypeil-20,GIFTING | LUXE JEWELRY & ACCESSORIES,Amazon Creators API returned no product record after retry
B097DG1B6H,https://www.amazon.com/dp/B097DG1B6H?tag=hillarypeil-20,MARCH Best Sellers,Amazon Creators API returned no product record after retry
B097KCQ169,https://www.amazon.com/dp/B097KCQ169?tag=hillarypeil-20,KITCHEN Essentials,Amazon Creators API returned no product record after retry
B097LCHG33,https://www.amazon.com/dp/B097LCHG33?tag=hillarypeil-20,LUXE JEWELRY & ACCESSORIES,Amazon Creators API returned no product record after retry
B097PRB7VF,https://www.amazon.com/dp/B097PRB7VF?tag=hillarypeil-20,MARCH Best Sellers,Amazon Creators API returned no product record after retry
B0987CGMR4,https://www.amazon.com/dp/B0987CGMR4?tag=hillarypeil-20,RESORT WEAR FASHION,Amazon Creators API returned no product record after retry
B098DX1GJZ,https://www.amazon.com/dp/B098DX1GJZ?tag=hillarypeil-20,AUGUST TOP PICKS,Amazon Creators API returned no product record after retry
B098JD1Q5P,https://www.amazon.com/dp/B098JD1Q5P?tag=hillarypeil-20,CHIC WITHOUT THE SPLURGE TRAVEL | ELEVATED HOLIDAY FASHION | LUXE JEWELRY & ACCESSORIES | OVER 40 & Fabulous HILLARY'S Capsule WARDROBE - Effortless & Chic | WINTER FASHION,Amazon Creators API returned no product record after retry
B098KX713P,https://www.amazon.com/dp/B098KX713P?tag=hillarypeil-20,FASHION,Amazon Creators API returned no product record after retry
B098NCZNLG,https://www.amazon.com/dp/B098NCZNLG?tag=hillarypeil-20,EARNED A SPOT FOR LIFE! | PANTRY Organization,Amazon Creators API returned no product record after retry
B09957P3BB,https://www.amazon.com/dp/B09957P3BB?tag=hillarypeil-20,TOP OCTOBER DEALS,Amazon Creators API returned no product record after retry
B099F2WYB3,https://www.amazon.com/dp/B099F2WYB3?tag=hillarypeil-20,WINTER FASHION,Amazon Creators API returned no product record after retry
B099F564BG,https://www.amazon.com/dp/B099F564BG?tag=hillarypeil-20,WINTER FASHION,Amazon Creators API returned no product record after retry
B099YMDK2L,https://www.amazon.com/dp/B099YMDK2L?tag=hillarypeil-20,HARDWARE & FINISHES,Amazon Creators API returned no product record after retry
B09B9VYHBQ,https://www.amazon.com/dp/B09B9VYHBQ?tag=hillarypeil-20,WINTER FASHION,Amazon Creators API returned no product record after retry
B09BDFVS4H,https://www.amazon.com/dp/B09BDFVS4H?tag=hillarypeil-20,COFFEE TABLES. SIDE TABLES. ACCENT TABLES,Amazon Creators API returned no product record after retry
B09BDG14S1,https://www.amazon.com/dp/B09BDG14S1?tag=hillarypeil-20,AFFORDABLE DECOR | NEW HOME FINDS | Subtle Luxury Home,Amazon Creators API returned no product record after retry
B09BQSLP2F,https://www.amazon.com/dp/B09BQSLP2F?tag=hillarypeil-20,WINTER FASHION,Amazon Creators API returned no product record after retry
B09BQW2953,https://www.amazon.com/dp/B09BQW2953?tag=hillarypeil-20,WINTER FASHION,Amazon Creators API returned no product record after retry
B09CM4X4JF,https://www.amazon.com/dp/B09CM4X4JF?tag=hillarypeil-20,ELEVATED KITCHEN Must-Haves,Amazon Creators API returned no product record after retry
B09DCBFJ9Y,https://www.amazon.com/dp/B09DCBFJ9Y?tag=hillarypeil-20,FEBRUARY Best Sellers,Amazon Creators API returned no product record after retry
B09DFKKLWC,https://www.amazon.com/dp/B09DFKKLWC?tag=hillarypeil-20,DINING ROOM,Amazon Creators API returned no product record after retry
B09DYDCXXS,https://www.amazon.com/dp/B09DYDCXXS?tag=hillarypeil-20,TABLETOP MUST-HAVES,Amazon Creators API returned no product record after retry
B09F2MDHYC,https://www.amazon.com/dp/B09F2MDHYC?tag=hillarypeil-20,GIFTS UNDER $50,Amazon Creators API returned no product record after retry
B09F9RRSMY,https://www.amazon.com/dp/B09F9RRSMY?tag=hillarypeil-20,JANUARY Best Sellers,Amazon Creators API returned no product record after retry
B09FPFTMVX,https://www.amazon.com/dp/B09FPFTMVX?tag=hillarypeil-20,KITCHEN Essentials,Amazon Creators API returned no product record after retry
B09GFR8RLW,https://www.amazon.com/dp/B09GFR8RLW?tag=hillarypeil-20,RESORT WEAR FASHION,Amazon Creators API returned no product record after retry
B09GYGMZWZ,https://www.amazon.com/dp/B09GYGMZWZ?tag=hillarypeil-20,THE Littles - GIFT GUIDE,Amazon Creators API returned no product record after retry
B09HVC4J6L,https://www.amazon.com/dp/B09HVC4J6L?tag=hillarypeil-20,WINTER FASHION,Amazon Creators API returned no product record after retry
B09J14DY4K,https://www.amazon.com/dp/B09J14DY4K?tag=hillarypeil-20,Subtle Luxury Home,Amazon Creators API returned no product record after retry
B09J3JVLXJ,https://www.amazon.com/dp/B09J3JVLXJ?tag=hillarypeil-20,CAR ORGANIZATION,Amazon Creators API returned no product record after retry
B09J8VC9DQ,https://www.amazon.com/dp/B09J8VC9DQ?tag=hillarypeil-20,HOLIDAY COLOR CRUSHES 2025,Amazon Creators API returned no product record after retry
B09JZGLR86,https://www.amazon.com/dp/B09JZGLR86?tag=hillarypeil-20,FOR HER - HANDBAGS,Amazon Creators API returned no product record after retry
B09KC44KX4,https://www.amazon.com/dp/B09KC44KX4?tag=hillarypeil-20,AUTUMN Vibes,Amazon Creators API returned no product record after retry
B09KHBBCKW,https://www.amazon.com/dp/B09KHBBCKW?tag=hillarypeil-20,FEBRUARY Best Sellers | KITCHEN Essentials,Amazon Creators API returned no product record after retry
B09KMDZK9N,https://www.amazon.com/dp/B09KMDZK9N?tag=hillarypeil-20,LAMPS,Amazon Creators API returned no product record after retry
B09KMRWDB3,https://www.amazon.com/dp/B09KMRWDB3?tag=hillarypeil-20,BATHROOM Organization,Amazon Creators API returned no product record after retry
B09KNGQZV4,https://www.amazon.com/dp/B09KNGQZV4?tag=hillarypeil-20,DECEMBER Best Sellers,Amazon Creators API returned no product record after retry
B09KV3JRZ3,https://www.amazon.com/dp/B09KV3JRZ3?tag=hillarypeil-20,CAR ORGANIZATION,Amazon Creators API returned no product record after retry
B09KYKPHZW,https://www.amazon.com/dp/B09KYKPHZW?tag=hillarypeil-20,ENTERTAINING Essentials | TABLETOP MUST-HAVES,Amazon Creators API returned no product record after retry
B09KZG2NLG,https://www.amazon.com/dp/B09KZG2NLG?tag=hillarypeil-20,2025 TOP SELLERS | ELEVATED KITCHEN Must-Haves | KITCHEN Organizing,Amazon Creators API returned no product record after retry
B09LDCCG9M,https://www.amazon.com/dp/B09LDCCG9M?tag=hillarypeil-20,LUXE JEWELRY & ACCESSORIES,Amazon Creators API returned no product record after retry
B09LQ4SY6C,https://www.amazon.com/dp/B09LQ4SY6C?tag=hillarypeil-20,GIFTS UNDER $25 | LAST MINUTE GIFTS,Amazon Creators API returned no product record after retry
B09MJVJFRH,https://www.amazon.com/dp/B09MJVJFRH?tag=hillarypeil-20,JANUARY Best Sellers,Amazon Creators API returned no product record after retry
B09MP5VDWF,https://www.amazon.com/dp/B09MP5VDWF?tag=hillarypeil-20,GIFTS UNDER $50 | My Curated Gift Guide | TWEEN & TEEN - GIFT GUIDE,Amazon Creators API returned no product record after retry
B09MQ3VVZ4,https://www.amazon.com/dp/B09MQ3VVZ4?tag=hillarypeil-20,Our REMODEL HOME,Amazon Creators API returned no product record after retry
B09MT81DX6,https://www.amazon.com/dp/B09MT81DX6?tag=hillarypeil-20,AUTUMN Vibes,Amazon Creators API returned no product record after retry
B09N7L4Q29,https://www.amazon.com/dp/B09N7L4Q29?tag=hillarypeil-20,FOR HER - HANDBAGS,Amazon Creators API returned no product record after retry
B09P6CDYHV,https://www.amazon.com/dp/B09P6CDYHV?tag=hillarypeil-20,WINTER FASHION,Amazon Creators API returned no product record after retry
B09PMVTQRP,https://www.amazon.com/dp/B09PMVTQRP?tag=hillarypeil-20,HOME DECOR | NIGHTSTAND Essentials | Vanity Organization,Amazon Creators API returned no product record after retry
B09Q257KSQ,https://www.amazon.com/dp/B09Q257KSQ?tag=hillarypeil-20,January Best Sellers 2,Amazon Creators API returned no product record after retry
B09QQ4NH5J,https://www.amazon.com/dp/B09QQ4NH5J?tag=hillarypeil-20,The STYLE EDIT - HOTTEST finds RIGHT NOW!,Amazon Creators API returned no product record after retry
B09QTDVN3J,https://www.amazon.com/dp/B09QTDVN3J?tag=hillarypeil-20,CHIC WITHOUT THE SPLURGE TRAVEL,Amazon Creators API returned no product record after retry
B09QWD7YD5,https://www.amazon.com/dp/B09QWD7YD5?tag=hillarypeil-20,MORE NEW FINDS,Amazon Creators API returned no product record after retry
B09R6T9KBD,https://www.amazon.com/dp/B09R6T9KBD?tag=hillarypeil-20,LAST MINUTE GIFTS,Amazon Creators API returned no product record after retry
B09S6XRYJC,https://www.amazon.com/dp/B09S6XRYJC?tag=hillarypeil-20,SOFAS. ACCENT CHAIRS. OTTOMANS.,Amazon Creators API returned no product record after retry
B09SWD71NZ,https://www.amazon.com/dp/B09SWD71NZ?tag=hillarypeil-20,HOME DECOR,Amazon Creators API returned no product record after retry
B09TDD86RC,https://www.amazon.com/dp/B09TDD86RC?tag=hillarypeil-20,The FALL EDIT,Amazon Creators API returned no product record after retry
B09TDRDY8F,https://www.amazon.com/dp/B09TDRDY8F?tag=hillarypeil-20,AUTUMN Vibes,Amazon Creators API returned no product record after retry
B09TP9N4GL,https://www.amazon.com/dp/B09TP9N4GL?tag=hillarypeil-20,MARCH Best Sellers,Amazon Creators API returned no product record after retry
B09TRCCPCB,https://www.amazon.com/dp/B09TRCCPCB?tag=hillarypeil-20,TRAVEL,Amazon Creators API returned no product record after retry
B09TVGV9ZG,https://www.amazon.com/dp/B09TVGV9ZG?tag=hillarypeil-20,CABINETS. SIDEBOARDS. BUFFETS. CONSOLES.,Amazon Creators API returned no product record after retry
B09TX9QZDH,https://www.amazon.com/dp/B09TX9QZDH?tag=hillarypeil-20,RESORT WEAR FASHION,Amazon Creators API returned no product record after retry
B09V136BSJ,https://www.amazon.com/dp/B09V136BSJ?tag=hillarypeil-20,AUTUMN Vibes,Amazon Creators API returned no product record after retry
B09V583DN5,https://www.amazon.com/dp/B09V583DN5?tag=hillarypeil-20,FASHION,Amazon Creators API returned no product record after retry
B09V7J12K1,https://www.amazon.com/dp/B09V7J12K1?tag=hillarypeil-20,BATHROOM REMODEL,Amazon Creators API returned no product record after retry
B09VCVHTBB,https://www.amazon.com/dp/B09VCVHTBB?tag=hillarypeil-20,BRIDE- Spoil Her for the Big Day!,Amazon Creators API returned no product record after retry
B09VG7DV4H,https://www.amazon.com/dp/B09VG7DV4H?tag=hillarypeil-20,GIFTING,Amazon Creators API returned no product record after retry
B09W228N13,https://www.amazon.com/dp/B09W228N13?tag=hillarypeil-20,THE Littles - GIFT GUIDE,Amazon Creators API returned no product record after retry
B09W2HKP9T,https://www.amazon.com/dp/B09W2HKP9T?tag=hillarypeil-20,TRAVEL,Amazon Creators API returned no product record after retry
B09W47ZNR6,https://www.amazon.com/dp/B09W47ZNR6?tag=hillarypeil-20,DECEMBER Best Sellers | FEBRUARY Best Sellers,Amazon Creators API returned no product record after retry
B09W5QDWBG,https://www.amazon.com/dp/B09W5QDWBG?tag=hillarypeil-20,JANUARY Best Sellers | JULY TOP PICKS,Amazon Creators API returned no product record after retry
B09W5RZR3G,https://www.amazon.com/dp/B09W5RZR3G?tag=hillarypeil-20,The STYLE EDIT - HOTTEST finds RIGHT NOW!,Amazon Creators API returned no product record after retry
B09W89YJP1,https://www.amazon.com/dp/B09W89YJP1?tag=hillarypeil-20,DECEMBER Best Sellers | LAST MINUTE GIFTS | My Curated Gift Guide,Amazon Creators API returned no product record after retry
B09WDDCNBQ,https://www.amazon.com/dp/B09WDDCNBQ?tag=hillarypeil-20,AUGUST TOP PICKS,Amazon Creators API returned no product record after retry
B09WMS353B,https://www.amazon.com/dp/B09WMS353B?tag=hillarypeil-20,BATHROOM Organization,Amazon Creators API returned no product record after retry
B09WN4RBGQ,https://www.amazon.com/dp/B09WN4RBGQ?tag=hillarypeil-20,FOR HER - HANDBAGS,Amazon Creators API returned no product record after retry
B09WZB1CTL,https://www.amazon.com/dp/B09WZB1CTL?tag=hillarypeil-20,COFFEE TABLES. SIDE TABLES. ACCENT TABLES,Amazon Creators API returned no product record after retry
B09X19Q59Q,https://www.amazon.com/dp/B09X19Q59Q?tag=hillarypeil-20,TRAVEL,Amazon Creators API returned no product record after retry
B09X5N5BB9,https://www.amazon.com/dp/B09X5N5BB9?tag=hillarypeil-20,JANUARY Best Sellers,Amazon Creators API returned no product record after retry
B09XHXMZTQ,https://www.amazon.com/dp/B09XHXMZTQ?tag=hillarypeil-20,BEDDING. PILLOWS. THROWS. TOWELS. | HOME DECOR,Amazon Creators API returned no product record after retry
B09XQS8SWR,https://www.amazon.com/dp/B09XQS8SWR?tag=hillarypeil-20,UNDER $50 FALL Capsule,Amazon Creators API returned no product record after retry
B09XTGHQR1,https://www.amazon.com/dp/B09XTGHQR1?tag=hillarypeil-20,TOP 100+ PRIME DEALS,Amazon Creators API returned no product record after retry
B09Y1YCQRS,https://www.amazon.com/dp/B09Y1YCQRS?tag=hillarypeil-20,MORE NEW FINDS,Amazon Creators API returned no product record after retry
B09Y5M7W5N,https://www.amazon.com/dp/B09Y5M7W5N?tag=hillarypeil-20,MARCH Best Sellers,Amazon Creators API returned no product record after retry
B09Y7VV8GR,https://www.amazon.com/dp/B09Y7VV8GR?tag=hillarypeil-20,FOR HER - HANDBAGS,Amazon Creators API returned no product record after retry
B09YBXDPYG,https://www.amazon.com/dp/B09YBXDPYG?tag=hillarypeil-20,APRIL Best Sellers | FRONT PORCH,Amazon Creators API returned no product record after retry
B09YCP3GZ4,https://www.amazon.com/dp/B09YCP3GZ4?tag=hillarypeil-20,CARTS DON'T LIE — These were May's biggest hits. | OUTDOOR Oasis,Amazon Creators API returned no product record after retry
B09YDBGS4V,https://www.amazon.com/dp/B09YDBGS4V?tag=hillarypeil-20,LUXE JEWELRY & ACCESSORIES,Amazon Creators API returned no product record after retry
B09YJ4PJ26,https://www.amazon.com/dp/B09YJ4PJ26?tag=hillarypeil-20,JUST IN...My Newest OBSESSIONS,Amazon Creators API returned no product record after retry
B09YRDS5HM,https://www.amazon.com/dp/B09YRDS5HM?tag=hillarypeil-20,TABLETOP MUST-HAVES,Amazon Creators API returned no product record after retry
B09Z29BCQC,https://www.amazon.com/dp/B09Z29BCQC?tag=hillarypeil-20,ELEVATED KITCHEN Must-Haves | KITCHEN Essentials,Amazon Creators API returned no product record after retry
B09Z2B3HS4,https://www.amazon.com/dp/B09Z2B3HS4?tag=hillarypeil-20,THE Littles - GIFT GUIDE,Amazon Creators API returned no product record after retry
B09Z2G4NH7,https://www.amazon.com/dp/B09Z2G4NH7?tag=hillarypeil-20,THE Littles - GIFT GUIDE,Amazon Creators API returned no product record after retry
B09Z7CWJCJ,https://www.amazon.com/dp/B09Z7CWJCJ?tag=hillarypeil-20,ENTERTAINING Essentials,Amazon Creators API returned no product record after retry
B09ZHJW1JQ,https://www.amazon.com/dp/B09ZHJW1JQ?tag=hillarypeil-20,FOR HER - HANDBAGS,Amazon Creators API returned no product record after retry
B09ZKZYBZX,https://www.amazon.com/dp/B09ZKZYBZX?tag=hillarypeil-20,FEBRUARY Best Sellers,Amazon Creators API returned no product record after retry
B09ZQKSMFB,https://www.amazon.com/dp/B09ZQKSMFB?tag=hillarypeil-20,JANUARY Best Sellers,Amazon Creators API returned no product record after retry
B09ZQLW6TF,https://www.amazon.com/dp/B09ZQLW6TF?tag=hillarypeil-20,ENTERTAINING Essentials,Amazon Creators API returned no product record after retry
B09ZXF43VL,https://www.amazon.com/dp/B09ZXF43VL?tag=hillarypeil-20,WINTER FASHION,Amazon Creators API returned no product record after retry
B09ZY15YMH,https://www.amazon.com/dp/B09ZY15YMH?tag=hillarypeil-20,QUIET LUXURY/OLD MONEY,Amazon Creators API returned no product record after retry
B09ZY9NC7V,https://www.amazon.com/dp/B09ZY9NC7V?tag=hillarypeil-20,JUST IN...My Newest OBSESSIONS | VIRAL Holiday Finds,Amazon Creators API returned no product record after retry
B0B127LZ2T,https://www.amazon.com/dp/B0B127LZ2T?tag=hillarypeil-20,SUMMER HOSTING,Amazon Creators API returned no product record after retry
B0B14HN2CY,https://www.amazon.com/dp/B0B14HN2CY?tag=hillarypeil-20,TOP 100 HOME PICKS,Amazon Creators API returned no product record after retry
B0B1TFCKNP,https://www.amazon.com/dp/B0B1TFCKNP?tag=hillarypeil-20,TABLETOP MUST-HAVES,Amazon Creators API returned no product record after retry
B0B28VTMMT,https://www.amazon.com/dp/B0B28VTMMT?tag=hillarypeil-20,HOLIDAY EVENING Looks,Amazon Creators API returned no product record after retry
B0B2J6CZL6,https://www.amazon.com/dp/B0B2J6CZL6?tag=hillarypeil-20,$50 WINTER FASHION,Amazon Creators API returned no product record after retry
B0B2KRT937,https://www.amazon.com/dp/B0B2KRT937?tag=hillarypeil-20,BATHROOM Essentials | BATHROOM Organization,Amazon Creators API returned no product record after retry
B0B2NZGW23,https://www.amazon.com/dp/B0B2NZGW23?tag=hillarypeil-20,2025 TOP SELLERS | MY TOP PRODUCTS FOR JULY,Amazon Creators API returned no product record after retry
B0B2S44TCD,https://www.amazon.com/dp/B0B2S44TCD?tag=hillarypeil-20,$50 WINTER FASHION,Amazon Creators API returned no product record after retry
B0B2Z6NMHP,https://www.amazon.com/dp/B0B2Z6NMHP?tag=hillarypeil-20,TOP OCTOBER DEALS,Amazon Creators API returned no product record after retry
B0B3C2ZSFK,https://www.amazon.com/dp/B0B3C2ZSFK?tag=hillarypeil-20,BOY'S Bathroom,Amazon Creators API returned no product record after retry
B0B3QWTHQ3,https://www.amazon.com/dp/B0B3QWTHQ3?tag=hillarypeil-20,NEW HOLIDAY Finds,Amazon Creators API returned no product record after retry
B0B3TJF1D1,https://www.amazon.com/dp/B0B3TJF1D1?tag=hillarypeil-20,TOP NOVEMBER DEALS,Amazon Creators API returned no product record after retry
B0B3XKSMRS,https://www.amazon.com/dp/B0B3XKSMRS?tag=hillarypeil-20,$50 WINTER FASHION | WINTER FASHION | WORK WEAR,Amazon Creators API returned no product record after retry
B0B4G4SBT2,https://www.amazon.com/dp/B0B4G4SBT2?tag=hillarypeil-20,TOP OCTOBER DEALS,Amazon Creators API returned no product record after retry
B0B4JQR93Y,https://www.amazon.com/dp/B0B4JQR93Y?tag=hillarypeil-20,GIFTS UNDER $50,Amazon Creators API returned no product record after retry
B0B5848FSB,https://www.amazon.com/dp/B0B5848FSB?tag=hillarypeil-20,BEST SELLERS,Amazon Creators API returned no product record after retry
B0B587X1S8,https://www.amazon.com/dp/B0B587X1S8?tag=hillarypeil-20,BEDDING: LUXURY finds in Our Home | BEDROOM STYLE | HOME DECOR | Our REMODEL HOME | Subtle Luxury Home,Amazon Creators API returned no product record after retry
B0B5KCNMGW,https://www.amazon.com/dp/B0B5KCNMGW?tag=hillarypeil-20,ENTERTAINING Essentials,Amazon Creators API returned no product record after retry
B0B5LDDW1G,https://www.amazon.com/dp/B0B5LDDW1G?tag=hillarypeil-20,JULY TOP PICKS,Amazon Creators API returned no product record after retry
B0B5TQGXVL,https://www.amazon.com/dp/B0B5TQGXVL?tag=hillarypeil-20,FOR HER - HANDBAGS,Amazon Creators API returned no product record after retry
B0B653TTY7,https://www.amazon.com/dp/B0B653TTY7?tag=hillarypeil-20,BEST SELLERS | TOP OCTOBER DEALS | WINTER FASHION,Amazon Creators API returned no product record after retry
B0B6CKT1QN,https://www.amazon.com/dp/B0B6CKT1QN?tag=hillarypeil-20,SOFAS. ACCENT CHAIRS. OTTOMANS.,Amazon Creators API returned no product record after retry
B0B6HM582B,https://www.amazon.com/dp/B0B6HM582B?tag=hillarypeil-20,SPORT MOM Style,Amazon Creators API returned no product record after retry
B0B6P19GWG,https://www.amazon.com/dp/B0B6P19GWG?tag=hillarypeil-20,AFFORDABLE DECOR | BEDDING: LUXURY finds in Our Home | Effortless Chic Home | HOLIDAY THEMES 2025 | MARCH Best Sellers | NEW HOLIDAY Finds | PILLOWS & THROWS,Amazon Creators API returned no product record after retry
B0B6YNG56P,https://www.amazon.com/dp/B0B6YNG56P?tag=hillarypeil-20,NEW Arrivals,Amazon Creators API returned no product record after retry
B0B6YPTYNZ,https://www.amazon.com/dp/B0B6YPTYNZ?tag=hillarypeil-20,AFFORDABLE DECOR | HOME DECOR | Our REMODEL HOME | TOP 100 HOME PICKS | TOP 100+ PRIME DEALS | WALL DECOR - MIRRORS. ART. FRAMES.,Amazon Creators API returned no product record after retry
B0B781V81S,https://www.amazon.com/dp/B0B781V81S?tag=hillarypeil-20,Moody Luxe Home,Amazon Creators API returned no product record after retry
B0B79JG2BL,https://www.amazon.com/dp/B0B79JG2BL?tag=hillarypeil-20,JANUARY Best Sellers,Amazon Creators API returned no product record after retry
B0B7WYVLY1,https://www.amazon.com/dp/B0B7WYVLY1?tag=hillarypeil-20,The Hillary Style Holiday,Amazon Creators API returned no product record after retry
B0B8HHGBB1,https://www.amazon.com/dp/B0B8HHGBB1?tag=hillarypeil-20,BATHROOM Essentials,Amazon Creators API returned no product record after retry
B0B8J62SLL,https://www.amazon.com/dp/B0B8J62SLL?tag=hillarypeil-20,CABINETS. SIDEBOARDS. BUFFETS. CONSOLES.,Amazon Creators API returned no product record after retry
B0B8JC7TDM,https://www.amazon.com/dp/B0B8JC7TDM?tag=hillarypeil-20,FAUX & DRIED FLORALS,Amazon Creators API returned no product record after retry
B0B8P8M2JF,https://www.amazon.com/dp/B0B8P8M2JF?tag=hillarypeil-20,BEST SELLERS,Amazon Creators API returned no product record after retry
B0B8R7J9MT,https://www.amazon.com/dp/B0B8R7J9MT?tag=hillarypeil-20,AFFORDABLE DECOR,Amazon Creators API returned no product record after retry
B0B94PB8SW,https://www.amazon.com/dp/B0B94PB8SW?tag=hillarypeil-20,CABINETS. SIDEBOARDS. BUFFETS. CONSOLES. | LUXE Holiday Home,Amazon Creators API returned no product record after retry
B0B9BMFHQL,https://www.amazon.com/dp/B0B9BMFHQL?tag=hillarypeil-20,HOLIDAY THEMES 2025,Amazon Creators API returned no product record after retry
B0B9G74PN9,https://www.amazon.com/dp/B0B9G74PN9?tag=hillarypeil-20,WINTER FASHION,Amazon Creators API returned no product record after retry
B0B9LTK64Y,https://www.amazon.com/dp/B0B9LTK64Y?tag=hillarypeil-20,RESORT WEAR FASHION,Amazon Creators API returned no product record after retry
B0B9SXHKXL,https://www.amazon.com/dp/B0B9SXHKXL?tag=hillarypeil-20,KITCHEN Organizing,Amazon Creators API returned no product record after retry
B0BBCQVB5D,https://www.amazon.com/dp/B0BBCQVB5D?tag=hillarypeil-20,2025 TOP SELLERS | LAUNDRY Room Essentials,Amazon Creators API returned no product record after retry
B0BBYN81HP,https://www.amazon.com/dp/B0BBYN81HP?tag=hillarypeil-20,VIRAL Home Gadgets,Amazon Creators API returned no product record after retry
B0BC3L26WJ,https://www.amazon.com/dp/B0BC3L26WJ?tag=hillarypeil-20,APRIL Best Sellers | April Amazon Live,Amazon Creators API returned no product record after retry
B0BCJ2KT8H,https://www.amazon.com/dp/B0BCJ2KT8H?tag=hillarypeil-20,Effortless Chic Home,Amazon Creators API returned no product record after retry
B0BCJXVPBK,https://www.amazon.com/dp/B0BCJXVPBK?tag=hillarypeil-20,TOP NOVEMBER DEALS,Amazon Creators API returned no product record after retry
B0BCK2L26P,https://www.amazon.com/dp/B0BCK2L26P?tag=hillarypeil-20,FOR HER - HANDBAGS,Amazon Creators API returned no product record after retry
B0BCPJH5LW,https://www.amazon.com/dp/B0BCPJH5LW?tag=hillarypeil-20,JULY TOP PICKS,Amazon Creators API returned no product record after retry
B0BD39LL88,https://www.amazon.com/dp/B0BD39LL88?tag=hillarypeil-20,LIGHTING - Designer Inspired,Amazon Creators API returned no product record after retry
B0BD4JPRL7,https://www.amazon.com/dp/B0BD4JPRL7?tag=hillarypeil-20,FOR HER - HANDBAGS,Amazon Creators API returned no product record after retry
B0BD76X9P5,https://www.amazon.com/dp/B0BD76X9P5?tag=hillarypeil-20,DECEMBER Best Sellers,Amazon Creators API returned no product record after retry
B0BDD3ZNZP,https://www.amazon.com/dp/B0BDD3ZNZP?tag=hillarypeil-20,NO DRILL Home Improvement,Amazon Creators API returned no product record after retry
B0BDKWQV1X,https://www.amazon.com/dp/B0BDKWQV1X?tag=hillarypeil-20,NEW HOME FINDS,Amazon Creators API returned no product record after retry
B0BDRP29QP,https://www.amazon.com/dp/B0BDRP29QP?tag=hillarypeil-20,TOP OCTOBER DEALS,Amazon Creators API returned no product record after retry
B0BF43VHLJ,https://www.amazon.com/dp/B0BF43VHLJ?tag=hillarypeil-20,BRIDE- Spoil Her for the Big Day!,Amazon Creators API returned no product record after retry
B0BFCLJLJV,https://www.amazon.com/dp/B0BFCLJLJV?tag=hillarypeil-20,TOP SEPTEMBER DEALS,Amazon Creators API returned no product record after retry
B0BFHZ8V87,https://www.amazon.com/dp/B0BFHZ8V87?tag=hillarypeil-20,Spring Obsessed,Amazon Creators API returned no product record after retry
B0BFJ2V2SV,https://www.amazon.com/dp/B0BFJ2V2SV?tag=hillarypeil-20,Spring Obsessed,Amazon Creators API returned no product record after retry
B0BGDD2ZDB,https://www.amazon.com/dp/B0BGDD2ZDB?tag=hillarypeil-20,TRAVEL,Amazon Creators API returned no product record after retry
B0BGLJ7Q4K,https://www.amazon.com/dp/B0BGLJ7Q4K?tag=hillarypeil-20,Spring Obsessed,Amazon Creators API returned no product record after retry
B0BGT48XYT,https://www.amazon.com/dp/B0BGT48XYT?tag=hillarypeil-20,GIFTS UNDER $25,Amazon Creators API returned no product record after retry
B0BGXVTY8D,https://www.amazon.com/dp/B0BGXVTY8D?tag=hillarypeil-20,JUST IN - Organizing & Home,Amazon Creators API returned no product record after retry
B0BGYJCPVM,https://www.amazon.com/dp/B0BGYJCPVM?tag=hillarypeil-20,JOCELYN'S Space,Amazon Creators API returned no product record after retry
B0BGYKX9H2,https://www.amazon.com/dp/B0BGYKX9H2?tag=hillarypeil-20,RUGS,Amazon Creators API returned no product record after retry
B0BH21QPX3,https://www.amazon.com/dp/B0BH21QPX3?tag=hillarypeil-20,Spring Obsessed,Amazon Creators API returned no product record after retry
B0BHJX24DT,https://www.amazon.com/dp/B0BHJX24DT?tag=hillarypeil-20,TRAVEL,Amazon Creators API returned no product record after retry
B0BHNTMT21,https://www.amazon.com/dp/B0BHNTMT21?tag=hillarypeil-20,AUTUMN Vibes | JUST IN...My Newest OBSESSIONS,Amazon Creators API returned no product record after retry
B0BHPFRTDY,https://www.amazon.com/dp/B0BHPFRTDY?tag=hillarypeil-20,KITCHEN Essentials,Amazon Creators API returned no product record after retry
B0BHPWLDLP,https://www.amazon.com/dp/B0BHPWLDLP?tag=hillarypeil-20,LUXE Gifting,Amazon Creators API returned no product record after retry
B0BHRQRGXK,https://www.amazon.com/dp/B0BHRQRGXK?tag=hillarypeil-20,CABINETS. SIDEBOARDS. BUFFETS. CONSOLES.,Amazon Creators API returned no product record after retry
B0BHZ8PNHS,https://www.amazon.com/dp/B0BHZ8PNHS?tag=hillarypeil-20,KITCHEN Organizing,Amazon Creators API returned no product record after retry
B0BJ1MB6ZP,https://www.amazon.com/dp/B0BJ1MB6ZP?tag=hillarypeil-20,TOP OCTOBER DEALS,Amazon Creators API returned no product record after retry
B0BJ2CYQNP,https://www.amazon.com/dp/B0BJ2CYQNP?tag=hillarypeil-20,JUST IN...My Newest OBSESSIONS,Amazon Creators API returned no product record after retry
B0BJ4FHV52,https://www.amazon.com/dp/B0BJ4FHV52?tag=hillarypeil-20,Amazon Furniture in Our Home | BEST SELLERS | CABINETS. SIDEBOARDS. BUFFETS. CONSOLES. | COFFEE TABLES. SIDE TABLES. ACCENT TABLES | FURNITURE In Our Home | HOME DECOR,Amazon Creators API returned no product record after retry
B0BJ6PV5BB,https://www.amazon.com/dp/B0BJ6PV5BB?tag=hillarypeil-20,COFFEE BAR Essentials | EARNED A SPOT FOR LIFE!,Amazon Creators API returned no product record after retry
B0BJK95P3Z,https://www.amazon.com/dp/B0BJK95P3Z?tag=hillarypeil-20,LAUNDRY Room Essentials,Amazon Creators API returned no product record after retry
B0BJVJSRX6,https://www.amazon.com/dp/B0BJVJSRX6?tag=hillarypeil-20,VIRAL Home Gadgets,Amazon Creators API returned no product record after retry
B0BJZ5VKQX,https://www.amazon.com/dp/B0BJZ5VKQX?tag=hillarypeil-20,My Curated Gift Guide,Amazon Creators API returned no product record after retry
B0BK8DYF7R,https://www.amazon.com/dp/B0BK8DYF7R?tag=hillarypeil-20,TOP OCTOBER DEALS,Amazon Creators API returned no product record after retry
B0BKF13T5V,https://www.amazon.com/dp/B0BKF13T5V?tag=hillarypeil-20,Spring Obsessed,Amazon Creators API returned no product record after retry
B0BKKP9ND7,https://www.amazon.com/dp/B0BKKP9ND7?tag=hillarypeil-20,THE DRESS SHOPPE - From BRUNCH to BLACK TIE,Amazon Creators API returned no product record after retry
B0BKLBK1S8,https://www.amazon.com/dp/B0BKLBK1S8?tag=hillarypeil-20,FOR HER - HANDBAGS,Amazon Creators API returned no product record after retry
B0BKRDBYKF,https://www.amazon.com/dp/B0BKRDBYKF?tag=hillarypeil-20,HOME DECOR,Amazon Creators API returned no product record after retry
B0BKRFBSTF,https://www.amazon.com/dp/B0BKRFBSTF?tag=hillarypeil-20,AFFORDABLE DECOR,Amazon Creators API returned no product record after retry
B0BKRVWYWS,https://www.amazon.com/dp/B0BKRVWYWS?tag=hillarypeil-20,Subtle Luxury Home,Amazon Creators API returned no product record after retry
B0BKSWVVM7,https://www.amazon.com/dp/B0BKSWVVM7?tag=hillarypeil-20,DECEMBER Best Sellers,Amazon Creators API returned no product record after retry
B0BKZSPXCH,https://www.amazon.com/dp/B0BKZSPXCH?tag=hillarypeil-20,UNDER $50 FALL Capsule,Amazon Creators API returned no product record after retry
B0BL6PYN6P,https://www.amazon.com/dp/B0BL6PYN6P?tag=hillarypeil-20,CHIC WITHOUT THE SPLURGE TRAVEL | THE DRESS SHOPPE - From BRUNCH to BLACK TIE,Amazon Creators API returned no product record after retry
B0BL6S6JP5,https://www.amazon.com/dp/B0BL6S6JP5?tag=hillarypeil-20,FEBRUARY Best Sellers,Amazon Creators API returned no product record after retry
B0BL71XQ2C,https://www.amazon.com/dp/B0BL71XQ2C?tag=hillarypeil-20,BATHROOM Essentials,Amazon Creators API returned no product record after retry
B0BL7CGSWG,https://www.amazon.com/dp/B0BL7CGSWG?tag=hillarypeil-20,FEBRUARY Best Sellers,Amazon Creators API returned no product record after retry
B0BLBJNL9N,https://www.amazon.com/dp/B0BLBJNL9N?tag=hillarypeil-20,LIGHTING - Designer Inspired,Amazon Creators API returned no product record after retry
B0BLYL5NSC,https://www.amazon.com/dp/B0BLYL5NSC?tag=hillarypeil-20,DORM ROOM ESSENTIALS | NEW Arrivals,Amazon Creators API returned no product record after retry
B0BM25JVCB,https://www.amazon.com/dp/B0BM25JVCB?tag=hillarypeil-20,JUST IN...My Newest OBSESSIONS | Our REMODEL HOME,Amazon Creators API returned no product record after retry
B0BM42LDS1,https://www.amazon.com/dp/B0BM42LDS1?tag=hillarypeil-20,MARCH Best Sellers,Amazon Creators API returned no product record after retry
B0BMB48XLX,https://www.amazon.com/dp/B0BMB48XLX?tag=hillarypeil-20,LAUNDRY Room Essentials,Amazon Creators API returned no product record after retry
B0BMYYWC5Z,https://www.amazon.com/dp/B0BMYYWC5Z?tag=hillarypeil-20,JOCELYN'S Space,Amazon Creators API returned no product record after retry
B0BN3T5ZR4,https://www.amazon.com/dp/B0BN3T5ZR4?tag=hillarypeil-20,Amazon Furniture in Our Home | OUR Rental,Amazon Creators API returned no product record after retry
B0BN7KWRP1,https://www.amazon.com/dp/B0BN7KWRP1?tag=hillarypeil-20,COFFEE BAR Essentials | PILATES PRINCESS,Amazon Creators API returned no product record after retry
B0BNHKNDN8,https://www.amazon.com/dp/B0BNHKNDN8?tag=hillarypeil-20,OUTDOOR Oasis,Amazon Creators API returned no product record after retry
B0BNJ74CG1,https://www.amazon.com/dp/B0BNJ74CG1?tag=hillarypeil-20,HOLIDAY EVENING Looks,Amazon Creators API returned no product record after retry
B0BNL8Z6S9,https://www.amazon.com/dp/B0BNL8Z6S9?tag=hillarypeil-20,LAST MINUTE GIFTS | LUXE Gifting | LUXURY GIFTS | MEMORIAL DAY SALE FOLLOWER FAVORITES | My Curated Gift Guide,Amazon Creators API returned no product record after retry
B0BNPX75XV,https://www.amazon.com/dp/B0BNPX75XV?tag=hillarypeil-20,ELEVATED HOLIDAY FASHION,Amazon Creators API returned no product record after retry
B0BNQ75ZG8,https://www.amazon.com/dp/B0BNQ75ZG8?tag=hillarypeil-20,FASHION,Amazon Creators API returned no product record after retry
B0BNV6398P,https://www.amazon.com/dp/B0BNV6398P?tag=hillarypeil-20,KITCHEN Essentials,Amazon Creators API returned no product record after retry
B0BNYWHLG3,https://www.amazon.com/dp/B0BNYWHLG3?tag=hillarypeil-20,BATHROOM Essentials,Amazon Creators API returned no product record after retry
B0BP22LQYR,https://www.amazon.com/dp/B0BP22LQYR?tag=hillarypeil-20,PILLOWS & THROWS,Amazon Creators API returned no product record after retry
B0BPLVSB26,https://www.amazon.com/dp/B0BPLVSB26?tag=hillarypeil-20,LUXE Gifting,Amazon Creators API returned no product record after retry
B0BPV8YZDK,https://www.amazon.com/dp/B0BPV8YZDK?tag=hillarypeil-20,DINING ROOM,Amazon Creators API returned no product record after retry
B0BQ6GLRMR,https://www.amazon.com/dp/B0BQ6GLRMR?tag=hillarypeil-20,MARCH Best Sellers,Amazon Creators API returned no product record after retry
B0BQ6L4ZMV,https://www.amazon.com/dp/B0BQ6L4ZMV?tag=hillarypeil-20,COFFEE BAR Essentials,Amazon Creators API returned no product record after retry
B0BQD1DHHW,https://www.amazon.com/dp/B0BQD1DHHW?tag=hillarypeil-20,2025 TOP SELLERS,Amazon Creators API returned no product record after retry
B0BQJLXRVM,https://www.amazon.com/dp/B0BQJLXRVM?tag=hillarypeil-20,LUXE JEWELRY & ACCESSORIES,Amazon Creators API returned no product record after retry
B0BQRK5V1K,https://www.amazon.com/dp/B0BQRK5V1K?tag=hillarypeil-20,MARCH Best Sellers,Amazon Creators API returned no product record after retry
B0BQRKVQD3,https://www.amazon.com/dp/B0BQRKVQD3?tag=hillarypeil-20,CABINETS. SIDEBOARDS. BUFFETS. CONSOLES.,Amazon Creators API returned no product record after retry
B0BQVNV2QP,https://www.amazon.com/dp/B0BQVNV2QP?tag=hillarypeil-20,WINTER FASHION,Amazon Creators API returned no product record after retry
B0BQYNX77Z,https://www.amazon.com/dp/B0BQYNX77Z?tag=hillarypeil-20,OVER 40 & Fabulous HILLARY'S Capsule WARDROBE - Effortless & Chic,Amazon Creators API returned no product record after retry
B0BR31R8JG,https://www.amazon.com/dp/B0BR31R8JG?tag=hillarypeil-20,MARCH Best Sellers,Amazon Creators API returned no product record after retry
B0BRCYF81X,https://www.amazon.com/dp/B0BRCYF81X?tag=hillarypeil-20,MARCH Best Sellers,Amazon Creators API returned no product record after retry
B0BRN2FSHH,https://www.amazon.com/dp/B0BRN2FSHH?tag=hillarypeil-20,NEW HOME FINDS,Amazon Creators API returned no product record after retry
B0BRQ739FY,https://www.amazon.com/dp/B0BRQ739FY?tag=hillarypeil-20,SKIMS LIKE BASICS,Amazon Creators API returned no product record after retry
B0BRR5LRT3,https://www.amazon.com/dp/B0BRR5LRT3?tag=hillarypeil-20,In MY Travel Bag | LUXE Gifting,Amazon Creators API returned no product record after retry
B0BRRKF7X4,https://www.amazon.com/dp/B0BRRKF7X4?tag=hillarypeil-20,MARCH Best Sellers | OVER 40 & Fabulous HILLARY'S Capsule WARDROBE - Effortless & Chic,Amazon Creators API returned no product record after retry
B0BRRPJCSP,https://www.amazon.com/dp/B0BRRPJCSP?tag=hillarypeil-20,FEBRUARY Best Sellers | JANUARY Best Sellers | TOP OCTOBER DEALS,Amazon Creators API returned no product record after retry
B0BRSC83P6,https://www.amazon.com/dp/B0BRSC83P6?tag=hillarypeil-20,ELEVATED HOLIDAY FASHION,Amazon Creators API returned no product record after retry
B0BRTH62GB,https://www.amazon.com/dp/B0BRTH62GB?tag=hillarypeil-20,BATHROOM Essentials | BEST SELLERS | JUST IN...My Newest OBSESSIONS,Amazon Creators API returned no product record after retry
B0BS4D8CRV,https://www.amazon.com/dp/B0BS4D8CRV?tag=hillarypeil-20,BEAUTY MUST-HAVES,Amazon Creators API returned no product record after retry
B0BS8P9D68,https://www.amazon.com/dp/B0BS8P9D68?tag=hillarypeil-20,DECEMBER Best Sellers | LAST MINUTE GIFTS,Amazon Creators API returned no product record after retry
B0BS9641PT,https://www.amazon.com/dp/B0BS9641PT?tag=hillarypeil-20,MARCH Best Sellers,Amazon Creators API returned no product record after retry
B0BSGV11YX,https://www.amazon.com/dp/B0BSGV11YX?tag=hillarypeil-20,MORE NEW FINDS,Amazon Creators API returned no product record after retry
B0BTJXWGX1,https://www.amazon.com/dp/B0BTJXWGX1?tag=hillarypeil-20,BATHROOM Essentials,Amazon Creators API returned no product record after retry
B0BVBWTS2W,https://www.amazon.com/dp/B0BVBWTS2W?tag=hillarypeil-20,EARNED A SPOT FOR LIFE!,Amazon Creators API returned no product record after retry
B0BVG1CNPK,https://www.amazon.com/dp/B0BVG1CNPK?tag=hillarypeil-20,CABINETS. SIDEBOARDS. BUFFETS. CONSOLES.,Amazon Creators API returned no product record after retry
B0BVQDJKQG,https://www.amazon.com/dp/B0BVQDJKQG?tag=hillarypeil-20,2025 TOP SELLERS | EARNED A SPOT FOR LIFE! | GADGETS I CANNOT live WITHOUT | HOME & BATH Essentials | KITCHEN Organizing,Amazon Creators API returned no product record after retry
B0BVQKCRZM,https://www.amazon.com/dp/B0BVQKCRZM?tag=hillarypeil-20,LUXE JEWELRY & ACCESSORIES,Amazon Creators API returned no product record after retry
B0BW5GT43K,https://www.amazon.com/dp/B0BW5GT43K?tag=hillarypeil-20,HOME DECOR | TABLETOP MUST-HAVES | VASES. TRAYS. BOXES.,Amazon Creators API returned no product record after retry
B0BWD6NQDX,https://www.amazon.com/dp/B0BWD6NQDX?tag=hillarypeil-20,LIGHTING - Designer Inspired,Amazon Creators API returned no product record after retry
B0BWM51YLR,https://www.amazon.com/dp/B0BWM51YLR?tag=hillarypeil-20,The Hillary Style Holiday,Amazon Creators API returned no product record after retry
B0BWMR1QZQ,https://www.amazon.com/dp/B0BWMR1QZQ?tag=hillarypeil-20,TABLETOP MUST-HAVES | TOP OCTOBER DEALS,Amazon Creators API returned no product record after retry
B0BWN5KDLV,https://www.amazon.com/dp/B0BWN5KDLV?tag=hillarypeil-20,HARDWARE & FINISHES,Amazon Creators API returned no product record after retry
B0BX35WGTV,https://www.amazon.com/dp/B0BX35WGTV?tag=hillarypeil-20,NEW HOLIDAY Finds,Amazon Creators API returned no product record after retry
B0BX3QHRM9,https://www.amazon.com/dp/B0BX3QHRM9?tag=hillarypeil-20,TOP SEPTEMBER DEALS,Amazon Creators API returned no product record after retry
B0BX66FTKP,https://www.amazon.com/dp/B0BX66FTKP?tag=hillarypeil-20,VASES. TRAYS. BOXES.,Amazon Creators API returned no product record after retry
B0BX8GC9BB,https://www.amazon.com/dp/B0BX8GC9BB?tag=hillarypeil-20,MARCH Best Sellers,Amazon Creators API returned no product record after retry
B0BXCXJNFW,https://www.amazon.com/dp/B0BXCXJNFW?tag=hillarypeil-20,BEST SELLERS | TOP OCTOBER DEALS,Amazon Creators API returned no product record after retry
B0BXPGSMQP,https://www.amazon.com/dp/B0BXPGSMQP?tag=hillarypeil-20,WINTER FASHION,Amazon Creators API returned no product record after retry
B0BXRW1V3N,https://www.amazon.com/dp/B0BXRW1V3N?tag=hillarypeil-20,JANUARY Best Sellers,Amazon Creators API returned no product record after retry
B0BXRXNMZ2,https://www.amazon.com/dp/B0BXRXNMZ2?tag=hillarypeil-20,DECEMBER Best Sellers,Amazon Creators API returned no product record after retry
B0BY1MRHWB,https://www.amazon.com/dp/B0BY1MRHWB?tag=hillarypeil-20,JANUARY Best Sellers,Amazon Creators API returned no product record after retry
B0BY2Z1GT8,https://www.amazon.com/dp/B0BY2Z1GT8?tag=hillarypeil-20,CAR ORGANIZATION,Amazon Creators API returned no product record after retry
B0BY32JPB3,https://www.amazon.com/dp/B0BY32JPB3?tag=hillarypeil-20,MARCH Best Sellers,Amazon Creators API returned no product record after retry
B0BY87WBN3,https://www.amazon.com/dp/B0BY87WBN3?tag=hillarypeil-20,TRAVEL,Amazon Creators API returned no product record after retry
B0BY8JMX4K,https://www.amazon.com/dp/B0BY8JMX4K?tag=hillarypeil-20,SKIMS LIKE BASICS,Amazon Creators API returned no product record after retry
B0BYCKVNHQ,https://www.amazon.com/dp/B0BYCKVNHQ?tag=hillarypeil-20,JANUARY Best Sellers,Amazon Creators API returned no product record after retry
B0BYNKX2X3,https://www.amazon.com/dp/B0BYNKX2X3?tag=hillarypeil-20,AFFORDABLE DECOR,Amazon Creators API returned no product record after retry
B0BYNN4C7G,https://www.amazon.com/dp/B0BYNN4C7G?tag=hillarypeil-20,FOR HER - HANDBAGS,Amazon Creators API returned no product record after retry
B0BYS9GM9K,https://www.amazon.com/dp/B0BYS9GM9K?tag=hillarypeil-20,SOFAS. ACCENT CHAIRS. OTTOMANS.,Amazon Creators API returned no product record after retry
B0BYZ7YZ2S,https://www.amazon.com/dp/B0BYZ7YZ2S?tag=hillarypeil-20,April Amazon Live | OVER 40 & Fabulous HILLARY'S Capsule WARDROBE - Effortless & Chic | RESORT WEAR FASHION,Amazon Creators API returned no product record after retry
B0BZ3ZYDKV,https://www.amazon.com/dp/B0BZ3ZYDKV?tag=hillarypeil-20,TABLETOP MUST-HAVES,Amazon Creators API returned no product record after retry
B0BZ4C5K57,https://www.amazon.com/dp/B0BZ4C5K57?tag=hillarypeil-20,BEST SELLERS,Amazon Creators API returned no product record after retry
B0BZ4Y3HPV,https://www.amazon.com/dp/B0BZ4Y3HPV?tag=hillarypeil-20,HOME DECOR,Amazon Creators API returned no product record after retry
B0BZ8L9NZG,https://www.amazon.com/dp/B0BZ8L9NZG?tag=hillarypeil-20,TOP NOVEMBER DEALS,Amazon Creators API returned no product record after retry
B0BZBZ4DRN,https://www.amazon.com/dp/B0BZBZ4DRN?tag=hillarypeil-20,BATHROOM Organization | GADGETS I CANNOT live WITHOUT,Amazon Creators API returned no product record after retry
B0BZGZC6RH,https://www.amazon.com/dp/B0BZGZC6RH?tag=hillarypeil-20,COFFEE TABLES. SIDE TABLES. ACCENT TABLES | Hillary's NEWEST Finds,Amazon Creators API returned no product record after retry
B0BZHYBQFR,https://www.amazon.com/dp/B0BZHYBQFR?tag=hillarypeil-20,BEDDING. PILLOWS. THROWS. TOWELS.,Amazon Creators API returned no product record after retry
B0BZJ36G44,https://www.amazon.com/dp/B0BZJ36G44?tag=hillarypeil-20,HOLIDAY ON SALE,Amazon Creators API returned no product record after retry
B0BZVG6KNS,https://www.amazon.com/dp/B0BZVG6KNS?tag=hillarypeil-20,PILATES PRINCESS,Amazon Creators API returned no product record after retry
B0BZW722H6,https://www.amazon.com/dp/B0BZW722H6?tag=hillarypeil-20,CHIC WITHOUT THE SPLURGE TRAVEL | JUNE TOP PICKS,Amazon Creators API returned no product record after retry
B0C13VR85D,https://www.amazon.com/dp/B0C13VR85D?tag=hillarypeil-20,FEBRUARY Best Sellers,Amazon Creators API returned no product record after retry
B0C1BT2GXS,https://www.amazon.com/dp/B0C1BT2GXS?tag=hillarypeil-20,BRIDE- Spoil Her for the Big Day!,Amazon Creators API returned no product record after retry
B0C1G22L7H,https://www.amazon.com/dp/B0C1G22L7H?tag=hillarypeil-20,JUST IN...My Newest OBSESSIONS,Amazon Creators API returned no product record after retry
B0C1YFYBPT,https://www.amazon.com/dp/B0C1YFYBPT?tag=hillarypeil-20,BEST SELLERS,Amazon Creators API returned no product record after retry
B0C1YH99BZ,https://www.amazon.com/dp/B0C1YH99BZ?tag=hillarypeil-20,JUST IN...My Newest OBSESSIONS,Amazon Creators API returned no product record after retry
B0C1Z7Q85V,https://www.amazon.com/dp/B0C1Z7Q85V?tag=hillarypeil-20,DECEMBER Best Sellers,Amazon Creators API returned no product record after retry
B0C1ZQZKNG,https://www.amazon.com/dp/B0C1ZQZKNG?tag=hillarypeil-20,MARCH Best Sellers,Amazon Creators API returned no product record after retry
B0C23YY29P,https://www.amazon.com/dp/B0C23YY29P?tag=hillarypeil-20,LAST MINUTE GIFTS,Amazon Creators API returned no product record after retry
B0C27HT2BC,https://www.amazon.com/dp/B0C27HT2BC?tag=hillarypeil-20,FRIDGE Organization | GADGETS I CANNOT live WITHOUT | HEALTHY Living | HOME & BATH Essentials,Amazon Creators API returned no product record after retry
B0C27JYSJP,https://www.amazon.com/dp/B0C27JYSJP?tag=hillarypeil-20,CARTS DON'T LIE — These were May's biggest hits. | MORE NEW FINDS,Amazon Creators API returned no product record after retry
B0C2CC3KD8,https://www.amazon.com/dp/B0C2CC3KD8?tag=hillarypeil-20,HOME DECOR,Amazon Creators API returned no product record after retry
B0C2N946GR,https://www.amazon.com/dp/B0C2N946GR?tag=hillarypeil-20,GIFTS UNDER $25 | PILATES PRINCESS,Amazon Creators API returned no product record after retry
B0C2PWFZZG,https://www.amazon.com/dp/B0C2PWFZZG?tag=hillarypeil-20,GIFTS UNDER $50 | LAST MINUTE GIFTS,Amazon Creators API returned no product record after retry
B0C2T3BX75,https://www.amazon.com/dp/B0C2T3BX75?tag=hillarypeil-20,APRIL Best Sellers | AUGUST TOP PICKS,Amazon Creators API returned no product record after retry
B0C2W5254K,https://www.amazon.com/dp/B0C2W5254K?tag=hillarypeil-20,DECEMBER Best Sellers | LAST MINUTE GIFTS | My Curated Gift Guide,Amazon Creators API returned no product record after retry
B0C2WRR15M,https://www.amazon.com/dp/B0C2WRR15M?tag=hillarypeil-20,MARCH Best Sellers,Amazon Creators API returned no product record after retry
B0C2XVH6RF,https://www.amazon.com/dp/B0C2XVH6RF?tag=hillarypeil-20,FASHION,Amazon Creators API returned no product record after retry
B0C32S2CY2,https://www.amazon.com/dp/B0C32S2CY2?tag=hillarypeil-20,ENTERTAINING Essentials,Amazon Creators API returned no product record after retry
B0C36SCGCY,https://www.amazon.com/dp/B0C36SCGCY?tag=hillarypeil-20,Spring Obsessed,Amazon Creators API returned no product record after retry
B0C3CBMXZK,https://www.amazon.com/dp/B0C3CBMXZK?tag=hillarypeil-20,TOP SEPTEMBER DEALS,Amazon Creators API returned no product record after retry
B0C3GDBKSN,https://www.amazon.com/dp/B0C3GDBKSN?tag=hillarypeil-20,EARLY Fall | JULY TOP PICKS,Amazon Creators API returned no product record after retry
B0C3M66RF4,https://www.amazon.com/dp/B0C3M66RF4?tag=hillarypeil-20,LAST MINUTE GIFTS,Amazon Creators API returned no product record after retry
B0C3Q647F2,https://www.amazon.com/dp/B0C3Q647F2?tag=hillarypeil-20,DINING ROOM,Amazon Creators API returned no product record after retry
B0C3VQWYHQ,https://www.amazon.com/dp/B0C3VQWYHQ?tag=hillarypeil-20,SOFAS. ACCENT CHAIRS. OTTOMANS.,Amazon Creators API returned no product record after retry
B0C458SD6Q,https://www.amazon.com/dp/B0C458SD6Q?tag=hillarypeil-20,LUXURY GIFTS,Amazon Creators API returned no product record after retry
B0C46VTVXY,https://www.amazon.com/dp/B0C46VTVXY?tag=hillarypeil-20,ENTERTAINING Essentials | For the Hostess - GIFT GUIDE | MUST-HAVE HOSTING | TABLETOP MUST-HAVES,Amazon Creators API returned no product record after retry
B0C487BM6F,https://www.amazon.com/dp/B0C487BM6F?tag=hillarypeil-20,Spring Obsessed | VASES. TRAYS. BOXES.,Amazon Creators API returned no product record after retry
B0C49GPJ8Q,https://www.amazon.com/dp/B0C49GPJ8Q?tag=hillarypeil-20,DECEMBER Best Sellers,Amazon Creators API returned no product record after retry
B0C4H6S6B9,https://www.amazon.com/dp/B0C4H6S6B9?tag=hillarypeil-20,BARCART | SUMMER HOSTING,Amazon Creators API returned no product record after retry
B0C4N5HSG7,https://www.amazon.com/dp/B0C4N5HSG7?tag=hillarypeil-20,BATHROOM Organization,Amazon Creators API returned no product record after retry
B0C4T6WMG9,https://www.amazon.com/dp/B0C4T6WMG9?tag=hillarypeil-20,RH STYLE - Looks like a SPLURGE | SOFAS. ACCENT CHAIRS. OTTOMANS.,Amazon Creators API returned no product record after retry
B0C4TCLWZN,https://www.amazon.com/dp/B0C4TCLWZN?tag=hillarypeil-20,WINTER FASHION,Amazon Creators API returned no product record after retry
B0C55G2B8B,https://www.amazon.com/dp/B0C55G2B8B?tag=hillarypeil-20,JUST IN - Organizing & Home,Amazon Creators API returned no product record after retry
B0C5C33WVQ,https://www.amazon.com/dp/B0C5C33WVQ?tag=hillarypeil-20,GADGETS I CANNOT live WITHOUT | JANUARY Best Sellers,Amazon Creators API returned no product record after retry
B0C5C7TVX1,https://www.amazon.com/dp/B0C5C7TVX1?tag=hillarypeil-20,DECEMBER Best Sellers,Amazon Creators API returned no product record after retry
B0C5HXCYTM,https://www.amazon.com/dp/B0C5HXCYTM?tag=hillarypeil-20,MY HOLIDAY Home | QUIET LUXURY/OLD MONEY,Amazon Creators API returned no product record after retry
B0C5R9LXDQ,https://www.amazon.com/dp/B0C5R9LXDQ?tag=hillarypeil-20,$50 WINTER FASHION,Amazon Creators API returned no product record after retry
B0C5RC475Q,https://www.amazon.com/dp/B0C5RC475Q?tag=hillarypeil-20,JANUARY Best Sellers,Amazon Creators API returned no product record after retry
B0C5SSX464,https://www.amazon.com/dp/B0C5SSX464?tag=hillarypeil-20,Our REMODEL HOME | Subtle Luxury Home,Amazon Creators API returned no product record after retry
B0C6CYW3ZK,https://www.amazon.com/dp/B0C6CYW3ZK?tag=hillarypeil-20,LUXURY GIFTS,Amazon Creators API returned no product record after retry
B0C6F4615T,https://www.amazon.com/dp/B0C6F4615T?tag=hillarypeil-20,NIGHTSTAND Essentials,Amazon Creators API returned no product record after retry
B0C6LG5KQQ,https://www.amazon.com/dp/B0C6LG5KQQ?tag=hillarypeil-20,TOP OCTOBER DEALS | WINTER FASHION,Amazon Creators API returned no product record after retry
B0C6LYTPMB,https://www.amazon.com/dp/B0C6LYTPMB?tag=hillarypeil-20,QUIET LUXURY/OLD MONEY | WALL DECOR - MIRRORS. ART. FRAMES.,Amazon Creators API returned no product record after retry
B0C6M39YQ2,https://www.amazon.com/dp/B0C6M39YQ2?tag=hillarypeil-20,JANUARY Best Sellers,Amazon Creators API returned no product record after retry
B0C6MLZKFF,https://www.amazon.com/dp/B0C6MLZKFF?tag=hillarypeil-20,FEBRUARY Best Sellers,Amazon Creators API returned no product record after retry
B0C6XRJRVX,https://www.amazon.com/dp/B0C6XRJRVX?tag=hillarypeil-20,WINTER FASHION,Amazon Creators API returned no product record after retry
B0C6XTNBRN,https://www.amazon.com/dp/B0C6XTNBRN?tag=hillarypeil-20,WINTER FASHION,Amazon Creators API returned no product record after retry
B0C6Y443KT,https://www.amazon.com/dp/B0C6Y443KT?tag=hillarypeil-20,AUGUST TOP PICKS | TOP OCTOBER DEALS,Amazon Creators API returned no product record after retry
B0C7B9TLWY,https://www.amazon.com/dp/B0C7B9TLWY?tag=hillarypeil-20,BEST SELLERS | DECEMBER Best Sellers | TOP OCTOBER DEALS,Amazon Creators API returned no product record after retry
B0C7BQJLM2,https://www.amazon.com/dp/B0C7BQJLM2?tag=hillarypeil-20,JANUARY Best Sellers,Amazon Creators API returned no product record after retry
B0C7GJDJ9Q,https://www.amazon.com/dp/B0C7GJDJ9Q?tag=hillarypeil-20,HOME DECOR,Amazon Creators API returned no product record after retry
B0C7GQMD1P,https://www.amazon.com/dp/B0C7GQMD1P?tag=hillarypeil-20,TOP OCTOBER DEALS,Amazon Creators API returned no product record after retry
B0C7GRQ9QF,https://www.amazon.com/dp/B0C7GRQ9QF?tag=hillarypeil-20,WINTER FASHION,Amazon Creators API returned no product record after retry
B0C7L3LFYH,https://www.amazon.com/dp/B0C7L3LFYH?tag=hillarypeil-20,DECEMBER Best Sellers | LAST MINUTE GIFTS,Amazon Creators API returned no product record after retry
B0C7TW5SX7,https://www.amazon.com/dp/B0C7TW5SX7?tag=hillarypeil-20,WORK WEAR,Amazon Creators API returned no product record after retry
B0C7VL7BLV,https://www.amazon.com/dp/B0C7VL7BLV?tag=hillarypeil-20,January Best Sellers 2,Amazon Creators API returned no product record after retry
B0C7Z5VV7K,https://www.amazon.com/dp/B0C7Z5VV7K?tag=hillarypeil-20,GIFTS UNDER $50 | TOP NOVEMBER DEALS,Amazon Creators API returned no product record after retry
B0C885VFT8,https://www.amazon.com/dp/B0C885VFT8?tag=hillarypeil-20,LUXE Gifting,Amazon Creators API returned no product record after retry
B0C8T1SVXP,https://www.amazon.com/dp/B0C8T1SVXP?tag=hillarypeil-20,SPORT MOM Style,Amazon Creators API returned no product record after retry
B0C8TPMQQT,https://www.amazon.com/dp/B0C8TPMQQT?tag=hillarypeil-20,HOME DECOR,Amazon Creators API returned no product record after retry
B0C92Z5V5R,https://www.amazon.com/dp/B0C92Z5V5R?tag=hillarypeil-20,COFFEE BAR Essentials | LUXE Gifting | MEMORIAL DAY SALE FOLLOWER FAVORITES,Amazon Creators API returned no product record after retry
B0C966W273,https://www.amazon.com/dp/B0C966W273?tag=hillarypeil-20,RESORT WEAR FASHION,Amazon Creators API returned no product record after retry
B0C9DKD79H,https://www.amazon.com/dp/B0C9DKD79H?tag=hillarypeil-20,Spring Obsessed,Amazon Creators API returned no product record after retry
B0C9M3ZYBK,https://www.amazon.com/dp/B0C9M3ZYBK?tag=hillarypeil-20,COFFEE TABLE BOOKS,Amazon Creators API returned no product record after retry
B0C9PRL9ZF,https://www.amazon.com/dp/B0C9PRL9ZF?tag=hillarypeil-20,TOP OCTOBER DEALS | WINTER FASHION,Amazon Creators API returned no product record after retry
B0C9TF2JJG,https://www.amazon.com/dp/B0C9TF2JJG?tag=hillarypeil-20,VIRAL Holiday Finds,Amazon Creators API returned no product record after retry
B0C9ZH2J2Y,https://www.amazon.com/dp/B0C9ZH2J2Y?tag=hillarypeil-20,BATHROOM Organization,Amazon Creators API returned no product record after retry
B0CB1512BQ,https://www.amazon.com/dp/B0CB1512BQ?tag=hillarypeil-20,LUXE Holiday Home,Amazon Creators API returned no product record after retry
B0CB437CB5,https://www.amazon.com/dp/B0CB437CB5?tag=hillarypeil-20,JUNE TOP PICKS | JUST IN...My Newest OBSESSIONS | MEMORIAL DAY SALE FOLLOWER FAVORITES | The Hillary Style Holiday,Amazon Creators API returned no product record after retry
B0CB4LPCJ5,https://www.amazon.com/dp/B0CB4LPCJ5?tag=hillarypeil-20,HOLIDAY EVENING Looks,Amazon Creators API returned no product record after retry
B0CB5J2XCS,https://www.amazon.com/dp/B0CB5J2XCS?tag=hillarypeil-20,FASHION,Amazon Creators API returned no product record after retry
B0CB73S5CJ,https://www.amazon.com/dp/B0CB73S5CJ?tag=hillarypeil-20,RUGS,Amazon Creators API returned no product record after retry
B0CB73YWWN,https://www.amazon.com/dp/B0CB73YWWN?tag=hillarypeil-20,COFFEE TABLES. SIDE TABLES. ACCENT TABLES,Amazon Creators API returned no product record after retry
B0CB85BZFM,https://www.amazon.com/dp/B0CB85BZFM?tag=hillarypeil-20,MARCH Best Sellers | SKIMS LIKE BASICS,Amazon Creators API returned no product record after retry
B0CB8MPZ6N,https://www.amazon.com/dp/B0CB8MPZ6N?tag=hillarypeil-20,HOLIDAY THEMES 2025,Amazon Creators API returned no product record after retry
B0CBGYW5DD,https://www.amazon.com/dp/B0CBGYW5DD?tag=hillarypeil-20,COFFEE BAR Essentials | ELEVATED KITCHEN Must-Haves | HOME & BATH Essentials,Amazon Creators API returned no product record after retry
B0CBKWT5KM,https://www.amazon.com/dp/B0CBKWT5KM?tag=hillarypeil-20,COFFEE TABLES. SIDE TABLES. ACCENT TABLES,Amazon Creators API returned no product record after retry
B0CBM5QY1T,https://www.amazon.com/dp/B0CBM5QY1T?tag=hillarypeil-20,CLOSET Organizing,Amazon Creators API returned no product record after retry
B0CBMTHC21,https://www.amazon.com/dp/B0CBMTHC21?tag=hillarypeil-20,TOP OCTOBER DEALS,Amazon Creators API returned no product record after retry
B0CBNZQSYT,https://www.amazon.com/dp/B0CBNZQSYT?tag=hillarypeil-20,WINTER FASHION,Amazon Creators API returned no product record after retry
B0CBPMDGSV,https://www.amazon.com/dp/B0CBPMDGSV?tag=hillarypeil-20,$50 WINTER FASHION,Amazon Creators API returned no product record after retry
B0CBQZS668,https://www.amazon.com/dp/B0CBQZS668?tag=hillarypeil-20,APRIL Best Sellers | JUST IN...My Newest OBSESSIONS | Your Currently MOST-LOVED,Amazon Creators API returned no product record after retry
B0CBTVNMF9,https://www.amazon.com/dp/B0CBTVNMF9?tag=hillarypeil-20,CARTS DON'T LIE — These were May's biggest hits. | FRIDGE Organization | HOME & BATH Essentials | MEMORIAL DAY SALE FOLLOWER FAVORITES,Amazon Creators API returned no product record after retry
B0CC1RKWBC,https://www.amazon.com/dp/B0CC1RKWBC?tag=hillarypeil-20,HOLIDAY ESSENTIALS | HOLIDAY THEMES 2025 | JUST IN...My Newest OBSESSIONS | MY Holiday Styling List,Amazon Creators API returned no product record after retry
B0CC24HCBB,https://www.amazon.com/dp/B0CC24HCBB?tag=hillarypeil-20,BEDDING. PILLOWS. THROWS. TOWELS.,Amazon Creators API returned no product record after retry
B0CC2QC5MD,https://www.amazon.com/dp/B0CC2QC5MD?tag=hillarypeil-20,MARCH Best Sellers,Amazon Creators API returned no product record after retry
B0CC8YJHYZ,https://www.amazon.com/dp/B0CC8YJHYZ?tag=hillarypeil-20,FOR HER - HANDBAGS,Amazon Creators API returned no product record after retry
B0CC8Z2WSL,https://www.amazon.com/dp/B0CC8Z2WSL?tag=hillarypeil-20,JANUARY Best Sellers,Amazon Creators API returned no product record after retry
B0CC927QWT,https://www.amazon.com/dp/B0CC927QWT?tag=hillarypeil-20,WINTER FASHION,Amazon Creators API returned no product record after retry
B0CC96L88V,https://www.amazon.com/dp/B0CC96L88V?tag=hillarypeil-20,WINTER FASHION,Amazon Creators API returned no product record after retry
B0CC9B663G,https://www.amazon.com/dp/B0CC9B663G?tag=hillarypeil-20,RESORT WEAR FASHION,Amazon Creators API returned no product record after retry
B0CCJ5BL7G,https://www.amazon.com/dp/B0CCJ5BL7G?tag=hillarypeil-20,WINTER FASHION,Amazon Creators API returned no product record after retry
B0CCJDT2SP,https://www.amazon.com/dp/B0CCJDT2SP?tag=hillarypeil-20,BEST SELLERS | FEBRUARY Best Sellers | SPORT MOM Style | TOP SEPTEMBER DEALS | The STYLE EDIT - HOTTEST finds RIGHT NOW!,Amazon Creators API returned no product record after retry
B0CCJDTQFT,https://www.amazon.com/dp/B0CCJDTQFT?tag=hillarypeil-20,FEBRUARY Best Sellers | JANUARY Best Sellers | WINTER FASHION,Amazon Creators API returned no product record after retry
B0CCJF2N2B,https://www.amazon.com/dp/B0CCJF2N2B?tag=hillarypeil-20,TOP OCTOBER DEALS,Amazon Creators API returned no product record after retry
B0CCLH17HC,https://www.amazon.com/dp/B0CCLH17HC?tag=hillarypeil-20,TOP SEPTEMBER DEALS,Amazon Creators API returned no product record after retry
B0CCMH31GT,https://www.amazon.com/dp/B0CCMH31GT?tag=hillarypeil-20,In MY Travel Bag | RESORT WEAR FASHION,Amazon Creators API returned no product record after retry
B0CCR6DQ4W,https://www.amazon.com/dp/B0CCR6DQ4W?tag=hillarypeil-20,PILLOWS & THROWS,Amazon Creators API returned no product record after retry
B0CCRBRXCL,https://www.amazon.com/dp/B0CCRBRXCL?tag=hillarypeil-20,TRAVEL,Amazon Creators API returned no product record after retry
B0CCS7V6WN,https://www.amazon.com/dp/B0CCS7V6WN?tag=hillarypeil-20,BEST SELLERS,Amazon Creators API returned no product record after retry
B0CCTTFT3B,https://www.amazon.com/dp/B0CCTTFT3B?tag=hillarypeil-20,HOLIDAY COLOR CRUSHES 2025,Amazon Creators API returned no product record after retry
B0CCXHMBZC,https://www.amazon.com/dp/B0CCXHMBZC?tag=hillarypeil-20,FASHION,Amazon Creators API returned no product record after retry
B0CCYWKBG1,https://www.amazon.com/dp/B0CCYWKBG1?tag=hillarypeil-20,CABINETS. SIDEBOARDS. BUFFETS. CONSOLES.,Amazon Creators API returned no product record after retry
B0CCYY8R68,https://www.amazon.com/dp/B0CCYY8R68?tag=hillarypeil-20,CABINETS. SIDEBOARDS. BUFFETS. CONSOLES.,Amazon Creators API returned no product record after retry
B0CD1ZKK1Z,https://www.amazon.com/dp/B0CD1ZKK1Z?tag=hillarypeil-20,APRIL Best Sellers | April Amazon Live,Amazon Creators API returned no product record after retry
B0CD6X9VH2,https://www.amazon.com/dp/B0CD6X9VH2?tag=hillarypeil-20,RESORT WEAR FASHION,Amazon Creators API returned no product record after retry
B0CD7R749J,https://www.amazon.com/dp/B0CD7R749J?tag=hillarypeil-20,$50 WINTER FASHION | JUST IN...My Newest OBSESSIONS | MEMORIAL DAY SALE FOLLOWER FAVORITES,Amazon Creators API returned no product record after retry
B0CD7RMX91,https://www.amazon.com/dp/B0CD7RMX91?tag=hillarypeil-20,Spring Obsessed,Amazon Creators API returned no product record after retry
B0CD7Z4NMQ,https://www.amazon.com/dp/B0CD7Z4NMQ?tag=hillarypeil-20,UNDER $50 FALL Capsule,Amazon Creators API returned no product record after retry
B0CDC3BG1X,https://www.amazon.com/dp/B0CDC3BG1X?tag=hillarypeil-20,FEBRUARY Best Sellers,Amazon Creators API returned no product record after retry
B0CDRWYWBJ,https://www.amazon.com/dp/B0CDRWYWBJ?tag=hillarypeil-20,$50 WINTER FASHION,Amazon Creators API returned no product record after retry
B0CDXFYZZL,https://www.amazon.com/dp/B0CDXFYZZL?tag=hillarypeil-20,JUST IN...My Newest OBSESSIONS,Amazon Creators API returned no product record after retry
B0CF42RDCK,https://www.amazon.com/dp/B0CF42RDCK?tag=hillarypeil-20,SPORT MOM Style | TOP OCTOBER DEALS,Amazon Creators API returned no product record after retry
B0CF4CPYXY,https://www.amazon.com/dp/B0CF4CPYXY?tag=hillarypeil-20,TOP OCTOBER DEALS,Amazon Creators API returned no product record after retry
B0CF4NM2YN,https://www.amazon.com/dp/B0CF4NM2YN?tag=hillarypeil-20,CHIC 2-PIECE SETS,Amazon Creators API returned no product record after retry
B0CG14R2B2,https://www.amazon.com/dp/B0CG14R2B2?tag=hillarypeil-20,$50 WINTER FASHION | JULY TOP PICKS,Amazon Creators API returned no product record after retry
B0CG38DCDH,https://www.amazon.com/dp/B0CG38DCDH?tag=hillarypeil-20,TABLETOP MUST-HAVES,Amazon Creators API returned no product record after retry
B0CG5QWN47,https://www.amazon.com/dp/B0CG5QWN47?tag=hillarypeil-20,Hillary's NEWEST Finds,Amazon Creators API returned no product record after retry
B0CG666FHX,https://www.amazon.com/dp/B0CG666FHX?tag=hillarypeil-20,Hillary's NEWEST Finds,Amazon Creators API returned no product record after retry
B0CG6NZTRP,https://www.amazon.com/dp/B0CG6NZTRP?tag=hillarypeil-20,AUGUST TOP PICKS,Amazon Creators API returned no product record after retry
B0CG8M4V6N,https://www.amazon.com/dp/B0CG8M4V6N?tag=hillarypeil-20,$50 WINTER FASHION,Amazon Creators API returned no product record after retry
B0CGHPWZHT,https://www.amazon.com/dp/B0CGHPWZHT?tag=hillarypeil-20,PILATES PRINCESS,Amazon Creators API returned no product record after retry
B0CGM9XBSB,https://www.amazon.com/dp/B0CGM9XBSB?tag=hillarypeil-20,NEW HOME FINDS,Amazon Creators API returned no product record after retry
B0CGV8WG19,https://www.amazon.com/dp/B0CGV8WG19?tag=hillarypeil-20,GIFTS UNDER $25,Amazon Creators API returned no product record after retry
B0CGX538DK,https://www.amazon.com/dp/B0CGX538DK?tag=hillarypeil-20,DECEMBER Best Sellers | JANUARY Best Sellers | LAST MINUTE GIFTS,Amazon Creators API returned no product record after retry
B0CGZQ6WVB,https://www.amazon.com/dp/B0CGZQ6WVB?tag=hillarypeil-20,VIRAL Holiday Finds,Amazon Creators API returned no product record after retry
B0CGZYMKN8,https://www.amazon.com/dp/B0CGZYMKN8?tag=hillarypeil-20,DESIGNER INSPIRED,Amazon Creators API returned no product record after retry
B0CH3G2R83,https://www.amazon.com/dp/B0CH3G2R83?tag=hillarypeil-20,Your Currently MOST-LOVED,Amazon Creators API returned no product record after retry
B0CH8HQLZ7,https://www.amazon.com/dp/B0CH8HQLZ7?tag=hillarypeil-20,EARNED A SPOT FOR LIFE!,Amazon Creators API returned no product record after retry
B0CH9SDHHX,https://www.amazon.com/dp/B0CH9SDHHX?tag=hillarypeil-20,SPORT MOM Style,Amazon Creators API returned no product record after retry
B0CH9WGF1V,https://www.amazon.com/dp/B0CH9WGF1V?tag=hillarypeil-20,BATHROOM Essentials,Amazon Creators API returned no product record after retry
B0CHK81K9B,https://www.amazon.com/dp/B0CHK81K9B?tag=hillarypeil-20,TOP 100+ PRIME DEALS,Amazon Creators API returned no product record after retry
B0CHVSB347,https://www.amazon.com/dp/B0CHVSB347?tag=hillarypeil-20,LUXE JEWELRY & ACCESSORIES | WINTER FASHION,Amazon Creators API returned no product record after retry
B0CHW33XQG,https://www.amazon.com/dp/B0CHW33XQG?tag=hillarypeil-20,MARCH Best Sellers,Amazon Creators API returned no product record after retry
B0CHYK789F,https://www.amazon.com/dp/B0CHYK789F?tag=hillarypeil-20,FASHION,Amazon Creators API returned no product record after retry
B0CHYLWYFD,https://www.amazon.com/dp/B0CHYLWYFD?tag=hillarypeil-20,BRIDE- Spoil Her for the Big Day!,Amazon Creators API returned no product record after retry
B0CJ6QSSG8,https://www.amazon.com/dp/B0CJ6QSSG8?tag=hillarypeil-20,FEBRUARY Best Sellers,Amazon Creators API returned no product record after retry
B0CJHZL2LQ,https://www.amazon.com/dp/B0CJHZL2LQ?tag=hillarypeil-20,JULY TOP PICKS,Amazon Creators API returned no product record after retry
B0CJJFFKSG,https://www.amazon.com/dp/B0CJJFFKSG?tag=hillarypeil-20,WINTER FASHION,Amazon Creators API returned no product record after retry
B0CJLNML81,https://www.amazon.com/dp/B0CJLNML81?tag=hillarypeil-20,ELEVATED HOLIDAY FASHION,Amazon Creators API returned no product record after retry
B0CJMCLWZ3,https://www.amazon.com/dp/B0CJMCLWZ3?tag=hillarypeil-20,The STYLE EDIT - HOTTEST finds RIGHT NOW!,Amazon Creators API returned no product record after retry
B0CJR4YYBP,https://www.amazon.com/dp/B0CJR4YYBP?tag=hillarypeil-20,48 Yr Old Mom of 5 - What I am OBSESSED over! | APRIL Best Sellers | DESIGNER INSPIRED | JUST IN...My Newest OBSESSIONS | LAST MINUTE GIFTS | LUXE JEWELRY & ACCESSORIES | LUXURY GIFTS,Amazon Creators API returned no product record after retry
B0CJR8DFN3,https://www.amazon.com/dp/B0CJR8DFN3?tag=hillarypeil-20,DECEMBER Best Sellers | LAST MINUTE GIFTS,Amazon Creators API returned no product record after retry
B0CJRH9SL1,https://www.amazon.com/dp/B0CJRH9SL1?tag=hillarypeil-20,TOP SEPTEMBER DEALS,Amazon Creators API returned no product record after retry
B0CJTHR87G,https://www.amazon.com/dp/B0CJTHR87G?tag=hillarypeil-20,BEAUTY MUST-HAVES,Amazon Creators API returned no product record after retry
B0CJV1BW72,https://www.amazon.com/dp/B0CJV1BW72?tag=hillarypeil-20,CAR ORGANIZATION,Amazon Creators API returned no product record after retry
B0CJY88225,https://www.amazon.com/dp/B0CJY88225?tag=hillarypeil-20,PILATES PRINCESS,Amazon Creators API returned no product record after retry
B0CJYNXQ9N,https://www.amazon.com/dp/B0CJYNXQ9N?tag=hillarypeil-20,LAST MINUTE GIFTS | PILATES PRINCESS | TWEEN & TEEN - GIFT GUIDE,Amazon Creators API returned no product record after retry
B0CK583LCR,https://www.amazon.com/dp/B0CK583LCR?tag=hillarypeil-20,JUST IN...My Newest OBSESSIONS,Amazon Creators API returned no product record after retry
B0CKBYP86C,https://www.amazon.com/dp/B0CKBYP86C?tag=hillarypeil-20,AMAZING NEW Home Finds,Amazon Creators API returned no product record after retry
B0CKQSYN5N,https://www.amazon.com/dp/B0CKQSYN5N?tag=hillarypeil-20,DATE NIGHT FASHION,Amazon Creators API returned no product record after retry
B0CKSRDVM8,https://www.amazon.com/dp/B0CKSRDVM8?tag=hillarypeil-20,QUIET LUXURY/OLD MONEY,Amazon Creators API returned no product record after retry
B0CKVH7BW5,https://www.amazon.com/dp/B0CKVH7BW5?tag=hillarypeil-20,FEBRUARY Best Sellers,Amazon Creators API returned no product record after retry
B0CKVJCDK8,https://www.amazon.com/dp/B0CKVJCDK8?tag=hillarypeil-20,$50 WINTER FASHION,Amazon Creators API returned no product record after retry
B0CKWZ2CFD,https://www.amazon.com/dp/B0CKWZ2CFD?tag=hillarypeil-20,2025 TOP SELLERS | In MY Travel Bag,Amazon Creators API returned no product record after retry
B0CKX8WB9L,https://www.amazon.com/dp/B0CKX8WB9L?tag=hillarypeil-20,The FALL EDIT,Amazon Creators API returned no product record after retry
B0CKYJ5D5R,https://www.amazon.com/dp/B0CKYJ5D5R?tag=hillarypeil-20,$50 WINTER FASHION,Amazon Creators API returned no product record after retry
B0CKYZ88TG,https://www.amazon.com/dp/B0CKYZ88TG?tag=hillarypeil-20,BEST SELLERS,Amazon Creators API returned no product record after retry
B0CL4B5Z5N,https://www.amazon.com/dp/B0CL4B5Z5N?tag=hillarypeil-20,HILLARY'S BEACH Bag Essentials,Amazon Creators API returned no product record after retry
B0CL4FJVY7,https://www.amazon.com/dp/B0CL4FJVY7?tag=hillarypeil-20,WINTER FASHION,Amazon Creators API returned no product record after retry
B0CL4SLSP5,https://www.amazon.com/dp/B0CL4SLSP5?tag=hillarypeil-20,TWEEN & TEEN - GIFT GUIDE,Amazon Creators API returned no product record after retry
B0CL66GVJ5,https://www.amazon.com/dp/B0CL66GVJ5?tag=hillarypeil-20,HOME OFFICE Essentials,Amazon Creators API returned no product record after retry
B0CLG7MXH2,https://www.amazon.com/dp/B0CLG7MXH2?tag=hillarypeil-20,CHIC 2-PIECE SETS,Amazon Creators API returned no product record after retry
B0CLGH6TT1,https://www.amazon.com/dp/B0CLGH6TT1?tag=hillarypeil-20,AUGUST TOP PICKS,Amazon Creators API returned no product record after retry
B0CLNLPDL9,https://www.amazon.com/dp/B0CLNLPDL9?tag=hillarypeil-20,NEW HOME FINDS,Amazon Creators API returned no product record after retry
B0CLNNY2X7,https://www.amazon.com/dp/B0CLNNY2X7?tag=hillarypeil-20,NEW HOME FINDS | QUIET LUXURY/OLD MONEY,Amazon Creators API returned no product record after retry
B0CLNSQGQH,https://www.amazon.com/dp/B0CLNSQGQH?tag=hillarypeil-20,TOP OCTOBER DEALS,Amazon Creators API returned no product record after retry
B0CLPBL26H,https://www.amazon.com/dp/B0CLPBL26H?tag=hillarypeil-20,WORK WEAR,Amazon Creators API returned no product record after retry
B0CLQRYSH6,https://www.amazon.com/dp/B0CLQRYSH6?tag=hillarypeil-20,PILLOWS & THROWS,Amazon Creators API returned no product record after retry
B0CLXBLPK9,https://www.amazon.com/dp/B0CLXBLPK9?tag=hillarypeil-20,LUXURY GIFTS,Amazon Creators API returned no product record after retry
B0CM3V2YG2,https://www.amazon.com/dp/B0CM3V2YG2?tag=hillarypeil-20,ENTERTAINING Essentials | TABLETOP MUST-HAVES,Amazon Creators API returned no product record after retry
B0CM6RNCLW,https://www.amazon.com/dp/B0CM6RNCLW?tag=hillarypeil-20,COFFEE TABLES. SIDE TABLES. ACCENT TABLES,Amazon Creators API returned no product record after retry
B0CM942WMR,https://www.amazon.com/dp/B0CM942WMR?tag=hillarypeil-20,SPORT MOM Style,Amazon Creators API returned no product record after retry
B0CMCDPZKL,https://www.amazon.com/dp/B0CMCDPZKL?tag=hillarypeil-20,HOME DECOR,Amazon Creators API returned no product record after retry
B0CMD62MTC,https://www.amazon.com/dp/B0CMD62MTC?tag=hillarypeil-20,SPORT MOM Style | TOP OCTOBER DEALS,Amazon Creators API returned no product record after retry
B0CMJ7VFH3,https://www.amazon.com/dp/B0CMJ7VFH3?tag=hillarypeil-20,FASHION,Amazon Creators API returned no product record after retry
B0CMT1LBZ1,https://www.amazon.com/dp/B0CMT1LBZ1?tag=hillarypeil-20,CHIC 2-PIECE SETS,Amazon Creators API returned no product record after retry
B0CMZNLBZG,https://www.amazon.com/dp/B0CMZNLBZG?tag=hillarypeil-20,NEW HOME FINDS,Amazon Creators API returned no product record after retry
B0CN138175,https://www.amazon.com/dp/B0CN138175?tag=hillarypeil-20,MARCH Best Sellers,Amazon Creators API returned no product record after retry
B0CN4KM1PT,https://www.amazon.com/dp/B0CN4KM1PT?tag=hillarypeil-20,FEBRUARY Best Sellers,Amazon Creators API returned no product record after retry
B0CN6M6476,https://www.amazon.com/dp/B0CN6M6476?tag=hillarypeil-20,BRIDE- Spoil Her for the Big Day!,Amazon Creators API returned no product record after retry
B0CN94R9VV,https://www.amazon.com/dp/B0CN94R9VV?tag=hillarypeil-20,MARCH Best Sellers,Amazon Creators API returned no product record after retry
B0CNCLNKTQ,https://www.amazon.com/dp/B0CNCLNKTQ?tag=hillarypeil-20,CHIC 2-PIECE SETS,Amazon Creators API returned no product record after retry
B0CNDF48DW,https://www.amazon.com/dp/B0CNDF48DW?tag=hillarypeil-20,AUTUMN Vibes | BEST SELLERS | TOP SEPTEMBER DEALS,Amazon Creators API returned no product record after retry
B0CNGN717H,https://www.amazon.com/dp/B0CNGN717H?tag=hillarypeil-20,MARCH Best Sellers,Amazon Creators API returned no product record after retry
B0CNK7R83R,https://www.amazon.com/dp/B0CNK7R83R?tag=hillarypeil-20,RESORT WEAR FASHION,Amazon Creators API returned no product record after retry
B0CNRLTM5T,https://www.amazon.com/dp/B0CNRLTM5T?tag=hillarypeil-20,BRIDE- Spoil Her for the Big Day!,Amazon Creators API returned no product record after retry
B0CNSJ7JT2,https://www.amazon.com/dp/B0CNSJ7JT2?tag=hillarypeil-20,RESORT WEAR FASHION,Amazon Creators API returned no product record after retry
B0CNVP98TR,https://www.amazon.com/dp/B0CNVP98TR?tag=hillarypeil-20,MARCH Best Sellers,Amazon Creators API returned no product record after retry
B0CNVQ81DV,https://www.amazon.com/dp/B0CNVQ81DV?tag=hillarypeil-20,CHIC 2-PIECE SETS,Amazon Creators API returned no product record after retry
B0CNVQ8PG6,https://www.amazon.com/dp/B0CNVQ8PG6?tag=hillarypeil-20,JULY TOP PICKS,Amazon Creators API returned no product record after retry
B0CNYTZ4ZR,https://www.amazon.com/dp/B0CNYTZ4ZR?tag=hillarypeil-20,JANUARY Best Sellers | WALL DECOR - MIRRORS. ART. FRAMES.,Amazon Creators API returned no product record after retry
B0CP21NFGR,https://www.amazon.com/dp/B0CP21NFGR?tag=hillarypeil-20,DINING ROOM,Amazon Creators API returned no product record after retry
B0CP282Y1S,https://www.amazon.com/dp/B0CP282Y1S?tag=hillarypeil-20,HOLIDAY ESSENTIALS,Amazon Creators API returned no product record after retry
B0CP29D3KC,https://www.amazon.com/dp/B0CP29D3KC?tag=hillarypeil-20,$50 WINTER FASHION,Amazon Creators API returned no product record after retry
B0CP2BG1KB,https://www.amazon.com/dp/B0CP2BG1KB?tag=hillarypeil-20,TOP NOVEMBER DEALS,Amazon Creators API returned no product record after retry
B0CP37SBZD,https://www.amazon.com/dp/B0CP37SBZD?tag=hillarypeil-20,SKIMS LIKE BASICS,Amazon Creators API returned no product record after retry
B0CP3MHWKR,https://www.amazon.com/dp/B0CP3MHWKR?tag=hillarypeil-20,WINTER FASHION,Amazon Creators API returned no product record after retry
B0CP3NX4GJ,https://www.amazon.com/dp/B0CP3NX4GJ?tag=hillarypeil-20,FAUX & DRIED FLORALS | HOME DECOR,Amazon Creators API returned no product record after retry
B0CP413PNH,https://www.amazon.com/dp/B0CP413PNH?tag=hillarypeil-20,AUGUST TOP PICKS,Amazon Creators API returned no product record after retry
B0CP52GD4G,https://www.amazon.com/dp/B0CP52GD4G?tag=hillarypeil-20,FASHION,Amazon Creators API returned no product record after retry
B0CP6XC68P,https://www.amazon.com/dp/B0CP6XC68P?tag=hillarypeil-20,JUNE TOP PICKS | Spring Obsessed | Your Currently MOST-LOVED,Amazon Creators API returned no product record after retry
B0CP8YV7RL,https://www.amazon.com/dp/B0CP8YV7RL?tag=hillarypeil-20,RESORT WEAR FASHION,Amazon Creators API returned no product record after retry
B0CP93QY9V,https://www.amazon.com/dp/B0CP93QY9V?tag=hillarypeil-20,HOLIDAY COLOR CRUSHES 2025,Amazon Creators API returned no product record after retry
B0CP9Y3152,https://www.amazon.com/dp/B0CP9Y3152?tag=hillarypeil-20,SPORT MOM Style,Amazon Creators API returned no product record after retry
B0CP9Z16VD,https://www.amazon.com/dp/B0CP9Z16VD?tag=hillarypeil-20,GIFTS UNDER $25 | LAST MINUTE GIFTS,Amazon Creators API returned no product record after retry
B0CPHYFQXD,https://www.amazon.com/dp/B0CPHYFQXD?tag=hillarypeil-20,FASHION,Amazon Creators API returned no product record after retry
B0CPJ3LP3N,https://www.amazon.com/dp/B0CPJ3LP3N?tag=hillarypeil-20,MORE NEW FINDS,Amazon Creators API returned no product record after retry
B0CPPPQQ9H,https://www.amazon.com/dp/B0CPPPQQ9H?tag=hillarypeil-20,APRIL Best Sellers | TOP 100 HOME PICKS,Amazon Creators API returned no product record after retry
B0CPTW3S97,https://www.amazon.com/dp/B0CPTW3S97?tag=hillarypeil-20,The STYLE EDIT - HOTTEST finds RIGHT NOW!,Amazon Creators API returned no product record after retry
B0CPVS69WB,https://www.amazon.com/dp/B0CPVS69WB?tag=hillarypeil-20,BRIDE- Spoil Her for the Big Day!,Amazon Creators API returned no product record after retry
B0CPXNJSRH,https://www.amazon.com/dp/B0CPXNJSRH?tag=hillarypeil-20,HOLIDAY ESSENTIALS,Amazon Creators API returned no product record after retry
B0CPY5Y4W8,https://www.amazon.com/dp/B0CPY5Y4W8?tag=hillarypeil-20,NEW Arrivals,Amazon Creators API returned no product record after retry
B0CQ5C8FB8,https://www.amazon.com/dp/B0CQ5C8FB8?tag=hillarypeil-20,OVER 40 & Fabulous HILLARY'S Capsule WARDROBE - Effortless & Chic,Amazon Creators API returned no product record after retry
B0CQ84F1PQ,https://www.amazon.com/dp/B0CQ84F1PQ?tag=hillarypeil-20,BATHROOM REMODEL,Amazon Creators API returned no product record after retry
B0CQCHC24S,https://www.amazon.com/dp/B0CQCHC24S?tag=hillarypeil-20,JULY TOP PICKS,Amazon Creators API returned no product record after retry
B0CQFHM133,https://www.amazon.com/dp/B0CQFHM133?tag=hillarypeil-20,RESORT WEAR FASHION,Amazon Creators API returned no product record after retry
B0CQPK1HSQ,https://www.amazon.com/dp/B0CQPK1HSQ?tag=hillarypeil-20,GIFTS UNDER $50 | January Best Sellers 2,Amazon Creators API returned no product record after retry
B0CQQJ6D2B,https://www.amazon.com/dp/B0CQQJ6D2B?tag=hillarypeil-20,BEST SELLERS,Amazon Creators API returned no product record after retry
B0CQRXBYXS,https://www.amazon.com/dp/B0CQRXBYXS?tag=hillarypeil-20,BRIDE- Spoil Her for the Big Day!,Amazon Creators API returned no product record after retry
B0CQT7V5H7,https://www.amazon.com/dp/B0CQT7V5H7?tag=hillarypeil-20,CHIC WITHOUT THE SPLURGE TRAVEL,Amazon Creators API returned no product record after retry
B0CQWX1X3Q,https://www.amazon.com/dp/B0CQWX1X3Q?tag=hillarypeil-20,48 Yr Old Mom of 5 - What I am OBSESSED over! | LUXURY GIFTS | QUIET LUXURY/OLD MONEY | TOP SEPTEMBER DEALS,Amazon Creators API returned no product record after retry
B0CQYR9VW7,https://www.amazon.com/dp/B0CQYR9VW7?tag=hillarypeil-20,CURTAINS,Amazon Creators API returned no product record after retry
B0CQYWRM7S,https://www.amazon.com/dp/B0CQYWRM7S?tag=hillarypeil-20,WORK WEAR,Amazon Creators API returned no product record after retry
B0CR1BYVJF,https://www.amazon.com/dp/B0CR1BYVJF?tag=hillarypeil-20,KITCHEN Essentials,Amazon Creators API returned no product record after retry
B0CR4F53JM,https://www.amazon.com/dp/B0CR4F53JM?tag=hillarypeil-20,LAST MINUTE GIFTS,Amazon Creators API returned no product record after retry
B0CR74V7YR,https://www.amazon.com/dp/B0CR74V7YR?tag=hillarypeil-20,APRIL Best Sellers | HILLARY'S BEACH Bag Essentials,Amazon Creators API returned no product record after retry
B0CR8NWGNT,https://www.amazon.com/dp/B0CR8NWGNT?tag=hillarypeil-20,ELEVATED HOLIDAY FASHION,Amazon Creators API returned no product record after retry
B0CRHXKC7S,https://www.amazon.com/dp/B0CRHXKC7S?tag=hillarypeil-20,The STYLE EDIT - HOTTEST finds RIGHT NOW!,Amazon Creators API returned no product record after retry
B0CRJWWZP3,https://www.amazon.com/dp/B0CRJWWZP3?tag=hillarypeil-20,RUGS,Amazon Creators API returned no product record after retry
B0CRKD7S8M,https://www.amazon.com/dp/B0CRKD7S8M?tag=hillarypeil-20,SPORT MOM Style,Amazon Creators API returned no product record after retry
B0CRNS2W7S,https://www.amazon.com/dp/B0CRNS2W7S?tag=hillarypeil-20,MARCH Best Sellers | RESORT WEAR FASHION,Amazon Creators API returned no product record after retry
B0CS3F1WBJ,https://www.amazon.com/dp/B0CS3F1WBJ?tag=hillarypeil-20,AUGUST TOP PICKS,Amazon Creators API returned no product record after retry
B0CSCN7SRM,https://www.amazon.com/dp/B0CSCN7SRM?tag=hillarypeil-20,JUST IN...My Newest OBSESSIONS,Amazon Creators API returned no product record after retry
B0CSPWPJVK,https://www.amazon.com/dp/B0CSPWPJVK?tag=hillarypeil-20,HALLOWEEN,Amazon Creators API returned no product record after retry
B0CSRHBGJ2,https://www.amazon.com/dp/B0CSRHBGJ2?tag=hillarypeil-20,COFFEE TABLES. SIDE TABLES. ACCENT TABLES,Amazon Creators API returned no product record after retry
B0CSYT7QSW,https://www.amazon.com/dp/B0CSYT7QSW?tag=hillarypeil-20,NEW HOME FINDS,Amazon Creators API returned no product record after retry
B0CT1KLSC5,https://www.amazon.com/dp/B0CT1KLSC5?tag=hillarypeil-20,ENTERTAINING Essentials,Amazon Creators API returned no product record after retry
B0CT2R7199,https://www.amazon.com/dp/B0CT2R7199?tag=hillarypeil-20,TECH ESSENTIALS,Amazon Creators API returned no product record after retry
B0CT3P12J7,https://www.amazon.com/dp/B0CT3P12J7?tag=hillarypeil-20,AFFORDABLE DECOR | For the Hostess - GIFT GUIDE | LAST MINUTE GIFTS | VASES. TRAYS. BOXES.,Amazon Creators API returned no product record after retry
B0CT4HWWM3,https://www.amazon.com/dp/B0CT4HWWM3?tag=hillarypeil-20,DORM ROOM ESSENTIALS,Amazon Creators API returned no product record after retry
B0CT4KY13H,https://www.amazon.com/dp/B0CT4KY13H?tag=hillarypeil-20,WINTER FASHION,Amazon Creators API returned no product record after retry
B0CT6CPRZ7,https://www.amazon.com/dp/B0CT6CPRZ7?tag=hillarypeil-20,SOFAS. ACCENT CHAIRS. OTTOMANS.,Amazon Creators API returned no product record after retry
B0CT83YM9M,https://www.amazon.com/dp/B0CT83YM9M?tag=hillarypeil-20,RESORT WEAR FASHION,Amazon Creators API returned no product record after retry
B0CTDJ2LVB,https://www.amazon.com/dp/B0CTDJ2LVB?tag=hillarypeil-20,APRIL Best Sellers | April Amazon Live,Amazon Creators API returned no product record after retry
B0CTHDSK1L,https://www.amazon.com/dp/B0CTHDSK1L?tag=hillarypeil-20,HOLIDAY COLOR CRUSHES 2025,Amazon Creators API returned no product record after retry
B0CTJJ5P97,https://www.amazon.com/dp/B0CTJJ5P97?tag=hillarypeil-20,JUST IN...My Newest OBSESSIONS,Amazon Creators API returned no product record after retry
B0CV4NS9SS,https://www.amazon.com/dp/B0CV4NS9SS?tag=hillarypeil-20,SOFAS. ACCENT CHAIRS. OTTOMANS.,Amazon Creators API returned no product record after retry
B0CV7P71DX,https://www.amazon.com/dp/B0CV7P71DX?tag=hillarypeil-20,HOME DECOR,Amazon Creators API returned no product record after retry
B0CW1XG6G4,https://www.amazon.com/dp/B0CW1XG6G4?tag=hillarypeil-20,SOFAS. ACCENT CHAIRS. OTTOMANS.,Amazon Creators API returned no product record after retry
B0CW383BQ5,https://www.amazon.com/dp/B0CW383BQ5?tag=hillarypeil-20,HOLIDAY THEMES 2025,Amazon Creators API returned no product record after retry
B0CWTXTGLB,https://www.amazon.com/dp/B0CWTXTGLB?tag=hillarypeil-20,GIFTING | LUXE Gifting,Amazon Creators API returned no product record after retry
B0CWYX5MQ9,https://www.amazon.com/dp/B0CWYX5MQ9?tag=hillarypeil-20,PILATES PRINCESS,Amazon Creators API returned no product record after retry
B0CXDVBKMP,https://www.amazon.com/dp/B0CXDVBKMP?tag=hillarypeil-20,FAUX INDOOR/OUTDOOR | MARCH Best Sellers,Amazon Creators API returned no product record after retry
B0CXDWWPXW,https://www.amazon.com/dp/B0CXDWWPXW?tag=hillarypeil-20,JULY TOP PICKS,Amazon Creators API returned no product record after retry
B0CXGQVN1S,https://www.amazon.com/dp/B0CXGQVN1S?tag=hillarypeil-20,THE Littles - GIFT GUIDE,Amazon Creators API returned no product record after retry
B0CXPTRVVZ,https://www.amazon.com/dp/B0CXPTRVVZ?tag=hillarypeil-20,The STYLE EDIT - HOTTEST finds RIGHT NOW!,Amazon Creators API returned no product record after retry
B0CXWVSW82,https://www.amazon.com/dp/B0CXWVSW82?tag=hillarypeil-20,Spring Obsessed,Amazon Creators API returned no product record after retry
B0CXXRB1MX,https://www.amazon.com/dp/B0CXXRB1MX?tag=hillarypeil-20,Our REMODEL HOME,Amazon Creators API returned no product record after retry
B0CY3RFQCM,https://www.amazon.com/dp/B0CY3RFQCM?tag=hillarypeil-20,NEW HOME FINDS | OUTDOOR Oasis,Amazon Creators API returned no product record after retry
B0CY3S98RK,https://www.amazon.com/dp/B0CY3S98RK?tag=hillarypeil-20,Your Currently MOST-LOVED,Amazon Creators API returned no product record after retry
B0CY43YVNP,https://www.amazon.com/dp/B0CY43YVNP?tag=hillarypeil-20,COFFEE BAR Essentials | KITCHEN Essentials | KITCHEN Organizing,Amazon Creators API returned no product record after retry
B0CY6T8FLR,https://www.amazon.com/dp/B0CY6T8FLR?tag=hillarypeil-20,SPORT MOM Style,Amazon Creators API returned no product record after retry
B0CY8FSBJ9,https://www.amazon.com/dp/B0CY8FSBJ9?tag=hillarypeil-20,FASHION | MEMORIAL DAY SALE FOLLOWER FAVORITES,Amazon Creators API returned no product record after retry
B0CY8GJGRX,https://www.amazon.com/dp/B0CY8GJGRX?tag=hillarypeil-20,CHIC WITHOUT THE SPLURGE TRAVEL | RESORT WEAR FASHION,Amazon Creators API returned no product record after retry
B0CYBLXZSP,https://www.amazon.com/dp/B0CYBLXZSP?tag=hillarypeil-20,JULY TOP PICKS | OVER 40 & Fabulous HILLARY'S Capsule WARDROBE - Effortless & Chic,Amazon Creators API returned no product record after retry
B0CYBRSQMJ,https://www.amazon.com/dp/B0CYBRSQMJ?tag=hillarypeil-20,JANUARY Best Sellers,Amazon Creators API returned no product record after retry
B0CYCDRSGS,https://www.amazon.com/dp/B0CYCDRSGS?tag=hillarypeil-20,MARCH Best Sellers,Amazon Creators API returned no product record after retry
B0CYH1HZJ6,https://www.amazon.com/dp/B0CYH1HZJ6?tag=hillarypeil-20,SKIMS LIKE BASICS,Amazon Creators API returned no product record after retry
B0CYSWDXPD,https://www.amazon.com/dp/B0CYSWDXPD?tag=hillarypeil-20,JUST IN...My Newest OBSESSIONS | UNDER $50 FALL Capsule,Amazon Creators API returned no product record after retry
B0CYSWQNG1,https://www.amazon.com/dp/B0CYSWQNG1?tag=hillarypeil-20,48 Yr Old Mom of 5 - What I am OBSESSED over! | April Amazon Live | BURGUNDY CRUSH | JUST IN...My Newest OBSESSIONS | LUXURY GIFTS | OVER 40 & Fabulous HILLARY'S Capsule WARDROBE - Effortless & Chic,Amazon Creators API returned no product record after retry
B0CYZ9VRM5,https://www.amazon.com/dp/B0CYZ9VRM5?tag=hillarypeil-20,OUTDOOR Oasis,Amazon Creators API returned no product record after retry
B0CZ36F8SX,https://www.amazon.com/dp/B0CZ36F8SX?tag=hillarypeil-20,For the Hostess - GIFT GUIDE,Amazon Creators API returned no product record after retry
B0CZ425G2K,https://www.amazon.com/dp/B0CZ425G2K?tag=hillarypeil-20,In MY Travel Bag | LUXE JEWELRY & ACCESSORIES | OVER 40 & Fabulous HILLARY'S Capsule WARDROBE - Effortless & Chic,Amazon Creators API returned no product record after retry
B0CZ6SJQCN,https://www.amazon.com/dp/B0CZ6SJQCN?tag=hillarypeil-20,NEW Arrivals,Amazon Creators API returned no product record after retry
B0CZDNDH96,https://www.amazon.com/dp/B0CZDNDH96?tag=hillarypeil-20,2025 TOP SELLERS,Amazon Creators API returned no product record after retry
B0D1447BTC,https://www.amazon.com/dp/B0D1447BTC?tag=hillarypeil-20,LUXE JEWELRY & ACCESSORIES,Amazon Creators API returned no product record after retry
B0D17185N6,https://www.amazon.com/dp/B0D17185N6?tag=hillarypeil-20,AFFORDABLE DECOR,Amazon Creators API returned no product record after retry
B0D17RTXDD,https://www.amazon.com/dp/B0D17RTXDD?tag=hillarypeil-20,THE DRESS SHOPPE - From BRUNCH to BLACK TIE,Amazon Creators API returned no product record after retry
B0D1KFD676,https://www.amazon.com/dp/B0D1KFD676?tag=hillarypeil-20,FEBRUARY Best Sellers,Amazon Creators API returned no product record after retry
B0D1KGV9GK,https://www.amazon.com/dp/B0D1KGV9GK?tag=hillarypeil-20,Spring Obsessed,Amazon Creators API returned no product record after retry
B0D1LF1VLB,https://www.amazon.com/dp/B0D1LF1VLB?tag=hillarypeil-20,HEALTHY Living,Amazon Creators API returned no product record after retry
B0D1M5RX8M,https://www.amazon.com/dp/B0D1M5RX8M?tag=hillarypeil-20,FASHION,Amazon Creators API returned no product record after retry
B0D1QQXH6V,https://www.amazon.com/dp/B0D1QQXH6V?tag=hillarypeil-20,January Best Sellers 2 | TECH ESSENTIALS,Amazon Creators API returned no product record after retry
B0D1X1QRXY,https://www.amazon.com/dp/B0D1X1QRXY?tag=hillarypeil-20,FASHION,Amazon Creators API returned no product record after retry
B0D22B3MVZ,https://www.amazon.com/dp/B0D22B3MVZ?tag=hillarypeil-20,APRIL Best Sellers | April Amazon Live | ENTERTAINING Essentials,Amazon Creators API returned no product record after retry
B0D22QMK4J,https://www.amazon.com/dp/B0D22QMK4J?tag=hillarypeil-20,APRIL Best Sellers | April Amazon Live,Amazon Creators API returned no product record after retry
B0D2D4JQHF,https://www.amazon.com/dp/B0D2D4JQHF?tag=hillarypeil-20,WINTER FASHION,Amazon Creators API returned no product record after retry
B0D2JG64SD,https://www.amazon.com/dp/B0D2JG64SD?tag=hillarypeil-20,OVER 40 & Fabulous HILLARY'S Capsule WARDROBE - Effortless & Chic,Amazon Creators API returned no product record after retry
B0D2M9L511,https://www.amazon.com/dp/B0D2M9L511?tag=hillarypeil-20,ATHEISURE,Amazon Creators API returned no product record after retry
B0D2PBBMMS,https://www.amazon.com/dp/B0D2PBBMMS?tag=hillarypeil-20,JULY TOP PICKS,Amazon Creators API returned no product record after retry
B0D2QPJL91,https://www.amazon.com/dp/B0D2QPJL91?tag=hillarypeil-20,BEDDING. PILLOWS. THROWS. TOWELS. | FEBRUARY Best Sellers | HOME DECOR,Amazon Creators API returned no product record after retry
B0D2QXGHP6,https://www.amazon.com/dp/B0D2QXGHP6?tag=hillarypeil-20,2025 TOP SELLERS,Amazon Creators API returned no product record after retry
B0D2W52YL4,https://www.amazon.com/dp/B0D2W52YL4?tag=hillarypeil-20,BEAUTY MUST-HAVES,Amazon Creators API returned no product record after retry
B0D363RXP1,https://www.amazon.com/dp/B0D363RXP1?tag=hillarypeil-20,HOME & BATH Essentials,Amazon Creators API returned no product record after retry
B0D3FFS89X,https://www.amazon.com/dp/B0D3FFS89X?tag=hillarypeil-20,THE DRESS SHOPPE - From BRUNCH to BLACK TIE,Amazon Creators API returned no product record after retry
B0D3J9ZWLC,https://www.amazon.com/dp/B0D3J9ZWLC?tag=hillarypeil-20,SPORT MOM Style | TOP OCTOBER DEALS,Amazon Creators API returned no product record after retry
B0D3KKSLMS,https://www.amazon.com/dp/B0D3KKSLMS?tag=hillarypeil-20,HOLIDAY COLOR CRUSHES 2025,Amazon Creators API returned no product record after retry
B0D3L59B6N,https://www.amazon.com/dp/B0D3L59B6N?tag=hillarypeil-20,LUXE Gifting,Amazon Creators API returned no product record after retry
B0D3QBLY59,https://www.amazon.com/dp/B0D3QBLY59?tag=hillarypeil-20,$50 WINTER FASHION | LUXE JEWELRY & ACCESSORIES | The FALL EDIT,Amazon Creators API returned no product record after retry
B0D3V192HS,https://www.amazon.com/dp/B0D3V192HS?tag=hillarypeil-20,HOME DECOR,Amazon Creators API returned no product record after retry
B0D3VMBDPQ,https://www.amazon.com/dp/B0D3VMBDPQ?tag=hillarypeil-20,TOP SEPTEMBER DEALS,Amazon Creators API returned no product record after retry
B0D3WSG1MR,https://www.amazon.com/dp/B0D3WSG1MR?tag=hillarypeil-20,NEW HOME FINDS,Amazon Creators API returned no product record after retry
B0D3WVB6JR,https://www.amazon.com/dp/B0D3WVB6JR?tag=hillarypeil-20,BEST SELLERS,Amazon Creators API returned no product record after retry
B0D3XK4LZ7,https://www.amazon.com/dp/B0D3XK4LZ7?tag=hillarypeil-20,FEBRUARY Best Sellers,Amazon Creators API returned no product record after retry
B0D41HCXC5,https://www.amazon.com/dp/B0D41HCXC5?tag=hillarypeil-20,AUGUST TOP PICKS | JUST IN...My Newest OBSESSIONS | OVER 40 & Fabulous HILLARY'S Capsule WARDROBE - Effortless & Chic,Amazon Creators API returned no product record after retry
B0D41L71SS,https://www.amazon.com/dp/B0D41L71SS?tag=hillarypeil-20,BATHROOM Essentials | ELEVATED Bathroom Must-Haves,Amazon Creators API returned no product record after retry
B0D43SGJ1M,https://www.amazon.com/dp/B0D43SGJ1M?tag=hillarypeil-20,FASHION,Amazon Creators API returned no product record after retry
B0D4535HXM,https://www.amazon.com/dp/B0D4535HXM?tag=hillarypeil-20,JANUARY Best Sellers,Amazon Creators API returned no product record after retry
B0D45YDLCZ,https://www.amazon.com/dp/B0D45YDLCZ?tag=hillarypeil-20,AUTUMN Vibes,Amazon Creators API returned no product record after retry
B0D46F91HD,https://www.amazon.com/dp/B0D46F91HD?tag=hillarypeil-20,$50 WINTER FASHION,Amazon Creators API returned no product record after retry
B0D47CTSGY,https://www.amazon.com/dp/B0D47CTSGY?tag=hillarypeil-20,WINTER FASHION,Amazon Creators API returned no product record after retry
B0D48PJSP2,https://www.amazon.com/dp/B0D48PJSP2?tag=hillarypeil-20,EUROPEAN SUMMER,Amazon Creators API returned no product record after retry
B0D48W25CH,https://www.amazon.com/dp/B0D48W25CH?tag=hillarypeil-20,ELEVATED KITCHEN Must-Haves | GIFTING | LUXURY GIFTS | NIGHTSTAND Essentials | Your Currently MOST-LOVED,Amazon Creators API returned no product record after retry
B0D4B2WXCJ,https://www.amazon.com/dp/B0D4B2WXCJ?tag=hillarypeil-20,JUST IN...My Newest OBSESSIONS,Amazon Creators API returned no product record after retry
B0D4HJF7VZ,https://www.amazon.com/dp/B0D4HJF7VZ?tag=hillarypeil-20,$50 WINTER FASHION,Amazon Creators API returned no product record after retry
B0D4Q9R3KB,https://www.amazon.com/dp/B0D4Q9R3KB?tag=hillarypeil-20,SKIMS LIKE BASICS,Amazon Creators API returned no product record after retry
B0D4QLHC9W,https://www.amazon.com/dp/B0D4QLHC9W?tag=hillarypeil-20,WINTER FASHION,Amazon Creators API returned no product record after retry
B0D4TGZZRP,https://www.amazon.com/dp/B0D4TGZZRP?tag=hillarypeil-20,TOP 100 HOME PICKS,Amazon Creators API returned no product record after retry
B0D4Z94STB,https://www.amazon.com/dp/B0D4Z94STB?tag=hillarypeil-20,BURGUNDY CRUSH | JUST IN...My Newest OBSESSIONS,Amazon Creators API returned no product record after retry
B0D52ZVJ6H,https://www.amazon.com/dp/B0D52ZVJ6H?tag=hillarypeil-20,NEW HOME FINDS,Amazon Creators API returned no product record after retry
B0D5494657,https://www.amazon.com/dp/B0D5494657?tag=hillarypeil-20,HOME DECOR,Amazon Creators API returned no product record after retry
B0D59RGGWS,https://www.amazon.com/dp/B0D59RGGWS?tag=hillarypeil-20,AUTUMN Vibes,Amazon Creators API returned no product record after retry
B0D5BH6YVG,https://www.amazon.com/dp/B0D5BH6YVG?tag=hillarypeil-20,FOR HER - HANDBAGS,Amazon Creators API returned no product record after retry
B0D5H7N3C1,https://www.amazon.com/dp/B0D5H7N3C1?tag=hillarypeil-20,VIRAL Holiday Finds,Amazon Creators API returned no product record after retry
B0D5HJYHM5,https://www.amazon.com/dp/B0D5HJYHM5?tag=hillarypeil-20,CHIC 2-PIECE SETS,Amazon Creators API returned no product record after retry
B0D5LYYZR3,https://www.amazon.com/dp/B0D5LYYZR3?tag=hillarypeil-20,HOLIDAY COLOR CRUSHES 2025 | VIRAL Holiday Finds,Amazon Creators API returned no product record after retry
B0D5RBM7QK,https://www.amazon.com/dp/B0D5RBM7QK?tag=hillarypeil-20,JULY TOP PICKS,Amazon Creators API returned no product record after retry
B0D5YLMTZ7,https://www.amazon.com/dp/B0D5YLMTZ7?tag=hillarypeil-20,QUIET LUXURY/OLD MONEY,Amazon Creators API returned no product record after retry
B0D5YLRJHX,https://www.amazon.com/dp/B0D5YLRJHX?tag=hillarypeil-20,WINTER FASHION,Amazon Creators API returned no product record after retry
B0D66F6PGZ,https://www.amazon.com/dp/B0D66F6PGZ?tag=hillarypeil-20,$50 WINTER FASHION,Amazon Creators API returned no product record after retry
B0D66PYP6N,https://www.amazon.com/dp/B0D66PYP6N?tag=hillarypeil-20,AUTUMN Vibes,Amazon Creators API returned no product record after retry
B0D66T6PXK,https://www.amazon.com/dp/B0D66T6PXK?tag=hillarypeil-20,FAUX & DRIED FLORALS,Amazon Creators API returned no product record after retry
B0D66V1668,https://www.amazon.com/dp/B0D66V1668?tag=hillarypeil-20,AUTUMN Vibes,Amazon Creators API returned no product record after retry
B0D6FQSN32,https://www.amazon.com/dp/B0D6FQSN32?tag=hillarypeil-20,HOLIDAY EVENING Looks,Amazon Creators API returned no product record after retry
B0D6FZ4YF2,https://www.amazon.com/dp/B0D6FZ4YF2?tag=hillarypeil-20,FAUX INDOOR/OUTDOOR | OUTDOOR Oasis,Amazon Creators API returned no product record after retry
B0D6KXFZLV,https://www.amazon.com/dp/B0D6KXFZLV?tag=hillarypeil-20,HOLIDAY COLOR CRUSHES 2025,Amazon Creators API returned no product record after retry
B0D6QSLWXX,https://www.amazon.com/dp/B0D6QSLWXX?tag=hillarypeil-20,BURGUNDY CRUSH | MARCH Best Sellers | SKIMS LIKE BASICS,Amazon Creators API returned no product record after retry
B0D6R7W4MB,https://www.amazon.com/dp/B0D6R7W4MB?tag=hillarypeil-20,Amazon Furniture in Our Home,Amazon Creators API returned no product record after retry
B0D6V4MYJN,https://www.amazon.com/dp/B0D6V4MYJN?tag=hillarypeil-20,BURGUNDY CRUSH,Amazon Creators API returned no product record after retry
B0D6YKMG6D,https://www.amazon.com/dp/B0D6YKMG6D?tag=hillarypeil-20,HOME DECOR,Amazon Creators API returned no product record after retry
B0D78JWPY8,https://www.amazon.com/dp/B0D78JWPY8?tag=hillarypeil-20,UNDER $50 FALL Capsule,Amazon Creators API returned no product record after retry
B0D78TY4JG,https://www.amazon.com/dp/B0D78TY4JG?tag=hillarypeil-20,THE DRESS SHOPPE - From BRUNCH to BLACK TIE,Amazon Creators API returned no product record after retry
B0D7981GWT,https://www.amazon.com/dp/B0D7981GWT?tag=hillarypeil-20,WINTER FASHION,Amazon Creators API returned no product record after retry
B0D7BJHSZX,https://www.amazon.com/dp/B0D7BJHSZX?tag=hillarypeil-20,JANUARY Best Sellers,Amazon Creators API returned no product record after retry
B0D7BYFBXF,https://www.amazon.com/dp/B0D7BYFBXF?tag=hillarypeil-20,WINTER FASHION,Amazon Creators API returned no product record after retry
B0D7CFHPB4,https://www.amazon.com/dp/B0D7CFHPB4?tag=hillarypeil-20,WORK WEAR,Amazon Creators API returned no product record after retry
B0D7CH3PLP,https://www.amazon.com/dp/B0D7CH3PLP?tag=hillarypeil-20,WORK WEAR,Amazon Creators API returned no product record after retry
B0D7GWBLMB,https://www.amazon.com/dp/B0D7GWBLMB?tag=hillarypeil-20,LUXURY GIFTS,Amazon Creators API returned no product record after retry
B0D7LXP5FC,https://www.amazon.com/dp/B0D7LXP5FC?tag=hillarypeil-20,ELEVATED HOLIDAY FASHION,Amazon Creators API returned no product record after retry
B0D7M69H74,https://www.amazon.com/dp/B0D7M69H74?tag=hillarypeil-20,AUGUST TOP PICKS | DECEMBER Best Sellers | TOP NOVEMBER DEALS,Amazon Creators API returned no product record after retry
B0D7MFXCTM,https://www.amazon.com/dp/B0D7MFXCTM?tag=hillarypeil-20,TRAVEL,Amazon Creators API returned no product record after retry
B0D7VSQ19F,https://www.amazon.com/dp/B0D7VSQ19F?tag=hillarypeil-20,48 Yr Old Mom of 5 - What I am OBSESSED over! | ELEVATED KITCHEN Must-Haves | HOME & BATH Essentials | KITCHEN Essentials | NEW Arrivals | QUIET LUXURY/OLD MONEY,Amazon Creators API returned no product record after retry
B0D83NBKKK,https://www.amazon.com/dp/B0D83NBKKK?tag=hillarypeil-20,WINTER FASHION,Amazon Creators API returned no product record after retry
B0D86YX9QY,https://www.amazon.com/dp/B0D86YX9QY?tag=hillarypeil-20,TOP OCTOBER DEALS,Amazon Creators API returned no product record after retry
B0D872MRPY,https://www.amazon.com/dp/B0D872MRPY?tag=hillarypeil-20,LAUNDRY Room Essentials | TOP MOVING/ORGANIZING,Amazon Creators API returned no product record after retry
B0D89PL3YS,https://www.amazon.com/dp/B0D89PL3YS?tag=hillarypeil-20,WINTER FASHION,Amazon Creators API returned no product record after retry
B0D8B6GS2Y,https://www.amazon.com/dp/B0D8B6GS2Y?tag=hillarypeil-20,JANUARY Best Sellers,Amazon Creators API returned no product record after retry
B0D8J57B4F,https://www.amazon.com/dp/B0D8J57B4F?tag=hillarypeil-20,WINTER FASHION,Amazon Creators API returned no product record after retry
B0D8J62X11,https://www.amazon.com/dp/B0D8J62X11?tag=hillarypeil-20,DECEMBER Best Sellers,Amazon Creators API returned no product record after retry
B0D8J7Z31J,https://www.amazon.com/dp/B0D8J7Z31J?tag=hillarypeil-20,AUGUST TOP PICKS,Amazon Creators API returned no product record after retry
B0D8J7ZJXZ,https://www.amazon.com/dp/B0D8J7ZJXZ?tag=hillarypeil-20,BEST SELLERS | TOP SEPTEMBER DEALS,Amazon Creators API returned no product record after retry
B0D8K4C2GP,https://www.amazon.com/dp/B0D8K4C2GP?tag=hillarypeil-20,MORE NEW FINDS,Amazon Creators API returned no product record after retry
B0D8KC1XRW,https://www.amazon.com/dp/B0D8KC1XRW?tag=hillarypeil-20,NEW Arrivals,Amazon Creators API returned no product record after retry
B0D8LL2WQ2,https://www.amazon.com/dp/B0D8LL2WQ2?tag=hillarypeil-20,HOME & BATH Essentials,Amazon Creators API returned no product record after retry
B0D8PQ8DVM,https://www.amazon.com/dp/B0D8PQ8DVM?tag=hillarypeil-20,JANUARY Best Sellers,Amazon Creators API returned no product record after retry
B0D8PYN8R3,https://www.amazon.com/dp/B0D8PYN8R3?tag=hillarypeil-20,The STYLE EDIT - HOTTEST finds RIGHT NOW!,Amazon Creators API returned no product record after retry
B0D8SDKSQJ,https://www.amazon.com/dp/B0D8SDKSQJ?tag=hillarypeil-20,ENTERTAINING Essentials | MUST-HAVE HOSTING | TABLETOP MUST-HAVES,Amazon Creators API returned no product record after retry
B0D8T8ZPMV,https://www.amazon.com/dp/B0D8T8ZPMV?tag=hillarypeil-20,TOP NOVEMBER DEALS,Amazon Creators API returned no product record after retry
B0D8TF37ZR,https://www.amazon.com/dp/B0D8TF37ZR?tag=hillarypeil-20,WINTER FASHION,Amazon Creators API returned no product record after retry
B0D91CFPQC,https://www.amazon.com/dp/B0D91CFPQC?tag=hillarypeil-20,UNDER $50 FALL Capsule,Amazon Creators API returned no product record after retry
B0D91Z4VB7,https://www.amazon.com/dp/B0D91Z4VB7?tag=hillarypeil-20,In MY Travel Bag | JUNE TOP PICKS,Amazon Creators API returned no product record after retry
B0D92RXMJB,https://www.amazon.com/dp/B0D92RXMJB?tag=hillarypeil-20,HOLIDAY COLOR CRUSHES 2025,Amazon Creators API returned no product record after retry
B0D966G252,https://www.amazon.com/dp/B0D966G252?tag=hillarypeil-20,CREATOR Favorites,Amazon Creators API returned no product record after retry
B0D97H6R16,https://www.amazon.com/dp/B0D97H6R16?tag=hillarypeil-20,JULY TOP PICKS,Amazon Creators API returned no product record after retry
B0D9828216,https://www.amazon.com/dp/B0D9828216?tag=hillarypeil-20,AUGUST TOP PICKS,Amazon Creators API returned no product record after retry
B0D982WS3V,https://www.amazon.com/dp/B0D982WS3V?tag=hillarypeil-20,TOP OCTOBER DEALS,Amazon Creators API returned no product record after retry
B0D999S5HV,https://www.amazon.com/dp/B0D999S5HV?tag=hillarypeil-20,LUXE JEWELRY & ACCESSORIES,Amazon Creators API returned no product record after retry
B0D9BQQGD5,https://www.amazon.com/dp/B0D9BQQGD5?tag=hillarypeil-20,UNDER $50 FALL Capsule,Amazon Creators API returned no product record after retry
B0D9BX44QD,https://www.amazon.com/dp/B0D9BX44QD?tag=hillarypeil-20,AUGUST TOP PICKS,Amazon Creators API returned no product record after retry
B0D9GG3T8Y,https://www.amazon.com/dp/B0D9GG3T8Y?tag=hillarypeil-20,$50 WINTER FASHION | AUGUST TOP PICKS | JUST IN...My Newest OBSESSIONS,Amazon Creators API returned no product record after retry
B0D9J8ZWXT,https://www.amazon.com/dp/B0D9J8ZWXT?tag=hillarypeil-20,ENTERTAINING Essentials,Amazon Creators API returned no product record after retry
B0D9K4XXBY,https://www.amazon.com/dp/B0D9K4XXBY?tag=hillarypeil-20,SPORT MOM Style,Amazon Creators API returned no product record after retry
B0D9K6DSTD,https://www.amazon.com/dp/B0D9K6DSTD?tag=hillarypeil-20,AUGUST TOP PICKS | BEST SELLERS | TOP SEPTEMBER DEALS,Amazon Creators API returned no product record after retry
B0D9NC4TC9,https://www.amazon.com/dp/B0D9NC4TC9?tag=hillarypeil-20,NEW HOLIDAY Finds,Amazon Creators API returned no product record after retry
B0D9NMCK5Z,https://www.amazon.com/dp/B0D9NMCK5Z?tag=hillarypeil-20,HOME DECOR,Amazon Creators API returned no product record after retry
B0D9ZL3FLZ,https://www.amazon.com/dp/B0D9ZL3FLZ?tag=hillarypeil-20,GIFTING,Amazon Creators API returned no product record after retry
B0DB5PW941,https://www.amazon.com/dp/B0DB5PW941?tag=hillarypeil-20,HOLIDAY THEMES 2025,Amazon Creators API returned no product record after retry
B0DB5QXBLZ,https://www.amazon.com/dp/B0DB5QXBLZ?tag=hillarypeil-20,FASHION,Amazon Creators API returned no product record after retry
B0DBDT79JC,https://www.amazon.com/dp/B0DBDT79JC?tag=hillarypeil-20,BEST SELLERS | BURGUNDY CRUSH,Amazon Creators API returned no product record after retry
B0DBHDT817,https://www.amazon.com/dp/B0DBHDT817?tag=hillarypeil-20,APRIL Best Sellers,Amazon Creators API returned no product record after retry
B0DBJQCY7T,https://www.amazon.com/dp/B0DBJQCY7T?tag=hillarypeil-20,48 Yr Old Mom of 5 - What I am OBSESSED over!,Amazon Creators API returned no product record after retry
B0DBL9MJRM,https://www.amazon.com/dp/B0DBL9MJRM?tag=hillarypeil-20,SOFAS. ACCENT CHAIRS. OTTOMANS.,Amazon Creators API returned no product record after retry
B0DBLXRVBD,https://www.amazon.com/dp/B0DBLXRVBD?tag=hillarypeil-20,TOP SEPTEMBER DEALS | UNDER $50 FALL Capsule,Amazon Creators API returned no product record after retry
B0DBM382MJ,https://www.amazon.com/dp/B0DBM382MJ?tag=hillarypeil-20,JUST IN...My Newest OBSESSIONS,Amazon Creators API returned no product record after retry
B0DBPMWPHQ,https://www.amazon.com/dp/B0DBPMWPHQ?tag=hillarypeil-20,HOLIDAY COLOR CRUSHES 2025,Amazon Creators API returned no product record after retry
B0DBSWG2MB,https://www.amazon.com/dp/B0DBSWG2MB?tag=hillarypeil-20,WINTER FASHION,Amazon Creators API returned no product record after retry
B0DBZNLQQG,https://www.amazon.com/dp/B0DBZNLQQG?tag=hillarypeil-20,AUGUST TOP PICKS,Amazon Creators API returned no product record after retry
B0DCDGJTL1,https://www.amazon.com/dp/B0DCDGJTL1?tag=hillarypeil-20,2025 TOP SELLERS | CARTS DON'T LIE — These were May's biggest hits. | KITCHEN Essentials | VIRAL Home Gadgets,Amazon Creators API returned no product record after retry
B0DCNJTRBD,https://www.amazon.com/dp/B0DCNJTRBD?tag=hillarypeil-20,NEW Arrivals,Amazon Creators API returned no product record after retry
B0DCS7397D,https://www.amazon.com/dp/B0DCS7397D?tag=hillarypeil-20,APRIL Best Sellers | April Amazon Live,Amazon Creators API returned no product record after retry
B0DCVB61SH,https://www.amazon.com/dp/B0DCVB61SH?tag=hillarypeil-20,JANUARY Best Sellers,Amazon Creators API returned no product record after retry
B0DCVTP75K,https://www.amazon.com/dp/B0DCVTP75K?tag=hillarypeil-20,EUROPEAN SUMMER,Amazon Creators API returned no product record after retry
B0DCZK9CNT,https://www.amazon.com/dp/B0DCZK9CNT?tag=hillarypeil-20,$50 WINTER FASHION,Amazon Creators API returned no product record after retry
B0DD35WCX7,https://www.amazon.com/dp/B0DD35WCX7?tag=hillarypeil-20,AFFORDABLE DECOR | APRIL Best Sellers | Effortless Chic Home,Amazon Creators API returned no product record after retry
B0DD3PV2H4,https://www.amazon.com/dp/B0DD3PV2H4?tag=hillarypeil-20,FASHION,Amazon Creators API returned no product record after retry
B0DD44DPJN,https://www.amazon.com/dp/B0DD44DPJN?tag=hillarypeil-20,WINTER FASHION,Amazon Creators API returned no product record after retry
B0DD48L195,https://www.amazon.com/dp/B0DD48L195?tag=hillarypeil-20,OVER 40 & Fabulous HILLARY'S Capsule WARDROBE - Effortless & Chic,Amazon Creators API returned no product record after retry
B0DD6FS57Z,https://www.amazon.com/dp/B0DD6FS57Z?tag=hillarypeil-20,WALL DECOR - MIRRORS. ART. FRAMES.,Amazon Creators API returned no product record after retry
B0DD8TZ2WH,https://www.amazon.com/dp/B0DD8TZ2WH?tag=hillarypeil-20,January Best Sellers 2,Amazon Creators API returned no product record after retry
B0DDCXLS95,https://www.amazon.com/dp/B0DDCXLS95?tag=hillarypeil-20,HOLIDAY THEMES 2025,Amazon Creators API returned no product record after retry
B0DDK9M5FS,https://www.amazon.com/dp/B0DDK9M5FS?tag=hillarypeil-20,TOP SEPTEMBER DEALS,Amazon Creators API returned no product record after retry
B0DDNJPQC7,https://www.amazon.com/dp/B0DDNJPQC7?tag=hillarypeil-20,COFFEE TABLE BOOKS,Amazon Creators API returned no product record after retry
B0DDT11931,https://www.amazon.com/dp/B0DDT11931?tag=hillarypeil-20,JUST IN...My Newest OBSESSIONS,Amazon Creators API returned no product record after retry
B0DDX6YNWJ,https://www.amazon.com/dp/B0DDX6YNWJ?tag=hillarypeil-20,In MY Travel Bag | OVER 40 & Fabulous HILLARY'S Capsule WARDROBE - Effortless & Chic,Amazon Creators API returned no product record after retry
B0DF6JH7XP,https://www.amazon.com/dp/B0DF6JH7XP?tag=hillarypeil-20,APRIL Best Sellers | DECEMBER Best Sellers | KITCHEN Organizing | VIRAL Home Gadgets,Amazon Creators API returned no product record after retry
B0DF7JKVKB,https://www.amazon.com/dp/B0DF7JKVKB?tag=hillarypeil-20,JUST IN...My Newest OBSESSIONS,Amazon Creators API returned no product record after retry
B0DFGT1MRB,https://www.amazon.com/dp/B0DFGT1MRB?tag=hillarypeil-20,DINING ROOM,Amazon Creators API returned no product record after retry
B0DFGYP4GH,https://www.amazon.com/dp/B0DFGYP4GH?tag=hillarypeil-20,MY HOLIDAY Home,Amazon Creators API returned no product record after retry
B0DFH2VYT5,https://www.amazon.com/dp/B0DFH2VYT5?tag=hillarypeil-20,TOP SEPTEMBER DEALS,Amazon Creators API returned no product record after retry
B0DFJP6N7Y,https://www.amazon.com/dp/B0DFJP6N7Y?tag=hillarypeil-20,APRIL Best Sellers,Amazon Creators API returned no product record after retry
B0DFP54BLV,https://www.amazon.com/dp/B0DFP54BLV?tag=hillarypeil-20,48 Yr Old Mom of 5 - What I am OBSESSED over! | In MY Travel Bag | LUXE Gifting | LUXURY GIFTS,Amazon Creators API returned no product record after retry
B0DFQ8PXXF,https://www.amazon.com/dp/B0DFQ8PXXF?tag=hillarypeil-20,TOP SEPTEMBER DEALS,Amazon Creators API returned no product record after retry
B0DFWM8JQS,https://www.amazon.com/dp/B0DFWM8JQS?tag=hillarypeil-20,JUST IN...My Newest OBSESSIONS | QUIET LUXURY/OLD MONEY,Amazon Creators API returned no product record after retry
B0DG4QKPFP,https://www.amazon.com/dp/B0DG4QKPFP?tag=hillarypeil-20,LUXE Gifting,Amazon Creators API returned no product record after retry
B0DG57WZ41,https://www.amazon.com/dp/B0DG57WZ41?tag=hillarypeil-20,HEALTHY Living | MARCH Best Sellers | TOP 100+ PRIME DEALS,Amazon Creators API returned no product record after retry
B0DGD44YJQ,https://www.amazon.com/dp/B0DGD44YJQ?tag=hillarypeil-20,BEST SELLERS | ELEVATED HOLIDAY FASHION,Amazon Creators API returned no product record after retry
B0DGL4LDXC,https://www.amazon.com/dp/B0DGL4LDXC?tag=hillarypeil-20,CABINETS. SIDEBOARDS. BUFFETS. CONSOLES.,Amazon Creators API returned no product record after retry
B0DGLWDY39,https://www.amazon.com/dp/B0DGLWDY39?tag=hillarypeil-20,FASHION,Amazon Creators API returned no product record after retry
B0DGPG1JQF,https://www.amazon.com/dp/B0DGPG1JQF?tag=hillarypeil-20,CHIC WITHOUT THE SPLURGE TRAVEL,Amazon Creators API returned no product record after retry
B0DGZ7N8X2,https://www.amazon.com/dp/B0DGZ7N8X2?tag=hillarypeil-20,Spring Obsessed,Amazon Creators API returned no product record after retry
B0DGZL9FRH,https://www.amazon.com/dp/B0DGZL9FRH?tag=hillarypeil-20,$50 WINTER FASHION | CHIC WITHOUT THE SPLURGE TRAVEL,Amazon Creators API returned no product record after retry
B0DH1KBZ7M,https://www.amazon.com/dp/B0DH1KBZ7M?tag=hillarypeil-20,JANUARY Best Sellers,Amazon Creators API returned no product record after retry
B0DH1T64PR,https://www.amazon.com/dp/B0DH1T64PR?tag=hillarypeil-20,DECEMBER Best Sellers,Amazon Creators API returned no product record after retry
B0DH27NNRP,https://www.amazon.com/dp/B0DH27NNRP?tag=hillarypeil-20,FASHION,Amazon Creators API returned no product record after retry
B0DH47NQ4W,https://www.amazon.com/dp/B0DH47NQ4W?tag=hillarypeil-20,AFFORDABLE DECOR | APRIL Best Sellers | Spring Obsessed | Your Currently MOST-LOVED,Amazon Creators API returned no product record after retry
B0DHCHFKY9,https://www.amazon.com/dp/B0DHCHFKY9?tag=hillarypeil-20,Spring Obsessed,Amazon Creators API returned no product record after retry
B0DHCPBCJX,https://www.amazon.com/dp/B0DHCPBCJX?tag=hillarypeil-20,MARCH Best Sellers,Amazon Creators API returned no product record after retry
B0DHCPHWD6,https://www.amazon.com/dp/B0DHCPHWD6?tag=hillarypeil-20,RESORT WEAR FASHION,Amazon Creators API returned no product record after retry
B0DHCYJVFF,https://www.amazon.com/dp/B0DHCYJVFF?tag=hillarypeil-20,BEDDING: LUXURY finds in Our Home | DORM ROOM ESSENTIALS | EARNED A SPOT FOR LIFE! | TOP 100 HOME PICKS,Amazon Creators API returned no product record after retry
B0DHGSLSCG,https://www.amazon.com/dp/B0DHGSLSCG?tag=hillarypeil-20,$50 WINTER FASHION,Amazon Creators API returned no product record after retry
B0DHJPH6JJ,https://www.amazon.com/dp/B0DHJPH6JJ?tag=hillarypeil-20,RESORT WEAR FASHION,Amazon Creators API returned no product record after retry
B0DHLJ212K,https://www.amazon.com/dp/B0DHLJ212K?tag=hillarypeil-20,COFFEE TABLES. SIDE TABLES. ACCENT TABLES,Amazon Creators API returned no product record after retry
B0DHND1RZH,https://www.amazon.com/dp/B0DHND1RZH?tag=hillarypeil-20,LUXE Gifting,Amazon Creators API returned no product record after retry
B0DHNDX89X,https://www.amazon.com/dp/B0DHNDX89X?tag=hillarypeil-20,DATE NIGHT FASHION,Amazon Creators API returned no product record after retry
B0DHNFMCMJ,https://www.amazon.com/dp/B0DHNFMCMJ?tag=hillarypeil-20,BEST SELLERS,Amazon Creators API returned no product record after retry
B0DHRCT7MK,https://www.amazon.com/dp/B0DHRCT7MK?tag=hillarypeil-20,FASHION,Amazon Creators API returned no product record after retry
B0DHRNDWSB,https://www.amazon.com/dp/B0DHRNDWSB?tag=hillarypeil-20,$50 WINTER FASHION | JUST IN...My Newest OBSESSIONS | The STYLE EDIT - HOTTEST finds RIGHT NOW!,Amazon Creators API returned no product record after retry
B0DHS5BH48,https://www.amazon.com/dp/B0DHS5BH48?tag=hillarypeil-20,AUGUST TOP PICKS,Amazon Creators API returned no product record after retry
B0DHTWCVJM,https://www.amazon.com/dp/B0DHTWCVJM?tag=hillarypeil-20,BURGUNDY CRUSH,Amazon Creators API returned no product record after retry
B0DHZ9JYXB,https://www.amazon.com/dp/B0DHZ9JYXB?tag=hillarypeil-20,RESORT WEAR FASHION,Amazon Creators API returned no product record after retry
B0DHZZQK6N,https://www.amazon.com/dp/B0DHZZQK6N?tag=hillarypeil-20,New Year's Must-Haves,Amazon Creators API returned no product record after retry
B0DJ173P4Z,https://www.amazon.com/dp/B0DJ173P4Z?tag=hillarypeil-20,Our REMODEL HOME | RUGS,Amazon Creators API returned no product record after retry
B0DJ2VK4C8,https://www.amazon.com/dp/B0DJ2VK4C8?tag=hillarypeil-20,AFFORDABLE DECOR | MORE NEW FINDS | NEW HOME FINDS,Amazon Creators API returned no product record after retry
B0DJ4D6BS2,https://www.amazon.com/dp/B0DJ4D6BS2?tag=hillarypeil-20,ATHEISURE,Amazon Creators API returned no product record after retry
B0DJ5MKHZC,https://www.amazon.com/dp/B0DJ5MKHZC?tag=hillarypeil-20,FASHION,Amazon Creators API returned no product record after retry
B0DJ8FQXZM,https://www.amazon.com/dp/B0DJ8FQXZM?tag=hillarypeil-20,JUST IN...My Newest OBSESSIONS,Amazon Creators API returned no product record after retry
B0DJCLF2X2,https://www.amazon.com/dp/B0DJCLF2X2?tag=hillarypeil-20,ATHEISURE,Amazon Creators API returned no product record after retry
B0DJGH78P5,https://www.amazon.com/dp/B0DJGH78P5?tag=hillarypeil-20,BEST SELLERS | TOP OCTOBER DEALS,Amazon Creators API returned no product record after retry
B0DJQ22HXG,https://www.amazon.com/dp/B0DJQ22HXG?tag=hillarypeil-20,CHIC WITHOUT THE SPLURGE TRAVEL,Amazon Creators API returned no product record after retry
B0DJR26DVJ,https://www.amazon.com/dp/B0DJR26DVJ?tag=hillarypeil-20,HOME DECOR,Amazon Creators API returned no product record after retry
B0DJR3X3SF,https://www.amazon.com/dp/B0DJR3X3SF?tag=hillarypeil-20,DECEMBER Best Sellers | In MY Travel Bag,Amazon Creators API returned no product record after retry
B0DJTYVH13,https://www.amazon.com/dp/B0DJTYVH13?tag=hillarypeil-20,CHIC WITHOUT THE SPLURGE TRAVEL | In MY Travel Bag,Amazon Creators API returned no product record after retry
B0DJVYY4TY,https://www.amazon.com/dp/B0DJVYY4TY?tag=hillarypeil-20,UNDER $50 FALL Capsule,Amazon Creators API returned no product record after retry
B0DJWNJGY1,https://www.amazon.com/dp/B0DJWNJGY1?tag=hillarypeil-20,TOP 100+ PRIME DEALS,Amazon Creators API returned no product record after retry
B0DJWNY79N,https://www.amazon.com/dp/B0DJWNY79N?tag=hillarypeil-20,TOP 100 PRIME FASHION DEALS,Amazon Creators API returned no product record after retry
B0DJWQ296V,https://www.amazon.com/dp/B0DJWQ296V?tag=hillarypeil-20,FASHION | TOP 100 PRIME FASHION DEALS | UNDER $50 FALL Capsule,Amazon Creators API returned no product record after retry
B0DJXZ4CWC,https://www.amazon.com/dp/B0DJXZ4CWC?tag=hillarypeil-20,CABINETS. SIDEBOARDS. BUFFETS. CONSOLES.,Amazon Creators API returned no product record after retry
B0DK2PY1PP,https://www.amazon.com/dp/B0DK2PY1PP?tag=hillarypeil-20,APRIL Best Sellers,Amazon Creators API returned no product record after retry
B0DK3F56WC,https://www.amazon.com/dp/B0DK3F56WC?tag=hillarypeil-20,The STYLE EDIT - HOTTEST finds RIGHT NOW!,Amazon Creators API returned no product record after retry
B0DK6KL4CT,https://www.amazon.com/dp/B0DK6KL4CT?tag=hillarypeil-20,EUROPEAN SUMMER | TOP 100 PRIME FASHION DEALS,Amazon Creators API returned no product record after retry
B0DK7D13V1,https://www.amazon.com/dp/B0DK7D13V1?tag=hillarypeil-20,OVER 40 & Fabulous HILLARY'S Capsule WARDROBE - Effortless & Chic,Amazon Creators API returned no product record after retry
B0DKDTY16M,https://www.amazon.com/dp/B0DKDTY16M?tag=hillarypeil-20,RESORT WEAR FASHION,Amazon Creators API returned no product record after retry
B0DKDV425Z,https://www.amazon.com/dp/B0DKDV425Z?tag=hillarypeil-20,The STYLE EDIT - HOTTEST finds RIGHT NOW!,Amazon Creators API returned no product record after retry
B0DKDV8JKL,https://www.amazon.com/dp/B0DKDV8JKL?tag=hillarypeil-20,AUGUST TOP PICKS | UNDER $50 FALL Capsule,Amazon Creators API returned no product record after retry
B0DKDVLHYG,https://www.amazon.com/dp/B0DKDVLHYG?tag=hillarypeil-20,MARCH Best Sellers,Amazon Creators API returned no product record after retry
B0DKF85FJX,https://www.amazon.com/dp/B0DKF85FJX?tag=hillarypeil-20,NEW HOME FINDS,Amazon Creators API returned no product record after retry
B0DKJ3PMJ5,https://www.amazon.com/dp/B0DKJ3PMJ5?tag=hillarypeil-20,TOP SEPTEMBER DEALS,Amazon Creators API returned no product record after retry
B0DKMPS8FT,https://www.amazon.com/dp/B0DKMPS8FT?tag=hillarypeil-20,MY HOLIDAY Home,Amazon Creators API returned no product record after retry
B0DKNFMZQZ,https://www.amazon.com/dp/B0DKNFMZQZ?tag=hillarypeil-20,HOLIDAY COLOR CRUSHES 2025 | JUST IN...My Newest OBSESSIONS,Amazon Creators API returned no product record after retry
B0DKNTF7QN,https://www.amazon.com/dp/B0DKNTF7QN?tag=hillarypeil-20,NEW HOME FINDS,Amazon Creators API returned no product record after retry
B0DKSB4WVM,https://www.amazon.com/dp/B0DKSB4WVM?tag=hillarypeil-20,MARCH Best Sellers,Amazon Creators API returned no product record after retry
B0DKXT1BQQ,https://www.amazon.com/dp/B0DKXT1BQQ?tag=hillarypeil-20,TOP NOVEMBER DEALS,Amazon Creators API returned no product record after retry
B0DL5TRKW8,https://www.amazon.com/dp/B0DL5TRKW8?tag=hillarypeil-20,FEBRUARY Best Sellers,Amazon Creators API returned no product record after retry
B0DLJP764M,https://www.amazon.com/dp/B0DLJP764M?tag=hillarypeil-20,FOR HIM - GIFT GUIDE,Amazon Creators API returned no product record after retry
B0DM48P948,https://www.amazon.com/dp/B0DM48P948?tag=hillarypeil-20,THE DRESS SHOPPE - From BRUNCH to BLACK TIE,Amazon Creators API returned no product record after retry
B0DMJFLM19,https://www.amazon.com/dp/B0DMJFLM19?tag=hillarypeil-20,THE Littles - GIFT GUIDE,Amazon Creators API returned no product record after retry
B0DMN43H48,https://www.amazon.com/dp/B0DMN43H48?tag=hillarypeil-20,CABINETS. SIDEBOARDS. BUFFETS. CONSOLES. | HOLIDAY THEMES 2025 | Moody Luxe Home | RH STYLE - Looks like a SPLURGE,Amazon Creators API returned no product record after retry
B0DMRDDFH5,https://www.amazon.com/dp/B0DMRDDFH5?tag=hillarypeil-20,ELEVATED KITCHEN Must-Haves | KITCHEN Essentials | NEW Arrivals,Amazon Creators API returned no product record after retry
B0DMSSDS78,https://www.amazon.com/dp/B0DMSSDS78?tag=hillarypeil-20,RESORT WEAR FASHION,Amazon Creators API returned no product record after retry
B0DMV9V47L,https://www.amazon.com/dp/B0DMV9V47L?tag=hillarypeil-20,AUGUST TOP PICKS,Amazon Creators API returned no product record after retry
B0DMVRRYXR,https://www.amazon.com/dp/B0DMVRRYXR?tag=hillarypeil-20,TOP OCTOBER DEALS,Amazon Creators API returned no product record after retry
B0DMWBL77P,https://www.amazon.com/dp/B0DMWBL77P?tag=hillarypeil-20,HOME DECOR,Amazon Creators API returned no product record after retry
B0DN1268QH,https://www.amazon.com/dp/B0DN1268QH?tag=hillarypeil-20,$50 WINTER FASHION | FASHION,Amazon Creators API returned no product record after retry
B0DN1JQ41Q,https://www.amazon.com/dp/B0DN1JQ41Q?tag=hillarypeil-20,AUGUST TOP PICKS,Amazon Creators API returned no product record after retry
B0DN23HRTF,https://www.amazon.com/dp/B0DN23HRTF?tag=hillarypeil-20,The STYLE EDIT - HOTTEST finds RIGHT NOW!,Amazon Creators API returned no product record after retry
B0DN2452H7,https://www.amazon.com/dp/B0DN2452H7?tag=hillarypeil-20,JULY TOP PICKS,Amazon Creators API returned no product record after retry
B0DN6NVMNV,https://www.amazon.com/dp/B0DN6NVMNV?tag=hillarypeil-20,TOP SEPTEMBER DEALS,Amazon Creators API returned no product record after retry
B0DNF4Z2WM,https://www.amazon.com/dp/B0DNF4Z2WM?tag=hillarypeil-20,APRIL Best Sellers,Amazon Creators API returned no product record after retry
B0DNFHTD28,https://www.amazon.com/dp/B0DNFHTD28?tag=hillarypeil-20,CARTS DON'T LIE — These were May's biggest hits.,Amazon Creators API returned no product record after retry
B0DNM5P2C2,https://www.amazon.com/dp/B0DNM5P2C2?tag=hillarypeil-20,CHIC 2-PIECE SETS,Amazon Creators API returned no product record after retry
B0DNN15HP7,https://www.amazon.com/dp/B0DNN15HP7?tag=hillarypeil-20,HOME & BATH Essentials,Amazon Creators API returned no product record after retry
B0DNTTMMRG,https://www.amazon.com/dp/B0DNTTMMRG?tag=hillarypeil-20,PILATES PRINCESS,Amazon Creators API returned no product record after retry
B0DP4HLP1X,https://www.amazon.com/dp/B0DP4HLP1X?tag=hillarypeil-20,DESIGNER INSPIRED,Amazon Creators API returned no product record after retry
B0DP4VXWFD,https://www.amazon.com/dp/B0DP4VXWFD?tag=hillarypeil-20,Spring Obsessed,Amazon Creators API returned no product record after retry
B0DP6SYHXT,https://www.amazon.com/dp/B0DP6SYHXT?tag=hillarypeil-20,The STYLE EDIT - HOTTEST finds RIGHT NOW!,Amazon Creators API returned no product record after retry
B0DP7BVF7M,https://www.amazon.com/dp/B0DP7BVF7M?tag=hillarypeil-20,BEST SELLERS,Amazon Creators API returned no product record after retry
B0DP9RYD6T,https://www.amazon.com/dp/B0DP9RYD6T?tag=hillarypeil-20,48 Yr Old Mom of 5 - What I am OBSESSED over! | LUXURY GIFTS | QUIET LUXURY/OLD MONEY,Amazon Creators API returned no product record after retry
B0DP9S5V6D,https://www.amazon.com/dp/B0DP9S5V6D?tag=hillarypeil-20,AUGUST TOP PICKS | UNDER $50 FALL Capsule,Amazon Creators API returned no product record after retry
B0DPD95BBY,https://www.amazon.com/dp/B0DPD95BBY?tag=hillarypeil-20,OVER 40 & Fabulous HILLARY'S Capsule WARDROBE - Effortless & Chic,Amazon Creators API returned no product record after retry
B0DPHHFFGT,https://www.amazon.com/dp/B0DPHHFFGT?tag=hillarypeil-20,HOLIDAY COLOR CRUSHES 2025,Amazon Creators API returned no product record after retry
B0DPP7RD8C,https://www.amazon.com/dp/B0DPP7RD8C?tag=hillarypeil-20,JULY TOP PICKS,Amazon Creators API returned no product record after retry
B0DPPQ44XY,https://www.amazon.com/dp/B0DPPQ44XY?tag=hillarypeil-20,$50 WINTER FASHION | BEST SELLERS | TOP OCTOBER DEALS,Amazon Creators API returned no product record after retry
B0DQ4X2MN5,https://www.amazon.com/dp/B0DQ4X2MN5?tag=hillarypeil-20,JUNE TOP PICKS,Amazon Creators API returned no product record after retry
B0DQ6WG2FK,https://www.amazon.com/dp/B0DQ6WG2FK?tag=hillarypeil-20,TOP 100 HOME PICKS | TOP 100+ PRIME DEALS,Amazon Creators API returned no product record after retry
B0DQCYBMY8,https://www.amazon.com/dp/B0DQCYBMY8?tag=hillarypeil-20,APRIL Best Sellers,Amazon Creators API returned no product record after retry
B0DQLGNG7D,https://www.amazon.com/dp/B0DQLGNG7D?tag=hillarypeil-20,CHIC WITHOUT THE SPLURGE TRAVEL,Amazon Creators API returned no product record after retry
B0DQLZG77W,https://www.amazon.com/dp/B0DQLZG77W?tag=hillarypeil-20,CABINETS. SIDEBOARDS. BUFFETS. CONSOLES.,Amazon Creators API returned no product record after retry
B0DQP7JT9H,https://www.amazon.com/dp/B0DQP7JT9H?tag=hillarypeil-20,RESTORATION VIBES,Amazon Creators API returned no product record after retry
B0DQPJLMGG,https://www.amazon.com/dp/B0DQPJLMGG?tag=hillarypeil-20,WORK WEAR,Amazon Creators API returned no product record after retry
B0DQVCS6CQ,https://www.amazon.com/dp/B0DQVCS6CQ?tag=hillarypeil-20,FEBRUARY Best Sellers,Amazon Creators API returned no product record after retry
B0DQVDBGPZ,https://www.amazon.com/dp/B0DQVDBGPZ?tag=hillarypeil-20,MARCH Best Sellers,Amazon Creators API returned no product record after retry
B0DR5DNHSN,https://www.amazon.com/dp/B0DR5DNHSN?tag=hillarypeil-20,WORK WEAR,Amazon Creators API returned no product record after retry
B0DR5JP2NK,https://www.amazon.com/dp/B0DR5JP2NK?tag=hillarypeil-20,ELEVATED SWIMWEAR,Amazon Creators API returned no product record after retry
B0DR5LK7LW,https://www.amazon.com/dp/B0DR5LK7LW?tag=hillarypeil-20,RESORT WEAR FASHION,Amazon Creators API returned no product record after retry
B0DR79334M,https://www.amazon.com/dp/B0DR79334M?tag=hillarypeil-20,OVER 40 & Fabulous HILLARY'S Capsule WARDROBE - Effortless & Chic,Amazon Creators API returned no product record after retry
B0DR8F6ZTV,https://www.amazon.com/dp/B0DR8F6ZTV?tag=hillarypeil-20,2025 TOP SELLERS,Amazon Creators API returned no product record after retry
B0DR8P455C,https://www.amazon.com/dp/B0DR8P455C?tag=hillarypeil-20,$50 WINTER FASHION,Amazon Creators API returned no product record after retry
B0DRCVHVRK,https://www.amazon.com/dp/B0DRCVHVRK?tag=hillarypeil-20,AUGUST TOP PICKS,Amazon Creators API returned no product record after retry
B0DRCYPN81,https://www.amazon.com/dp/B0DRCYPN81?tag=hillarypeil-20,FASHION,Amazon Creators API returned no product record after retry
B0DRKZ52Y2,https://www.amazon.com/dp/B0DRKZ52Y2?tag=hillarypeil-20,THE Littles - GIFT GUIDE,Amazon Creators API returned no product record after retry
B0DRP4MLFG,https://www.amazon.com/dp/B0DRP4MLFG?tag=hillarypeil-20,SPORT MOM Style,Amazon Creators API returned no product record after retry
B0DRSL6J6K,https://www.amazon.com/dp/B0DRSL6J6K?tag=hillarypeil-20,JULY TOP PICKS,Amazon Creators API returned no product record after retry
B0DRTT5WTR,https://www.amazon.com/dp/B0DRTT5WTR?tag=hillarypeil-20,CHIC WITHOUT THE SPLURGE TRAVEL,Amazon Creators API returned no product record after retry
B0DRY8JTD9,https://www.amazon.com/dp/B0DRY8JTD9?tag=hillarypeil-20,ENTERTAINING Essentials,Amazon Creators API returned no product record after retry
B0DS5Y5QT6,https://www.amazon.com/dp/B0DS5Y5QT6?tag=hillarypeil-20,AUGUST TOP PICKS,Amazon Creators API returned no product record after retry
B0DS759PJ1,https://www.amazon.com/dp/B0DS759PJ1?tag=hillarypeil-20,$50 WINTER FASHION,Amazon Creators API returned no product record after retry
B0DSC21W29,https://www.amazon.com/dp/B0DSC21W29?tag=hillarypeil-20,The STYLE EDIT - HOTTEST finds RIGHT NOW!,Amazon Creators API returned no product record after retry
B0DSCLLB28,https://www.amazon.com/dp/B0DSCLLB28?tag=hillarypeil-20,DINING ROOM,Amazon Creators API returned no product record after retry
B0DSJ6H7Q5,https://www.amazon.com/dp/B0DSJ6H7Q5?tag=hillarypeil-20,MAXI DRESS EDIT,Amazon Creators API returned no product record after retry
B0DSKDHWSY,https://www.amazon.com/dp/B0DSKDHWSY?tag=hillarypeil-20,JUST IN - Organizing & Home,Amazon Creators API returned no product record after retry
B0DSRZ58P9,https://www.amazon.com/dp/B0DSRZ58P9?tag=hillarypeil-20,APRIL Best Sellers | April Amazon Live,Amazon Creators API returned no product record after retry
B0DSS4WZY4,https://www.amazon.com/dp/B0DSS4WZY4?tag=hillarypeil-20,APRIL Best Sellers,Amazon Creators API returned no product record after retry
B0DSVJP1XL,https://www.amazon.com/dp/B0DSVJP1XL?tag=hillarypeil-20,JULY TOP PICKS | TOP SEPTEMBER DEALS,Amazon Creators API returned no product record after retry
B0DSW6H49X,https://www.amazon.com/dp/B0DSW6H49X?tag=hillarypeil-20,OUTDOOR Oasis,Amazon Creators API returned no product record after retry
B0DSWSQXK2,https://www.amazon.com/dp/B0DSWSQXK2?tag=hillarypeil-20,48 Yr Old Mom of 5 - What I am OBSESSED over!,Amazon Creators API returned no product record after retry
B0DT14J7KS,https://www.amazon.com/dp/B0DT14J7KS?tag=hillarypeil-20,$50 WINTER FASHION | JUST IN...My Newest OBSESSIONS,Amazon Creators API returned no product record after retry
B0DT3P7RY4,https://www.amazon.com/dp/B0DT3P7RY4?tag=hillarypeil-20,RESORT WEAR FASHION,Amazon Creators API returned no product record after retry
B0DTDB8LQV,https://www.amazon.com/dp/B0DTDB8LQV?tag=hillarypeil-20,MORE NEW FINDS,Amazon Creators API returned no product record after retry
B0DTHMJXN6,https://www.amazon.com/dp/B0DTHMJXN6?tag=hillarypeil-20,The STYLE EDIT - HOTTEST finds RIGHT NOW!,Amazon Creators API returned no product record after retry
B0DTHNJBNS,https://www.amazon.com/dp/B0DTHNJBNS?tag=hillarypeil-20,The STYLE EDIT - HOTTEST finds RIGHT NOW!,Amazon Creators API returned no product record after retry
B0DTPF792N,https://www.amazon.com/dp/B0DTPF792N?tag=hillarypeil-20,SPORT MOM Style,Amazon Creators API returned no product record after retry
B0DVRHB6J2,https://www.amazon.com/dp/B0DVRHB6J2?tag=hillarypeil-20,NEW HOME FINDS,Amazon Creators API returned no product record after retry
B0DW7Y15PK,https://www.amazon.com/dp/B0DW7Y15PK?tag=hillarypeil-20,OUTDOOR Oasis,Amazon Creators API returned no product record after retry
B0DWFRTWYR,https://www.amazon.com/dp/B0DWFRTWYR?tag=hillarypeil-20,TOP NOVEMBER DEALS,Amazon Creators API returned no product record after retry
B0DWZWDR3P,https://www.amazon.com/dp/B0DWZWDR3P?tag=hillarypeil-20,FASHION,Amazon Creators API returned no product record after retry
B0DXF5HXZ7,https://www.amazon.com/dp/B0DXF5HXZ7?tag=hillarypeil-20,The STYLE EDIT - HOTTEST finds RIGHT NOW!,Amazon Creators API returned no product record after retry
B0DXNC52FT,https://www.amazon.com/dp/B0DXNC52FT?tag=hillarypeil-20,APRIL Best Sellers | April Amazon Live | OVER 40 & Fabulous HILLARY'S Capsule WARDROBE - Effortless & Chic,Amazon Creators API returned no product record after retry
B0DXPZZP5X,https://www.amazon.com/dp/B0DXPZZP5X?tag=hillarypeil-20,SPORT MOM Style,Amazon Creators API returned no product record after retry
B0DXTZRSWR,https://www.amazon.com/dp/B0DXTZRSWR?tag=hillarypeil-20,LUXURY GIFTS,Amazon Creators API returned no product record after retry
B0DY51JWD2,https://www.amazon.com/dp/B0DY51JWD2?tag=hillarypeil-20,HOME & BATH Essentials,Amazon Creators API returned no product record after retry
B0DY71168R,https://www.amazon.com/dp/B0DY71168R?tag=hillarypeil-20,FASHION,Amazon Creators API returned no product record after retry
B0DYCL3VVT,https://www.amazon.com/dp/B0DYCL3VVT?tag=hillarypeil-20,RESORT WEAR FASHION,Amazon Creators API returned no product record after retry
B0DYJL1YSM,https://www.amazon.com/dp/B0DYJL1YSM?tag=hillarypeil-20,JUST IN - Organizing & Home,Amazon Creators API returned no product record after retry
B0DYJL5DQY,https://www.amazon.com/dp/B0DYJL5DQY?tag=hillarypeil-20,$50 WINTER FASHION | 48 Yr Old Mom of 5 - What I am OBSESSED over!,Amazon Creators API returned no product record after retry
B0DYJNMH2Z,https://www.amazon.com/dp/B0DYJNMH2Z?tag=hillarypeil-20,SPORT MOM Style,Amazon Creators API returned no product record after retry
B0DYQBWP5W,https://www.amazon.com/dp/B0DYQBWP5W?tag=hillarypeil-20,LUXE Gifting,Amazon Creators API returned no product record after retry
B0DYR65J22,https://www.amazon.com/dp/B0DYR65J22?tag=hillarypeil-20,The FALL EDIT,Amazon Creators API returned no product record after retry
B0DZ1WMRN6,https://www.amazon.com/dp/B0DZ1WMRN6?tag=hillarypeil-20,UNDER $50 FALL Capsule,Amazon Creators API returned no product record after retry
B0DZNM9CV3,https://www.amazon.com/dp/B0DZNM9CV3?tag=hillarypeil-20,ATHLETIC DRESSES,Amazon Creators API returned no product record after retry
B0DZX6FMR3,https://www.amazon.com/dp/B0DZX6FMR3?tag=hillarypeil-20,EUROPEAN SUMMER,Amazon Creators API returned no product record after retry
B0DZXDSSPT,https://www.amazon.com/dp/B0DZXDSSPT?tag=hillarypeil-20,CHIC WITHOUT THE SPLURGE TRAVEL | OVER 40 & Fabulous HILLARY'S Capsule WARDROBE - Effortless & Chic,Amazon Creators API returned no product record after retry
B0DZXNRNJG,https://www.amazon.com/dp/B0DZXNRNJG?tag=hillarypeil-20,The STYLE EDIT - HOTTEST finds RIGHT NOW!,Amazon Creators API returned no product record after retry
B0F1898586,https://www.amazon.com/dp/B0F1898586?tag=hillarypeil-20,AFFORDABLE DECOR,Amazon Creators API returned no product record after retry
B0F1D3BLPG,https://www.amazon.com/dp/B0F1D3BLPG?tag=hillarypeil-20,SPORT MOM Style,Amazon Creators API returned no product record after retry
B0F1R88GVY,https://www.amazon.com/dp/B0F1R88GVY?tag=hillarypeil-20,DATE NIGHT FASHION,Amazon Creators API returned no product record after retry
B0F21MX967,https://www.amazon.com/dp/B0F21MX967?tag=hillarypeil-20,HOME & BATH Essentials,Amazon Creators API returned no product record after retry
B0F21SFWTF,https://www.amazon.com/dp/B0F21SFWTF?tag=hillarypeil-20,HOLIDAY COLOR CRUSHES 2025,Amazon Creators API returned no product record after retry
B0F28VXZL6,https://www.amazon.com/dp/B0F28VXZL6?tag=hillarypeil-20,CHIC WITHOUT THE SPLURGE TRAVEL,Amazon Creators API returned no product record after retry
B0F2HKT48Y,https://www.amazon.com/dp/B0F2HKT48Y?tag=hillarypeil-20,HOME & BATH Essentials,Amazon Creators API returned no product record after retry
B0F2JHNCYM,https://www.amazon.com/dp/B0F2JHNCYM?tag=hillarypeil-20,JUST IN...My Newest OBSESSIONS,Amazon Creators API returned no product record after retry
B0F2MFKNTY,https://www.amazon.com/dp/B0F2MFKNTY?tag=hillarypeil-20,TRAVEL,Amazon Creators API returned no product record after retry
B0F2MMLC77,https://www.amazon.com/dp/B0F2MMLC77?tag=hillarypeil-20,$50 WINTER FASHION,Amazon Creators API returned no product record after retry
B0F2MR3H5R,https://www.amazon.com/dp/B0F2MR3H5R?tag=hillarypeil-20,RESORT WEAR FASHION,Amazon Creators API returned no product record after retry
B0F2MV1ZV7,https://www.amazon.com/dp/B0F2MV1ZV7?tag=hillarypeil-20,EUROPEAN SUMMER,Amazon Creators API returned no product record after retry
B0F2MWGF2W,https://www.amazon.com/dp/B0F2MWGF2W?tag=hillarypeil-20,Spring Obsessed,Amazon Creators API returned no product record after retry
B0F2MX36Q6,https://www.amazon.com/dp/B0F2MX36Q6?tag=hillarypeil-20,The FALL EDIT,Amazon Creators API returned no product record after retry
B0F2RVJQTP,https://www.amazon.com/dp/B0F2RVJQTP?tag=hillarypeil-20,AUGUST TOP PICKS,Amazon Creators API returned no product record after retry
B0F32QQ513,https://www.amazon.com/dp/B0F32QQ513?tag=hillarypeil-20,UNBOXING,Amazon Creators API returned no product record after retry
B0F37945H1,https://www.amazon.com/dp/B0F37945H1?tag=hillarypeil-20,ELEVATED HOLIDAY FASHION,Amazon Creators API returned no product record after retry
B0F37SWKP9,https://www.amazon.com/dp/B0F37SWKP9?tag=hillarypeil-20,BEST SELLERS,Amazon Creators API returned no product record after retry
B0F38HG4NB,https://www.amazon.com/dp/B0F38HG4NB?tag=hillarypeil-20,FASHION,Amazon Creators API returned no product record after retry
B0F3J53NLJ,https://www.amazon.com/dp/B0F3J53NLJ?tag=hillarypeil-20,ATHEISURE,Amazon Creators API returned no product record after retry
B0F3XFPPML,https://www.amazon.com/dp/B0F3XFPPML?tag=hillarypeil-20,JUST IN...My Newest OBSESSIONS | PILATES PRINCESS,Amazon Creators API returned no product record after retry
B0F43B59W2,https://www.amazon.com/dp/B0F43B59W2?tag=hillarypeil-20,TRANSITIONAL Fall Fashion | UNDER $50 FALL Capsule,Amazon Creators API returned no product record after retry
B0F4JY16K4,https://www.amazon.com/dp/B0F4JY16K4?tag=hillarypeil-20,TOP 100 HOME PICKS,Amazon Creators API returned no product record after retry
B0F4L21Y68,https://www.amazon.com/dp/B0F4L21Y68?tag=hillarypeil-20,FASHION | RESORT WEAR FASHION,Amazon Creators API returned no product record after retry
B0F4PNFBW6,https://www.amazon.com/dp/B0F4PNFBW6?tag=hillarypeil-20,ENTERTAINING Essentials,Amazon Creators API returned no product record after retry
B0F4T1Y1CM,https://www.amazon.com/dp/B0F4T1Y1CM?tag=hillarypeil-20,LUXURY GIFTS,Amazon Creators API returned no product record after retry
B0F4XDZGPG,https://www.amazon.com/dp/B0F4XDZGPG?tag=hillarypeil-20,BEST SELLERS | The STYLE EDIT - HOTTEST finds RIGHT NOW!,Amazon Creators API returned no product record after retry
B0F549TKCT,https://www.amazon.com/dp/B0F549TKCT?tag=hillarypeil-20,THE Littles - GIFT GUIDE,Amazon Creators API returned no product record after retry
B0F54HLY45,https://www.amazon.com/dp/B0F54HLY45?tag=hillarypeil-20,ENTERTAINING Essentials,Amazon Creators API returned no product record after retry
B0F58XQYJR,https://www.amazon.com/dp/B0F58XQYJR?tag=hillarypeil-20,JUST IN - Organizing & Home,Amazon Creators API returned no product record after retry
B0F5W5VQRJ,https://www.amazon.com/dp/B0F5W5VQRJ?tag=hillarypeil-20,The STYLE EDIT - HOTTEST finds RIGHT NOW!,Amazon Creators API returned no product record after retry
B0F62NJLMS,https://www.amazon.com/dp/B0F62NJLMS?tag=hillarypeil-20,QUIET LUXURY/OLD MONEY,Amazon Creators API returned no product record after retry
B0F62RP5ND,https://www.amazon.com/dp/B0F62RP5ND?tag=hillarypeil-20,WORK WEAR,Amazon Creators API returned no product record after retry
B0F65C6WVM,https://www.amazon.com/dp/B0F65C6WVM?tag=hillarypeil-20,The FALL EDIT,Amazon Creators API returned no product record after retry
B0F66G9Y3S,https://www.amazon.com/dp/B0F66G9Y3S?tag=hillarypeil-20,MORE NEW FINDS,Amazon Creators API returned no product record after retry
B0F66TKVS8,https://www.amazon.com/dp/B0F66TKVS8?tag=hillarypeil-20,$50 WINTER FASHION | DESIGNER INSPIRED | The STYLE EDIT - HOTTEST finds RIGHT NOW!,Amazon Creators API returned no product record after retry
B0F66WXS82,https://www.amazon.com/dp/B0F66WXS82?tag=hillarypeil-20,ELEVATED HOLIDAY FASHION,Amazon Creators API returned no product record after retry
B0F66Z15FP,https://www.amazon.com/dp/B0F66Z15FP?tag=hillarypeil-20,HOLIDAY COLOR CRUSHES 2025,Amazon Creators API returned no product record after retry
B0F6LL5HJ2,https://www.amazon.com/dp/B0F6LL5HJ2?tag=hillarypeil-20,TOP NOVEMBER DEALS,Amazon Creators API returned no product record after retry
B0F6MKZ2FT,https://www.amazon.com/dp/B0F6MKZ2FT?tag=hillarypeil-20,AUGUST TOP PICKS,Amazon Creators API returned no product record after retry
B0F6NFQ95W,https://www.amazon.com/dp/B0F6NFQ95W?tag=hillarypeil-20,JUNE TOP PICKS | The STYLE EDIT - HOTTEST finds RIGHT NOW!,Amazon Creators API returned no product record after retry
B0F6T4TS23,https://www.amazon.com/dp/B0F6T4TS23?tag=hillarypeil-20,CHIC 2-PIECE SETS | CHIC WITHOUT THE SPLURGE TRAVEL,Amazon Creators API returned no product record after retry
B0F6VVG3RG,https://www.amazon.com/dp/B0F6VVG3RG?tag=hillarypeil-20,SPORT MOM Style,Amazon Creators API returned no product record after retry
B0F6YQW61T,https://www.amazon.com/dp/B0F6YQW61T?tag=hillarypeil-20,2025 TOP SELLERS,Amazon Creators API returned no product record after retry
B0F7DR58GP,https://www.amazon.com/dp/B0F7DR58GP?tag=hillarypeil-20,APRIL Best Sellers,Amazon Creators API returned no product record after retry
B0F7F6F8C8,https://www.amazon.com/dp/B0F7F6F8C8?tag=hillarypeil-20,TOP 100 HOME PICKS,Amazon Creators API returned no product record after retry
B0F7FQTGC9,https://www.amazon.com/dp/B0F7FQTGC9?tag=hillarypeil-20,NEW HOME FINDS,Amazon Creators API returned no product record after retry
B0F7K6GN6G,https://www.amazon.com/dp/B0F7K6GN6G?tag=hillarypeil-20,$50 WINTER FASHION | JUST IN...My Newest OBSESSIONS | UNDER $50 FALL Capsule,Amazon Creators API returned no product record after retry
B0F7LS6HDR,https://www.amazon.com/dp/B0F7LS6HDR?tag=hillarypeil-20,In MY Travel Bag,Amazon Creators API returned no product record after retry
B0F7M234P5,https://www.amazon.com/dp/B0F7M234P5?tag=hillarypeil-20,FASHION,Amazon Creators API returned no product record after retry
B0F7QR71MD,https://www.amazon.com/dp/B0F7QR71MD?tag=hillarypeil-20,THE DRESS SHOPPE - From BRUNCH to BLACK TIE,Amazon Creators API returned no product record after retry
B0F7XJTK6P,https://www.amazon.com/dp/B0F7XJTK6P?tag=hillarypeil-20,ELEVATED SWIMWEAR,Amazon Creators API returned no product record after retry
B0F7XPN3RB,https://www.amazon.com/dp/B0F7XPN3RB?tag=hillarypeil-20,BEST SELLERS | TOP SEPTEMBER DEALS,Amazon Creators API returned no product record after retry
B0F87N8HMG,https://www.amazon.com/dp/B0F87N8HMG?tag=hillarypeil-20,ELEVATED HOLIDAY FASHION,Amazon Creators API returned no product record after retry
B0F8BB6MVX,https://www.amazon.com/dp/B0F8BB6MVX?tag=hillarypeil-20,ATHLETIC DRESSES,Amazon Creators API returned no product record after retry
B0F8J1VT55,https://www.amazon.com/dp/B0F8J1VT55?tag=hillarypeil-20,UNDER $50 FALL Capsule,Amazon Creators API returned no product record after retry
B0F8ZWZRR2,https://www.amazon.com/dp/B0F8ZWZRR2?tag=hillarypeil-20,EUROPEAN SUMMER | The STYLE EDIT - HOTTEST finds RIGHT NOW!,Amazon Creators API returned no product record after retry
B0F93JF28C,https://www.amazon.com/dp/B0F93JF28C?tag=hillarypeil-20,BEST SELLERS | TOP OCTOBER DEALS,Amazon Creators API returned no product record after retry
B0F93MX6RR,https://www.amazon.com/dp/B0F93MX6RR?tag=hillarypeil-20,FOR HIM - GIFT GUIDE,Amazon Creators API returned no product record after retry
B0F98Q57YZ,https://www.amazon.com/dp/B0F98Q57YZ?tag=hillarypeil-20,$50 WINTER FASHION,Amazon Creators API returned no product record after retry
B0F98Z9PJK,https://www.amazon.com/dp/B0F98Z9PJK?tag=hillarypeil-20,QUIET LUXURY/OLD MONEY,Amazon Creators API returned no product record after retry
B0F992RXFL,https://www.amazon.com/dp/B0F992RXFL?tag=hillarypeil-20,BEST SELLERS | TOP OCTOBER DEALS | TOP SEPTEMBER DEALS,Amazon Creators API returned no product record after retry
B0F9B55G16,https://www.amazon.com/dp/B0F9B55G16?tag=hillarypeil-20,FASHION,Amazon Creators API returned no product record after retry
B0F9NKVPCP,https://www.amazon.com/dp/B0F9NKVPCP?tag=hillarypeil-20,The FALL EDIT,Amazon Creators API returned no product record after retry
B0F9NTKQZ6,https://www.amazon.com/dp/B0F9NTKQZ6?tag=hillarypeil-20,JUST IN...My Newest OBSESSIONS,Amazon Creators API returned no product record after retry
B0F9TG32TN,https://www.amazon.com/dp/B0F9TG32TN?tag=hillarypeil-20,QUIET LUXURY/OLD MONEY,Amazon Creators API returned no product record after retry
B0F9Y3ZG3L,https://www.amazon.com/dp/B0F9Y3ZG3L?tag=hillarypeil-20,BEST SELLERS | TOP OCTOBER DEALS,Amazon Creators API returned no product record after retry
B0F9Y4Q9RH,https://www.amazon.com/dp/B0F9Y4Q9RH?tag=hillarypeil-20,BEST SELLERS,Amazon Creators API returned no product record after retry
B0FB91XVJ7,https://www.amazon.com/dp/B0FB91XVJ7?tag=hillarypeil-20,The FALL EDIT,Amazon Creators API returned no product record after retry
B0FBKY2VBT,https://www.amazon.com/dp/B0FBKY2VBT?tag=hillarypeil-20,SPORT MOM Style,Amazon Creators API returned no product record after retry
B0FBRFZ6Y6,https://www.amazon.com/dp/B0FBRFZ6Y6?tag=hillarypeil-20,The STYLE EDIT - HOTTEST finds RIGHT NOW!,Amazon Creators API returned no product record after retry
B0FBRHCGXY,https://www.amazon.com/dp/B0FBRHCGXY?tag=hillarypeil-20,The FALL EDIT | The STYLE EDIT - HOTTEST finds RIGHT NOW!,Amazon Creators API returned no product record after retry
B0FC6FTXY3,https://www.amazon.com/dp/B0FC6FTXY3?tag=hillarypeil-20,TOP OCTOBER DEALS,Amazon Creators API returned no product record after retry
B0FC6M4FP7,https://www.amazon.com/dp/B0FC6M4FP7?tag=hillarypeil-20,$50 WINTER FASHION,Amazon Creators API returned no product record after retry
B0FCBYHJX8,https://www.amazon.com/dp/B0FCBYHJX8?tag=hillarypeil-20,HOLIDAY COLOR CRUSHES 2025,Amazon Creators API returned no product record after retry
B0FCBYNNY9,https://www.amazon.com/dp/B0FCBYNNY9?tag=hillarypeil-20,The STYLE EDIT - HOTTEST finds RIGHT NOW!,Amazon Creators API returned no product record after retry
B0FCG7WJV4,https://www.amazon.com/dp/B0FCG7WJV4?tag=hillarypeil-20,NEW HOME FINDS,Amazon Creators API returned no product record after retry
B0FCLL3BSP,https://www.amazon.com/dp/B0FCLL3BSP?tag=hillarypeil-20,HOLIDAY COLOR CRUSHES 2025,Amazon Creators API returned no product record after retry
B0FCLL8CDQ,https://www.amazon.com/dp/B0FCLL8CDQ?tag=hillarypeil-20,$50 WINTER FASHION,Amazon Creators API returned no product record after retry
B0FCLYTQRK,https://www.amazon.com/dp/B0FCLYTQRK?tag=hillarypeil-20,THE DRESS SHOPPE - From BRUNCH to BLACK TIE,Amazon Creators API returned no product record after retry
B0FCM6HM76,https://www.amazon.com/dp/B0FCM6HM76?tag=hillarypeil-20,TOP SEPTEMBER DEALS,Amazon Creators API returned no product record after retry
B0FCV5452Y,https://www.amazon.com/dp/B0FCV5452Y?tag=hillarypeil-20,SPORT MOM Style,Amazon Creators API returned no product record after retry
B0FCXFLFHB,https://www.amazon.com/dp/B0FCXFLFHB?tag=hillarypeil-20,SPORT MOM Style,Amazon Creators API returned no product record after retry
B0FCXSPZT1,https://www.amazon.com/dp/B0FCXSPZT1?tag=hillarypeil-20,JUST IN - Organizing & Home,Amazon Creators API returned no product record after retry
B0FCXWPG2D,https://www.amazon.com/dp/B0FCXWPG2D?tag=hillarypeil-20,JUNE TOP PICKS,Amazon Creators API returned no product record after retry
B0FD2Y4NVH,https://www.amazon.com/dp/B0FD2Y4NVH?tag=hillarypeil-20,The FALL EDIT | UNDER $50 FALL Capsule,Amazon Creators API returned no product record after retry
B0FD3Y86KD,https://www.amazon.com/dp/B0FD3Y86KD?tag=hillarypeil-20,UNDER $50 FALL Capsule,Amazon Creators API returned no product record after retry
B0FDFHZWV4,https://www.amazon.com/dp/B0FDFHZWV4?tag=hillarypeil-20,ELEVATED HOLIDAY FASHION,Amazon Creators API returned no product record after retry
B0FDKR4QJY,https://www.amazon.com/dp/B0FDKR4QJY?tag=hillarypeil-20,AUGUST TOP PICKS,Amazon Creators API returned no product record after retry
B0FDQNBHX5,https://www.amazon.com/dp/B0FDQNBHX5?tag=hillarypeil-20,NEW HOME FINDS,Amazon Creators API returned no product record after retry
B0FDQVNTNS,https://www.amazon.com/dp/B0FDQVNTNS?tag=hillarypeil-20,The STYLE EDIT - HOTTEST finds RIGHT NOW!,Amazon Creators API returned no product record after retry
B0FDW9YTJ6,https://www.amazon.com/dp/B0FDW9YTJ6?tag=hillarypeil-20,DESIGNER INSPIRED,Amazon Creators API returned no product record after retry
B0FDWN4X14,https://www.amazon.com/dp/B0FDWN4X14?tag=hillarypeil-20,BEDDING: LUXURY finds in Our Home | BEDROOM STYLE | NEW HOME FINDS,Amazon Creators API returned no product record after retry
B0FDX18FB1,https://www.amazon.com/dp/B0FDX18FB1?tag=hillarypeil-20,CHIC WITHOUT THE SPLURGE TRAVEL | LUXE JEWELRY & ACCESSORIES,Amazon Creators API returned no product record after retry
B0FDXLRP8J,https://www.amazon.com/dp/B0FDXLRP8J?tag=hillarypeil-20,FOR HIM - GIFT GUIDE,Amazon Creators API returned no product record after retry
B0FDYH6KB4,https://www.amazon.com/dp/B0FDYH6KB4?tag=hillarypeil-20,JUST IN...My Newest OBSESSIONS,Amazon Creators API returned no product record after retry
B0FF3TWNS4,https://www.amazon.com/dp/B0FF3TWNS4?tag=hillarypeil-20,The STYLE EDIT - HOTTEST finds RIGHT NOW!,Amazon Creators API returned no product record after retry
B0FF42GWJH,https://www.amazon.com/dp/B0FF42GWJH?tag=hillarypeil-20,ELEVATED HOLIDAY FASHION | THE DRESS SHOPPE - From BRUNCH to BLACK TIE,Amazon Creators API returned no product record after retry
B0FFB87TBB,https://www.amazon.com/dp/B0FFB87TBB?tag=hillarypeil-20,JULY TOP PICKS,Amazon Creators API returned no product record after retry
B0FG337N98,https://www.amazon.com/dp/B0FG337N98?tag=hillarypeil-20,TOP SEPTEMBER DEALS,Amazon Creators API returned no product record after retry
B0FGD2DLH9,https://www.amazon.com/dp/B0FGD2DLH9?tag=hillarypeil-20,CHIC WITHOUT THE SPLURGE TRAVEL,Amazon Creators API returned no product record after retry
B0FGDK2R3Y,https://www.amazon.com/dp/B0FGDK2R3Y?tag=hillarypeil-20,CHIC 2-PIECE SETS | FASHION,Amazon Creators API returned no product record after retry
B0FGJ5R5WL,https://www.amazon.com/dp/B0FGJ5R5WL?tag=hillarypeil-20,CHIC 2-PIECE SETS,Amazon Creators API returned no product record after retry
B0FGLFYBH6,https://www.amazon.com/dp/B0FGLFYBH6?tag=hillarypeil-20,BEAUTY MUST-HAVES | CARTS DON'T LIE — These were May's biggest hits. | LUXURY GIFTS,Amazon Creators API returned no product record after retry
B0FGLTS9YY,https://www.amazon.com/dp/B0FGLTS9YY?tag=hillarypeil-20,BEAUTY MUST-HAVES,Amazon Creators API returned no product record after retry
B0FGTT48PN,https://www.amazon.com/dp/B0FGTT48PN?tag=hillarypeil-20,NEW HOME FINDS,Amazon Creators API returned no product record after retry
B0FH4KD98L,https://www.amazon.com/dp/B0FH4KD98L?tag=hillarypeil-20,FASHION,Amazon Creators API returned no product record after retry
B0FH4T7HGP,https://www.amazon.com/dp/B0FH4T7HGP?tag=hillarypeil-20,HOME DECOR,Amazon Creators API returned no product record after retry
B0FH6TCXRY,https://www.amazon.com/dp/B0FH6TCXRY?tag=hillarypeil-20,DESIGNER INSPIRED,Amazon Creators API returned no product record after retry
B0FHGF8HD7,https://www.amazon.com/dp/B0FHGF8HD7?tag=hillarypeil-20,TOP 100 PRIME FASHION DEALS,Amazon Creators API returned no product record after retry
B0FHKJLNKL,https://www.amazon.com/dp/B0FHKJLNKL?tag=hillarypeil-20,TOP NOVEMBER DEALS,Amazon Creators API returned no product record after retry
B0FHR47Q5D,https://www.amazon.com/dp/B0FHR47Q5D?tag=hillarypeil-20,DESIGNER INSPIRED,Amazon Creators API returned no product record after retry
B0FHWMKXZJ,https://www.amazon.com/dp/B0FHWMKXZJ?tag=hillarypeil-20,BEST SELLERS | TOP SEPTEMBER DEALS,Amazon Creators API returned no product record after retry
B0FJFBR9MZ,https://www.amazon.com/dp/B0FJFBR9MZ?tag=hillarypeil-20,UNDER $50 FALL Capsule,Amazon Creators API returned no product record after retry
B0FJFLKM3X,https://www.amazon.com/dp/B0FJFLKM3X?tag=hillarypeil-20,ELEVATED HOLIDAY FASHION,Amazon Creators API returned no product record after retry
B0FJWP2XXS,https://www.amazon.com/dp/B0FJWP2XXS?tag=hillarypeil-20,BEST SELLERS,Amazon Creators API returned no product record after retry
B0FK26M34H,https://www.amazon.com/dp/B0FK26M34H?tag=hillarypeil-20,HOME DECOR,Amazon Creators API returned no product record after retry
B0FK28T8RL,https://www.amazon.com/dp/B0FK28T8RL?tag=hillarypeil-20,ELEVATED HOLIDAY FASHION,Amazon Creators API returned no product record after retry
B0FK3YGNMR,https://www.amazon.com/dp/B0FK3YGNMR?tag=hillarypeil-20,NEW Arrivals | QUIET LUXURY/OLD MONEY | RH STYLE - Looks like a SPLURGE,Amazon Creators API returned no product record after retry
B0FL2KTLCZ,https://www.amazon.com/dp/B0FL2KTLCZ?tag=hillarypeil-20,RH STYLE - Looks like a SPLURGE,Amazon Creators API returned no product record after retry
B0FLPB6M57,https://www.amazon.com/dp/B0FLPB6M57?tag=hillarypeil-20,FASHION,Amazon Creators API returned no product record after retry
B0FLQ1HWMS,https://www.amazon.com/dp/B0FLQ1HWMS?tag=hillarypeil-20,ENTERTAINING Essentials,Amazon Creators API returned no product record after retry
B0FLQ79KCK,https://www.amazon.com/dp/B0FLQ79KCK?tag=hillarypeil-20,FASHION,Amazon Creators API returned no product record after retry
B0FLXL2NL2,https://www.amazon.com/dp/B0FLXL2NL2?tag=hillarypeil-20,Effortless Chic Home,Amazon Creators API returned no product record after retry
B0FLXQVF8R,https://www.amazon.com/dp/B0FLXQVF8R?tag=hillarypeil-20,$50 WINTER FASHION | Effortless Chic Home,Amazon Creators API returned no product record after retry
B0FLXRMN54,https://www.amazon.com/dp/B0FLXRMN54?tag=hillarypeil-20,NEW HOME FINDS,Amazon Creators API returned no product record after retry
B0FLY99BSK,https://www.amazon.com/dp/B0FLY99BSK?tag=hillarypeil-20,$50 WINTER FASHION | FASHION,Amazon Creators API returned no product record after retry
B0FM87K3YH,https://www.amazon.com/dp/B0FM87K3YH?tag=hillarypeil-20,BURGUNDY CRUSH,Amazon Creators API returned no product record after retry
B0FMXPRK4N,https://www.amazon.com/dp/B0FMXPRK4N?tag=hillarypeil-20,FASHION,Amazon Creators API returned no product record after retry
B0FN39NG3C,https://www.amazon.com/dp/B0FN39NG3C?tag=hillarypeil-20,TOP OCTOBER DEALS,Amazon Creators API returned no product record after retry
B0FN3N1MVM,https://www.amazon.com/dp/B0FN3N1MVM?tag=hillarypeil-20,The STYLE EDIT - HOTTEST finds RIGHT NOW!,Amazon Creators API returned no product record after retry
B0FN4HSF5M,https://www.amazon.com/dp/B0FN4HSF5M?tag=hillarypeil-20,UNDER $50 FALL Capsule,Amazon Creators API returned no product record after retry
B0FP8NV16H,https://www.amazon.com/dp/B0FP8NV16H?tag=hillarypeil-20,BEST SELLERS | HOLIDAY THEMES 2025 | TOP NOVEMBER DEALS,Amazon Creators API returned no product record after retry
B0FPC753B2,https://www.amazon.com/dp/B0FPC753B2?tag=hillarypeil-20,HOME DECOR,Amazon Creators API returned no product record after retry
B0FPM9HSP9,https://www.amazon.com/dp/B0FPM9HSP9?tag=hillarypeil-20,JUST IN - Organizing & Home,Amazon Creators API returned no product record after retry
B0FPMDJWD5,https://www.amazon.com/dp/B0FPMDJWD5?tag=hillarypeil-20,The STYLE EDIT - HOTTEST finds RIGHT NOW!,Amazon Creators API returned no product record after retry
B0FPPV8V5Q,https://www.amazon.com/dp/B0FPPV8V5Q?tag=hillarypeil-20,48 Yr Old Mom of 5 - What I am OBSESSED over! | BEAUTY MUST-HAVES | LUXURY GIFTS,Amazon Creators API returned no product record after retry
B0FQ5YZ2FS,https://www.amazon.com/dp/B0FQ5YZ2FS?tag=hillarypeil-20,RESTORATION VIBES | TOP 100 HOME PICKS,Amazon Creators API returned no product record after retry
B0FQFYSH7T,https://www.amazon.com/dp/B0FQFYSH7T?tag=hillarypeil-20,CYBER HOLIDAY | HOLIDAY MUST-HAVES on AMAZON LIVE | MY HOLIDAY Home | TOP NOVEMBER DEALS | The Hillary Style Holiday | VIRAL Holiday Finds,Amazon Creators API returned no product record after retry
B0FQHYXDBQ,https://www.amazon.com/dp/B0FQHYXDBQ?tag=hillarypeil-20,CHIC WITHOUT THE SPLURGE TRAVEL | DATE NIGHT FASHION | OVER 40 & Fabulous HILLARY'S Capsule WARDROBE - Effortless & Chic,Amazon Creators API returned no product record after retry
B0FQKZ2Q9S,https://www.amazon.com/dp/B0FQKZ2Q9S?tag=hillarypeil-20,TECH ESSENTIALS,Amazon Creators API returned no product record after retry
B0FQXHXCLX,https://www.amazon.com/dp/B0FQXHXCLX?tag=hillarypeil-20,LUXURY GIFTS,Amazon Creators API returned no product record after retry
B0FR4G4C5P,https://www.amazon.com/dp/B0FR4G4C5P?tag=hillarypeil-20,DATE NIGHT FASHION,Amazon Creators API returned no product record after retry
B0FR4GT4VJ,https://www.amazon.com/dp/B0FR4GT4VJ?tag=hillarypeil-20,FASHION,Amazon Creators API returned no product record after retry
B0FR8PMPMH,https://www.amazon.com/dp/B0FR8PMPMH?tag=hillarypeil-20,The STYLE EDIT - HOTTEST finds RIGHT NOW!,Amazon Creators API returned no product record after retry
B0FRDZD6D4,https://www.amazon.com/dp/B0FRDZD6D4?tag=hillarypeil-20,TOP 100 PRIME FASHION DEALS,Amazon Creators API returned no product record after retry
B0FRFTY4K2,https://www.amazon.com/dp/B0FRFTY4K2?tag=hillarypeil-20,Hillary's NEWEST Finds | NEW Arrivals,Amazon Creators API returned no product record after retry
B0FRJ6DXR7,https://www.amazon.com/dp/B0FRJ6DXR7?tag=hillarypeil-20,CYBER HOLIDAY | HOLIDAY MUST-HAVES on AMAZON LIVE | MY HOLIDAY Home | The Hillary Style Holiday,Amazon Creators API returned no product record after retry
B0FRLHL7K9,https://www.amazon.com/dp/B0FRLHL7K9?tag=hillarypeil-20,The STYLE EDIT - HOTTEST finds RIGHT NOW!,Amazon Creators API returned no product record after retry
B0FRM95HGX,https://www.amazon.com/dp/B0FRM95HGX?tag=hillarypeil-20,FASHION,Amazon Creators API returned no product record after retry
B0FRN4W3TB,https://www.amazon.com/dp/B0FRN4W3TB?tag=hillarypeil-20,THE DRESS SHOPPE - From BRUNCH to BLACK TIE,Amazon Creators API returned no product record after retry
B0FRRTDGFT,https://www.amazon.com/dp/B0FRRTDGFT?tag=hillarypeil-20,$50 WINTER FASHION,Amazon Creators API returned no product record after retry
B0FS15VW9X,https://www.amazon.com/dp/B0FS15VW9X?tag=hillarypeil-20,The STYLE EDIT - HOTTEST finds RIGHT NOW!,Amazon Creators API returned no product record after retry
B0FS17WBLR,https://www.amazon.com/dp/B0FS17WBLR?tag=hillarypeil-20,TOP 100 PRIME FASHION DEALS,Amazon Creators API returned no product record after retry
B0FS1P2BDS,https://www.amazon.com/dp/B0FS1P2BDS?tag=hillarypeil-20,WORK WEAR,Amazon Creators API returned no product record after retry
B0FS636YVZ,https://www.amazon.com/dp/B0FS636YVZ?tag=hillarypeil-20,ENTERTAINING Essentials,Amazon Creators API returned no product record after retry
B0FSR5LRPZ,https://www.amazon.com/dp/B0FSR5LRPZ?tag=hillarypeil-20,The STYLE EDIT - HOTTEST finds RIGHT NOW!,Amazon Creators API returned no product record after retry
B0FSZZZ61L,https://www.amazon.com/dp/B0FSZZZ61L?tag=hillarypeil-20,JULY TOP PICKS,Amazon Creators API returned no product record after retry
B0FT372LNY,https://www.amazon.com/dp/B0FT372LNY?tag=hillarypeil-20,The STYLE EDIT - HOTTEST finds RIGHT NOW!,Amazon Creators API returned no product record after retry
B0FT78ZYF2,https://www.amazon.com/dp/B0FT78ZYF2?tag=hillarypeil-20,The STYLE EDIT - HOTTEST finds RIGHT NOW!,Amazon Creators API returned no product record after retry
B0FVF4RKMY,https://www.amazon.com/dp/B0FVF4RKMY?tag=hillarypeil-20,NEW HOME FINDS,Amazon Creators API returned no product record after retry
B0FVFLQBQ1,https://www.amazon.com/dp/B0FVFLQBQ1?tag=hillarypeil-20,TOP 100+ PRIME DEALS,Amazon Creators API returned no product record after retry
B0FVWWVT8F,https://www.amazon.com/dp/B0FVWWVT8F?tag=hillarypeil-20,CHIC WITHOUT THE SPLURGE TRAVEL,Amazon Creators API returned no product record after retry
B0FVWXH943,https://www.amazon.com/dp/B0FVWXH943?tag=hillarypeil-20,EUROPEAN SUMMER,Amazon Creators API returned no product record after retry
B0FVXKGDBQ,https://www.amazon.com/dp/B0FVXKGDBQ?tag=hillarypeil-20,FASHION,Amazon Creators API returned no product record after retry
B0FW4PCK58,https://www.amazon.com/dp/B0FW4PCK58?tag=hillarypeil-20,JUST IN - Organizing & Home,Amazon Creators API returned no product record after retry
B0FW4W6XJB,https://www.amazon.com/dp/B0FW4W6XJB?tag=hillarypeil-20,The STYLE EDIT - HOTTEST finds RIGHT NOW!,Amazon Creators API returned no product record after retry
B0FWKD4BSY,https://www.amazon.com/dp/B0FWKD4BSY?tag=hillarypeil-20,FASHION,Amazon Creators API returned no product record after retry
B0FWQF4FZX,https://www.amazon.com/dp/B0FWQF4FZX?tag=hillarypeil-20,JUST IN - Organizing & Home,Amazon Creators API returned no product record after retry
B0FWR9MJM3,https://www.amazon.com/dp/B0FWR9MJM3?tag=hillarypeil-20,The STYLE EDIT - HOTTEST finds RIGHT NOW!,Amazon Creators API returned no product record after retry
B0FX214Y2Z,https://www.amazon.com/dp/B0FX214Y2Z?tag=hillarypeil-20,The STYLE EDIT - HOTTEST finds RIGHT NOW!,Amazon Creators API returned no product record after retry
B0FX4BFTW4,https://www.amazon.com/dp/B0FX4BFTW4?tag=hillarypeil-20,CHIC WITHOUT THE SPLURGE TRAVEL | In MY Travel Bag | OVER 40 & Fabulous HILLARY'S Capsule WARDROBE - Effortless & Chic | SPORT MOM Style,Amazon Creators API returned no product record after retry
B0FXF4NJS1,https://www.amazon.com/dp/B0FXF4NJS1?tag=hillarypeil-20,MAXI DRESS EDIT,Amazon Creators API returned no product record after retry
B0FXWQ5BQ2,https://www.amazon.com/dp/B0FXWQ5BQ2?tag=hillarypeil-20,NEW HOME FINDS,Amazon Creators API returned no product record after retry
B0FY2K3BP5,https://www.amazon.com/dp/B0FY2K3BP5?tag=hillarypeil-20,JULY TOP PICKS,Amazon Creators API returned no product record after retry
B0FY5S946K,https://www.amazon.com/dp/B0FY5S946K?tag=hillarypeil-20,The STYLE EDIT - HOTTEST finds RIGHT NOW!,Amazon Creators API returned no product record after retry
B0FYBL3HN1,https://www.amazon.com/dp/B0FYBL3HN1?tag=hillarypeil-20,APRIL Best Sellers | Hillary's NEWEST Finds | TOP 100 HOME PICKS | TOP 100+ PRIME DEALS,Amazon Creators API returned no product record after retry
B0FZG37GM7,https://www.amazon.com/dp/B0FZG37GM7?tag=hillarypeil-20,HOME DECOR | NEW HOME FINDS,Amazon Creators API returned no product record after retry
B0FZGJ9MRK,https://www.amazon.com/dp/B0FZGJ9MRK?tag=hillarypeil-20,CHIC WITHOUT THE SPLURGE TRAVEL | RESORT WEAR FASHION | THE DRESS SHOPPE - From BRUNCH to BLACK TIE,Amazon Creators API returned no product record after retry
B0FZJPLFKL,https://www.amazon.com/dp/B0FZJPLFKL?tag=hillarypeil-20,RESORT WEAR FASHION,Amazon Creators API returned no product record after retry
B0FZKF5L6Z,https://www.amazon.com/dp/B0FZKF5L6Z?tag=hillarypeil-20,NEW HOME FINDS,Amazon Creators API returned no product record after retry
B0G11G3X53,https://www.amazon.com/dp/B0G11G3X53?tag=hillarypeil-20,EUROPEAN SUMMER,Amazon Creators API returned no product record after retry
B0G1C7169X,https://www.amazon.com/dp/B0G1C7169X?tag=hillarypeil-20,MORE NEW FINDS,Amazon Creators API returned no product record after retry
B0G1VJ16C4,https://www.amazon.com/dp/B0G1VJ16C4?tag=hillarypeil-20,DESIGNER INSPIRED | RESORT WEAR FASHION,Amazon Creators API returned no product record after retry
B0G1VMCZB6,https://www.amazon.com/dp/B0G1VMCZB6?tag=hillarypeil-20,ELEVATED SWIMWEAR,Amazon Creators API returned no product record after retry
B0G1XXYH4C,https://www.amazon.com/dp/B0G1XXYH4C?tag=hillarypeil-20,ATHLETIC DRESSES,Amazon Creators API returned no product record after retry
B0G2LFC878,https://www.amazon.com/dp/B0G2LFC878?tag=hillarypeil-20,HOME DECOR,Amazon Creators API returned no product record after retry
B0G2LLLHVH,https://www.amazon.com/dp/B0G2LLLHVH?tag=hillarypeil-20,ATHLETIC DRESSES,Amazon Creators API returned no product record after retry
B0G2Y7B17G,https://www.amazon.com/dp/B0G2Y7B17G?tag=hillarypeil-20,CHIC 2-PIECE SETS,Amazon Creators API returned no product record after retry
B0G2YBBYYX,https://www.amazon.com/dp/B0G2YBBYYX?tag=hillarypeil-20,DATE NIGHT FASHION,Amazon Creators API returned no product record after retry
B0G346TSXL,https://www.amazon.com/dp/B0G346TSXL?tag=hillarypeil-20,WORK WEAR,Amazon Creators API returned no product record after retry
B0G35F96ZX,https://www.amazon.com/dp/B0G35F96ZX?tag=hillarypeil-20,RH STYLE - Looks like a SPLURGE,Amazon Creators API returned no product record after retry
B0G3QM6C43,https://www.amazon.com/dp/B0G3QM6C43?tag=hillarypeil-20,EARLY Fall,Amazon Creators API returned no product record after retry
B0G3T4PT38,https://www.amazon.com/dp/B0G3T4PT38?tag=hillarypeil-20,ELEVATED SWIMWEAR,Amazon Creators API returned no product record after retry
B0G42QSKH7,https://www.amazon.com/dp/B0G42QSKH7?tag=hillarypeil-20,ELEVATED SWIMWEAR | FASHION,Amazon Creators API returned no product record after retry
B0G4B58Y9V,https://www.amazon.com/dp/B0G4B58Y9V?tag=hillarypeil-20,OVER 40 & Fabulous HILLARY'S Capsule WARDROBE - Effortless & Chic,Amazon Creators API returned no product record after retry
B0G4M8C3XK,https://www.amazon.com/dp/B0G4M8C3XK?tag=hillarypeil-20,RESORT WEAR FASHION,Amazon Creators API returned no product record after retry
B0G4N4BY24,https://www.amazon.com/dp/B0G4N4BY24?tag=hillarypeil-20,In MY Travel Bag | OVER 40 & Fabulous HILLARY'S Capsule WARDROBE - Effortless & Chic,Amazon Creators API returned no product record after retry
B0G4NC66R4,https://www.amazon.com/dp/B0G4NC66R4?tag=hillarypeil-20,CHIC WITHOUT THE SPLURGE TRAVEL,Amazon Creators API returned no product record after retry
B0G4V4C6HX,https://www.amazon.com/dp/B0G4V4C6HX?tag=hillarypeil-20,The STYLE EDIT - HOTTEST finds RIGHT NOW!,Amazon Creators API returned no product record after retry
B0G52K4X5Q,https://www.amazon.com/dp/B0G52K4X5Q?tag=hillarypeil-20,WORK WEAR,Amazon Creators API returned no product record after retry
B0G63SD5JD,https://www.amazon.com/dp/B0G63SD5JD?tag=hillarypeil-20,CHIC WITHOUT THE SPLURGE TRAVEL | FASHION | RESORT WEAR FASHION,Amazon Creators API returned no product record after retry
B0G64GGPY9,https://www.amazon.com/dp/B0G64GGPY9?tag=hillarypeil-20,FASHION,Amazon Creators API returned no product record after retry
B0G64JP499,https://www.amazon.com/dp/B0G64JP499?tag=hillarypeil-20,CHIC WITHOUT THE SPLURGE TRAVEL | EUROPEAN SUMMER | RESORT WEAR FASHION,Amazon Creators API returned no product record after retry
B0G6K7FC5R,https://www.amazon.com/dp/B0G6K7FC5R?tag=hillarypeil-20,THE DRESS SHOPPE - From BRUNCH to BLACK TIE,Amazon Creators API returned no product record after retry
B0G6KLS4SR,https://www.amazon.com/dp/B0G6KLS4SR?tag=hillarypeil-20,TOP 100+ PRIME DEALS,Amazon Creators API returned no product record after retry
B0G6MCL7FN,https://www.amazon.com/dp/B0G6MCL7FN?tag=hillarypeil-20,The STYLE EDIT - HOTTEST finds RIGHT NOW!,Amazon Creators API returned no product record after retry
B0G7JCVJSD,https://www.amazon.com/dp/B0G7JCVJSD?tag=hillarypeil-20,CABINETS. SIDEBOARDS. BUFFETS. CONSOLES.,Amazon Creators API returned no product record after retry
B0G7TP2HGW,https://www.amazon.com/dp/B0G7TP2HGW?tag=hillarypeil-20,RESORT WEAR FASHION,Amazon Creators API returned no product record after retry
B0G7YTWVHS,https://www.amazon.com/dp/B0G7YTWVHS?tag=hillarypeil-20,The FALL EDIT,Amazon Creators API returned no product record after retry
B0G82QHHGX,https://www.amazon.com/dp/B0G82QHHGX?tag=hillarypeil-20,EUROPEAN SUMMER,Amazon Creators API returned no product record after retry
B0G8DK99HZ,https://www.amazon.com/dp/B0G8DK99HZ?tag=hillarypeil-20,TOP 100 HOME PICKS,Amazon Creators API returned no product record after retry
B0GBZFRHD2,https://www.amazon.com/dp/B0GBZFRHD2?tag=hillarypeil-20,TOP 100 HOME PICKS,Amazon Creators API returned no product record after retry
B0GC2M4YHP,https://www.amazon.com/dp/B0GC2M4YHP?tag=hillarypeil-20,DESIGNER INSPIRED,Amazon Creators API returned no product record after retry
B0GCCF2SGQ,https://www.amazon.com/dp/B0GCCF2SGQ?tag=hillarypeil-20,JUNE TOP PICKS,Amazon Creators API returned no product record after retry
B0GCLLWL2H,https://www.amazon.com/dp/B0GCLLWL2H?tag=hillarypeil-20,48 Yr Old Mom of 5 - What I am OBSESSED over!,Amazon Creators API returned no product record after retry
B0GCM12L39,https://www.amazon.com/dp/B0GCM12L39?tag=hillarypeil-20,CHIC 2-PIECE SETS,Amazon Creators API returned no product record after retry
B0GCMLBZH7,https://www.amazon.com/dp/B0GCMLBZH7?tag=hillarypeil-20,CHIC 2-PIECE SETS,Amazon Creators API returned no product record after retry
B0GCTR75Z1,https://www.amazon.com/dp/B0GCTR75Z1?tag=hillarypeil-20,Hillary's NEWEST Finds,Amazon Creators API returned no product record after retry
B0GF849XTY,https://www.amazon.com/dp/B0GF849XTY?tag=hillarypeil-20,EUROPEAN SUMMER | THE DRESS SHOPPE - From BRUNCH to BLACK TIE,Amazon Creators API returned no product record after retry
B0GGN65HLJ,https://www.amazon.com/dp/B0GGN65HLJ?tag=hillarypeil-20,Hillary's NEWEST Finds,Amazon Creators API returned no product record after retry
B0GHMCQMG6,https://www.amazon.com/dp/B0GHMCQMG6?tag=hillarypeil-20,FASHION,Amazon Creators API returned no product record after retry
B0GHTJVC2W,https://www.amazon.com/dp/B0GHTJVC2W?tag=hillarypeil-20,NEW HOME FINDS,Amazon Creators API returned no product record after retry
B0GJ5LMDVT,https://www.amazon.com/dp/B0GJ5LMDVT?tag=hillarypeil-20,ATHLETIC DRESSES,Amazon Creators API returned no product record after retry
B0GJ5RRPW8,https://www.amazon.com/dp/B0GJ5RRPW8?tag=hillarypeil-20,ATHLETIC DRESSES,Amazon Creators API returned no product record after retry
B0GJSTRHLT,https://www.amazon.com/dp/B0GJSTRHLT?tag=hillarypeil-20,LUXE Gifting | LUXE JEWELRY & ACCESSORIES,Amazon Creators API returned no product record after retry
B0GJTRP9RB,https://www.amazon.com/dp/B0GJTRP9RB?tag=hillarypeil-20,CHIC WITHOUT THE SPLURGE TRAVEL | OVER 40 & Fabulous HILLARY'S Capsule WARDROBE - Effortless & Chic,Amazon Creators API returned no product record after retry
B0GMCFRJXK,https://www.amazon.com/dp/B0GMCFRJXK?tag=hillarypeil-20,JUNE TOP PICKS,Amazon Creators API returned no product record after retry
B0GMCMNS47,https://www.amazon.com/dp/B0GMCMNS47?tag=hillarypeil-20,JUNE TOP PICKS,Amazon Creators API returned no product record after retry
B0GQ9CLJCV,https://www.amazon.com/dp/B0GQ9CLJCV?tag=hillarypeil-20,DATE NIGHT FASHION,Amazon Creators API returned no product record after retry
B0GQGWB3YH,https://www.amazon.com/dp/B0GQGWB3YH?tag=hillarypeil-20,Hillary's NEWEST Finds,Amazon Creators API returned no product record after retry
B0GQPNC7ZL,https://www.amazon.com/dp/B0GQPNC7ZL?tag=hillarypeil-20,QUIET LUXURY/OLD MONEY,Amazon Creators API returned no product record after retry
B0GRDL1WDL,https://www.amazon.com/dp/B0GRDL1WDL?tag=hillarypeil-20,JUNE TOP PICKS | NEW Arrivals,Amazon Creators API returned no product record after retry
B0GTWZ6J1T,https://www.amazon.com/dp/B0GTWZ6J1T?tag=hillarypeil-20,OUTDOOR Oasis,Amazon Creators API returned no product record after retry
B0GY8L953S,https://www.amazon.com/dp/B0GY8L953S?tag=hillarypeil-20,WORK WEAR,Amazon Creators API returned no product record after retry
B0GYQ8JMF4,https://www.amazon.com/dp/B0GYQ8JMF4?tag=hillarypeil-20,EUROPEAN SUMMER,Amazon Creators API returned no product record after retry
B0H6STG196,https://www.amazon.com/dp/B0H6STG196?tag=hillarypeil-20,EUROPEAN SUMMER,Amazon Creators API returned no product record after retry
0847860507,https://www.amazon.com/dp/0847860507?tag=hillarypeil-20,COFFEE TABLE BOOKS,Amazon Creators API returned the product but no price
B000X457HO,https://www.amazon.com/dp/B000X457HO?tag=hillarypeil-20,MARCH Best Sellers | Spring Obsessed,Amazon Creators API returned the product but no price
B0014B9P4Q,https://www.amazon.com/dp/B0014B9P4Q?tag=hillarypeil-20,NEW HOME FINDS,Amazon Creators API returned the product but no price
B00176B8BG,https://www.amazon.com/dp/B00176B8BG?tag=hillarypeil-20,GIFTS UNDER $50,Amazon Creators API returned the product but no price
B001ARP2LY,https://www.amazon.com/dp/B001ARP2LY?tag=hillarypeil-20,HAIR CARE,Amazon Creators API returned the product but no price
B001ENFGN8,https://www.amazon.com/dp/B001ENFGN8?tag=hillarypeil-20,THE Littles - GIFT GUIDE,Amazon Creators API returned the product but no price
B0029LHSJE,https://www.amazon.com/dp/B0029LHSJE?tag=hillarypeil-20,BATHROOM Essentials,Amazon Creators API returned the product but no price
B002U8FL54,https://www.amazon.com/dp/B002U8FL54?tag=hillarypeil-20,BATHROOM Essentials,Amazon Creators API returned the product but no price
B0034JTD0W,https://www.amazon.com/dp/B0034JTD0W?tag=hillarypeil-20,FEBRUARY Best Sellers,Amazon Creators API returned the product but no price
B003UFLNNA,https://www.amazon.com/dp/B003UFLNNA?tag=hillarypeil-20,BEAUTY & SKINCARE,Amazon Creators API returned the product but no price
B003XKPI2E,https://www.amazon.com/dp/B003XKPI2E?tag=hillarypeil-20,VIRAL Holiday Finds,Amazon Creators API returned the product but no price
B003Z65AE2,https://www.amazon.com/dp/B003Z65AE2?tag=hillarypeil-20,LAST MINUTE GIFTS,Amazon Creators API returned the product but no price
B004ANSPUA,https://www.amazon.com/dp/B004ANSPUA?tag=hillarypeil-20,Hillary's NEWEST Finds,Amazon Creators API returned the product but no price
B004ERCLLQ,https://www.amazon.com/dp/B004ERCLLQ?tag=hillarypeil-20,SUMMER HOSTING,Amazon Creators API returned the product but no price
B004O4P5SA,https://www.amazon.com/dp/B004O4P5SA?tag=hillarypeil-20,BATHROOM REMODEL,Amazon Creators API returned the product but no price
B004SKOTF0,https://www.amazon.com/dp/B004SKOTF0?tag=hillarypeil-20,WALL DECOR - MIRRORS. ART. FRAMES.,Amazon Creators API returned the product but no price
B004VKHIA0,https://www.amazon.com/dp/B004VKHIA0?tag=hillarypeil-20,BEAUTY & SKINCARE,Amazon Creators API returned the product but no price
B004XWMLDK,https://www.amazon.com/dp/B004XWMLDK?tag=hillarypeil-20,FOR HIM - GIFT GUIDE,Amazon Creators API returned the product but no price
B005VTE6YG,https://www.amazon.com/dp/B005VTE6YG?tag=hillarypeil-20,VIRAL Holiday Finds,Amazon Creators API returned the product but no price
B0085HM36Y,https://www.amazon.com/dp/B0085HM36Y?tag=hillarypeil-20,TWEEN & TEEN - GIFT GUIDE,Amazon Creators API returned the product but no price
B008B8WLWI,https://www.amazon.com/dp/B008B8WLWI?tag=hillarypeil-20,RUGS,Amazon Creators API returned the product but no price
B008CDVXOO,https://www.amazon.com/dp/B008CDVXOO?tag=hillarypeil-20,BEDS. DRESSERS. NIGHTSTANDS.,Amazon Creators API returned the product but no price
B0093LSWIE,https://www.amazon.com/dp/B0093LSWIE?tag=hillarypeil-20,THE Littles - GIFT GUIDE,Amazon Creators API returned the product but no price
B009S3UP3W,https://www.amazon.com/dp/B009S3UP3W?tag=hillarypeil-20,LUXE JEWELRY & ACCESSORIES,Amazon Creators API returned the product but no price
B00ABA0ZOA,https://www.amazon.com/dp/B00ABA0ZOA?tag=hillarypeil-20,DECEMBER Best Sellers,Amazon Creators API returned the product but no price
B00ANJLZN4,https://www.amazon.com/dp/B00ANJLZN4?tag=hillarypeil-20,DINING ROOM,Amazon Creators API returned the product but no price
B00DF9517A,https://www.amazon.com/dp/B00DF9517A?tag=hillarypeil-20,GIFTS UNDER $50,Amazon Creators API returned the product but no price
B00DTWC2UM,https://www.amazon.com/dp/B00DTWC2UM?tag=hillarypeil-20,HOLIDAY ESSENTIALS,Amazon Creators API returned the product but no price
B00E9ZVEIY,https://www.amazon.com/dp/B00E9ZVEIY?tag=hillarypeil-20,LIGHTING - Designer Inspired,Amazon Creators API returned the product but no price
B00EPDMJW0,https://www.amazon.com/dp/B00EPDMJW0?tag=hillarypeil-20,CABINETS. SIDEBOARDS. BUFFETS. CONSOLES.,Amazon Creators API returned the product but no price
B00ER4SYYY,https://www.amazon.com/dp/B00ER4SYYY?tag=hillarypeil-20,HAIR CARE,Amazon Creators API returned the product but no price
B00FJT563I,https://www.amazon.com/dp/B00FJT563I?tag=hillarypeil-20,BATHROOM Essentials,Amazon Creators API returned the product but no price
B00G1W24VE,https://www.amazon.com/dp/B00G1W24VE?tag=hillarypeil-20,FOR HIM - GIFT GUIDE,Amazon Creators API returned the product but no price
B00HCORMP8,https://www.amazon.com/dp/B00HCORMP8?tag=hillarypeil-20,BED & BATH FINDS,Amazon Creators API returned the product but no price
B00HF1BBRS,https://www.amazon.com/dp/B00HF1BBRS?tag=hillarypeil-20,SHOPBOP Favorites,Amazon Creators API returned the product but no price
B00HJJXONU,https://www.amazon.com/dp/B00HJJXONU?tag=hillarypeil-20,GIFTS UNDER $50,Amazon Creators API returned the product but no price
B00ICFS1EM,https://www.amazon.com/dp/B00ICFS1EM?tag=hillarypeil-20,OUTDOOR Oasis,Amazon Creators API returned the product but no price
B00JORD2KK,https://www.amazon.com/dp/B00JORD2KK?tag=hillarypeil-20,HOME DECOR,Amazon Creators API returned the product but no price
B00K2SL34C,https://www.amazon.com/dp/B00K2SL34C?tag=hillarypeil-20,TOP NOVEMBER DEALS,Amazon Creators API returned the product but no price
B00MVAC6FY,https://www.amazon.com/dp/B00MVAC6FY?tag=hillarypeil-20,BEST SELLERS | HOLIDAY THEMES 2025 | LUXE Holiday Home | TOP NOVEMBER DEALS | TOP OCTOBER DEALS,Amazon Creators API returned the product but no price
B00QSTFU5C,https://www.amazon.com/dp/B00QSTFU5C?tag=hillarypeil-20,COFFEE TABLES. SIDE TABLES. ACCENT TABLES,Amazon Creators API returned the product but no price
B00T5Y6PQA,https://www.amazon.com/dp/B00T5Y6PQA?tag=hillarypeil-20,RUGS,Amazon Creators API returned the product but no price
B00T5Y6QE6,https://www.amazon.com/dp/B00T5Y6QE6?tag=hillarypeil-20,RUGS,Amazon Creators API returned the product but no price
B00TI2K6BE,https://www.amazon.com/dp/B00TI2K6BE?tag=hillarypeil-20,GIFTS UNDER $25,Amazon Creators API returned the product but no price
B00U4PBH2Q,https://www.amazon.com/dp/B00U4PBH2Q?tag=hillarypeil-20,COFFEE TABLES. SIDE TABLES. ACCENT TABLES,Amazon Creators API returned the product but no price
B00URV4DC8,https://www.amazon.com/dp/B00URV4DC8?tag=hillarypeil-20,Our REMODEL HOME,Amazon Creators API returned the product but no price
B00WNDM3HU,https://www.amazon.com/dp/B00WNDM3HU?tag=hillarypeil-20,COFFEE TABLES. SIDE TABLES. ACCENT TABLES,Amazon Creators API returned the product but no price
B00YST7NM2,https://www.amazon.com/dp/B00YST7NM2?tag=hillarypeil-20,BEAUTY MUST-HAVES | JUNE TOP PICKS,Amazon Creators API returned the product but no price
B010TNR2R6,https://www.amazon.com/dp/B010TNR2R6?tag=hillarypeil-20,RUGS,Amazon Creators API returned the product but no price
B011BOKR74,https://www.amazon.com/dp/B011BOKR74?tag=hillarypeil-20,HARDWARE & FINISHES,Amazon Creators API returned the product but no price
B0134A5ZSY,https://www.amazon.com/dp/B0134A5ZSY?tag=hillarypeil-20,HARDWARE & FINISHES,Amazon Creators API returned the product but no price
B015NHZR2A,https://www.amazon.com/dp/B015NHZR2A?tag=hillarypeil-20,RUGS,Amazon Creators API returned the product but no price
B0168Z1OZ0,https://www.amazon.com/dp/B0168Z1OZ0?tag=hillarypeil-20,LAST MINUTE GIFTS,Amazon Creators API returned the product but no price
B017A35176,https://www.amazon.com/dp/B017A35176?tag=hillarypeil-20,BATHROOM Essentials,Amazon Creators API returned the product but no price
B017A8C12O,https://www.amazon.com/dp/B017A8C12O?tag=hillarypeil-20,COFFEE TABLES. SIDE TABLES. ACCENT TABLES,Amazon Creators API returned the product but no price
B018DKVWBE,https://www.amazon.com/dp/B018DKVWBE?tag=hillarypeil-20,GIFTS UNDER $50,Amazon Creators API returned the product but no price
B01941NIZO,https://www.amazon.com/dp/B01941NIZO?tag=hillarypeil-20,BEDS. DRESSERS. NIGHTSTANDS.,Amazon Creators API returned the product but no price
B019RKXO3I,https://www.amazon.com/dp/B019RKXO3I?tag=hillarypeil-20,BEDDING. PILLOWS. THROWS. TOWELS.,Amazon Creators API returned the product but no price
B019RKXQTA,https://www.amazon.com/dp/B019RKXQTA?tag=hillarypeil-20,BEDDING. PILLOWS. THROWS. TOWELS.,Amazon Creators API returned the product but no price
B01B0PVGBK,https://www.amazon.com/dp/B01B0PVGBK?tag=hillarypeil-20,AUTUMN Vibes,Amazon Creators API returned the product but no price
B01B6NOWTO,https://www.amazon.com/dp/B01B6NOWTO?tag=hillarypeil-20,NIGHTSTAND Essentials | Spring Obsessed,Amazon Creators API returned the product but no price
B01B7AP3RQ,https://www.amazon.com/dp/B01B7AP3RQ?tag=hillarypeil-20,GIFTING,Amazon Creators API returned the product but no price
B01BEVE29S,https://www.amazon.com/dp/B01BEVE29S?tag=hillarypeil-20,DINING ROOM,Amazon Creators API returned the product but no price
B01BGBAJF2,https://www.amazon.com/dp/B01BGBAJF2?tag=hillarypeil-20,Outdoor PLANTERS,Amazon Creators API returned the product but no price
B01BW4BWRC,https://www.amazon.com/dp/B01BW4BWRC?tag=hillarypeil-20,MORE NEW FINDS,Amazon Creators API returned the product but no price
B01CEB6V1O,https://www.amazon.com/dp/B01CEB6V1O?tag=hillarypeil-20,COFFEE TABLES. SIDE TABLES. ACCENT TABLES,Amazon Creators API returned the product but no price
B01DZRM10G,https://www.amazon.com/dp/B01DZRM10G?tag=hillarypeil-20,SOFAS. ACCENT CHAIRS. OTTOMANS.,Amazon Creators API returned the product but no price
B01EYSPO3Q,https://www.amazon.com/dp/B01EYSPO3Q?tag=hillarypeil-20,HOLIDAY THEMES 2025,Amazon Creators API returned the product but no price
B01FVN4GVY,https://www.amazon.com/dp/B01FVN4GVY?tag=hillarypeil-20,BATHROOM Essentials,Amazon Creators API returned the product but no price
B01GFEKHSY,https://www.amazon.com/dp/B01GFEKHSY?tag=hillarypeil-20,SPORT MOM Style,Amazon Creators API returned the product but no price
B01GJ0C4X0,https://www.amazon.com/dp/B01GJ0C4X0?tag=hillarypeil-20,TOP OCTOBER DEALS,Amazon Creators API returned the product but no price
B01GS12DXQ,https://www.amazon.com/dp/B01GS12DXQ?tag=hillarypeil-20,RUGS,Amazon Creators API returned the product but no price
B01GS5UUAK,https://www.amazon.com/dp/B01GS5UUAK?tag=hillarypeil-20,RUGS,Amazon Creators API returned the product but no price
B01HDWK67Y,https://www.amazon.com/dp/B01HDWK67Y?tag=hillarypeil-20,RUGS,Amazon Creators API returned the product but no price
B01HIUT2U8,https://www.amazon.com/dp/B01HIUT2U8?tag=hillarypeil-20,FEBRUARY Best Sellers,Amazon Creators API returned the product but no price
B01HKAUHO6,https://www.amazon.com/dp/B01HKAUHO6?tag=hillarypeil-20,KITCHEN Essentials,Amazon Creators API returned the product but no price
B01IBGB4SQ,https://www.amazon.com/dp/B01IBGB4SQ?tag=hillarypeil-20,FOR HER - HANDBAGS,Amazon Creators API returned the product but no price
B01IIGPGMY,https://www.amazon.com/dp/B01IIGPGMY?tag=hillarypeil-20,DINING ROOM,Amazon Creators API returned the product but no price
B01JFQRRUA,https://www.amazon.com/dp/B01JFQRRUA?tag=hillarypeil-20,GIFTS UNDER $50,Amazon Creators API returned the product but no price
B01JJ5KFMY,https://www.amazon.com/dp/B01JJ5KFMY?tag=hillarypeil-20,THE Littles - GIFT GUIDE | TWEEN & TEEN - GIFT GUIDE,Amazon Creators API returned the product but no price
B01JVHDVUI,https://www.amazon.com/dp/B01JVHDVUI?tag=hillarypeil-20,CABINETS. SIDEBOARDS. BUFFETS. CONSOLES.,Amazon Creators API returned the product but no price
B01JWOOKDC,https://www.amazon.com/dp/B01JWOOKDC?tag=hillarypeil-20,Spring Obsessed,Amazon Creators API returned the product but no price
B01KKKTSTS,https://www.amazon.com/dp/B01KKKTSTS?tag=hillarypeil-20,HOLIDAY ESSENTIALS,Amazon Creators API returned the product but no price
B01KP2U638,https://www.amazon.com/dp/B01KP2U638?tag=hillarypeil-20,BATHROOM Essentials,Amazon Creators API returned the product but no price
B01KXHGWQU,https://www.amazon.com/dp/B01KXHGWQU?tag=hillarypeil-20,GIFTS UNDER $50,Amazon Creators API returned the product but no price
B01L7R8M0Y,https://www.amazon.com/dp/B01L7R8M0Y?tag=hillarypeil-20,BEDDING. PILLOWS. THROWS. TOWELS.,Amazon Creators API returned the product but no price
B01LDTHA2M,https://www.amazon.com/dp/B01LDTHA2M?tag=hillarypeil-20,HOLIDAY ESSENTIALS,Amazon Creators API returned the product but no price
B01M6YG6EW,https://www.amazon.com/dp/B01M6YG6EW?tag=hillarypeil-20,VASES. TRAYS. BOXES.,Amazon Creators API returned the product but no price
B01MEEEABB,https://www.amazon.com/dp/B01MEEEABB?tag=hillarypeil-20,ENTRYWAY. FOYER.,Amazon Creators API returned the product but no price
B01MFXDAL8,https://www.amazon.com/dp/B01MFXDAL8?tag=hillarypeil-20,BEAUTY MUST-HAVES,Amazon Creators API returned the product but no price
B01MR4Y1DD,https://www.amazon.com/dp/B01MR4Y1DD?tag=hillarypeil-20,GIFTS UNDER $25,Amazon Creators API returned the product but no price
B01MTSFP3E,https://www.amazon.com/dp/B01MTSFP3E?tag=hillarypeil-20,BATHROOM Essentials,Amazon Creators API returned the product but no price
B01MU15Q9J,https://www.amazon.com/dp/B01MU15Q9J?tag=hillarypeil-20,GIFTS UNDER $25 | GIFTS UNDER $50,Amazon Creators API returned the product but no price
B01MUVUZ6E,https://www.amazon.com/dp/B01MUVUZ6E?tag=hillarypeil-20,VASES. TRAYS. BOXES.,Amazon Creators API returned the product but no price
B01MUY85IR,https://www.amazon.com/dp/B01MUY85IR?tag=hillarypeil-20,WALL DECOR - MIRRORS. ART. FRAMES.,Amazon Creators API returned the product but no price
B01MY4LZDG,https://www.amazon.com/dp/B01MY4LZDG?tag=hillarypeil-20,DINING ROOM,Amazon Creators API returned the product but no price
B01MZCQ4UM,https://www.amazon.com/dp/B01MZCQ4UM?tag=hillarypeil-20,MARCH Best Sellers,Amazon Creators API returned the product but no price
B01N1NV1HZ,https://www.amazon.com/dp/B01N1NV1HZ?tag=hillarypeil-20,BEDDING: LUXURY finds in Our Home,Amazon Creators API returned the product but no price
B01N5Q0XBI,https://www.amazon.com/dp/B01N5Q0XBI?tag=hillarypeil-20,NEW HOME FINDS,Amazon Creators API returned the product but no price
B01NBSX6WB,https://www.amazon.com/dp/B01NBSX6WB?tag=hillarypeil-20,HOLIDAY ESSENTIALS,Amazon Creators API returned the product but no price
B06WLH1CF1,https://www.amazon.com/dp/B06WLH1CF1?tag=hillarypeil-20,BEAUTY & SKINCARE,Amazon Creators API returned the product but no price
B06XFWVS45,https://www.amazon.com/dp/B06XFWVS45?tag=hillarypeil-20,RUGS,Amazon Creators API returned the product but no price
B06Y56NDF4,https://www.amazon.com/dp/B06Y56NDF4?tag=hillarypeil-20,MARCH Best Sellers,Amazon Creators API returned the product but no price
B0719PP9VY,https://www.amazon.com/dp/B0719PP9VY?tag=hillarypeil-20,CURTAINS,Amazon Creators API returned the product but no price
B071HLCJTT,https://www.amazon.com/dp/B071HLCJTT?tag=hillarypeil-20,PILLOWS & THROWS,Amazon Creators API returned the product but no price
B071KW9GTT,https://www.amazon.com/dp/B071KW9GTT?tag=hillarypeil-20,BEAUTY & SKINCARE | FEBRUARY Best Sellers,Amazon Creators API returned the product but no price
B071RXT6N8,https://www.amazon.com/dp/B071RXT6N8?tag=hillarypeil-20,GIFTS UNDER $50,Amazon Creators API returned the product but no price
B0725XWF6R,https://www.amazon.com/dp/B0725XWF6R?tag=hillarypeil-20,GIFTING,Amazon Creators API returned the product but no price
B072F4Y3LB,https://www.amazon.com/dp/B072F4Y3LB?tag=hillarypeil-20,NEW Arrivals,Amazon Creators API returned the product but no price
B072L2DTCT,https://www.amazon.com/dp/B072L2DTCT?tag=hillarypeil-20,MARCH Best Sellers,Amazon Creators API returned the product but no price
B072QRN7HR,https://www.amazon.com/dp/B072QRN7HR?tag=hillarypeil-20,TEEN GUYS,Amazon Creators API returned the product but no price
B073CJ6SBJ,https://www.amazon.com/dp/B073CJ6SBJ?tag=hillarypeil-20,SUMMER HOSTING,Amazon Creators API returned the product but no price
B073HD1T46,https://www.amazon.com/dp/B073HD1T46?tag=hillarypeil-20,BATHROOM Essentials,Amazon Creators API returned the product but no price
B073HLJ1G3,https://www.amazon.com/dp/B073HLJ1G3?tag=hillarypeil-20,SOFAS. ACCENT CHAIRS. OTTOMANS.,Amazon Creators API returned the product but no price
B073KSV5CL,https://www.amazon.com/dp/B073KSV5CL?tag=hillarypeil-20,COFFEE TABLES. SIDE TABLES. ACCENT TABLES,Amazon Creators API returned the product but no price
B073PZ24SF,https://www.amazon.com/dp/B073PZ24SF?tag=hillarypeil-20,DINING ROOM,Amazon Creators API returned the product but no price
B073RFH3P9,https://www.amazon.com/dp/B073RFH3P9?tag=hillarypeil-20,THE Littles - GIFT GUIDE,Amazon Creators API returned the product but no price
B073VD5VNF,https://www.amazon.com/dp/B073VD5VNF?tag=hillarypeil-20,ELEVATED HOLIDAY FASHION,Amazon Creators API returned the product but no price
B073ZGJS8C,https://www.amazon.com/dp/B073ZGJS8C?tag=hillarypeil-20,BEDS. DRESSERS. NIGHTSTANDS.,Amazon Creators API returned the product but no price
B0742LBB6F,https://www.amazon.com/dp/B0742LBB6F?tag=hillarypeil-20,HARDWARE & FINISHES,Amazon Creators API returned the product but no price
B07458FSS3,https://www.amazon.com/dp/B07458FSS3?tag=hillarypeil-20,AFFORDABLE DECOR | VASES. TRAYS. BOXES.,Amazon Creators API returned the product but no price
B0747GZJHD,https://www.amazon.com/dp/B0747GZJHD?tag=hillarypeil-20,BRIDE- Spoil Her for the Big Day!,Amazon Creators API returned the product but no price
B074QW9GYL,https://www.amazon.com/dp/B074QW9GYL?tag=hillarypeil-20,BEDS. DRESSERS. NIGHTSTANDS.,Amazon Creators API returned the product but no price
B074T6JLMP,https://www.amazon.com/dp/B074T6JLMP?tag=hillarypeil-20,DINING ROOM,Amazon Creators API returned the product but no price
B0754CB1W7,https://www.amazon.com/dp/B0754CB1W7?tag=hillarypeil-20,SPORT MOM Style,Amazon Creators API returned the product but no price
B0754NHX8H,https://www.amazon.com/dp/B0754NHX8H?tag=hillarypeil-20,FOR HIM - GIFT GUIDE,Amazon Creators API returned the product but no price
B07582RTPY,https://www.amazon.com/dp/B07582RTPY?tag=hillarypeil-20,LUXE Gifting,Amazon Creators API returned the product but no price
B075F9HK77,https://www.amazon.com/dp/B075F9HK77?tag=hillarypeil-20,PILLOWS & THROWS,Amazon Creators API returned the product but no price
B075FFMHFX,https://www.amazon.com/dp/B075FFMHFX?tag=hillarypeil-20,THE Littles - GIFT GUIDE,Amazon Creators API returned the product but no price
B075M8B83Y,https://www.amazon.com/dp/B075M8B83Y?tag=hillarypeil-20,FOR HER - HANDBAGS,Amazon Creators API returned the product but no price
B075NNH7Z3,https://www.amazon.com/dp/B075NNH7Z3?tag=hillarypeil-20,RUGS,Amazon Creators API returned the product but no price
B075SWNW59,https://www.amazon.com/dp/B075SWNW59?tag=hillarypeil-20,HOLIDAY THEMES 2025,Amazon Creators API returned the product but no price
B0764MMTKZ,https://www.amazon.com/dp/B0764MMTKZ?tag=hillarypeil-20,DINING ROOM,Amazon Creators API returned the product but no price
B0764MV2QS,https://www.amazon.com/dp/B0764MV2QS?tag=hillarypeil-20,DINING ROOM,Amazon Creators API returned the product but no price
B0765GDVL8,https://www.amazon.com/dp/B0765GDVL8?tag=hillarypeil-20,BURGUNDY CRUSH,Amazon Creators API returned the product but no price
B0765Z6HXX,https://www.amazon.com/dp/B0765Z6HXX?tag=hillarypeil-20,GIFTS UNDER $50,Amazon Creators API returned the product but no price
B07665XKNS,https://www.amazon.com/dp/B07665XKNS?tag=hillarypeil-20,BARCART | FURNITURE In Our Home | SHATTERPROOF Beverage Glasses | SUMMER HOSTING,Amazon Creators API returned the product but no price
B0766653HK,https://www.amazon.com/dp/B0766653HK?tag=hillarypeil-20,BEDDING. PILLOWS. THROWS. TOWELS.,Amazon Creators API returned the product but no price
B076BSN41T,https://www.amazon.com/dp/B076BSN41T?tag=hillarypeil-20,HOLIDAY ON SALE,Amazon Creators API returned the product but no price
B076J1P5H6,https://www.amazon.com/dp/B076J1P5H6?tag=hillarypeil-20,TOP SEPTEMBER DEALS,Amazon Creators API returned the product but no price
B076L525V4,https://www.amazon.com/dp/B076L525V4?tag=hillarypeil-20,CABINETS. SIDEBOARDS. BUFFETS. CONSOLES.,Amazon Creators API returned the product but no price
B076TZPTHT,https://www.amazon.com/dp/B076TZPTHT?tag=hillarypeil-20,WINTER FASHION,Amazon Creators API returned the product but no price
B076ZX6NTZ,https://www.amazon.com/dp/B076ZX6NTZ?tag=hillarypeil-20,WALL DECOR - MIRRORS. ART. FRAMES.,Amazon Creators API returned the product but no price
B077C19FX5,https://www.amazon.com/dp/B077C19FX5?tag=hillarypeil-20,WALL DECOR - MIRRORS. ART. FRAMES.,Amazon Creators API returned the product but no price
B077C7HMWQ,https://www.amazon.com/dp/B077C7HMWQ?tag=hillarypeil-20,LUXE JEWELRY & ACCESSORIES,Amazon Creators API returned the product but no price
B077JBQZPX,https://www.amazon.com/dp/B077JBQZPX?tag=hillarypeil-20,KITCHEN Essentials,Amazon Creators API returned the product but no price
B077JBXWYJ,https://www.amazon.com/dp/B077JBXWYJ?tag=hillarypeil-20,VIRAL Holiday Finds,Amazon Creators API returned the product but no price
B077JSRN36,https://www.amazon.com/dp/B077JSRN36?tag=hillarypeil-20,RUGS,Amazon Creators API returned the product but no price
B077SPVTZ1,https://www.amazon.com/dp/B077SPVTZ1?tag=hillarypeil-20,COFFEE TABLES. SIDE TABLES. ACCENT TABLES,Amazon Creators API returned the product but no price
B077TB63NR,https://www.amazon.com/dp/B077TB63NR?tag=hillarypeil-20,FOR HIM - GIFT GUIDE,Amazon Creators API returned the product but no price
B077Y4CPJ2,https://www.amazon.com/dp/B077Y4CPJ2?tag=hillarypeil-20,BATHROOM Essentials,Amazon Creators API returned the product but no price
B0784282SK,https://www.amazon.com/dp/B0784282SK?tag=hillarypeil-20,COFFEE TABLES. SIDE TABLES. ACCENT TABLES,Amazon Creators API returned the product but no price
B0788NGWVC,https://www.amazon.com/dp/B0788NGWVC?tag=hillarypeil-20,HOLIDAY BEST SELLERS,Amazon Creators API returned the product but no price
B078N8DGDC,https://www.amazon.com/dp/B078N8DGDC?tag=hillarypeil-20,VASES. TRAYS. BOXES.,Amazon Creators API returned the product but no price
B078N9NCDF,https://www.amazon.com/dp/B078N9NCDF?tag=hillarypeil-20,BEDDING. PILLOWS. THROWS. TOWELS.,Amazon Creators API returned the product but no price
B078NJ4C3T,https://www.amazon.com/dp/B078NJ4C3T?tag=hillarypeil-20,GIFTS UNDER $25 | GIFTS UNDER $50,Amazon Creators API returned the product but no price
B078SDGXZK,https://www.amazon.com/dp/B078SDGXZK?tag=hillarypeil-20,DINING ROOM,Amazon Creators API returned the product but no price
B078T4SVNC,https://www.amazon.com/dp/B078T4SVNC?tag=hillarypeil-20,RESORT WEAR FASHION,Amazon Creators API returned the product but no price
B078Y73TXK,https://www.amazon.com/dp/B078Y73TXK?tag=hillarypeil-20,TOP SEPTEMBER DEALS,Amazon Creators API returned the product but no price
B0793GW5RZ,https://www.amazon.com/dp/B0793GW5RZ?tag=hillarypeil-20,HARDWARE & FINISHES,Amazon Creators API returned the product but no price
B0797PNG7V,https://www.amazon.com/dp/B0797PNG7V?tag=hillarypeil-20,DINING ROOM,Amazon Creators API returned the product but no price
B0799T5SRB,https://www.amazon.com/dp/B0799T5SRB?tag=hillarypeil-20,TWEEN & TEEN - GIFT GUIDE,Amazon Creators API returned the product but no price
B079KR59G5,https://www.amazon.com/dp/B079KR59G5?tag=hillarypeil-20,THE Littles - GIFT GUIDE,Amazon Creators API returned the product but no price
B079RNQBBR,https://www.amazon.com/dp/B079RNQBBR?tag=hillarypeil-20,BATHROOM Essentials,Amazon Creators API returned the product but no price
B07B111WW1,https://www.amazon.com/dp/B07B111WW1?tag=hillarypeil-20,BEDS. DRESSERS. NIGHTSTANDS.,Amazon Creators API returned the product but no price
B07B44N2NV,https://www.amazon.com/dp/B07B44N2NV?tag=hillarypeil-20,PILLOWS & THROWS,Amazon Creators API returned the product but no price
B07B49Z6B9,https://www.amazon.com/dp/B07B49Z6B9?tag=hillarypeil-20,RUGS,Amazon Creators API returned the product but no price
B07B895KND,https://www.amazon.com/dp/B07B895KND?tag=hillarypeil-20,BEAUTY & SKINCARE,Amazon Creators API returned the product but no price
B07BB5PX2B,https://www.amazon.com/dp/B07BB5PX2B?tag=hillarypeil-20,KITCHEN Essentials,Amazon Creators API returned the product but no price
B07C153SLJ,https://www.amazon.com/dp/B07C153SLJ?tag=hillarypeil-20,AUTUMN Vibes,Amazon Creators API returned the product but no price
B07C73KF5Q,https://www.amazon.com/dp/B07C73KF5Q?tag=hillarypeil-20,GIFTS UNDER $25,Amazon Creators API returned the product but no price
B07C772YD7,https://www.amazon.com/dp/B07C772YD7?tag=hillarypeil-20,CLOSET Organizing,Amazon Creators API returned the product but no price
B07C79SGBC,https://www.amazon.com/dp/B07C79SGBC?tag=hillarypeil-20,ORGANIZING Essentials,Amazon Creators API returned the product but no price
B07C8BPJXJ,https://www.amazon.com/dp/B07C8BPJXJ?tag=hillarypeil-20,LUXE JEWELRY & ACCESSORIES,Amazon Creators API returned the product but no price
B07CBVRZVF,https://www.amazon.com/dp/B07CBVRZVF?tag=hillarypeil-20,HARDWARE & FINISHES,Amazon Creators API returned the product but no price
B07CGDHX55,https://www.amazon.com/dp/B07CGDHX55?tag=hillarypeil-20,HOLIDAY THEMES 2025,Amazon Creators API returned the product but no price
B07CHWM258,https://www.amazon.com/dp/B07CHWM258?tag=hillarypeil-20,WALL DECOR - MIRRORS. ART. FRAMES.,Amazon Creators API returned the product but no price
B07CKRM6M8,https://www.amazon.com/dp/B07CKRM6M8?tag=hillarypeil-20,FEBRUARY Best Sellers,Amazon Creators API returned the product but no price
B07CSFG5KM,https://www.amazon.com/dp/B07CSFG5KM?tag=hillarypeil-20,BATHROOM Organization,Amazon Creators API returned the product but no price
B07CWXWTWB,https://www.amazon.com/dp/B07CWXWTWB?tag=hillarypeil-20,BEDDING. PILLOWS. THROWS. TOWELS.,Amazon Creators API returned the product but no price
B07CZDSDC2,https://www.amazon.com/dp/B07CZDSDC2?tag=hillarypeil-20,ENTRYWAY. FOYER.,Amazon Creators API returned the product but no price
B07CZHQ882,https://www.amazon.com/dp/B07CZHQ882?tag=hillarypeil-20,OUTDOOR Oasis,Amazon Creators API returned the product but no price
B07D2WHVT4,https://www.amazon.com/dp/B07D2WHVT4?tag=hillarypeil-20,BED & BATH FINDS,Amazon Creators API returned the product but no price
B07D3HWH3S,https://www.amazon.com/dp/B07D3HWH3S?tag=hillarypeil-20,DINING ROOM,Amazon Creators API returned the product but no price
B07D3ZVQ9B,https://www.amazon.com/dp/B07D3ZVQ9B?tag=hillarypeil-20,FOR HIM - GIFT GUIDE,Amazon Creators API returned the product but no price
B07D619BMN,https://www.amazon.com/dp/B07D619BMN?tag=hillarypeil-20,In MY Travel Bag,Amazon Creators API returned the product but no price
B07DD4P6JS,https://www.amazon.com/dp/B07DD4P6JS?tag=hillarypeil-20,BEDS. DRESSERS. NIGHTSTANDS.,Amazon Creators API returned the product but no price
B07DK8F28D,https://www.amazon.com/dp/B07DK8F28D?tag=hillarypeil-20,BATHROOM Essentials,Amazon Creators API returned the product but no price
B07DKB8H6X,https://www.amazon.com/dp/B07DKB8H6X?tag=hillarypeil-20,GIFTS UNDER $50,Amazon Creators API returned the product but no price
B07DLVRC83,https://www.amazon.com/dp/B07DLVRC83?tag=hillarypeil-20,BEDS. DRESSERS. NIGHTSTANDS.,Amazon Creators API returned the product but no price
B07DPK28GH,https://www.amazon.com/dp/B07DPK28GH?tag=hillarypeil-20,BED & BATH FINDS,Amazon Creators API returned the product but no price
B07DQKTW3K,https://www.amazon.com/dp/B07DQKTW3K?tag=hillarypeil-20,GIFTS UNDER $50,Amazon Creators API returned the product but no price
B07DZMZ4TM,https://www.amazon.com/dp/B07DZMZ4TM?tag=hillarypeil-20,GIFTS UNDER $25,Amazon Creators API returned the product but no price
B07F119MDM,https://www.amazon.com/dp/B07F119MDM?tag=hillarypeil-20,HOLIDAY COLOR CRUSHES 2025,Amazon Creators API returned the product but no price
B07F1JNC3D,https://www.amazon.com/dp/B07F1JNC3D?tag=hillarypeil-20,DINING ROOM,Amazon Creators API returned the product but no price
B07F39PR5Q,https://www.amazon.com/dp/B07F39PR5Q?tag=hillarypeil-20,LIGHTING - Designer Inspired,Amazon Creators API returned the product but no price
B07F3M14TP,https://www.amazon.com/dp/B07F3M14TP?tag=hillarypeil-20,CABINETS. SIDEBOARDS. BUFFETS. CONSOLES.,Amazon Creators API returned the product but no price
B07F8KY4V3,https://www.amazon.com/dp/B07F8KY4V3?tag=hillarypeil-20,GIFTS UNDER $25,Amazon Creators API returned the product but no price
B07F96L8GB,https://www.amazon.com/dp/B07F96L8GB?tag=hillarypeil-20,LIGHTING - Designer Inspired,Amazon Creators API returned the product but no price
B07FDQK2J6,https://www.amazon.com/dp/B07FDQK2J6?tag=hillarypeil-20,HOLIDAY ESSENTIALS,Amazon Creators API returned the product but no price
B07FJHZFKM,https://www.amazon.com/dp/B07FJHZFKM?tag=hillarypeil-20,BATHROOM Essentials | HARDWARE & FINISHES,Amazon Creators API returned the product but no price
B07FJMH32G,https://www.amazon.com/dp/B07FJMH32G?tag=hillarypeil-20,HOLIDAY ESSENTIALS,Amazon Creators API returned the product but no price
B07FKVH11G,https://www.amazon.com/dp/B07FKVH11G?tag=hillarypeil-20,APRIL Best Sellers,Amazon Creators API returned the product but no price
B07FMVDGNX,https://www.amazon.com/dp/B07FMVDGNX?tag=hillarypeil-20,GIFTS UNDER $50,Amazon Creators API returned the product but no price
B07G1G8LFP,https://www.amazon.com/dp/B07G1G8LFP?tag=hillarypeil-20,DINING ROOM,Amazon Creators API returned the product but no price
B07G48Z2ZY,https://www.amazon.com/dp/B07G48Z2ZY?tag=hillarypeil-20,AUTUMN Vibes,Amazon Creators API returned the product but no price
B07G4TBPBJ,https://www.amazon.com/dp/B07G4TBPBJ?tag=hillarypeil-20,SOFAS. ACCENT CHAIRS. OTTOMANS.,Amazon Creators API returned the product but no price
B07G5SHBZW,https://www.amazon.com/dp/B07G5SHBZW?tag=hillarypeil-20,AUTUMN Vibes,Amazon Creators API returned the product but no price
B07GDS1NY7,https://www.amazon.com/dp/B07GDS1NY7?tag=hillarypeil-20,BEAUTY MUST-HAVES,Amazon Creators API returned the product but no price
B07GF6DXGM,https://www.amazon.com/dp/B07GF6DXGM?tag=hillarypeil-20,BEDS. DRESSERS. NIGHTSTANDS.,Amazon Creators API returned the product but no price
B07GLZSWTD,https://www.amazon.com/dp/B07GLZSWTD?tag=hillarypeil-20,HARDWARE & FINISHES,Amazon Creators API returned the product but no price
B07GR9TZDD,https://www.amazon.com/dp/B07GR9TZDD?tag=hillarypeil-20,Effortless Chic Home | WALL DECOR - MIRRORS. ART. FRAMES.,Amazon Creators API returned the product but no price
B07H2SSBXN,https://www.amazon.com/dp/B07H2SSBXN?tag=hillarypeil-20,BATHROOM Organization,Amazon Creators API returned the product but no price
B07H8WS1FT,https://www.amazon.com/dp/B07H8WS1FT?tag=hillarypeil-20,THE Littles - GIFT GUIDE,Amazon Creators API returned the product but no price
B07HFMC4WS,https://www.amazon.com/dp/B07HFMC4WS?tag=hillarypeil-20,LAMPS,Amazon Creators API returned the product but no price
B07HH1P5BL,https://www.amazon.com/dp/B07HH1P5BL?tag=hillarypeil-20,HOME & BATH Essentials,Amazon Creators API returned the product but no price
B07HKQ6YGX,https://www.amazon.com/dp/B07HKQ6YGX?tag=hillarypeil-20,LAST MINUTE GIFTS | TWEEN & TEEN - GIFT GUIDE,Amazon Creators API returned the product but no price
B07HKVFB41,https://www.amazon.com/dp/B07HKVFB41?tag=hillarypeil-20,BATHROOM Essentials,Amazon Creators API returned the product but no price
B07HMBV21V,https://www.amazon.com/dp/B07HMBV21V?tag=hillarypeil-20,NEW Arrivals,Amazon Creators API returned the product but no price
B07HMV9VZ3,https://www.amazon.com/dp/B07HMV9VZ3?tag=hillarypeil-20,VIRAL Holiday Finds,Amazon Creators API returned the product but no price
B07HNYQMNN,https://www.amazon.com/dp/B07HNYQMNN?tag=hillarypeil-20,COFFEE TABLES. SIDE TABLES. ACCENT TABLES,Amazon Creators API returned the product but no price
B07HYXZWK7,https://www.amazon.com/dp/B07HYXZWK7?tag=hillarypeil-20,RUGS,Amazon Creators API returned the product but no price
B07J4Q99ZN,https://www.amazon.com/dp/B07J4Q99ZN?tag=hillarypeil-20,THE Littles - GIFT GUIDE,Amazon Creators API returned the product but no price
B07JBYYN22,https://www.amazon.com/dp/B07JBYYN22?tag=hillarypeil-20,GIFTS UNDER $50,Amazon Creators API returned the product but no price
B07JHZNYFQ,https://www.amazon.com/dp/B07JHZNYFQ?tag=hillarypeil-20,PILLOWS & THROWS,Amazon Creators API returned the product but no price
B07JJQ4JP9,https://www.amazon.com/dp/B07JJQ4JP9?tag=hillarypeil-20,HARDWARE & FINISHES,Amazon Creators API returned the product but no price
B07JKBM28B,https://www.amazon.com/dp/B07JKBM28B?tag=hillarypeil-20,FOR HER - HANDBAGS,Amazon Creators API returned the product but no price
B07JZ26VZ4,https://www.amazon.com/dp/B07JZ26VZ4?tag=hillarypeil-20,WINTER FASHION,Amazon Creators API returned the product but no price
B07K3WY2NX,https://www.amazon.com/dp/B07K3WY2NX?tag=hillarypeil-20,BEDS. DRESSERS. NIGHTSTANDS.,Amazon Creators API returned the product but no price
B07K5BR758,https://www.amazon.com/dp/B07K5BR758?tag=hillarypeil-20,LIGHTING - Designer Inspired,Amazon Creators API returned the product but no price
B07KGMZMCR,https://www.amazon.com/dp/B07KGMZMCR?tag=hillarypeil-20,HOME DECOR,Amazon Creators API returned the product but no price
B07KMHRPXJ,https://www.amazon.com/dp/B07KMHRPXJ?tag=hillarypeil-20,TWEEN & TEEN - GIFT GUIDE,Amazon Creators API returned the product but no price
B07KQWDYL6,https://www.amazon.com/dp/B07KQWDYL6?tag=hillarypeil-20,OUTDOOR Oasis,Amazon Creators API returned the product but no price
B07KYS96VY,https://www.amazon.com/dp/B07KYS96VY?tag=hillarypeil-20,$50 WINTER FASHION | WORK WEAR,Amazon Creators API returned the product but no price
B07L3NPSSR,https://www.amazon.com/dp/B07L3NPSSR?tag=hillarypeil-20,TRAVEL,Amazon Creators API returned the product but no price
B07L5QJJD2,https://www.amazon.com/dp/B07L5QJJD2?tag=hillarypeil-20,$50 WINTER FASHION,Amazon Creators API returned the product but no price
B07L8ZDHPN,https://www.amazon.com/dp/B07L8ZDHPN?tag=hillarypeil-20,COFFEE TABLES. SIDE TABLES. ACCENT TABLES,Amazon Creators API returned the product but no price
B07L8ZDL7D,https://www.amazon.com/dp/B07L8ZDL7D?tag=hillarypeil-20,COFFEE TABLES. SIDE TABLES. ACCENT TABLES,Amazon Creators API returned the product but no price
B07LBSTHH7,https://www.amazon.com/dp/B07LBSTHH7?tag=hillarypeil-20,DINING ROOM,Amazon Creators API returned the product but no price
B07LBZ5VXR,https://www.amazon.com/dp/B07LBZ5VXR?tag=hillarypeil-20,Hillary's NEWEST Finds,Amazon Creators API returned the product but no price
B07LCH93HL,https://www.amazon.com/dp/B07LCH93HL?tag=hillarypeil-20,CHIC WITHOUT THE SPLURGE TRAVEL,Amazon Creators API returned the product but no price
B07M8JZPTH,https://www.amazon.com/dp/B07M8JZPTH?tag=hillarypeil-20,LIGHTING - Designer Inspired,Amazon Creators API returned the product but no price
B07MR1WNPJ,https://www.amazon.com/dp/B07MR1WNPJ?tag=hillarypeil-20,DINING ROOM,Amazon Creators API returned the product but no price
B07MRKT7CT,https://www.amazon.com/dp/B07MRKT7CT?tag=hillarypeil-20,OUTDOOR Oasis,Amazon Creators API returned the product but no price
B07MV98CQP,https://www.amazon.com/dp/B07MV98CQP?tag=hillarypeil-20,BATHROOM Essentials,Amazon Creators API returned the product but no price
B07MVZ3NN3,https://www.amazon.com/dp/B07MVZ3NN3?tag=hillarypeil-20,BEAUTY & SKINCARE,Amazon Creators API returned the product but no price
B07MYTBV6N,https://www.amazon.com/dp/B07MYTBV6N?tag=hillarypeil-20,THE Littles - GIFT GUIDE,Amazon Creators API returned the product but no price
B07N26VX8S,https://www.amazon.com/dp/B07N26VX8S?tag=hillarypeil-20,BEDS. DRESSERS. NIGHTSTANDS.,Amazon Creators API returned the product but no price
B07N4P3XGM,https://www.amazon.com/dp/B07N4P3XGM?tag=hillarypeil-20,BEDS. DRESSERS. NIGHTSTANDS. | Effortless Chic Home,Amazon Creators API returned the product but no price
B07N6R97MY,https://www.amazon.com/dp/B07N6R97MY?tag=hillarypeil-20,CABINETS. SIDEBOARDS. BUFFETS. CONSOLES.,Amazon Creators API returned the product but no price
B07N9KQ8G6,https://www.amazon.com/dp/B07N9KQ8G6?tag=hillarypeil-20,BEDS. DRESSERS. NIGHTSTANDS.,Amazon Creators API returned the product but no price
B07NC75L97,https://www.amazon.com/dp/B07NC75L97?tag=hillarypeil-20,GIFTS UNDER $50,Amazon Creators API returned the product but no price
B07NC77RKH,https://www.amazon.com/dp/B07NC77RKH?tag=hillarypeil-20,AUTUMN Vibes,Amazon Creators API returned the product but no price
B07NC8BZJB,https://www.amazon.com/dp/B07NC8BZJB?tag=hillarypeil-20,GIFTS UNDER $25,Amazon Creators API returned the product but no price
B07NDGBN76,https://www.amazon.com/dp/B07NDGBN76?tag=hillarypeil-20,DINING ROOM,Amazon Creators API returned the product but no price
B07NDHLQHT,https://www.amazon.com/dp/B07NDHLQHT?tag=hillarypeil-20,DINING ROOM,Amazon Creators API returned the product but no price
B07NGWPN8F,https://www.amazon.com/dp/B07NGWPN8F?tag=hillarypeil-20,SOFAS. ACCENT CHAIRS. OTTOMANS.,Amazon Creators API returned the product but no price
B07NHBXJ1Z,https://www.amazon.com/dp/B07NHBXJ1Z?tag=hillarypeil-20,LAMPS,Amazon Creators API returned the product but no price
B07NJ8SL68,https://www.amazon.com/dp/B07NJ8SL68?tag=hillarypeil-20,LIGHTING - Designer Inspired,Amazon Creators API returned the product but no price
B07NLW1CBL,https://www.amazon.com/dp/B07NLW1CBL?tag=hillarypeil-20,BATHROOM Essentials,Amazon Creators API returned the product but no price
B07NPFTSPB,https://www.amazon.com/dp/B07NPFTSPB?tag=hillarypeil-20,BATHROOM Essentials,Amazon Creators API returned the product but no price
B07NQPYGYD,https://www.amazon.com/dp/B07NQPYGYD?tag=hillarypeil-20,LAST MINUTE GIFTS,Amazon Creators API returned the product but no price
B07NSG3XMG,https://www.amazon.com/dp/B07NSG3XMG?tag=hillarypeil-20,LAMPS,Amazon Creators API returned the product but no price
B07NTZQWLZ,https://www.amazon.com/dp/B07NTZQWLZ?tag=hillarypeil-20,BATHROOM Essentials,Amazon Creators API returned the product but no price
B07NW2PQ85,https://www.amazon.com/dp/B07NW2PQ85?tag=hillarypeil-20,BEDS. DRESSERS. NIGHTSTANDS.,Amazon Creators API returned the product but no price
B07NZ1Y76Q,https://www.amazon.com/dp/B07NZ1Y76Q?tag=hillarypeil-20,TWEEN & TEEN - GIFT GUIDE,Amazon Creators API returned the product but no price
B07P85JN52,https://www.amazon.com/dp/B07P85JN52?tag=hillarypeil-20,WORK WEAR,Amazon Creators API returned the product but no price
B07P8MHWSG,https://www.amazon.com/dp/B07P8MHWSG?tag=hillarypeil-20,HARDWARE & FINISHES,Amazon Creators API returned the product but no price
B07PB79KP7,https://www.amazon.com/dp/B07PB79KP7?tag=hillarypeil-20,FOR HIM - GIFT GUIDE,Amazon Creators API returned the product but no price
B07PBWFWT1,https://www.amazon.com/dp/B07PBWFWT1?tag=hillarypeil-20,HARDWARE & FINISHES,Amazon Creators API returned the product but no price
B07PGBMXJK,https://www.amazon.com/dp/B07PGBMXJK?tag=hillarypeil-20,HARDWARE & FINISHES,Amazon Creators API returned the product but no price
B07PGFTV8T,https://www.amazon.com/dp/B07PGFTV8T?tag=hillarypeil-20,FOR HIM - GIFT GUIDE,Amazon Creators API returned the product but no price
B07PLCTCB4,https://www.amazon.com/dp/B07PLCTCB4?tag=hillarypeil-20,JUST IN...My Newest OBSESSIONS,Amazon Creators API returned the product but no price
B07PSJPNLZ,https://www.amazon.com/dp/B07PSJPNLZ?tag=hillarypeil-20,COFFEE TABLES. SIDE TABLES. ACCENT TABLES,Amazon Creators API returned the product but no price
B07Q2HL3BJ,https://www.amazon.com/dp/B07Q2HL3BJ?tag=hillarypeil-20,CURTAINS,Amazon Creators API returned the product but no price
B07Q3MKYFL,https://www.amazon.com/dp/B07Q3MKYFL?tag=hillarypeil-20,LUXE JEWELRY & ACCESSORIES,Amazon Creators API returned the product but no price
B07Q5KBVBM,https://www.amazon.com/dp/B07Q5KBVBM?tag=hillarypeil-20,AUTUMN Vibes,Amazon Creators API returned the product but no price
B07Q5KCS2Q,https://www.amazon.com/dp/B07Q5KCS2Q?tag=hillarypeil-20,AUTUMN Vibes,Amazon Creators API returned the product but no price
B07Q8J6QHY,https://www.amazon.com/dp/B07Q8J6QHY?tag=hillarypeil-20,LIGHTING - Designer Inspired,Amazon Creators API returned the product but no price
B07QC946DP,https://www.amazon.com/dp/B07QC946DP?tag=hillarypeil-20,DINING ROOM,Amazon Creators API returned the product but no price
B07QF1HSMQ,https://www.amazon.com/dp/B07QF1HSMQ?tag=hillarypeil-20,DINING ROOM,Amazon Creators API returned the product but no price
B07QFNZ5VY,https://www.amazon.com/dp/B07QFNZ5VY?tag=hillarypeil-20,FASHION,Amazon Creators API returned the product but no price
B07QG9VJMS,https://www.amazon.com/dp/B07QG9VJMS?tag=hillarypeil-20,HARDWARE & FINISHES,Amazon Creators API returned the product but no price
B07QGTDZSJ,https://www.amazon.com/dp/B07QGTDZSJ?tag=hillarypeil-20,ORGANIZING Essentials,Amazon Creators API returned the product but no price
B07QHYD995,https://www.amazon.com/dp/B07QHYD995?tag=hillarypeil-20,SOFAS. ACCENT CHAIRS. OTTOMANS.,Amazon Creators API returned the product but no price
B07QN1KXYB,https://www.amazon.com/dp/B07QN1KXYB?tag=hillarypeil-20,BATHROOM Essentials,Amazon Creators API returned the product but no price
B07QNZP171,https://www.amazon.com/dp/B07QNZP171?tag=hillarypeil-20,FOR HER - HANDBAGS,Amazon Creators API returned the product but no price
B07QPZXBFF,https://www.amazon.com/dp/B07QPZXBFF?tag=hillarypeil-20,AUTUMN Vibes,Amazon Creators API returned the product but no price
B07QS5JSZB,https://www.amazon.com/dp/B07QS5JSZB?tag=hillarypeil-20,UNDER $50 FALL Capsule,Amazon Creators API returned the product but no price
B07QS9SCWW,https://www.amazon.com/dp/B07QS9SCWW?tag=hillarypeil-20,GIFTS UNDER $25,Amazon Creators API returned the product but no price
B07QX2VW13,https://www.amazon.com/dp/B07QX2VW13?tag=hillarypeil-20,HARDWARE & FINISHES,Amazon Creators API returned the product but no price
B07R3HFQP5,https://www.amazon.com/dp/B07R3HFQP5?tag=hillarypeil-20,ENTRYWAY. FOYER.,Amazon Creators API returned the product but no price
B07R7RBRSM,https://www.amazon.com/dp/B07R7RBRSM?tag=hillarypeil-20,GIFTS UNDER $25,Amazon Creators API returned the product but no price
B07R7TJT38,https://www.amazon.com/dp/B07R7TJT38?tag=hillarypeil-20,PILATES PRINCESS,Amazon Creators API returned the product but no price
B07R8Z8NKZ,https://www.amazon.com/dp/B07R8Z8NKZ?tag=hillarypeil-20,AUTUMN Vibes,Amazon Creators API returned the product but no price
B07RQ6T65B,https://www.amazon.com/dp/B07RQ6T65B?tag=hillarypeil-20,HARDWARE & FINISHES,Amazon Creators API returned the product but no price
B07RWG7FHL,https://www.amazon.com/dp/B07RWG7FHL?tag=hillarypeil-20,DINING ROOM,Amazon Creators API returned the product but no price
B07RYBKY3K,https://www.amazon.com/dp/B07RYBKY3K?tag=hillarypeil-20,WINTER FASHION,Amazon Creators API returned the product but no price
B07RZMRXXL,https://www.amazon.com/dp/B07RZMRXXL?tag=hillarypeil-20,DINING ROOM,Amazon Creators API returned the product but no price
B07SJW67X2,https://www.amazon.com/dp/B07SJW67X2?tag=hillarypeil-20,FOR HIM - GIFT GUIDE,Amazon Creators API returned the product but no price
B07SKCGLQ7,https://www.amazon.com/dp/B07SKCGLQ7?tag=hillarypeil-20,SOFAS. ACCENT CHAIRS. OTTOMANS.,Amazon Creators API returned the product but no price
B07SMNXQWL,https://www.amazon.com/dp/B07SMNXQWL?tag=hillarypeil-20,SOFAS. ACCENT CHAIRS. OTTOMANS.,Amazon Creators API returned the product but no price
B07SRJG5YT,https://www.amazon.com/dp/B07SRJG5YT?tag=hillarypeil-20,OUTDOOR Oasis,Amazon Creators API returned the product but no price
B07SRWTX4T,https://www.amazon.com/dp/B07SRWTX4T?tag=hillarypeil-20,BATHROOM Essentials | BATHROOM Organization | HARDWARE & FINISHES,Amazon Creators API returned the product but no price
B07SW1QCSR,https://www.amazon.com/dp/B07SW1QCSR?tag=hillarypeil-20,KITCHEN Essentials,Amazon Creators API returned the product but no price
B07SZBBRPX,https://www.amazon.com/dp/B07SZBBRPX?tag=hillarypeil-20,AUTUMN Vibes,Amazon Creators API returned the product but no price
B07T3HRZHF,https://www.amazon.com/dp/B07T3HRZHF?tag=hillarypeil-20,ORGANIZING Essentials,Amazon Creators API returned the product but no price
B07T6BJVWL,https://www.amazon.com/dp/B07T6BJVWL?tag=hillarypeil-20,LAMPS,Amazon Creators API returned the product but no price
B07TCZ3H37,https://www.amazon.com/dp/B07TCZ3H37?tag=hillarypeil-20,CURTAINS,Amazon Creators API returned the product but no price
B07TM3FWR6,https://www.amazon.com/dp/B07TM3FWR6?tag=hillarypeil-20,SOFAS. ACCENT CHAIRS. OTTOMANS.,Amazon Creators API returned the product but no price
B07TMHXYR6,https://www.amazon.com/dp/B07TMHXYR6?tag=hillarypeil-20,RUGS,Amazon Creators API returned the product but no price
B07TSJHJ7V,https://www.amazon.com/dp/B07TSJHJ7V?tag=hillarypeil-20,GIFTS UNDER $50,Amazon Creators API returned the product but no price
B07TV53YMM,https://www.amazon.com/dp/B07TV53YMM?tag=hillarypeil-20,FASHION,Amazon Creators API returned the product but no price
B07TW2YGXV,https://www.amazon.com/dp/B07TW2YGXV?tag=hillarypeil-20,LAMPS,Amazon Creators API returned the product but no price
B07TZFDDZ2,https://www.amazon.com/dp/B07TZFDDZ2?tag=hillarypeil-20,WALL DECOR - MIRRORS. ART. FRAMES.,Amazon Creators API returned the product but no price
B07VBNCH1B,https://www.amazon.com/dp/B07VBNCH1B?tag=hillarypeil-20,GIFTS UNDER $25,Amazon Creators API returned the product but no price
B07VCT3RY1,https://www.amazon.com/dp/B07VCT3RY1?tag=hillarypeil-20,GIFTS UNDER $25,Amazon Creators API returned the product but no price
B07VDGDTHB,https://www.amazon.com/dp/B07VDGDTHB?tag=hillarypeil-20,LAMPS,Amazon Creators API returned the product but no price
B07VFWTFTV,https://www.amazon.com/dp/B07VFWTFTV?tag=hillarypeil-20,GIFTS UNDER $25,Amazon Creators API returned the product but no price
B07VFWTZWD,https://www.amazon.com/dp/B07VFWTZWD?tag=hillarypeil-20,BEDDING. PILLOWS. THROWS. TOWELS.,Amazon Creators API returned the product but no price
B07VFWVLZ5,https://www.amazon.com/dp/B07VFWVLZ5?tag=hillarypeil-20,PILLOWS & THROWS,Amazon Creators API returned the product but no price
B07VHR9HPK,https://www.amazon.com/dp/B07VHR9HPK?tag=hillarypeil-20,GIFTS UNDER $25,Amazon Creators API returned the product but no price
B07VKHDXWF,https://www.amazon.com/dp/B07VKHDXWF?tag=hillarypeil-20,PILLOWS & THROWS,Amazon Creators API returned the product but no price
B07W5K84SW,https://www.amazon.com/dp/B07W5K84SW?tag=hillarypeil-20,ENTRYWAY. FOYER.,Amazon Creators API returned the product but no price
B07W81RH1K,https://www.amazon.com/dp/B07W81RH1K?tag=hillarypeil-20,EUROPEAN SUMMER,Amazon Creators API returned the product but no price
B07W99C16L,https://www.amazon.com/dp/B07W99C16L?tag=hillarypeil-20,RUGS,Amazon Creators API returned the product but no price
B07WK34GC1,https://www.amazon.com/dp/B07WK34GC1?tag=hillarypeil-20,HARDWARE & FINISHES,Amazon Creators API returned the product but no price
B07WN3F93N,https://www.amazon.com/dp/B07WN3F93N?tag=hillarypeil-20,BATHROOM Essentials,Amazon Creators API returned the product but no price
B07WSS1R3S,https://www.amazon.com/dp/B07WSS1R3S?tag=hillarypeil-20,BEDS. DRESSERS. NIGHTSTANDS.,Amazon Creators API returned the product but no price
B07WT6K984,https://www.amazon.com/dp/B07WT6K984?tag=hillarypeil-20,APRIL Best Sellers,Amazon Creators API returned the product but no price
B07WVW8GMY,https://www.amazon.com/dp/B07WVW8GMY?tag=hillarypeil-20,LAMPS,Amazon Creators API returned the product but no price
B07WW87DW7,https://www.amazon.com/dp/B07WW87DW7?tag=hillarypeil-20,GIFTS UNDER $50,Amazon Creators API returned the product but no price
B07WX9QR9G,https://www.amazon.com/dp/B07WX9QR9G?tag=hillarypeil-20,LAMPS,Amazon Creators API returned the product but no price
B07WYK8YZ8,https://www.amazon.com/dp/B07WYK8YZ8?tag=hillarypeil-20,BEDS. DRESSERS. NIGHTSTANDS.,Amazon Creators API returned the product but no price
B07WZX45R7,https://www.amazon.com/dp/B07WZX45R7?tag=hillarypeil-20,COFFEE TABLES. SIDE TABLES. ACCENT TABLES,Amazon Creators API returned the product but no price
B07X227SC2,https://www.amazon.com/dp/B07X227SC2?tag=hillarypeil-20,COFFEE TABLES. SIDE TABLES. ACCENT TABLES,Amazon Creators API returned the product but no price
B07X2X9JQ2,https://www.amazon.com/dp/B07X2X9JQ2?tag=hillarypeil-20,ELEVATED Bathroom Must-Haves,Amazon Creators API returned the product but no price
B07XM91DDM,https://www.amazon.com/dp/B07XM91DDM?tag=hillarypeil-20,FEBRUARY Best Sellers | HEALTHY Living,Amazon Creators API returned the product but no price
B07XTL58ZZ,https://www.amazon.com/dp/B07XTL58ZZ?tag=hillarypeil-20,CABINETS. SIDEBOARDS. BUFFETS. CONSOLES.,Amazon Creators API returned the product but no price
B07XVS6C9W,https://www.amazon.com/dp/B07XVS6C9W?tag=hillarypeil-20,JANUARY Best Sellers | LAST MINUTE GIFTS,Amazon Creators API returned the product but no price
B07XYNPHQ2,https://www.amazon.com/dp/B07XYNPHQ2?tag=hillarypeil-20,HEALTHY Living,Amazon Creators API returned the product but no price
B07XZ5MDZY,https://www.amazon.com/dp/B07XZ5MDZY?tag=hillarypeil-20,TWEEN & TEEN - GIFT GUIDE,Amazon Creators API returned the product but no price
B07Y5YCM2Y,https://www.amazon.com/dp/B07Y5YCM2Y?tag=hillarypeil-20,THE Littles - GIFT GUIDE,Amazon Creators API returned the product but no price
B07Y62RPGJ,https://www.amazon.com/dp/B07Y62RPGJ?tag=hillarypeil-20,THE Littles - GIFT GUIDE,Amazon Creators API returned the product but no price
B07YCWTRPG,https://www.amazon.com/dp/B07YCWTRPG?tag=hillarypeil-20,COFFEE BAR Essentials,Amazon Creators API returned the product but no price
B07YFF4HLP,https://www.amazon.com/dp/B07YFF4HLP?tag=hillarypeil-20,CABINETS. SIDEBOARDS. BUFFETS. CONSOLES.,Amazon Creators API returned the product but no price
B07YFQWJLK,https://www.amazon.com/dp/B07YFQWJLK?tag=hillarypeil-20,TWEEN & TEEN - GIFT GUIDE,Amazon Creators API returned the product but no price
B07YFW44RN,https://www.amazon.com/dp/B07YFW44RN?tag=hillarypeil-20,CHIC WITHOUT THE SPLURGE TRAVEL | OVER 40 & Fabulous HILLARY'S Capsule WARDROBE - Effortless & Chic,Amazon Creators API returned the product but no price
B07YHC3PXT,https://www.amazon.com/dp/B07YHC3PXT?tag=hillarypeil-20,AUTUMN Vibes,Amazon Creators API returned the product but no price
B07YHGPQ8L,https://www.amazon.com/dp/B07YHGPQ8L?tag=hillarypeil-20,HOLIDAY EVENING Looks,Amazon Creators API returned the product but no price
B07YJWQ8QV,https://www.amazon.com/dp/B07YJWQ8QV?tag=hillarypeil-20,HOLIDAY ON SALE,Amazon Creators API returned the product but no price
B07YNZ62P7,https://www.amazon.com/dp/B07YNZ62P7?tag=hillarypeil-20,BATHROOM Essentials,Amazon Creators API returned the product but no price
B07YRHZZMB,https://www.amazon.com/dp/B07YRHZZMB?tag=hillarypeil-20,LIGHTING - Designer Inspired,Amazon Creators API returned the product but no price
B07YVYPNRD,https://www.amazon.com/dp/B07YVYPNRD?tag=hillarypeil-20,TWEEN & TEEN - GIFT GUIDE,Amazon Creators API returned the product but no price
B07YVYZ8T5,https://www.amazon.com/dp/B07YVYZ8T5?tag=hillarypeil-20,TWEEN & TEEN - GIFT GUIDE,Amazon Creators API returned the product but no price
B07YWR6ZXJ,https://www.amazon.com/dp/B07YWR6ZXJ?tag=hillarypeil-20,COFFEE TABLES. SIDE TABLES. ACCENT TABLES,Amazon Creators API returned the product but no price
B07Z1QBW3W,https://www.amazon.com/dp/B07Z1QBW3W?tag=hillarypeil-20,LAMPS,Amazon Creators API returned the product but no price
B07Z252R4M,https://www.amazon.com/dp/B07Z252R4M?tag=hillarypeil-20,LAMPS,Amazon Creators API returned the product but no price
B07Z8CYZQH,https://www.amazon.com/dp/B07Z8CYZQH?tag=hillarypeil-20,TOP SEPTEMBER DEALS,Amazon Creators API returned the product but no price
B07Z8HJD91,https://www.amazon.com/dp/B07Z8HJD91?tag=hillarypeil-20,CABINETS. SIDEBOARDS. BUFFETS. CONSOLES.,Amazon Creators API returned the product but no price
B07Z9HF7PM,https://www.amazon.com/dp/B07Z9HF7PM?tag=hillarypeil-20,LAST MINUTE GIFTS,Amazon Creators API returned the product but no price
B07ZB116NK,https://www.amazon.com/dp/B07ZB116NK?tag=hillarypeil-20,COFFEE TABLES. SIDE TABLES. ACCENT TABLES,Amazon Creators API returned the product but no price
B07ZH4RDFX,https://www.amazon.com/dp/B07ZH4RDFX?tag=hillarypeil-20,BEDDING. PILLOWS. THROWS. TOWELS.,Amazon Creators API returned the product but no price
B07ZK7RZZB,https://www.amazon.com/dp/B07ZK7RZZB?tag=hillarypeil-20,LUXE Holiday Home,Amazon Creators API returned the product but no price
B07ZQTGV8Q,https://www.amazon.com/dp/B07ZQTGV8Q?tag=hillarypeil-20,GIFTS UNDER $50,Amazon Creators API returned the product but no price
B07ZR14Y71,https://www.amazon.com/dp/B07ZR14Y71?tag=hillarypeil-20,TOP SEPTEMBER DEALS,Amazon Creators API returned the product but no price
B07ZR1BJ9Q,https://www.amazon.com/dp/B07ZR1BJ9Q?tag=hillarypeil-20,BATHROOM Essentials,Amazon Creators API returned the product but no price
B07ZZG8DH7,https://www.amazon.com/dp/B07ZZG8DH7?tag=hillarypeil-20,LAST MINUTE GIFTS,Amazon Creators API returned the product but no price
B07ZZLRQG9,https://www.amazon.com/dp/B07ZZLRQG9?tag=hillarypeil-20,DINING ROOM,Amazon Creators API returned the product but no price
B0815JGGBX,https://www.amazon.com/dp/B0815JGGBX?tag=hillarypeil-20,ENTRYWAY. FOYER.,Amazon Creators API returned the product but no price
B0815R8M5M,https://www.amazon.com/dp/B0815R8M5M?tag=hillarypeil-20,BEDS. DRESSERS. NIGHTSTANDS.,Amazon Creators API returned the product but no price
B08198HQMF,https://www.amazon.com/dp/B08198HQMF?tag=hillarypeil-20,RESORT WEAR FASHION,Amazon Creators API returned the product but no price
B081BJ7W2D,https://www.amazon.com/dp/B081BJ7W2D?tag=hillarypeil-20,LAMPS,Amazon Creators API returned the product but no price
B081D6QL74,https://www.amazon.com/dp/B081D6QL74?tag=hillarypeil-20,BATHROOM Essentials,Amazon Creators API returned the product but no price
B081D6TL1Z,https://www.amazon.com/dp/B081D6TL1Z?tag=hillarypeil-20,RUGS,Amazon Creators API returned the product but no price
B081LSN5GM,https://www.amazon.com/dp/B081LSN5GM?tag=hillarypeil-20,CABINETS. SIDEBOARDS. BUFFETS. CONSOLES.,Amazon Creators API returned the product but no price
B081QRNTR4,https://www.amazon.com/dp/B081QRNTR4?tag=hillarypeil-20,BEDDING. PILLOWS. THROWS. TOWELS.,Amazon Creators API returned the product but no price
B081S4WDF7,https://www.amazon.com/dp/B081S4WDF7?tag=hillarypeil-20,WALL DECOR - MIRRORS. ART. FRAMES.,Amazon Creators API returned the product but no price
B081S9TKYB,https://www.amazon.com/dp/B081S9TKYB?tag=hillarypeil-20,BATHROOM Essentials | WALL DECOR - MIRRORS. ART. FRAMES.,Amazon Creators API returned the product but no price
B081TPXKHR,https://www.amazon.com/dp/B081TPXKHR?tag=hillarypeil-20,FOR HIM - GIFT GUIDE,Amazon Creators API returned the product but no price
B081TSLSFJ,https://www.amazon.com/dp/B081TSLSFJ?tag=hillarypeil-20,BEDS. DRESSERS. NIGHTSTANDS.,Amazon Creators API returned the product but no price
B08215GC3H,https://www.amazon.com/dp/B08215GC3H?tag=hillarypeil-20,LAMPS,Amazon Creators API returned the product but no price
B0821TFVXK,https://www.amazon.com/dp/B0821TFVXK?tag=hillarypeil-20,CLOSET Organizing,Amazon Creators API returned the product but no price
B0827RDJFP,https://www.amazon.com/dp/B0827RDJFP?tag=hillarypeil-20,ELEVATED HOLIDAY FASHION,Amazon Creators API returned the product but no price
B082C21YVS,https://www.amazon.com/dp/B082C21YVS?tag=hillarypeil-20,DINING ROOM,Amazon Creators API returned the product but no price
B082CZ3HXJ,https://www.amazon.com/dp/B082CZ3HXJ?tag=hillarypeil-20,COFFEE TABLES. SIDE TABLES. ACCENT TABLES,Amazon Creators API returned the product but no price
B082G5XB78,https://www.amazon.com/dp/B082G5XB78?tag=hillarypeil-20,AUTUMN Vibes,Amazon Creators API returned the product but no price
B082KY1MX8,https://www.amazon.com/dp/B082KY1MX8?tag=hillarypeil-20,CANDLE HOLDERS. CANDLE STICKS.,Amazon Creators API returned the product but no price
B082MFLW9L,https://www.amazon.com/dp/B082MFLW9L?tag=hillarypeil-20,OUTDOOR Oasis,Amazon Creators API returned the product but no price
B082S4871Z,https://www.amazon.com/dp/B082S4871Z?tag=hillarypeil-20,MARCH Best Sellers,Amazon Creators API returned the product but no price
B082VMV5NL,https://www.amazon.com/dp/B082VMV5NL?tag=hillarypeil-20,BATHROOM Essentials,Amazon Creators API returned the product but no price
B082XVVMGR,https://www.amazon.com/dp/B082XVVMGR?tag=hillarypeil-20,VASES. TRAYS. BOXES.,Amazon Creators API returned the product but no price
B082YQ2FKQ,https://www.amazon.com/dp/B082YQ2FKQ?tag=hillarypeil-20,AUTUMN Vibes,Amazon Creators API returned the product but no price
B082ZC351S,https://www.amazon.com/dp/B082ZC351S?tag=hillarypeil-20,GIFTS UNDER $25,Amazon Creators API returned the product but no price
B0831JGQS2,https://www.amazon.com/dp/B0831JGQS2?tag=hillarypeil-20,COFFEE TABLES. SIDE TABLES. ACCENT TABLES,Amazon Creators API returned the product but no price
B0833B1SWC,https://www.amazon.com/dp/B0833B1SWC?tag=hillarypeil-20,FASHION,Amazon Creators API returned the product but no price
B0835MFJRG,https://www.amazon.com/dp/B0835MFJRG?tag=hillarypeil-20,CHIC WITHOUT THE SPLURGE TRAVEL,Amazon Creators API returned the product but no price
B0837F3Y9S,https://www.amazon.com/dp/B0837F3Y9S?tag=hillarypeil-20,PRESCHOOL LITTLES,Amazon Creators API returned the product but no price
B083B8QJ44,https://www.amazon.com/dp/B083B8QJ44?tag=hillarypeil-20,OUTDOOR Oasis,Amazon Creators API returned the product but no price
B083LDQZYM,https://www.amazon.com/dp/B083LDQZYM?tag=hillarypeil-20,LUXE Gifting,Amazon Creators API returned the product but no price
B083PPR4Y3,https://www.amazon.com/dp/B083PPR4Y3?tag=hillarypeil-20,DINING ROOM,Amazon Creators API returned the product but no price
B083QNQSB6,https://www.amazon.com/dp/B083QNQSB6?tag=hillarypeil-20,DINING ROOM,Amazon Creators API returned the product but no price
B083QP2QKC,https://www.amazon.com/dp/B083QP2QKC?tag=hillarypeil-20,DINING ROOM,Amazon Creators API returned the product but no price
B083QPZTWD,https://www.amazon.com/dp/B083QPZTWD?tag=hillarypeil-20,CLOSET Organizing,Amazon Creators API returned the product but no price
B083QQ1Y2C,https://www.amazon.com/dp/B083QQ1Y2C?tag=hillarypeil-20,DINING ROOM,Amazon Creators API returned the product but no price
B083QQB55Q,https://www.amazon.com/dp/B083QQB55Q?tag=hillarypeil-20,CLOSET Organizing,Amazon Creators API returned the product but no price
B083TGNYBS,https://www.amazon.com/dp/B083TGNYBS?tag=hillarypeil-20,FOR HER - HANDBAGS,Amazon Creators API returned the product but no price
B0841MSS4D,https://www.amazon.com/dp/B0841MSS4D?tag=hillarypeil-20,BATHROOM Essentials,Amazon Creators API returned the product but no price
B0842BSGXS,https://www.amazon.com/dp/B0842BSGXS?tag=hillarypeil-20,DECEMBER Best Sellers,Amazon Creators API returned the product but no price
B0843HHJNN,https://www.amazon.com/dp/B0843HHJNN?tag=hillarypeil-20,RUGS,Amazon Creators API returned the product but no price
B0843YH2PF,https://www.amazon.com/dp/B0843YH2PF?tag=hillarypeil-20,COFFEE TABLES. SIDE TABLES. ACCENT TABLES,Amazon Creators API returned the product but no price
B084C3RHW6,https://www.amazon.com/dp/B084C3RHW6?tag=hillarypeil-20,Spring Obsessed,Amazon Creators API returned the product but no price
B084CXY21Z,https://www.amazon.com/dp/B084CXY21Z?tag=hillarypeil-20,RUGS,Amazon Creators API returned the product but no price
B084D42CQL,https://www.amazon.com/dp/B084D42CQL?tag=hillarypeil-20,RUGS,Amazon Creators API returned the product but no price
B084HB4QY6,https://www.amazon.com/dp/B084HB4QY6?tag=hillarypeil-20,DINING ROOM,Amazon Creators API returned the product but no price
B084HCWRQC,https://www.amazon.com/dp/B084HCWRQC?tag=hillarypeil-20,OUTDOOR Oasis,Amazon Creators API returned the product but no price
B084JQMFKT,https://www.amazon.com/dp/B084JQMFKT?tag=hillarypeil-20,RUGS,Amazon Creators API returned the product but no price
B084LN66XD,https://www.amazon.com/dp/B084LN66XD?tag=hillarypeil-20,GIFTS UNDER $25,Amazon Creators API returned the product but no price
B084LNK64Y,https://www.amazon.com/dp/B084LNK64Y?tag=hillarypeil-20,GIFTS UNDER $25,Amazon Creators API returned the product but no price
B084MFQTHX,https://www.amazon.com/dp/B084MFQTHX?tag=hillarypeil-20,COFFEE TABLES. SIDE TABLES. ACCENT TABLES,Amazon Creators API returned the product but no price
B084P9M74V,https://www.amazon.com/dp/B084P9M74V?tag=hillarypeil-20,RUGS,Amazon Creators API returned the product but no price
B084QD3ZFW,https://www.amazon.com/dp/B084QD3ZFW?tag=hillarypeil-20,BEDS. DRESSERS. NIGHTSTANDS.,Amazon Creators API returned the product but no price
B084YV3TG4,https://www.amazon.com/dp/B084YV3TG4?tag=hillarypeil-20,BEDDING. PILLOWS. THROWS. TOWELS.,Amazon Creators API returned the product but no price
B084ZNM8MK,https://www.amazon.com/dp/B084ZNM8MK?tag=hillarypeil-20,DINING ROOM,Amazon Creators API returned the product but no price
B084ZR12BX,https://www.amazon.com/dp/B084ZR12BX?tag=hillarypeil-20,Outdoor PLANTERS,Amazon Creators API returned the product but no price
B084ZTYNN1,https://www.amazon.com/dp/B084ZTYNN1?tag=hillarypeil-20,SOFAS. ACCENT CHAIRS. OTTOMANS.,Amazon Creators API returned the product but no price
B0851R64S8,https://www.amazon.com/dp/B0851R64S8?tag=hillarypeil-20,VASES. TRAYS. BOXES.,Amazon Creators API returned the product but no price
B0853N8T7M,https://www.amazon.com/dp/B0853N8T7M?tag=hillarypeil-20,SOFAS. ACCENT CHAIRS. OTTOMANS.,Amazon Creators API returned the product but no price
B085565X2N,https://www.amazon.com/dp/B085565X2N?tag=hillarypeil-20,DINING ROOM,Amazon Creators API returned the product but no price
B0857JZKYB,https://www.amazon.com/dp/B0857JZKYB?tag=hillarypeil-20,DINING ROOM,Amazon Creators API returned the product but no price
B085J2YYSD,https://www.amazon.com/dp/B085J2YYSD?tag=hillarypeil-20,BEDDING. PILLOWS. THROWS. TOWELS.,Amazon Creators API returned the product but no price
B085JP95LV,https://www.amazon.com/dp/B085JP95LV?tag=hillarypeil-20,KITCHEN Organizing,Amazon Creators API returned the product but no price
B085NW4CKC,https://www.amazon.com/dp/B085NW4CKC?tag=hillarypeil-20,DINING ROOM,Amazon Creators API returned the product but no price
B085PZKQHD,https://www.amazon.com/dp/B085PZKQHD?tag=hillarypeil-20,KITCHEN Essentials,Amazon Creators API returned the product but no price
B085XSPZNS,https://www.amazon.com/dp/B085XSPZNS?tag=hillarypeil-20,CURTAINS | LAUNDRY Room Essentials,Amazon Creators API returned the product but no price
B0862YK4YM,https://www.amazon.com/dp/B0862YK4YM?tag=hillarypeil-20,COFFEE TABLES. SIDE TABLES. ACCENT TABLES,Amazon Creators API returned the product but no price
B0864TYSSX,https://www.amazon.com/dp/B0864TYSSX?tag=hillarypeil-20,CABINETS. SIDEBOARDS. BUFFETS. CONSOLES.,Amazon Creators API returned the product but no price
B0869F3JRC,https://www.amazon.com/dp/B0869F3JRC?tag=hillarypeil-20,DINING ROOM,Amazon Creators API returned the product but no price
B086DV2LQX,https://www.amazon.com/dp/B086DV2LQX?tag=hillarypeil-20,AUTUMN Vibes,Amazon Creators API returned the product but no price
B086KTP5TG,https://www.amazon.com/dp/B086KTP5TG?tag=hillarypeil-20,BATHROOM Essentials,Amazon Creators API returned the product but no price
B086LJM3Y9,https://www.amazon.com/dp/B086LJM3Y9?tag=hillarypeil-20,BEAUTY & SKINCARE,Amazon Creators API returned the product but no price
B086SX45DR,https://www.amazon.com/dp/B086SX45DR?tag=hillarypeil-20,KITCHEN Essentials,Amazon Creators API returned the product but no price
B086T7DVJT,https://www.amazon.com/dp/B086T7DVJT?tag=hillarypeil-20,COFFEE TABLES. SIDE TABLES. ACCENT TABLES,Amazon Creators API returned the product but no price
B086WLK5TC,https://www.amazon.com/dp/B086WLK5TC?tag=hillarypeil-20,JANUARY Best Sellers,Amazon Creators API returned the product but no price
B086XZW2J6,https://www.amazon.com/dp/B086XZW2J6?tag=hillarypeil-20,COFFEE TABLES. SIDE TABLES. ACCENT TABLES,Amazon Creators API returned the product but no price
B086YJLCRV,https://www.amazon.com/dp/B086YJLCRV?tag=hillarypeil-20,LUXE JEWELRY & ACCESSORIES,Amazon Creators API returned the product but no price
B0872X2KXV,https://www.amazon.com/dp/B0872X2KXV?tag=hillarypeil-20,RUGS,Amazon Creators API returned the product but no price
B087D95B3H,https://www.amazon.com/dp/B087D95B3H?tag=hillarypeil-20,DINING ROOM,Amazon Creators API returned the product but no price
B087DYFNGC,https://www.amazon.com/dp/B087DYFNGC?tag=hillarypeil-20,BATHROOM Essentials,Amazon Creators API returned the product but no price
B087F41XJC,https://www.amazon.com/dp/B087F41XJC?tag=hillarypeil-20,BATHROOM Essentials,Amazon Creators API returned the product but no price
B087F53H6Y,https://www.amazon.com/dp/B087F53H6Y?tag=hillarypeil-20,DINING ROOM,Amazon Creators API returned the product but no price
B087F6YRTQ,https://www.amazon.com/dp/B087F6YRTQ?tag=hillarypeil-20,RUGS,Amazon Creators API returned the product but no price
B087GY3RC4,https://www.amazon.com/dp/B087GY3RC4?tag=hillarypeil-20,HOLIDAY EVENING Looks,Amazon Creators API returned the product but no price
B087KVB8SQ,https://www.amazon.com/dp/B087KVB8SQ?tag=hillarypeil-20,DINING ROOM,Amazon Creators API returned the product but no price
B087NC2J55,https://www.amazon.com/dp/B087NC2J55?tag=hillarypeil-20,SOFAS. ACCENT CHAIRS. OTTOMANS.,Amazon Creators API returned the product but no price
B087NK221G,https://www.amazon.com/dp/B087NK221G?tag=hillarypeil-20,DINING ROOM,Amazon Creators API returned the product but no price
B087NKCBLN,https://www.amazon.com/dp/B087NKCBLN?tag=hillarypeil-20,DINING ROOM,Amazon Creators API returned the product but no price
B087PTW7F5,https://www.amazon.com/dp/B087PTW7F5?tag=hillarypeil-20,COFFEE BAR Essentials,Amazon Creators API returned the product but no price
B087VWNN4F,https://www.amazon.com/dp/B087VWNN4F?tag=hillarypeil-20,ENTRYWAY. FOYER.,Amazon Creators API returned the product but no price
B087WSR36V,https://www.amazon.com/dp/B087WSR36V?tag=hillarypeil-20,For the Big Kids,Amazon Creators API returned the product but no price
B087YJ7SY8,https://www.amazon.com/dp/B087YJ7SY8?tag=hillarypeil-20,PILLOWS & THROWS,Amazon Creators API returned the product but no price
B0884154D8,https://www.amazon.com/dp/B0884154D8?tag=hillarypeil-20,Effortless Chic Home,Amazon Creators API returned the product but no price
B088CZW84P,https://www.amazon.com/dp/B088CZW84P?tag=hillarypeil-20,EARLY Fall,Amazon Creators API returned the product but no price
B088D2SJM8,https://www.amazon.com/dp/B088D2SJM8?tag=hillarypeil-20,GIFTS UNDER $50,Amazon Creators API returned the product but no price
B088H42BVB,https://www.amazon.com/dp/B088H42BVB?tag=hillarypeil-20,TRAVEL,Amazon Creators API returned the product but no price
B088KFR74X,https://www.amazon.com/dp/B088KFR74X?tag=hillarypeil-20,HARDWARE & FINISHES,Amazon Creators API returned the product but no price
B088KTMSY9,https://www.amazon.com/dp/B088KTMSY9?tag=hillarypeil-20,CABINETS. SIDEBOARDS. BUFFETS. CONSOLES.,Amazon Creators API returned the product but no price
B088P86M2C,https://www.amazon.com/dp/B088P86M2C?tag=hillarypeil-20,AUTUMN Vibes | GIFTS UNDER $25,Amazon Creators API returned the product but no price
B088T2RD6P,https://www.amazon.com/dp/B088T2RD6P?tag=hillarypeil-20,DINING ROOM,Amazon Creators API returned the product but no price
B088T8MW67,https://www.amazon.com/dp/B088T8MW67?tag=hillarypeil-20,HOME DECOR,Amazon Creators API returned the product but no price
B088THDFDZ,https://www.amazon.com/dp/B088THDFDZ?tag=hillarypeil-20,COFFEE TABLES. SIDE TABLES. ACCENT TABLES,Amazon Creators API returned the product but no price
B088XSM75Z,https://www.amazon.com/dp/B088XSM75Z?tag=hillarypeil-20,GIFTS UNDER $25,Amazon Creators API returned the product but no price
B0893Q2H88,https://www.amazon.com/dp/B0893Q2H88?tag=hillarypeil-20,BATHROOM Essentials,Amazon Creators API returned the product but no price
B089FXH9HL,https://www.amazon.com/dp/B089FXH9HL?tag=hillarypeil-20,CAR ORGANIZATION,Amazon Creators API returned the product but no price
B089G7VQY3,https://www.amazon.com/dp/B089G7VQY3?tag=hillarypeil-20,WALL DECOR - MIRRORS. ART. FRAMES.,Amazon Creators API returned the product but no price
B089MCZYFT,https://www.amazon.com/dp/B089MCZYFT?tag=hillarypeil-20,FOR HER - HANDBAGS,Amazon Creators API returned the product but no price
B089P2WCVV,https://www.amazon.com/dp/B089P2WCVV?tag=hillarypeil-20,LIGHTING - Designer Inspired,Amazon Creators API returned the product but no price
B089QR9252,https://www.amazon.com/dp/B089QR9252?tag=hillarypeil-20,LAMPS,Amazon Creators API returned the product but no price
B089WJ9K3Q,https://www.amazon.com/dp/B089WJ9K3Q?tag=hillarypeil-20,COFFEE TABLES. SIDE TABLES. ACCENT TABLES,Amazon Creators API returned the product but no price
B089YYL2SV,https://www.amazon.com/dp/B089YYL2SV?tag=hillarypeil-20,BATHROOM Essentials,Amazon Creators API returned the product but no price
B089ZJ321G,https://www.amazon.com/dp/B089ZJ321G?tag=hillarypeil-20,BATHROOM Essentials,Amazon Creators API returned the product but no price
B08B42PM47,https://www.amazon.com/dp/B08B42PM47?tag=hillarypeil-20,TRAVEL,Amazon Creators API returned the product but no price
B08B46QG9M,https://www.amazon.com/dp/B08B46QG9M?tag=hillarypeil-20,BEDROOM STYLE,Amazon Creators API returned the product but no price
B08B5S8JV5,https://www.amazon.com/dp/B08B5S8JV5?tag=hillarypeil-20,HARDWARE & FINISHES,Amazon Creators API returned the product but no price
B08B951D35,https://www.amazon.com/dp/B08B951D35?tag=hillarypeil-20,FOR HIM - GIFT GUIDE,Amazon Creators API returned the product but no price
B08BP8VQ6N,https://www.amazon.com/dp/B08BP8VQ6N?tag=hillarypeil-20,DINING ROOM,Amazon Creators API returned the product but no price
B08BTS8PFV,https://www.amazon.com/dp/B08BTS8PFV?tag=hillarypeil-20,DINING ROOM,Amazon Creators API returned the product but no price
B08BWDVPQY,https://www.amazon.com/dp/B08BWDVPQY?tag=hillarypeil-20,BEDDING: LUXURY finds in Our Home,Amazon Creators API returned the product but no price
B08BY5K7JB,https://www.amazon.com/dp/B08BY5K7JB?tag=hillarypeil-20,BATHROOM Essentials,Amazon Creators API returned the product but no price
B08BZBHLBR,https://www.amazon.com/dp/B08BZBHLBR?tag=hillarypeil-20,BEDDING. PILLOWS. THROWS. TOWELS.,Amazon Creators API returned the product but no price
B08BZWT3KM,https://www.amazon.com/dp/B08BZWT3KM?tag=hillarypeil-20,COFFEE TABLES. SIDE TABLES. ACCENT TABLES,Amazon Creators API returned the product but no price
B08C2X6QGH,https://www.amazon.com/dp/B08C2X6QGH?tag=hillarypeil-20,FOR HER - HANDBAGS,Amazon Creators API returned the product but no price
B08C315KHG,https://www.amazon.com/dp/B08C315KHG?tag=hillarypeil-20,MARCH Best Sellers,Amazon Creators API returned the product but no price
B08C9HQLHS,https://www.amazon.com/dp/B08C9HQLHS?tag=hillarypeil-20,BED & BATH FINDS,Amazon Creators API returned the product but no price
B08CCGH18H,https://www.amazon.com/dp/B08CCGH18H?tag=hillarypeil-20,BATHROOM Essentials,Amazon Creators API returned the product but no price
B08CDTS9JM,https://www.amazon.com/dp/B08CDTS9JM?tag=hillarypeil-20,BATHROOM Essentials,Amazon Creators API returned the product but no price
B08CFRGK55,https://www.amazon.com/dp/B08CFRGK55?tag=hillarypeil-20,COFFEE TABLES. SIDE TABLES. ACCENT TABLES,Amazon Creators API returned the product but no price
B08CG27C3B,https://www.amazon.com/dp/B08CG27C3B?tag=hillarypeil-20,DINING ROOM,Amazon Creators API returned the product but no price
B08CG7MLDN,https://www.amazon.com/dp/B08CG7MLDN?tag=hillarypeil-20,COFFEE TABLES. SIDE TABLES. ACCENT TABLES,Amazon Creators API returned the product but no price
B08CGS8H9K,https://www.amazon.com/dp/B08CGS8H9K?tag=hillarypeil-20,DINING ROOM,Amazon Creators API returned the product but no price
B08CJRY1KV,https://www.amazon.com/dp/B08CJRY1KV?tag=hillarypeil-20,JUST IN...My Newest OBSESSIONS,Amazon Creators API returned the product but no price
B08CKKBQDF,https://www.amazon.com/dp/B08CKKBQDF?tag=hillarypeil-20,WALL DECOR - MIRRORS. ART. FRAMES.,Amazon Creators API returned the product but no price
B08CPCMMK4,https://www.amazon.com/dp/B08CPCMMK4?tag=hillarypeil-20,AFFORDABLE DECOR,Amazon Creators API returned the product but no price
B08CPT2FX3,https://www.amazon.com/dp/B08CPT2FX3?tag=hillarypeil-20,Outdoor PLANTERS,Amazon Creators API returned the product but no price
B08CR7452C,https://www.amazon.com/dp/B08CR7452C?tag=hillarypeil-20,LUXE Gifting,Amazon Creators API returned the product but no price
B08CRD3VL4,https://www.amazon.com/dp/B08CRD3VL4?tag=hillarypeil-20,OUTDOOR Oasis,Amazon Creators API returned the product but no price
B08CRLMSCZ,https://www.amazon.com/dp/B08CRLMSCZ?tag=hillarypeil-20,DINING ROOM,Amazon Creators API returned the product but no price
B08CRNYYXS,https://www.amazon.com/dp/B08CRNYYXS?tag=hillarypeil-20,BATHROOM Essentials,Amazon Creators API returned the product but no price
B08CS18QZ7,https://www.amazon.com/dp/B08CS18QZ7?tag=hillarypeil-20,BATHROOM Essentials,Amazon Creators API returned the product but no price
B08CVT1VTR,https://www.amazon.com/dp/B08CVT1VTR?tag=hillarypeil-20,OUTDOOR Oasis | Outdoor PLANTERS,Amazon Creators API returned the product but no price
B08CXNGZFJ,https://www.amazon.com/dp/B08CXNGZFJ?tag=hillarypeil-20,BED & BATH FINDS | FEBRUARY Best Sellers,Amazon Creators API returned the product but no price
B08CYNR6T6,https://www.amazon.com/dp/B08CYNR6T6?tag=hillarypeil-20,HOLIDAY EVENING Looks,Amazon Creators API returned the product but no price
B08D3GDZMZ,https://www.amazon.com/dp/B08D3GDZMZ?tag=hillarypeil-20,HOLIDAY THEMES 2025,Amazon Creators API returned the product but no price
B08DHN5TF2,https://www.amazon.com/dp/B08DHN5TF2?tag=hillarypeil-20,Subtle Luxury Home,Amazon Creators API returned the product but no price
B08DL6V2PS,https://www.amazon.com/dp/B08DL6V2PS?tag=hillarypeil-20,COFFEE TABLES. SIDE TABLES. ACCENT TABLES,Amazon Creators API returned the product but no price
B08DMMRQ3J,https://www.amazon.com/dp/B08DMMRQ3J?tag=hillarypeil-20,WINTER FASHION,Amazon Creators API returned the product but no price
B08DNWK1MZ,https://www.amazon.com/dp/B08DNWK1MZ?tag=hillarypeil-20,GIFTS UNDER $50,Amazon Creators API returned the product but no price
B08DP2L1SZ,https://www.amazon.com/dp/B08DP2L1SZ?tag=hillarypeil-20,Outdoor PLANTERS,Amazon Creators API returned the product but no price
B08DPQLDYY,https://www.amazon.com/dp/B08DPQLDYY?tag=hillarypeil-20,GIFTS UNDER $50,Amazon Creators API returned the product but no price
B08DPQXYYB,https://www.amazon.com/dp/B08DPQXYYB?tag=hillarypeil-20,BATHROOM Essentials,Amazon Creators API returned the product but no price
B08DPWNNXR,https://www.amazon.com/dp/B08DPWNNXR?tag=hillarypeil-20,GIFTS UNDER $50,Amazon Creators API returned the product but no price
B08DPZ8C6F,https://www.amazon.com/dp/B08DPZ8C6F?tag=hillarypeil-20,TABLETOP MUST-HAVES,Amazon Creators API returned the product but no price
B08DQND1YD,https://www.amazon.com/dp/B08DQND1YD?tag=hillarypeil-20,PILLOWS & THROWS,Amazon Creators API returned the product but no price
B08DTMCXWF,https://www.amazon.com/dp/B08DTMCXWF?tag=hillarypeil-20,HOLIDAY THEMES 2025,Amazon Creators API returned the product but no price
B08DXVZ6QP,https://www.amazon.com/dp/B08DXVZ6QP?tag=hillarypeil-20,DECEMBER Best Sellers | GIFTING | LAST MINUTE GIFTS | Vanity Organization,Amazon Creators API returned the product but no price
B08FCJMV6V,https://www.amazon.com/dp/B08FCJMV6V?tag=hillarypeil-20,PILLOWS & THROWS,Amazon Creators API returned the product but no price
B08FD4RCRL,https://www.amazon.com/dp/B08FD4RCRL?tag=hillarypeil-20,LUXE Gifting | TWEEN & TEEN - GIFT GUIDE,Amazon Creators API returned the product but no price
B08FFG722N,https://www.amazon.com/dp/B08FFG722N?tag=hillarypeil-20,ELEVATED HOLIDAY FASHION,Amazon Creators API returned the product but no price
B08FJ9T5CC,https://www.amazon.com/dp/B08FJ9T5CC?tag=hillarypeil-20,COFFEE TABLES. SIDE TABLES. ACCENT TABLES,Amazon Creators API returned the product but no price
B08FLY35V4,https://www.amazon.com/dp/B08FLY35V4?tag=hillarypeil-20,BEDS. DRESSERS. NIGHTSTANDS.,Amazon Creators API returned the product but no price
B08FR69SPJ,https://www.amazon.com/dp/B08FR69SPJ?tag=hillarypeil-20,LIGHTING - Designer Inspired,Amazon Creators API returned the product but no price
B08FSQPDM7,https://www.amazon.com/dp/B08FSQPDM7?tag=hillarypeil-20,COFFEE TABLES. SIDE TABLES. ACCENT TABLES,Amazon Creators API returned the product but no price
B08GFBQS3X,https://www.amazon.com/dp/B08GFBQS3X?tag=hillarypeil-20,BATHROOM Essentials | JANUARY Best Sellers,Amazon Creators API returned the product but no price
B08GGBXL7X,https://www.amazon.com/dp/B08GGBXL7X?tag=hillarypeil-20,TOP OCTOBER DEALS,Amazon Creators API returned the product but no price
B08GK834CW,https://www.amazon.com/dp/B08GK834CW?tag=hillarypeil-20,TWEEN & TEEN - GIFT GUIDE,Amazon Creators API returned the product but no price
B08GKHNZKL,https://www.amazon.com/dp/B08GKHNZKL?tag=hillarypeil-20,ORGANIZING Essentials,Amazon Creators API returned the product but no price
B08GQZ7T24,https://www.amazon.com/dp/B08GQZ7T24?tag=hillarypeil-20,My Curated Gift Guide | STOCKING STUFFERS | Vanity Organization,Amazon Creators API returned the product but no price
B08GRHYKFT,https://www.amazon.com/dp/B08GRHYKFT?tag=hillarypeil-20,FOR HIM - GIFT GUIDE,Amazon Creators API returned the product but no price
B08GYMQCF8,https://www.amazon.com/dp/B08GYMQCF8?tag=hillarypeil-20,CABINETS. SIDEBOARDS. BUFFETS. CONSOLES.,Amazon Creators API returned the product but no price
B08H1SV35T,https://www.amazon.com/dp/B08H1SV35T?tag=hillarypeil-20,WALL DECOR - MIRRORS. ART. FRAMES.,Amazon Creators API returned the product but no price
B08H2HCPFG,https://www.amazon.com/dp/B08H2HCPFG?tag=hillarypeil-20,COFFEE TABLES. SIDE TABLES. ACCENT TABLES,Amazon Creators API returned the product but no price
B08H4VQKG7,https://www.amazon.com/dp/B08H4VQKG7?tag=hillarypeil-20,LUXE JEWELRY & ACCESSORIES,Amazon Creators API returned the product but no price
B08H7VRDVT,https://www.amazon.com/dp/B08H7VRDVT?tag=hillarypeil-20,AUTUMN Vibes,Amazon Creators API returned the product but no price
B08H8TLL6X,https://www.amazon.com/dp/B08H8TLL6X?tag=hillarypeil-20,CABINETS. SIDEBOARDS. BUFFETS. CONSOLES.,Amazon Creators API returned the product but no price
B08HCHMPJZ,https://www.amazon.com/dp/B08HCHMPJZ?tag=hillarypeil-20,MUST-HAVE HOSTING,Amazon Creators API returned the product but no price
B08HDNW681,https://www.amazon.com/dp/B08HDNW681?tag=hillarypeil-20,BATHROOM Essentials,Amazon Creators API returned the product but no price
B08HH6Q7BL,https://www.amazon.com/dp/B08HH6Q7BL?tag=hillarypeil-20,TRAVEL,Amazon Creators API returned the product but no price
B08HPRMJ41,https://www.amazon.com/dp/B08HPRMJ41?tag=hillarypeil-20,FOR HER - HANDBAGS,Amazon Creators API returned the product but no price
B08HQRN9VM,https://www.amazon.com/dp/B08HQRN9VM?tag=hillarypeil-20,HILLARY'S BEACH Bag Essentials,Amazon Creators API returned the product but no price
B08HR22FLH,https://www.amazon.com/dp/B08HR22FLH?tag=hillarypeil-20,BEDS. DRESSERS. NIGHTSTANDS.,Amazon Creators API returned the product but no price
B08HS3ZNXQ,https://www.amazon.com/dp/B08HS3ZNXQ?tag=hillarypeil-20,BEDS. DRESSERS. NIGHTSTANDS.,Amazon Creators API returned the product but no price
B08HV3K5PH,https://www.amazon.com/dp/B08HV3K5PH?tag=hillarypeil-20,LIGHTING - Designer Inspired,Amazon Creators API returned the product but no price
B08J2L6SKH,https://www.amazon.com/dp/B08J2L6SKH?tag=hillarypeil-20,WALL DECOR - MIRRORS. ART. FRAMES.,Amazon Creators API returned the product but no price
B08JGYCM83,https://www.amazon.com/dp/B08JGYCM83?tag=hillarypeil-20,AUTUMN Vibes,Amazon Creators API returned the product but no price
B08JPYQ3XM,https://www.amazon.com/dp/B08JPYQ3XM?tag=hillarypeil-20,GIFTING | LUXE Gifting,Amazon Creators API returned the product but no price
B08JSSXHPC,https://www.amazon.com/dp/B08JSSXHPC?tag=hillarypeil-20,BATHROOM Essentials,Amazon Creators API returned the product but no price
B08K7HTY35,https://www.amazon.com/dp/B08K7HTY35?tag=hillarypeil-20,SOFAS. ACCENT CHAIRS. OTTOMANS.,Amazon Creators API returned the product but no price
B08K8RPZVX,https://www.amazon.com/dp/B08K8RPZVX?tag=hillarypeil-20,For the Big Kids,Amazon Creators API returned the product but no price
B08KGVSN26,https://www.amazon.com/dp/B08KGVSN26?tag=hillarypeil-20,OUTDOOR Oasis,Amazon Creators API returned the product but no price
B08KTX33JP,https://www.amazon.com/dp/B08KTX33JP?tag=hillarypeil-20,BATHROOM Essentials,Amazon Creators API returned the product but no price
B08KWDCL4G,https://www.amazon.com/dp/B08KWDCL4G?tag=hillarypeil-20,DINING ROOM,Amazon Creators API returned the product but no price
B08L35L8WK,https://www.amazon.com/dp/B08L35L8WK?tag=hillarypeil-20,WALL DECOR - MIRRORS. ART. FRAMES.,Amazon Creators API returned the product but no price
B08L4XLXRR,https://www.amazon.com/dp/B08L4XLXRR?tag=hillarypeil-20,For the Hostess - GIFT GUIDE,Amazon Creators API returned the product but no price
B08L6NNH6L,https://www.amazon.com/dp/B08L6NNH6L?tag=hillarypeil-20,DINING ROOM,Amazon Creators API returned the product but no price
B08LBXDGSQ,https://www.amazon.com/dp/B08LBXDGSQ?tag=hillarypeil-20,DINING ROOM,Amazon Creators API returned the product but no price
B08LH2FP7K,https://www.amazon.com/dp/B08LH2FP7K?tag=hillarypeil-20,GIFTS UNDER $50,Amazon Creators API returned the product but no price
B08LJQ3DW5,https://www.amazon.com/dp/B08LJQ3DW5?tag=hillarypeil-20,BOY'S Bathroom,Amazon Creators API returned the product but no price
B08LKL4X2T,https://www.amazon.com/dp/B08LKL4X2T?tag=hillarypeil-20,JANUARY Best Sellers,Amazon Creators API returned the product but no price
B08LNW1V2Q,https://www.amazon.com/dp/B08LNW1V2Q?tag=hillarypeil-20,LAMPS,Amazon Creators API returned the product but no price
B08LQ9ZJRD,https://www.amazon.com/dp/B08LQ9ZJRD?tag=hillarypeil-20,COFFEE TABLES. SIDE TABLES. ACCENT TABLES,Amazon Creators API returned the product but no price
B08LQXNT97,https://www.amazon.com/dp/B08LQXNT97?tag=hillarypeil-20,LUXE JEWELRY & ACCESSORIES,Amazon Creators API returned the product but no price
B08LR1SNMH,https://www.amazon.com/dp/B08LR1SNMH?tag=hillarypeil-20,LAST MINUTE GIFTS,Amazon Creators API returned the product but no price
B08LSV7R5J,https://www.amazon.com/dp/B08LSV7R5J?tag=hillarypeil-20,RUGS,Amazon Creators API returned the product but no price
B08LYBYRGN,https://www.amazon.com/dp/B08LYBYRGN?tag=hillarypeil-20,DINING ROOM,Amazon Creators API returned the product but no price
B08M42XN8J,https://www.amazon.com/dp/B08M42XN8J?tag=hillarypeil-20,LAMPS,Amazon Creators API returned the product but no price
B08M492V4L,https://www.amazon.com/dp/B08M492V4L?tag=hillarypeil-20,HARDWARE & FINISHES,Amazon Creators API returned the product but no price
B08M5HSNQS,https://www.amazon.com/dp/B08M5HSNQS?tag=hillarypeil-20,TABLETOP MUST-HAVES,Amazon Creators API returned the product but no price
B08MHNK18Z,https://www.amazon.com/dp/B08MHNK18Z?tag=hillarypeil-20,AUTUMN Vibes,Amazon Creators API returned the product but no price
B08MJPM646,https://www.amazon.com/dp/B08MJPM646?tag=hillarypeil-20,THE Littles - GIFT GUIDE,Amazon Creators API returned the product but no price
B08MT46VXW,https://www.amazon.com/dp/B08MT46VXW?tag=hillarypeil-20,PILLOWS & THROWS,Amazon Creators API returned the product but no price
B08MWVL2YV,https://www.amazon.com/dp/B08MWVL2YV?tag=hillarypeil-20,RUGS,Amazon Creators API returned the product but no price
B08N4TZQQM,https://www.amazon.com/dp/B08N4TZQQM?tag=hillarypeil-20,Our SITTING ROOM,Amazon Creators API returned the product but no price
B08N5F5GCG,https://www.amazon.com/dp/B08N5F5GCG?tag=hillarypeil-20,DINING ROOM,Amazon Creators API returned the product but no price
B08N6WM2X5,https://www.amazon.com/dp/B08N6WM2X5?tag=hillarypeil-20,BATHROOM Essentials,Amazon Creators API returned the product but no price
B08NCN3MZ9,https://www.amazon.com/dp/B08NCN3MZ9?tag=hillarypeil-20,DECEMBER Best Sellers | EARNED A SPOT FOR LIFE! | January Best Sellers 2 | LAUNDRY Room Essentials | ORGANIZING Essentials | PANTRY Organization,Amazon Creators API returned the product but no price
B08NDP15VX,https://www.amazon.com/dp/B08NDP15VX?tag=hillarypeil-20,TRAVEL,Amazon Creators API returned the product but no price
B08NDP5278,https://www.amazon.com/dp/B08NDP5278?tag=hillarypeil-20,The FALL EDIT,Amazon Creators API returned the product but no price
B08NJS7FWN,https://www.amazon.com/dp/B08NJS7FWN?tag=hillarypeil-20,BATHROOM Essentials,Amazon Creators API returned the product but no price
B08NLL4L2J,https://www.amazon.com/dp/B08NLL4L2J?tag=hillarypeil-20,GIFTS UNDER $50,Amazon Creators API returned the product but no price
B08NTY5VF8,https://www.amazon.com/dp/B08NTY5VF8?tag=hillarypeil-20,HOLIDAY THEMES 2025,Amazon Creators API returned the product but no price
B08P1PTWWN,https://www.amazon.com/dp/B08P1PTWWN?tag=hillarypeil-20,CABINETS. SIDEBOARDS. BUFFETS. CONSOLES.,Amazon Creators API returned the product but no price
B08P1SDFNC,https://www.amazon.com/dp/B08P1SDFNC?tag=hillarypeil-20,LAMPS,Amazon Creators API returned the product but no price
B08P1ZT5TY,https://www.amazon.com/dp/B08P1ZT5TY?tag=hillarypeil-20,TWEEN & TEEN - GIFT GUIDE,Amazon Creators API returned the product but no price
B08P2ZRFQY,https://www.amazon.com/dp/B08P2ZRFQY?tag=hillarypeil-20,COFFEE TABLE BOOKS,Amazon Creators API returned the product but no price
B08PBNQQYV,https://www.amazon.com/dp/B08PBNQQYV?tag=hillarypeil-20,DINING ROOM,Amazon Creators API returned the product but no price
B08PBRVC98,https://www.amazon.com/dp/B08PBRVC98?tag=hillarypeil-20,LIGHTING - Designer Inspired,Amazon Creators API returned the product but no price
B08PQ7X8ZL,https://www.amazon.com/dp/B08PQ7X8ZL?tag=hillarypeil-20,BEAUTY & SKINCARE,Amazon Creators API returned the product but no price
B08PYZ274N,https://www.amazon.com/dp/B08PYZ274N?tag=hillarypeil-20,BATHROOM Essentials | BATHROOM Organization,Amazon Creators API returned the product but no price
B08PZD76NP,https://www.amazon.com/dp/B08PZD76NP?tag=hillarypeil-20,LAST MINUTE GIFTS,Amazon Creators API returned the product but no price
B08Q3WC3B9,https://www.amazon.com/dp/B08Q3WC3B9?tag=hillarypeil-20,HOME & BATH Essentials,Amazon Creators API returned the product but no price
B08Q5G5B2X,https://www.amazon.com/dp/B08Q5G5B2X?tag=hillarypeil-20,GIFTING,Amazon Creators API returned the product but no price
B08Q5G928G,https://www.amazon.com/dp/B08Q5G928G?tag=hillarypeil-20,FOR HER - HANDBAGS,Amazon Creators API returned the product but no price
B08Q5J4465,https://www.amazon.com/dp/B08Q5J4465?tag=hillarypeil-20,FOR HER - HANDBAGS | HOLIDAY EVENING Looks,Amazon Creators API returned the product but no price
B08QFGNNYS,https://www.amazon.com/dp/B08QFGNNYS?tag=hillarypeil-20,GIFTS UNDER $25,Amazon Creators API returned the product but no price
B08QFN781L,https://www.amazon.com/dp/B08QFN781L?tag=hillarypeil-20,LUXE JEWELRY & ACCESSORIES,Amazon Creators API returned the product but no price
B08QJB195H,https://www.amazon.com/dp/B08QJB195H?tag=hillarypeil-20,COFFEE TABLES. SIDE TABLES. ACCENT TABLES,Amazon Creators API returned the product but no price
B08QNGHYLG,https://www.amazon.com/dp/B08QNGHYLG?tag=hillarypeil-20,COFFEE TABLES. SIDE TABLES. ACCENT TABLES | JANUARY Best Sellers,Amazon Creators API returned the product but no price
B08QV55QCX,https://www.amazon.com/dp/B08QV55QCX?tag=hillarypeil-20,CANDLE HOLDERS. CANDLE STICKS.,Amazon Creators API returned the product but no price
B08QVBP4RC,https://www.amazon.com/dp/B08QVBP4RC?tag=hillarypeil-20,My Curated Gift Guide,Amazon Creators API returned the product but no price
B08R1JFPT2,https://www.amazon.com/dp/B08R1JFPT2?tag=hillarypeil-20,AUTUMN Vibes,Amazon Creators API returned the product but no price
B08R42K59N,https://www.amazon.com/dp/B08R42K59N?tag=hillarypeil-20,RUGS,Amazon Creators API returned the product but no price
B08R7NC81L,https://www.amazon.com/dp/B08R7NC81L?tag=hillarypeil-20,WINTER FASHION,Amazon Creators API returned the product but no price
B08RGB7VS5,https://www.amazon.com/dp/B08RGB7VS5?tag=hillarypeil-20,BEDS. DRESSERS. NIGHTSTANDS.,Amazon Creators API returned the product but no price
B08RJZ8Q88,https://www.amazon.com/dp/B08RJZ8Q88?tag=hillarypeil-20,CABINETS. SIDEBOARDS. BUFFETS. CONSOLES.,Amazon Creators API returned the product but no price
B08RQBCQB4,https://www.amazon.com/dp/B08RQBCQB4?tag=hillarypeil-20,COFFEE TABLES. SIDE TABLES. ACCENT TABLES,Amazon Creators API returned the product but no price
B08RRRB38S,https://www.amazon.com/dp/B08RRRB38S?tag=hillarypeil-20,LIGHTING - Designer Inspired,Amazon Creators API returned the product but no price
B08RSDPC2Y,https://www.amazon.com/dp/B08RSDPC2Y?tag=hillarypeil-20,DINING ROOM,Amazon Creators API returned the product but no price
B08RSRV4BT,https://www.amazon.com/dp/B08RSRV4BT?tag=hillarypeil-20,RUGS,Amazon Creators API returned the product but no price
B08RSTT8H7,https://www.amazon.com/dp/B08RSTT8H7?tag=hillarypeil-20,RUGS,Amazon Creators API returned the product but no price
B08RSTYF5S,https://www.amazon.com/dp/B08RSTYF5S?tag=hillarypeil-20,RUGS,Amazon Creators API returned the product but no price
B08RV3GR5S,https://www.amazon.com/dp/B08RV3GR5S?tag=hillarypeil-20,RUGS,Amazon Creators API returned the product but no price
B08RV6PNSN,https://www.amazon.com/dp/B08RV6PNSN?tag=hillarypeil-20,RUGS,Amazon Creators API returned the product but no price
B08S3LCTBH,https://www.amazon.com/dp/B08S3LCTBH?tag=hillarypeil-20,BATHROOM Essentials,Amazon Creators API returned the product but no price
B08S8RH7MQ,https://www.amazon.com/dp/B08S8RH7MQ?tag=hillarypeil-20,TWEEN & TEEN - GIFT GUIDE,Amazon Creators API returned the product but no price
B08S8SPYVD,https://www.amazon.com/dp/B08S8SPYVD?tag=hillarypeil-20,COFFEE TABLES. SIDE TABLES. ACCENT TABLES,Amazon Creators API returned the product but no price
B08SBZ3X95,https://www.amazon.com/dp/B08SBZ3X95?tag=hillarypeil-20,TRAVEL,Amazon Creators API returned the product but no price
B08SGHM2BZ,https://www.amazon.com/dp/B08SGHM2BZ?tag=hillarypeil-20,LAST MINUTE GIFTS,Amazon Creators API returned the product but no price
B08SM93FCZ,https://www.amazon.com/dp/B08SM93FCZ?tag=hillarypeil-20,LAUNDRY Room Essentials | ORGANIZING Essentials,Amazon Creators API returned the product but no price
B08SMHQH6G,https://www.amazon.com/dp/B08SMHQH6G?tag=hillarypeil-20,KITCHEN Essentials,Amazon Creators API returned the product but no price
B08SMQLYJW,https://www.amazon.com/dp/B08SMQLYJW?tag=hillarypeil-20,THE Littles - GIFT GUIDE,Amazon Creators API returned the product but no price
B08TB1QNXP,https://www.amazon.com/dp/B08TB1QNXP?tag=hillarypeil-20,BEDS. DRESSERS. NIGHTSTANDS.,Amazon Creators API returned the product but no price
B08TH5X2ZN,https://www.amazon.com/dp/B08TH5X2ZN?tag=hillarypeil-20,Spring Obsessed | Subtle Luxury Home,Amazon Creators API returned the product but no price
B08TLWJ43D,https://www.amazon.com/dp/B08TLWJ43D?tag=hillarypeil-20,BATHROOM Organization,Amazon Creators API returned the product but no price
B08TM1PCJW,https://www.amazon.com/dp/B08TM1PCJW?tag=hillarypeil-20,TRAVEL,Amazon Creators API returned the product but no price
B08TM92BDX,https://www.amazon.com/dp/B08TM92BDX?tag=hillarypeil-20,For the Big Kids,Amazon Creators API returned the product but no price
B08TQPC4VZ,https://www.amazon.com/dp/B08TQPC4VZ?tag=hillarypeil-20,FEBRUARY Best Sellers,Amazon Creators API returned the product but no price
B08TR1CFFZ,https://www.amazon.com/dp/B08TR1CFFZ?tag=hillarypeil-20,LAMPS,Amazon Creators API returned the product but no price
B08TRDX87F,https://www.amazon.com/dp/B08TRDX87F?tag=hillarypeil-20,JANUARY Best Sellers | LAMPS | Moody Luxe Home,Amazon Creators API returned the product but no price
B08TT598DV,https://www.amazon.com/dp/B08TT598DV?tag=hillarypeil-20,COFFEE TABLES. SIDE TABLES. ACCENT TABLES,Amazon Creators API returned the product but no price
B08TW84CR1,https://www.amazon.com/dp/B08TW84CR1?tag=hillarypeil-20,LUXE Gifting,Amazon Creators API returned the product but no price
B08V1T6BQT,https://www.amazon.com/dp/B08V1T6BQT?tag=hillarypeil-20,BEDDING. PILLOWS. THROWS. TOWELS.,Amazon Creators API returned the product but no price
B08V1Y7YY8,https://www.amazon.com/dp/B08V1Y7YY8?tag=hillarypeil-20,BATHROOM Essentials,Amazon Creators API returned the product but no price
B08V1YW8P3,https://www.amazon.com/dp/B08V1YW8P3?tag=hillarypeil-20,CANDLE HOLDERS. CANDLE STICKS.,Amazon Creators API returned the product but no price
B08V1Z1GYN,https://www.amazon.com/dp/B08V1Z1GYN?tag=hillarypeil-20,PILLOWS & THROWS,Amazon Creators API returned the product but no price
B08V213WZ2,https://www.amazon.com/dp/B08V213WZ2?tag=hillarypeil-20,CANDLE HOLDERS. CANDLE STICKS.,Amazon Creators API returned the product but no price
B08V216TJK,https://www.amazon.com/dp/B08V216TJK?tag=hillarypeil-20,WALL DECOR - MIRRORS. ART. FRAMES.,Amazon Creators API returned the product but no price
B08V817ZS9,https://www.amazon.com/dp/B08V817ZS9?tag=hillarypeil-20,KITCHEN Essentials,Amazon Creators API returned the product but no price
B08VGN4F2Z,https://www.amazon.com/dp/B08VGN4F2Z?tag=hillarypeil-20,GIFTS UNDER $25,Amazon Creators API returned the product but no price
B08VJ4RP3V,https://www.amazon.com/dp/B08VJ4RP3V?tag=hillarypeil-20,TWEEN & TEEN - GIFT GUIDE,Amazon Creators API returned the product but no price
B08VLG1JBG,https://www.amazon.com/dp/B08VLG1JBG?tag=hillarypeil-20,OUTDOOR Oasis,Amazon Creators API returned the product but no price
B08VNNL8ZD,https://www.amazon.com/dp/B08VNNL8ZD?tag=hillarypeil-20,PILLOWS & THROWS,Amazon Creators API returned the product but no price
B08VQ581KQ,https://www.amazon.com/dp/B08VQ581KQ?tag=hillarypeil-20,BEAUTY & SKINCARE,Amazon Creators API returned the product but no price
B08VVZB3VC,https://www.amazon.com/dp/B08VVZB3VC?tag=hillarypeil-20,LUXE Holiday Home | VIRAL Holiday Finds,Amazon Creators API returned the product but no price
B08VW2NSR5,https://www.amazon.com/dp/B08VW2NSR5?tag=hillarypeil-20,Spring Obsessed,Amazon Creators API returned the product but no price
B08VW5ZD2Z,https://www.amazon.com/dp/B08VW5ZD2Z?tag=hillarypeil-20,HOLIDAY COLOR CRUSHES 2025,Amazon Creators API returned the product but no price
B08W1V2DY7,https://www.amazon.com/dp/B08W1V2DY7?tag=hillarypeil-20,BATHROOM Essentials | LIGHTING - Designer Inspired,Amazon Creators API returned the product but no price
B08W2DVFRR,https://www.amazon.com/dp/B08W2DVFRR?tag=hillarypeil-20,BATHROOM Essentials,Amazon Creators API returned the product but no price
B08W5BMNF8,https://www.amazon.com/dp/B08W5BMNF8?tag=hillarypeil-20,FOR HIM - GIFT GUIDE,Amazon Creators API returned the product but no price
B08WCKD663,https://www.amazon.com/dp/B08WCKD663?tag=hillarypeil-20,COFFEE TABLES. SIDE TABLES. ACCENT TABLES,Amazon Creators API returned the product but no price
B08WDRH5KV,https://www.amazon.com/dp/B08WDRH5KV?tag=hillarypeil-20,BATHROOM Essentials,Amazon Creators API returned the product but no price
B08WHGKYDC,https://www.amazon.com/dp/B08WHGKYDC?tag=hillarypeil-20,Home UPGRADES,Amazon Creators API returned the product but no price
B08WJ787K6,https://www.amazon.com/dp/B08WJ787K6?tag=hillarypeil-20,COFFEE TABLES. SIDE TABLES. ACCENT TABLES,Amazon Creators API returned the product but no price
B08WPVFSNH,https://www.amazon.com/dp/B08WPVFSNH?tag=hillarypeil-20,WALL DECOR - MIRRORS. ART. FRAMES.,Amazon Creators API returned the product but no price
B08WT6W54D,https://www.amazon.com/dp/B08WT6W54D?tag=hillarypeil-20,DINING ROOM,Amazon Creators API returned the product but no price
B08WYN8L7F,https://www.amazon.com/dp/B08WYN8L7F?tag=hillarypeil-20,Moody Luxe Home,Amazon Creators API returned the product but no price
B08X148391,https://www.amazon.com/dp/B08X148391?tag=hillarypeil-20,LAMPS,Amazon Creators API returned the product but no price
B08X3CJXPK,https://www.amazon.com/dp/B08X3CJXPK?tag=hillarypeil-20,CABINETS. SIDEBOARDS. BUFFETS. CONSOLES.,Amazon Creators API returned the product but no price
B08X4LRWK9,https://www.amazon.com/dp/B08X4LRWK9?tag=hillarypeil-20,DECEMBER Best Sellers | TABLETOP MUST-HAVES,Amazon Creators API returned the product but no price
B08X6GG5GG,https://www.amazon.com/dp/B08X6GG5GG?tag=hillarypeil-20,BATHROOM Essentials,Amazon Creators API returned the product but no price
B08X6GRX1M,https://www.amazon.com/dp/B08X6GRX1M?tag=hillarypeil-20,DINING ROOM,Amazon Creators API returned the product but no price
B08X79YT9T,https://www.amazon.com/dp/B08X79YT9T?tag=hillarypeil-20,FOR HIM - GIFT GUIDE,Amazon Creators API returned the product but no price
B08XB6VXPY,https://www.amazon.com/dp/B08XB6VXPY?tag=hillarypeil-20,DECEMBER Best Sellers,Amazon Creators API returned the product but no price
B08XGBR6K6,https://www.amazon.com/dp/B08XGBR6K6?tag=hillarypeil-20,LAMPS,Amazon Creators API returned the product but no price
B08XGDB1NG,https://www.amazon.com/dp/B08XGDB1NG?tag=hillarypeil-20,LAMPS,Amazon Creators API returned the product but no price
B08XK547F6,https://www.amazon.com/dp/B08XK547F6?tag=hillarypeil-20,PILLOWS & THROWS,Amazon Creators API returned the product but no price
B08XM8V9FB,https://www.amazon.com/dp/B08XM8V9FB?tag=hillarypeil-20,TWEEN & TEEN - GIFT GUIDE,Amazon Creators API returned the product but no price
B08XN9Y2LX,https://www.amazon.com/dp/B08XN9Y2LX?tag=hillarypeil-20,LAMPS,Amazon Creators API returned the product but no price
B08XR2DT4Y,https://www.amazon.com/dp/B08XR2DT4Y?tag=hillarypeil-20,BATHROOM Essentials,Amazon Creators API returned the product but no price
B08XTGDTWG,https://www.amazon.com/dp/B08XTGDTWG?tag=hillarypeil-20,AUGUST TOP PICKS,Amazon Creators API returned the product but no price
B08XVYZ1Y5,https://www.amazon.com/dp/B08XVYZ1Y5?tag=hillarypeil-20,GIFTS UNDER $50,Amazon Creators API returned the product but no price
B08Y5FQW8P,https://www.amazon.com/dp/B08Y5FQW8P?tag=hillarypeil-20,COFFEE TABLES. SIDE TABLES. ACCENT TABLES,Amazon Creators API returned the product but no price
B08Y5Z64XK,https://www.amazon.com/dp/B08Y5Z64XK?tag=hillarypeil-20,Vanity Organization,Amazon Creators API returned the product but no price
B08YP6J2RB,https://www.amazon.com/dp/B08YP6J2RB?tag=hillarypeil-20,CABINETS. SIDEBOARDS. BUFFETS. CONSOLES.,Amazon Creators API returned the product but no price
B08Z4H62D9,https://www.amazon.com/dp/B08Z4H62D9?tag=hillarypeil-20,FOR HIM - GIFT GUIDE,Amazon Creators API returned the product but no price
B08Z4MNYTW,https://www.amazon.com/dp/B08Z4MNYTW?tag=hillarypeil-20,WINTER FASHION,Amazon Creators API returned the product but no price
B08ZJQLJ6W,https://www.amazon.com/dp/B08ZJQLJ6W?tag=hillarypeil-20,WALL DECOR - MIRRORS. ART. FRAMES.,Amazon Creators API returned the product but no price
B08ZY6TVCV,https://www.amazon.com/dp/B08ZY6TVCV?tag=hillarypeil-20,SKIMS LIKE BASICS,Amazon Creators API returned the product but no price
B091BRYX61,https://www.amazon.com/dp/B091BRYX61?tag=hillarypeil-20,BEDDING. PILLOWS. THROWS. TOWELS.,Amazon Creators API returned the product but no price
B091CWLP3Q,https://www.amazon.com/dp/B091CWLP3Q?tag=hillarypeil-20,LIGHTING - Designer Inspired,Amazon Creators API returned the product but no price
B091J5QDJR,https://www.amazon.com/dp/B091J5QDJR?tag=hillarypeil-20,HOME & BATH Essentials,Amazon Creators API returned the product but no price
B091JB1DVK,https://www.amazon.com/dp/B091JB1DVK?tag=hillarypeil-20,DINING ROOM,Amazon Creators API returned the product but no price
B091JBK5Q5,https://www.amazon.com/dp/B091JBK5Q5?tag=hillarypeil-20,SOFAS. ACCENT CHAIRS. OTTOMANS.,Amazon Creators API returned the product but no price
B091JBR5YS,https://www.amazon.com/dp/B091JBR5YS?tag=hillarypeil-20,SOFAS. ACCENT CHAIRS. OTTOMANS.,Amazon Creators API returned the product but no price
B091JCSDQG,https://www.amazon.com/dp/B091JCSDQG?tag=hillarypeil-20,DINING ROOM,Amazon Creators API returned the product but no price
B0924YJJHR,https://www.amazon.com/dp/B0924YJJHR?tag=hillarypeil-20,ENTRYWAY. FOYER.,Amazon Creators API returned the product but no price
B0925HZPST,https://www.amazon.com/dp/B0925HZPST?tag=hillarypeil-20,LIGHTING - Designer Inspired,Amazon Creators API returned the product but no price
B09291HW9N,https://www.amazon.com/dp/B09291HW9N?tag=hillarypeil-20,LIGHTING - Designer Inspired,Amazon Creators API returned the product but no price
B092BDV63B,https://www.amazon.com/dp/B092BDV63B?tag=hillarypeil-20,LAST MINUTE GIFTS,Amazon Creators API returned the product but no price
B092CSJP6R,https://www.amazon.com/dp/B092CSJP6R?tag=hillarypeil-20,ORGANIZING Essentials,Amazon Creators API returned the product but no price
B092W3D46Q,https://www.amazon.com/dp/B092W3D46Q?tag=hillarypeil-20,COFFEE TABLES. SIDE TABLES. ACCENT TABLES,Amazon Creators API returned the product but no price
B092W45X7G,https://www.amazon.com/dp/B092W45X7G?tag=hillarypeil-20,COFFEE TABLES. SIDE TABLES. ACCENT TABLES,Amazon Creators API returned the product but no price
B092W5X731,https://www.amazon.com/dp/B092W5X731?tag=hillarypeil-20,CABINETS. SIDEBOARDS. BUFFETS. CONSOLES.,Amazon Creators API returned the product but no price
B092YTFPDZ,https://www.amazon.com/dp/B092YTFPDZ?tag=hillarypeil-20,BEDS. DRESSERS. NIGHTSTANDS.,Amazon Creators API returned the product but no price
B092ZPZDPB,https://www.amazon.com/dp/B092ZPZDPB?tag=hillarypeil-20,SOFAS. ACCENT CHAIRS. OTTOMANS.,Amazon Creators API returned the product but no price
B09323QZQY,https://www.amazon.com/dp/B09323QZQY?tag=hillarypeil-20,BARCART,Amazon Creators API returned the product but no price
B0932QJ2JZ,https://www.amazon.com/dp/B0932QJ2JZ?tag=hillarypeil-20,TWEEN & TEEN - GIFT GUIDE,Amazon Creators API returned the product but no price
B0933BVK6T,https://www.amazon.com/dp/B0933BVK6T?tag=hillarypeil-20,HILLARY'S BEACH Bag Essentials,Amazon Creators API returned the product but no price
B09388V63H,https://www.amazon.com/dp/B09388V63H?tag=hillarypeil-20,COFFEE TABLES. SIDE TABLES. ACCENT TABLES,Amazon Creators API returned the product but no price
B093CF8S8G,https://www.amazon.com/dp/B093CF8S8G?tag=hillarypeil-20,DINING ROOM,Amazon Creators API returned the product but no price
B093HLTRZF,https://www.amazon.com/dp/B093HLTRZF?tag=hillarypeil-20,APRIL Best Sellers | April Amazon Live | MARCH Best Sellers | OUTDOOR Oasis,Amazon Creators API returned the product but no price
B093JNH8GB,https://www.amazon.com/dp/B093JNH8GB?tag=hillarypeil-20,KITCHEN Essentials,Amazon Creators API returned the product but no price
B093K8R76R,https://www.amazon.com/dp/B093K8R76R?tag=hillarypeil-20,DINING ROOM,Amazon Creators API returned the product but no price
B093LP2T8M,https://www.amazon.com/dp/B093LP2T8M?tag=hillarypeil-20,BED & BATH FINDS,Amazon Creators API returned the product but no price
B093MRBQ84,https://www.amazon.com/dp/B093MRBQ84?tag=hillarypeil-20,KITCHEN Organizing,Amazon Creators API returned the product but no price
B09476PMBR,https://www.amazon.com/dp/B09476PMBR?tag=hillarypeil-20,RUGS,Amazon Creators API returned the product but no price
B0948WF86K,https://www.amazon.com/dp/B0948WF86K?tag=hillarypeil-20,KITCHEN Essentials,Amazon Creators API returned the product but no price
B094C5NC1L,https://www.amazon.com/dp/B094C5NC1L?tag=hillarypeil-20,BEST SELLERS,Amazon Creators API returned the product but no price
B094DPVYH8,https://www.amazon.com/dp/B094DPVYH8?tag=hillarypeil-20,KITCHEN Essentials,Amazon Creators API returned the product but no price
B094VHNV7G,https://www.amazon.com/dp/B094VHNV7G?tag=hillarypeil-20,FOR HER - HANDBAGS,Amazon Creators API returned the product but no price
B094WZMXVT,https://www.amazon.com/dp/B094WZMXVT?tag=hillarypeil-20,ENTRYWAY. FOYER.,Amazon Creators API returned the product but no price
B094XHYB13,https://www.amazon.com/dp/B094XHYB13?tag=hillarypeil-20,COFFEE TABLES. SIDE TABLES. ACCENT TABLES,Amazon Creators API returned the product but no price
B0952TKCT4,https://www.amazon.com/dp/B0952TKCT4?tag=hillarypeil-20,BEDDING. PILLOWS. THROWS. TOWELS.,Amazon Creators API returned the product but no price
B0953F5SD6,https://www.amazon.com/dp/B0953F5SD6?tag=hillarypeil-20,Our SITTING ROOM,Amazon Creators API returned the product but no price
B0953W7WFX,https://www.amazon.com/dp/B0953W7WFX?tag=hillarypeil-20,Subtle Luxury Home,Amazon Creators API returned the product but no price
B0957GFLG9,https://www.amazon.com/dp/B0957GFLG9?tag=hillarypeil-20,WINTER FASHION,Amazon Creators API returned the product but no price
B095CWB9NW,https://www.amazon.com/dp/B095CWB9NW?tag=hillarypeil-20,SUMMER HOSTING,Amazon Creators API returned the product but no price
B095KBKGNV,https://www.amazon.com/dp/B095KBKGNV?tag=hillarypeil-20,FOR HER - HANDBAGS,Amazon Creators API returned the product but no price
B095KQQRBY,https://www.amazon.com/dp/B095KQQRBY?tag=hillarypeil-20,LAMPS,Amazon Creators API returned the product but no price
B095KYXKHX,https://www.amazon.com/dp/B095KYXKHX?tag=hillarypeil-20,LAMPS,Amazon Creators API returned the product but no price
B095L9V6NQ,https://www.amazon.com/dp/B095L9V6NQ?tag=hillarypeil-20,LIGHTING - Designer Inspired,Amazon Creators API returned the product but no price
B095PSJ7QV,https://www.amazon.com/dp/B095PSJ7QV?tag=hillarypeil-20,GIFTING | LUXE Gifting,Amazon Creators API returned the product but no price
B0966LFPW9,https://www.amazon.com/dp/B0966LFPW9?tag=hillarypeil-20,PILLOWS & THROWS,Amazon Creators API returned the product but no price
B096FG6CFK,https://www.amazon.com/dp/B096FG6CFK?tag=hillarypeil-20,RESORT WEAR FASHION,Amazon Creators API returned the product but no price
B096L5CSLK,https://www.amazon.com/dp/B096L5CSLK?tag=hillarypeil-20,FOR HER - HANDBAGS,Amazon Creators API returned the product but no price
B096M5PN9W,https://www.amazon.com/dp/B096M5PN9W?tag=hillarypeil-20,FOR HER - HANDBAGS,Amazon Creators API returned the product but no price
B096N3GJXJ,https://www.amazon.com/dp/B096N3GJXJ?tag=hillarypeil-20,BEDS. DRESSERS. NIGHTSTANDS.,Amazon Creators API returned the product but no price
B096NP52PK,https://www.amazon.com/dp/B096NP52PK?tag=hillarypeil-20,JANUARY Best Sellers,Amazon Creators API returned the product but no price
B096RQ5KGR,https://www.amazon.com/dp/B096RQ5KGR?tag=hillarypeil-20,TRAVEL,Amazon Creators API returned the product but no price
B096RZT3F7,https://www.amazon.com/dp/B096RZT3F7?tag=hillarypeil-20,LUXE JEWELRY & ACCESSORIES,Amazon Creators API returned the product but no price
B096VSCK9R,https://www.amazon.com/dp/B096VSCK9R?tag=hillarypeil-20,HOLIDAY THEMES 2025,Amazon Creators API returned the product but no price
B096VZ7HSB,https://www.amazon.com/dp/B096VZ7HSB?tag=hillarypeil-20,WINTER FASHION,Amazon Creators API returned the product but no price
B096XLKRD1,https://www.amazon.com/dp/B096XLKRD1?tag=hillarypeil-20,DINING ROOM,Amazon Creators API returned the product but no price
B096ZNMRMV,https://www.amazon.com/dp/B096ZNMRMV?tag=hillarypeil-20,FOR HER - HANDBAGS,Amazon Creators API returned the product but no price
B0971PPC51,https://www.amazon.com/dp/B0971PPC51?tag=hillarypeil-20,BEDDING: LUXURY finds in Our Home,Amazon Creators API returned the product but no price
B0971SKMDG,https://www.amazon.com/dp/B0971SKMDG?tag=hillarypeil-20,HARDWARE & FINISHES,Amazon Creators API returned the product but no price
B0977JF88B,https://www.amazon.com/dp/B0977JF88B?tag=hillarypeil-20,OUTDOOR Oasis,Amazon Creators API returned the product but no price
B0979T13F9,https://www.amazon.com/dp/B0979T13F9?tag=hillarypeil-20,FAUX & DRIED FLORALS,Amazon Creators API returned the product but no price
B097BMKRCY,https://www.amazon.com/dp/B097BMKRCY?tag=hillarypeil-20,AUTUMN Vibes,Amazon Creators API returned the product but no price
B097BRKY3Z,https://www.amazon.com/dp/B097BRKY3Z?tag=hillarypeil-20,FOR HER - HANDBAGS,Amazon Creators API returned the product but no price
B097CNMZF5,https://www.amazon.com/dp/B097CNMZF5?tag=hillarypeil-20,GIFTS UNDER $50,Amazon Creators API returned the product but no price
B097MX4P72,https://www.amazon.com/dp/B097MX4P72?tag=hillarypeil-20,Our REMODEL HOME,Amazon Creators API returned the product but no price
B097MZB86N,https://www.amazon.com/dp/B097MZB86N?tag=hillarypeil-20,BEST SELLERS,Amazon Creators API returned the product but no price
B097P1LWZK,https://www.amazon.com/dp/B097P1LWZK?tag=hillarypeil-20,TWEEN & TEEN - GIFT GUIDE,Amazon Creators API returned the product but no price
B097QHNP6V,https://www.amazon.com/dp/B097QHNP6V?tag=hillarypeil-20,COFFEE TABLES. SIDE TABLES. ACCENT TABLES,Amazon Creators API returned the product but no price
B097QVD897,https://www.amazon.com/dp/B097QVD897?tag=hillarypeil-20,Outdoor PLANTERS,Amazon Creators API returned the product but no price
B097R7F1T2,https://www.amazon.com/dp/B097R7F1T2?tag=hillarypeil-20,FOR HER - HANDBAGS,Amazon Creators API returned the product but no price
B097R8B5NR,https://www.amazon.com/dp/B097R8B5NR?tag=hillarypeil-20,FOR HER - HANDBAGS,Amazon Creators API returned the product but no price
B097XLZXLQ,https://www.amazon.com/dp/B097XLZXLQ?tag=hillarypeil-20,COFFEE TABLES. SIDE TABLES. ACCENT TABLES,Amazon Creators API returned the product but no price
B098GFK3VD,https://www.amazon.com/dp/B098GFK3VD?tag=hillarypeil-20,RUGS,Amazon Creators API returned the product but no price
B098TTY5V7,https://www.amazon.com/dp/B098TTY5V7?tag=hillarypeil-20,Outdoor PLANTERS,Amazon Creators API returned the product but no price
B098XX1GRR,https://www.amazon.com/dp/B098XX1GRR?tag=hillarypeil-20,WINTER FASHION,Amazon Creators API returned the product but no price
B098Z2976P,https://www.amazon.com/dp/B098Z2976P?tag=hillarypeil-20,BATHROOM Essentials,Amazon Creators API returned the product but no price
B098Z6BKM7,https://www.amazon.com/dp/B098Z6BKM7?tag=hillarypeil-20,FOR HIM - GIFT GUIDE,Amazon Creators API returned the product but no price
B0995RMQT6,https://www.amazon.com/dp/B0995RMQT6?tag=hillarypeil-20,WINTER FASHION,Amazon Creators API returned the product but no price
B0995SQGJG,https://www.amazon.com/dp/B0995SQGJG?tag=hillarypeil-20,OUTDOOR Oasis,Amazon Creators API returned the product but no price
B09992PM6S,https://www.amazon.com/dp/B09992PM6S?tag=hillarypeil-20,LAMPS,Amazon Creators API returned the product but no price
B09996GCBG,https://www.amazon.com/dp/B09996GCBG?tag=hillarypeil-20,RESORT WEAR FASHION,Amazon Creators API returned the product but no price
B099K6BMHH,https://www.amazon.com/dp/B099K6BMHH?tag=hillarypeil-20,BATHROOM Essentials,Amazon Creators API returned the product but no price
B099LMW698,https://www.amazon.com/dp/B099LMW698?tag=hillarypeil-20,TABLETOP MUST-HAVES,Amazon Creators API returned the product but no price
B099P3XB9Z,https://www.amazon.com/dp/B099P3XB9Z?tag=hillarypeil-20,RUGS,Amazon Creators API returned the product but no price
B099QJL2YX,https://www.amazon.com/dp/B099QJL2YX?tag=hillarypeil-20,FOR HER - HANDBAGS,Amazon Creators API returned the product but no price
B099QY6X7W,https://www.amazon.com/dp/B099QY6X7W?tag=hillarypeil-20,FOR HER - HANDBAGS,Amazon Creators API returned the product but no price
B099X4MXCM,https://www.amazon.com/dp/B099X4MXCM?tag=hillarypeil-20,LIGHTING - Designer Inspired,Amazon Creators API returned the product but no price
B099ZB2Q9K,https://www.amazon.com/dp/B099ZB2Q9K?tag=hillarypeil-20,CABINETS. SIDEBOARDS. BUFFETS. CONSOLES.,Amazon Creators API returned the product but no price
B09B2HXT9K,https://www.amazon.com/dp/B09B2HXT9K?tag=hillarypeil-20,JULY TOP PICKS,Amazon Creators API returned the product but no price
B09B312RQ3,https://www.amazon.com/dp/B09B312RQ3?tag=hillarypeil-20,COFFEE TABLES. SIDE TABLES. ACCENT TABLES,Amazon Creators API returned the product but no price
B09B3K6CYB,https://www.amazon.com/dp/B09B3K6CYB?tag=hillarypeil-20,DINING ROOM,Amazon Creators API returned the product but no price
B09B4H5QG2,https://www.amazon.com/dp/B09B4H5QG2?tag=hillarypeil-20,BATHROOM Essentials,Amazon Creators API returned the product but no price
B09B4HVZHG,https://www.amazon.com/dp/B09B4HVZHG?tag=hillarypeil-20,BATHROOM Essentials,Amazon Creators API returned the product but no price
B09B4HYHP8,https://www.amazon.com/dp/B09B4HYHP8?tag=hillarypeil-20,BATHROOM Essentials,Amazon Creators API returned the product but no price
B09B4J82ZW,https://www.amazon.com/dp/B09B4J82ZW?tag=hillarypeil-20,AFFORDABLE DECOR,Amazon Creators API returned the product but no price
B09B5KJ6PN,https://www.amazon.com/dp/B09B5KJ6PN?tag=hillarypeil-20,LAMPS,Amazon Creators API returned the product but no price
B09B5VB786,https://www.amazon.com/dp/B09B5VB786?tag=hillarypeil-20,PILLOWS & THROWS,Amazon Creators API returned the product but no price
B09B7G47WK,https://www.amazon.com/dp/B09B7G47WK?tag=hillarypeil-20,April Amazon Live,Amazon Creators API returned the product but no price
B09B7G8TJ1,https://www.amazon.com/dp/B09B7G8TJ1?tag=hillarypeil-20,APRIL Best Sellers,Amazon Creators API returned the product but no price
B09BCWTKYP,https://www.amazon.com/dp/B09BCWTKYP?tag=hillarypeil-20,FOR HER - HANDBAGS,Amazon Creators API returned the product but no price
B09BD865WJ,https://www.amazon.com/dp/B09BD865WJ?tag=hillarypeil-20,AFFORDABLE DECOR,Amazon Creators API returned the product but no price
B09BDCXLWJ,https://www.amazon.com/dp/B09BDCXLWJ?tag=hillarypeil-20,CABINETS. SIDEBOARDS. BUFFETS. CONSOLES.,Amazon Creators API returned the product but no price
B09BDD86MX,https://www.amazon.com/dp/B09BDD86MX?tag=hillarypeil-20,BEDS. DRESSERS. NIGHTSTANDS. | COFFEE TABLES. SIDE TABLES. ACCENT TABLES,Amazon Creators API returned the product but no price
B09BDF4NLC,https://www.amazon.com/dp/B09BDF4NLC?tag=hillarypeil-20,CABINETS. SIDEBOARDS. BUFFETS. CONSOLES.,Amazon Creators API returned the product but no price
B09BDFFZ25,https://www.amazon.com/dp/B09BDFFZ25?tag=hillarypeil-20,CABINETS. SIDEBOARDS. BUFFETS. CONSOLES.,Amazon Creators API returned the product but no price
B09BDFM136,https://www.amazon.com/dp/B09BDFM136?tag=hillarypeil-20,CABINETS. SIDEBOARDS. BUFFETS. CONSOLES.,Amazon Creators API returned the product but no price
B09BDFW7P4,https://www.amazon.com/dp/B09BDFW7P4?tag=hillarypeil-20,COFFEE TABLES. SIDE TABLES. ACCENT TABLES,Amazon Creators API returned the product but no price
B09BDFXKND,https://www.amazon.com/dp/B09BDFXKND?tag=hillarypeil-20,CABINETS. SIDEBOARDS. BUFFETS. CONSOLES.,Amazon Creators API returned the product but no price
B09BDG2CGQ,https://www.amazon.com/dp/B09BDG2CGQ?tag=hillarypeil-20,ENTRYWAY. FOYER.,Amazon Creators API returned the product but no price
B09BDG3QVK,https://www.amazon.com/dp/B09BDG3QVK?tag=hillarypeil-20,COFFEE TABLES. SIDE TABLES. ACCENT TABLES,Amazon Creators API returned the product but no price
B09BDG6L6R,https://www.amazon.com/dp/B09BDG6L6R?tag=hillarypeil-20,COFFEE TABLES. SIDE TABLES. ACCENT TABLES,Amazon Creators API returned the product but no price
B09BDGHH3M,https://www.amazon.com/dp/B09BDGHH3M?tag=hillarypeil-20,HOME DECOR,Amazon Creators API returned the product but no price
B09BDGLXS4,https://www.amazon.com/dp/B09BDGLXS4?tag=hillarypeil-20,CABINETS. SIDEBOARDS. BUFFETS. CONSOLES.,Amazon Creators API returned the product but no price
B09BDGQ948,https://www.amazon.com/dp/B09BDGQ948?tag=hillarypeil-20,COFFEE TABLES. SIDE TABLES. ACCENT TABLES,Amazon Creators API returned the product but no price
B09BDGRK2F,https://www.amazon.com/dp/B09BDGRK2F?tag=hillarypeil-20,HOME DECOR | Our SITTING ROOM,Amazon Creators API returned the product but no price
B09BDGRP6M,https://www.amazon.com/dp/B09BDGRP6M?tag=hillarypeil-20,COFFEE TABLES. SIDE TABLES. ACCENT TABLES,Amazon Creators API returned the product but no price
B09BDGS4D3,https://www.amazon.com/dp/B09BDGS4D3?tag=hillarypeil-20,WALL DECOR - MIRRORS. ART. FRAMES.,Amazon Creators API returned the product but no price
B09BDGT799,https://www.amazon.com/dp/B09BDGT799?tag=hillarypeil-20,CABINETS. SIDEBOARDS. BUFFETS. CONSOLES.,Amazon Creators API returned the product but no price
B09BMY2CZ9,https://www.amazon.com/dp/B09BMY2CZ9?tag=hillarypeil-20,COFFEE BAR Essentials,Amazon Creators API returned the product but no price
B09BN78Q97,https://www.amazon.com/dp/B09BN78Q97?tag=hillarypeil-20,BED & BATH FINDS,Amazon Creators API returned the product but no price
B09BRTSTXN,https://www.amazon.com/dp/B09BRTSTXN?tag=hillarypeil-20,FOR HER - HANDBAGS,Amazon Creators API returned the product but no price
B09BTBKMDG,https://www.amazon.com/dp/B09BTBKMDG?tag=hillarypeil-20,MORE NEW FINDS,Amazon Creators API returned the product but no price
B09BTR2XX7,https://www.amazon.com/dp/B09BTR2XX7?tag=hillarypeil-20,SPORT MOM Style,Amazon Creators API returned the product but no price
B09BV65M9R,https://www.amazon.com/dp/B09BV65M9R?tag=hillarypeil-20,JUST IN - Organizing & Home,Amazon Creators API returned the product but no price
B09BV78BCQ,https://www.amazon.com/dp/B09BV78BCQ?tag=hillarypeil-20,WALL DECOR - MIRRORS. ART. FRAMES.,Amazon Creators API returned the product but no price
B09BVYSWQX,https://www.amazon.com/dp/B09BVYSWQX?tag=hillarypeil-20,CABINETS. SIDEBOARDS. BUFFETS. CONSOLES.,Amazon Creators API returned the product but no price
B09BZ3D9MP,https://www.amazon.com/dp/B09BZ3D9MP?tag=hillarypeil-20,DINING ROOM,Amazon Creators API returned the product but no price
B09C5J8ZCV,https://www.amazon.com/dp/B09C5J8ZCV?tag=hillarypeil-20,APRIL Best Sellers,Amazon Creators API returned the product but no price
B09C85761B,https://www.amazon.com/dp/B09C85761B?tag=hillarypeil-20,LAMPS,Amazon Creators API returned the product but no price
B09C85CZGH,https://www.amazon.com/dp/B09C85CZGH?tag=hillarypeil-20,LAMPS,Amazon Creators API returned the product but no price
B09C9YXQG3,https://www.amazon.com/dp/B09C9YXQG3?tag=hillarypeil-20,BED & BATH FINDS,Amazon Creators API returned the product but no price
B09CLK2SLK,https://www.amazon.com/dp/B09CLK2SLK?tag=hillarypeil-20,SOFAS. ACCENT CHAIRS. OTTOMANS.,Amazon Creators API returned the product but no price
B09CLLYGTN,https://www.amazon.com/dp/B09CLLYGTN?tag=hillarypeil-20,SOFAS. ACCENT CHAIRS. OTTOMANS.,Amazon Creators API returned the product but no price
B09CQ1QLTK,https://www.amazon.com/dp/B09CQ1QLTK?tag=hillarypeil-20,NEW HOLIDAY Finds,Amazon Creators API returned the product but no price
B09CT1C8CR,https://www.amazon.com/dp/B09CT1C8CR?tag=hillarypeil-20,VIRAL Holiday Finds,Amazon Creators API returned the product but no price
B09CT87X7Z,https://www.amazon.com/dp/B09CT87X7Z?tag=hillarypeil-20,BATHROOM Essentials,Amazon Creators API returned the product but no price
B09CTN654D,https://www.amazon.com/dp/B09CTN654D?tag=hillarypeil-20,BATHROOM Essentials,Amazon Creators API returned the product but no price
B09CYX81VJ,https://www.amazon.com/dp/B09CYX81VJ?tag=hillarypeil-20,RESORT WEAR FASHION,Amazon Creators API returned the product but no price
B09D2BP9PK,https://www.amazon.com/dp/B09D2BP9PK?tag=hillarypeil-20,CABINETS. SIDEBOARDS. BUFFETS. CONSOLES.,Amazon Creators API returned the product but no price
B09D7JL6P8,https://www.amazon.com/dp/B09D7JL6P8?tag=hillarypeil-20,FOR HER - HANDBAGS,Amazon Creators API returned the product but no price
B09D8W17H3,https://www.amazon.com/dp/B09D8W17H3?tag=hillarypeil-20,DINING ROOM,Amazon Creators API returned the product but no price
B09DBYBD8Y,https://www.amazon.com/dp/B09DBYBD8Y?tag=hillarypeil-20,LUXE JEWELRY & ACCESSORIES,Amazon Creators API returned the product but no price
B09DDHCQV7,https://www.amazon.com/dp/B09DDHCQV7?tag=hillarypeil-20,SOFAS. ACCENT CHAIRS. OTTOMANS.,Amazon Creators API returned the product but no price
B09DJH4SDP,https://www.amazon.com/dp/B09DJH4SDP?tag=hillarypeil-20,VIRAL Holiday Finds,Amazon Creators API returned the product but no price
B09DJQ4SD8,https://www.amazon.com/dp/B09DJQ4SD8?tag=hillarypeil-20,COFFEE TABLES. SIDE TABLES. ACCENT TABLES,Amazon Creators API returned the product but no price
B09DL7Z4KL,https://www.amazon.com/dp/B09DL7Z4KL?tag=hillarypeil-20,BATHROOM Organization,Amazon Creators API returned the product but no price
B09DLCMLRL,https://www.amazon.com/dp/B09DLCMLRL?tag=hillarypeil-20,BEAUTY & SKINCARE,Amazon Creators API returned the product but no price
B09DN3GYS8,https://www.amazon.com/dp/B09DN3GYS8?tag=hillarypeil-20,WALL DECOR - MIRRORS. ART. FRAMES.,Amazon Creators API returned the product but no price
B09DPLPHLQ,https://www.amazon.com/dp/B09DPLPHLQ?tag=hillarypeil-20,SOFAS. ACCENT CHAIRS. OTTOMANS.,Amazon Creators API returned the product but no price
B09DSGW91G,https://www.amazon.com/dp/B09DSGW91G?tag=hillarypeil-20,SOFAS. ACCENT CHAIRS. OTTOMANS.,Amazon Creators API returned the product but no price
B09DSJY6VZ,https://www.amazon.com/dp/B09DSJY6VZ?tag=hillarypeil-20,ENTRYWAY. FOYER.,Amazon Creators API returned the product but no price
B09DSMRB9Z,https://www.amazon.com/dp/B09DSMRB9Z?tag=hillarypeil-20,EUROPEAN SUMMER | OVER 40 & Fabulous HILLARY'S Capsule WARDROBE - Effortless & Chic,Amazon Creators API returned the product but no price
B09DXZFRX5,https://www.amazon.com/dp/B09DXZFRX5?tag=hillarypeil-20,HOLIDAY ESSENTIALS,Amazon Creators API returned the product but no price
B09F1T98MM,https://www.amazon.com/dp/B09F1T98MM?tag=hillarypeil-20,BEST SELLERS,Amazon Creators API returned the product but no price
B09F2PMZ5N,https://www.amazon.com/dp/B09F2PMZ5N?tag=hillarypeil-20,AUGUST TOP PICKS,Amazon Creators API returned the product but no price
B09F377R2W,https://www.amazon.com/dp/B09F377R2W?tag=hillarypeil-20,BEDS. DRESSERS. NIGHTSTANDS.,Amazon Creators API returned the product but no price
B09F5141VJ,https://www.amazon.com/dp/B09F5141VJ?tag=hillarypeil-20,FOR HIM - GIFT GUIDE,Amazon Creators API returned the product but no price
B09FFV9TNY,https://www.amazon.com/dp/B09FFV9TNY?tag=hillarypeil-20,LAMPS,Amazon Creators API returned the product but no price
B09FL1NVXY,https://www.amazon.com/dp/B09FL1NVXY?tag=hillarypeil-20,WINTER FASHION,Amazon Creators API returned the product but no price
B09FPQD3GS,https://www.amazon.com/dp/B09FPQD3GS?tag=hillarypeil-20,WINTER FASHION,Amazon Creators API returned the product but no price
B09FT187G7,https://www.amazon.com/dp/B09FT187G7?tag=hillarypeil-20,DINING ROOM,Amazon Creators API returned the product but no price
B09FT3CKR9,https://www.amazon.com/dp/B09FT3CKR9?tag=hillarypeil-20,AUTUMN Vibes,Amazon Creators API returned the product but no price
B09FTMZRJK,https://www.amazon.com/dp/B09FTMZRJK?tag=hillarypeil-20,SOFAS. ACCENT CHAIRS. OTTOMANS.,Amazon Creators API returned the product but no price
B09FTNKX6F,https://www.amazon.com/dp/B09FTNKX6F?tag=hillarypeil-20,HARDWARE & FINISHES,Amazon Creators API returned the product but no price
B09FYNB7VP,https://www.amazon.com/dp/B09FYNB7VP?tag=hillarypeil-20,JUST IN...My Newest OBSESSIONS,Amazon Creators API returned the product but no price
B09FZ7K69M,https://www.amazon.com/dp/B09FZ7K69M?tag=hillarypeil-20,SOFAS. ACCENT CHAIRS. OTTOMANS.,Amazon Creators API returned the product but no price
B09G38WW5G,https://www.amazon.com/dp/B09G38WW5G?tag=hillarypeil-20,BEDS. DRESSERS. NIGHTSTANDS.,Amazon Creators API returned the product but no price
B09GBBRJN8,https://www.amazon.com/dp/B09GBBRJN8?tag=hillarypeil-20,TOP NOVEMBER DEALS | TOP OCTOBER DEALS,Amazon Creators API returned the product but no price
B09GK8D1PG,https://www.amazon.com/dp/B09GK8D1PG?tag=hillarypeil-20,GIFTS UNDER $25,Amazon Creators API returned the product but no price
B09GQLXNMH,https://www.amazon.com/dp/B09GQLXNMH?tag=hillarypeil-20,AUTUMN Vibes,Amazon Creators API returned the product but no price
B09GTWWFCH,https://www.amazon.com/dp/B09GTWWFCH?tag=hillarypeil-20,BATHROOM Essentials,Amazon Creators API returned the product but no price
B09GVZNVBB,https://www.amazon.com/dp/B09GVZNVBB?tag=hillarypeil-20,Spring Obsessed,Amazon Creators API returned the product but no price
B09GW2ZQ54,https://www.amazon.com/dp/B09GW2ZQ54?tag=hillarypeil-20,WINTER FASHION,Amazon Creators API returned the product but no price
B09GZBVJXP,https://www.amazon.com/dp/B09GZBVJXP?tag=hillarypeil-20,AUTUMN Vibes,Amazon Creators API returned the product but no price
B09H2BXXNZ,https://www.amazon.com/dp/B09H2BXXNZ?tag=hillarypeil-20,LIGHTING - Designer Inspired,Amazon Creators API returned the product but no price
B09H3M37HP,https://www.amazon.com/dp/B09H3M37HP?tag=hillarypeil-20,JUST IN - Organizing & Home,Amazon Creators API returned the product but no price
B09H3MXRCP,https://www.amazon.com/dp/B09H3MXRCP?tag=hillarypeil-20,RUGS,Amazon Creators API returned the product but no price
B09H9J5Q25,https://www.amazon.com/dp/B09H9J5Q25?tag=hillarypeil-20,RUGS,Amazon Creators API returned the product but no price
B09H9RK4RB,https://www.amazon.com/dp/B09H9RK4RB?tag=hillarypeil-20,RUGS,Amazon Creators API returned the product but no price
B09HK31XF9,https://www.amazon.com/dp/B09HK31XF9?tag=hillarypeil-20,TRANSITIONAL Fall Fashion | The FALL EDIT,Amazon Creators API returned the product but no price
B09HKWBB9T,https://www.amazon.com/dp/B09HKWBB9T?tag=hillarypeil-20,RUGS,Amazon Creators API returned the product but no price
B09HKX1PFK,https://www.amazon.com/dp/B09HKX1PFK?tag=hillarypeil-20,RUGS,Amazon Creators API returned the product but no price
B09HKXDJ4Q,https://www.amazon.com/dp/B09HKXDJ4Q?tag=hillarypeil-20,RUGS,Amazon Creators API returned the product but no price
B09HN2WMBJ,https://www.amazon.com/dp/B09HN2WMBJ?tag=hillarypeil-20,DECEMBER Best Sellers,Amazon Creators API returned the product but no price
B09HN5PTYP,https://www.amazon.com/dp/B09HN5PTYP?tag=hillarypeil-20,GIFTS UNDER $25,Amazon Creators API returned the product but no price
B09HN8JBFP,https://www.amazon.com/dp/B09HN8JBFP?tag=hillarypeil-20,AUGUST TOP PICKS,Amazon Creators API returned the product but no price
B09HN8LQFL,https://www.amazon.com/dp/B09HN8LQFL?tag=hillarypeil-20,DINING ROOM,Amazon Creators API returned the product but no price
B09HP44BMY,https://www.amazon.com/dp/B09HP44BMY?tag=hillarypeil-20,FOR HER - HANDBAGS,Amazon Creators API returned the product but no price
B09HT46HSJ,https://www.amazon.com/dp/B09HT46HSJ?tag=hillarypeil-20,DINING ROOM,Amazon Creators API returned the product but no price
B09HV9NPHX,https://www.amazon.com/dp/B09HV9NPHX?tag=hillarypeil-20,LUXE Holiday Home,Amazon Creators API returned the product but no price
B09HX9SQ2S,https://www.amazon.com/dp/B09HX9SQ2S?tag=hillarypeil-20,LIGHTING - Designer Inspired,Amazon Creators API returned the product but no price
B09HXRGM6V,https://www.amazon.com/dp/B09HXRGM6V?tag=hillarypeil-20,BEDS. DRESSERS. NIGHTSTANDS.,Amazon Creators API returned the product but no price
B09HXYR953,https://www.amazon.com/dp/B09HXYR953?tag=hillarypeil-20,BEDDING: LUXURY finds in Our Home,Amazon Creators API returned the product but no price
B09J4RWHTM,https://www.amazon.com/dp/B09J4RWHTM?tag=hillarypeil-20,BEAUTY & SKINCARE,Amazon Creators API returned the product but no price
B09J4TL375,https://www.amazon.com/dp/B09J4TL375?tag=hillarypeil-20,LAMPS,Amazon Creators API returned the product but no price
B09JBZ13W2,https://www.amazon.com/dp/B09JBZ13W2?tag=hillarypeil-20,FRONT PORCH,Amazon Creators API returned the product but no price
B09JD75LYH,https://www.amazon.com/dp/B09JD75LYH?tag=hillarypeil-20,HOME DECOR,Amazon Creators API returned the product but no price
B09JGDKHKN,https://www.amazon.com/dp/B09JGDKHKN?tag=hillarypeil-20,FAUX INDOOR/OUTDOOR,Amazon Creators API returned the product but no price
B09JGMDGG9,https://www.amazon.com/dp/B09JGMDGG9?tag=hillarypeil-20,AUGUST TOP PICKS | JANUARY Best Sellers,Amazon Creators API returned the product but no price
B09JPJDGLW,https://www.amazon.com/dp/B09JPJDGLW?tag=hillarypeil-20,VASES. TRAYS. BOXES.,Amazon Creators API returned the product but no price
B09JW261T9,https://www.amazon.com/dp/B09JW261T9?tag=hillarypeil-20,FOR HIM - GIFT GUIDE,Amazon Creators API returned the product but no price
B09JYBYYH5,https://www.amazon.com/dp/B09JYBYYH5?tag=hillarypeil-20,DINING ROOM,Amazon Creators API returned the product but no price
B09JYZQZN2,https://www.amazon.com/dp/B09JYZQZN2?tag=hillarypeil-20,CABINETS. SIDEBOARDS. BUFFETS. CONSOLES.,Amazon Creators API returned the product but no price
B09JZYX4FW,https://www.amazon.com/dp/B09JZYX4FW?tag=hillarypeil-20,BEDDING: LUXURY finds in Our Home,Amazon Creators API returned the product but no price
B09K3T4M8C,https://www.amazon.com/dp/B09K3T4M8C?tag=hillarypeil-20,2025 TOP SELLERS | CARTS DON'T LIE — These were May's biggest hits. | ENTERTAINING Essentials | SUMMER HOSTING,Amazon Creators API returned the product but no price
B09K7F1Y43,https://www.amazon.com/dp/B09K7F1Y43?tag=hillarypeil-20,FOR HER - HANDBAGS,Amazon Creators API returned the product but no price
B09K81HGGD,https://www.amazon.com/dp/B09K81HGGD?tag=hillarypeil-20,DECEMBER Best Sellers,Amazon Creators API returned the product but no price
B09KGLNJJT,https://www.amazon.com/dp/B09KGLNJJT?tag=hillarypeil-20,FOR HER - HANDBAGS,Amazon Creators API returned the product but no price
B09KLV417B,https://www.amazon.com/dp/B09KLV417B?tag=hillarypeil-20,JOCELYN'S Space,Amazon Creators API returned the product but no price
B09KTXBK2F,https://www.amazon.com/dp/B09KTXBK2F?tag=hillarypeil-20,ENTRYWAY. FOYER.,Amazon Creators API returned the product but no price
B09KV6GK5F,https://www.amazon.com/dp/B09KV6GK5F?tag=hillarypeil-20,KITCHEN Organizing,Amazon Creators API returned the product but no price
B09KW9BPFK,https://www.amazon.com/dp/B09KW9BPFK?tag=hillarypeil-20,CABINETS. SIDEBOARDS. BUFFETS. CONSOLES.,Amazon Creators API returned the product but no price
B09KXS4NF2,https://www.amazon.com/dp/B09KXS4NF2?tag=hillarypeil-20,LIGHTING - Designer Inspired,Amazon Creators API returned the product but no price
B09L5BZR7W,https://www.amazon.com/dp/B09L5BZR7W?tag=hillarypeil-20,PILATES PRINCESS,Amazon Creators API returned the product but no price
B09L5M71P7,https://www.amazon.com/dp/B09L5M71P7?tag=hillarypeil-20,BARCART,Amazon Creators API returned the product but no price
B09L5RYD54,https://www.amazon.com/dp/B09L5RYD54?tag=hillarypeil-20,JANUARY Best Sellers,Amazon Creators API returned the product but no price
B09LDJ5H5X,https://www.amazon.com/dp/B09LDJ5H5X?tag=hillarypeil-20,CABINETS. SIDEBOARDS. BUFFETS. CONSOLES.,Amazon Creators API returned the product but no price
B09LRBGL6Q,https://www.amazon.com/dp/B09LRBGL6Q?tag=hillarypeil-20,DINING ROOM,Amazon Creators API returned the product but no price
B09LTRL422,https://www.amazon.com/dp/B09LTRL422?tag=hillarypeil-20,KITCHEN Essentials,Amazon Creators API returned the product but no price
B09M53FDZ5,https://www.amazon.com/dp/B09M53FDZ5?tag=hillarypeil-20,HILLARY'S BEACH Bag Essentials,Amazon Creators API returned the product but no price
B09M6S8FD9,https://www.amazon.com/dp/B09M6S8FD9?tag=hillarypeil-20,WINTER FASHION,Amazon Creators API returned the product but no price
B09M7QDTK1,https://www.amazon.com/dp/B09M7QDTK1?tag=hillarypeil-20,CABINETS. SIDEBOARDS. BUFFETS. CONSOLES.,Amazon Creators API returned the product but no price
B09M7XFN6G,https://www.amazon.com/dp/B09M7XFN6G?tag=hillarypeil-20,BATHROOM Organization,Amazon Creators API returned the product but no price
B09MFHVJQV,https://www.amazon.com/dp/B09MFHVJQV?tag=hillarypeil-20,TRAVEL,Amazon Creators API returned the product but no price
B09MKKGCV8,https://www.amazon.com/dp/B09MKKGCV8?tag=hillarypeil-20,BED & BATH FINDS,Amazon Creators API returned the product but no price
B09MQCYTJW,https://www.amazon.com/dp/B09MQCYTJW?tag=hillarypeil-20,TRAVEL,Amazon Creators API returned the product but no price
B09MQLJ1KL,https://www.amazon.com/dp/B09MQLJ1KL?tag=hillarypeil-20,ELEVATED HOLIDAY FASHION,Amazon Creators API returned the product but no price
B09MW86GXG,https://www.amazon.com/dp/B09MW86GXG?tag=hillarypeil-20,AUTUMN Vibes,Amazon Creators API returned the product but no price
B09MYZSGXB,https://www.amazon.com/dp/B09MYZSGXB?tag=hillarypeil-20,JUST IN - Organizing & Home,Amazon Creators API returned the product but no price
B09N8W3Z9H,https://www.amazon.com/dp/B09N8W3Z9H?tag=hillarypeil-20,ENTRYWAY. FOYER.,Amazon Creators API returned the product but no price
B09N8X4Q9F,https://www.amazon.com/dp/B09N8X4Q9F?tag=hillarypeil-20,The Hillary Style Holiday,Amazon Creators API returned the product but no price
B09N9Y49M7,https://www.amazon.com/dp/B09N9Y49M7?tag=hillarypeil-20,BRIDE- Spoil Her for the Big Day!,Amazon Creators API returned the product but no price
B09NB15G1T,https://www.amazon.com/dp/B09NB15G1T?tag=hillarypeil-20,For the Big Kids,Amazon Creators API returned the product but no price
B09NB5ZZJ5,https://www.amazon.com/dp/B09NB5ZZJ5?tag=hillarypeil-20,FOR HER - HANDBAGS,Amazon Creators API returned the product but no price
B09NC5QK8L,https://www.amazon.com/dp/B09NC5QK8L?tag=hillarypeil-20,COFFEE TABLES. SIDE TABLES. ACCENT TABLES,Amazon Creators API returned the product but no price
B09ND846RJ,https://www.amazon.com/dp/B09ND846RJ?tag=hillarypeil-20,BATHROOM Essentials,Amazon Creators API returned the product but no price
B09NGZGYT9,https://www.amazon.com/dp/B09NGZGYT9?tag=hillarypeil-20,RESORT WEAR FASHION,Amazon Creators API returned the product but no price
B09NMRLPHS,https://www.amazon.com/dp/B09NMRLPHS?tag=hillarypeil-20,RUGS,Amazon Creators API returned the product but no price
B09NPQ7HHG,https://www.amazon.com/dp/B09NPQ7HHG?tag=hillarypeil-20,COFFEE TABLES. SIDE TABLES. ACCENT TABLES,Amazon Creators API returned the product but no price
B09NR98D7X,https://www.amazon.com/dp/B09NR98D7X?tag=hillarypeil-20,ORGANIZING Essentials | Vanity Organization,Amazon Creators API returned the product but no price
B09NVJVH7F,https://www.amazon.com/dp/B09NVJVH7F?tag=hillarypeil-20,My TOP Amazon Cleaning and Organizing | ORGANIZING Essentials | TOP 100 HOME PICKS,Amazon Creators API returned the product but no price
B09NZH39CQ,https://www.amazon.com/dp/B09NZH39CQ?tag=hillarypeil-20,LAMPS,Amazon Creators API returned the product but no price
B09P1K7R78,https://www.amazon.com/dp/B09P1K7R78?tag=hillarypeil-20,JANUARY Best Sellers,Amazon Creators API returned the product but no price
B09P2ZPT5C,https://www.amazon.com/dp/B09P2ZPT5C?tag=hillarypeil-20,FOR HER - HANDBAGS,Amazon Creators API returned the product but no price
B09P32JQ24,https://www.amazon.com/dp/B09P32JQ24?tag=hillarypeil-20,FOR HER - HANDBAGS,Amazon Creators API returned the product but no price
B09P8GK5GT,https://www.amazon.com/dp/B09P8GK5GT?tag=hillarypeil-20,FOR HER - HANDBAGS,Amazon Creators API returned the product but no price
B09P9WQ51T,https://www.amazon.com/dp/B09P9WQ51T?tag=hillarypeil-20,VASES. TRAYS. BOXES.,Amazon Creators API returned the product but no price
B09PC4MGXY,https://www.amazon.com/dp/B09PC4MGXY?tag=hillarypeil-20,FOR HER - HANDBAGS,Amazon Creators API returned the product but no price
B09PD5GRWG,https://www.amazon.com/dp/B09PD5GRWG?tag=hillarypeil-20,COFFEE TABLES. SIDE TABLES. ACCENT TABLES,Amazon Creators API returned the product but no price
B09PDSTT6H,https://www.amazon.com/dp/B09PDSTT6H?tag=hillarypeil-20,CHIC WITHOUT THE SPLURGE TRAVEL,Amazon Creators API returned the product but no price
B09PDZ5X61,https://www.amazon.com/dp/B09PDZ5X61?tag=hillarypeil-20,GIFTS UNDER $25,Amazon Creators API returned the product but no price
B09PFXJJD6,https://www.amazon.com/dp/B09PFXJJD6?tag=hillarypeil-20,BEDS. DRESSERS. NIGHTSTANDS.,Amazon Creators API returned the product but no price
B09PKYH8T2,https://www.amazon.com/dp/B09PKYH8T2?tag=hillarypeil-20,PILLOWS & THROWS,Amazon Creators API returned the product but no price
B09PMHPRDP,https://www.amazon.com/dp/B09PMHPRDP?tag=hillarypeil-20,MY Holiday Styling List,Amazon Creators API returned the product but no price
B09PNMGQW7,https://www.amazon.com/dp/B09PNMGQW7?tag=hillarypeil-20,HOLIDAY COLOR CRUSHES 2025,Amazon Creators API returned the product but no price
B09PSDXS7V,https://www.amazon.com/dp/B09PSDXS7V?tag=hillarypeil-20,LIGHTING - Designer Inspired,Amazon Creators API returned the product but no price
B09PTQN2SC,https://www.amazon.com/dp/B09PTQN2SC?tag=hillarypeil-20,HARDWARE & FINISHES,Amazon Creators API returned the product but no price
B09PV5PC31,https://www.amazon.com/dp/B09PV5PC31?tag=hillarypeil-20,HARDWARE & FINISHES,Amazon Creators API returned the product but no price
B09PW5XJN5,https://www.amazon.com/dp/B09PW5XJN5?tag=hillarypeil-20,COFFEE TABLES. SIDE TABLES. ACCENT TABLES,Amazon Creators API returned the product but no price
B09PZ87Y16,https://www.amazon.com/dp/B09PZ87Y16?tag=hillarypeil-20,SOFAS. ACCENT CHAIRS. OTTOMANS.,Amazon Creators API returned the product but no price
B09PZ98FSQ,https://www.amazon.com/dp/B09PZ98FSQ?tag=hillarypeil-20,SOFAS. ACCENT CHAIRS. OTTOMANS.,Amazon Creators API returned the product but no price
B09PZBD6Q2,https://www.amazon.com/dp/B09PZBD6Q2?tag=hillarypeil-20,DINING ROOM,Amazon Creators API returned the product but no price
B09Q1FJ7X4,https://www.amazon.com/dp/B09Q1FJ7X4?tag=hillarypeil-20,COFFEE TABLES. SIDE TABLES. ACCENT TABLES,Amazon Creators API returned the product but no price
B09Q1FQQVT,https://www.amazon.com/dp/B09Q1FQQVT?tag=hillarypeil-20,COFFEE TABLES. SIDE TABLES. ACCENT TABLES,Amazon Creators API returned the product but no price
B09Q1FT7SD,https://www.amazon.com/dp/B09Q1FT7SD?tag=hillarypeil-20,COFFEE TABLES. SIDE TABLES. ACCENT TABLES,Amazon Creators API returned the product but no price
B09Q1FZK8R,https://www.amazon.com/dp/B09Q1FZK8R?tag=hillarypeil-20,COFFEE TABLES. SIDE TABLES. ACCENT TABLES,Amazon Creators API returned the product but no price
B09Q1GGHRX,https://www.amazon.com/dp/B09Q1GGHRX?tag=hillarypeil-20,COFFEE TABLES. SIDE TABLES. ACCENT TABLES,Amazon Creators API returned the product but no price
B09Q6HFDDK,https://www.amazon.com/dp/B09Q6HFDDK?tag=hillarypeil-20,AUTUMN Vibes,Amazon Creators API returned the product but no price
B09QD6TSS9,https://www.amazon.com/dp/B09QD6TSS9?tag=hillarypeil-20,DECEMBER Best Sellers | PILLOWS & THROWS,Amazon Creators API returned the product but no price
B09QDZ451Y,https://www.amazon.com/dp/B09QDZ451Y?tag=hillarypeil-20,COFFEE TABLES. SIDE TABLES. ACCENT TABLES,Amazon Creators API returned the product but no price
B09QLF8NTK,https://www.amazon.com/dp/B09QLF8NTK?tag=hillarypeil-20,COFFEE TABLES. SIDE TABLES. ACCENT TABLES,Amazon Creators API returned the product but no price
B09QLG8CT6,https://www.amazon.com/dp/B09QLG8CT6?tag=hillarypeil-20,RUGS,Amazon Creators API returned the product but no price
B09QLJ67CN,https://www.amazon.com/dp/B09QLJ67CN?tag=hillarypeil-20,RUGS,Amazon Creators API returned the product but no price
B09QLKCYNV,https://www.amazon.com/dp/B09QLKCYNV?tag=hillarypeil-20,PILLOWS & THROWS,Amazon Creators API returned the product but no price
B09QNYZ9DH,https://www.amazon.com/dp/B09QNYZ9DH?tag=hillarypeil-20,COFFEE TABLES. SIDE TABLES. ACCENT TABLES,Amazon Creators API returned the product but no price
B09QPFFNRF,https://www.amazon.com/dp/B09QPFFNRF?tag=hillarypeil-20,LAMPS,Amazon Creators API returned the product but no price
B09QQ9T4XY,https://www.amazon.com/dp/B09QQ9T4XY?tag=hillarypeil-20,TOP NOVEMBER DEALS,Amazon Creators API returned the product but no price
B09QT6XLVM,https://www.amazon.com/dp/B09QT6XLVM?tag=hillarypeil-20,CHIC WITHOUT THE SPLURGE TRAVEL,Amazon Creators API returned the product but no price
B09QYCLL16,https://www.amazon.com/dp/B09QYCLL16?tag=hillarypeil-20,NEW HOME FINDS,Amazon Creators API returned the product but no price
B09R1PBWTZ,https://www.amazon.com/dp/B09R1PBWTZ?tag=hillarypeil-20,RESORT WEAR FASHION,Amazon Creators API returned the product but no price
B09R25LLN1,https://www.amazon.com/dp/B09R25LLN1?tag=hillarypeil-20,CABINETS. SIDEBOARDS. BUFFETS. CONSOLES.,Amazon Creators API returned the product but no price
B09RK651CX,https://www.amazon.com/dp/B09RK651CX?tag=hillarypeil-20,TWEEN & TEEN - GIFT GUIDE,Amazon Creators API returned the product but no price
B09RK6ZVKQ,https://www.amazon.com/dp/B09RK6ZVKQ?tag=hillarypeil-20,TOP SEPTEMBER DEALS,Amazon Creators API returned the product but no price
B09RLWWRQR,https://www.amazon.com/dp/B09RLWWRQR?tag=hillarypeil-20,FOR HER - HANDBAGS,Amazon Creators API returned the product but no price
B09RMS3S5B,https://www.amazon.com/dp/B09RMS3S5B?tag=hillarypeil-20,CABINETS. SIDEBOARDS. BUFFETS. CONSOLES.,Amazon Creators API returned the product but no price
B09RSTTCG3,https://www.amazon.com/dp/B09RSTTCG3?tag=hillarypeil-20,CABINETS. SIDEBOARDS. BUFFETS. CONSOLES.,Amazon Creators API returned the product but no price
B09RXWFW1V,https://www.amazon.com/dp/B09RXWFW1V?tag=hillarypeil-20,BEAUTY & SKINCARE,Amazon Creators API returned the product but no price
B09S5JVQ7K,https://www.amazon.com/dp/B09S5JVQ7K?tag=hillarypeil-20,THE Littles - GIFT GUIDE,Amazon Creators API returned the product but no price
B09S5YJK2Y,https://www.amazon.com/dp/B09S5YJK2Y?tag=hillarypeil-20,OUTDOOR Oasis,Amazon Creators API returned the product but no price
B09SBR2KBP,https://www.amazon.com/dp/B09SBR2KBP?tag=hillarypeil-20,BEDDING: LUXURY finds in Our Home,Amazon Creators API returned the product but no price
B09SDB6TK5,https://www.amazon.com/dp/B09SDB6TK5?tag=hillarypeil-20,HARDWARE & FINISHES,Amazon Creators API returned the product but no price
B09SH67B9W,https://www.amazon.com/dp/B09SH67B9W?tag=hillarypeil-20,SOFAS. ACCENT CHAIRS. OTTOMANS.,Amazon Creators API returned the product but no price
B09SHBV8TX,https://www.amazon.com/dp/B09SHBV8TX?tag=hillarypeil-20,BATHROOM Essentials | WALL DECOR - MIRRORS. ART. FRAMES.,Amazon Creators API returned the product but no price
B09SYVKYHF,https://www.amazon.com/dp/B09SYVKYHF?tag=hillarypeil-20,ENTRYWAY. FOYER.,Amazon Creators API returned the product but no price
B09SZQHYSL,https://www.amazon.com/dp/B09SZQHYSL?tag=hillarypeil-20,BEAUTY MUST-HAVES,Amazon Creators API returned the product but no price
B09T26B1X1,https://www.amazon.com/dp/B09T26B1X1?tag=hillarypeil-20,KITCHEN Essentials,Amazon Creators API returned the product but no price
B09T2FQHQ8,https://www.amazon.com/dp/B09T2FQHQ8?tag=hillarypeil-20,KITCHEN Essentials,Amazon Creators API returned the product but no price
B09T2GKJCJ,https://www.amazon.com/dp/B09T2GKJCJ?tag=hillarypeil-20,COFFEE TABLES. SIDE TABLES. ACCENT TABLES,Amazon Creators API returned the product but no price
B09T2LD52W,https://www.amazon.com/dp/B09T2LD52W?tag=hillarypeil-20,AFFORDABLE DECOR | CANDLE HOLDERS. CANDLE STICKS. | HOME DECOR,Amazon Creators API returned the product but no price
B09T2LX3QV,https://www.amazon.com/dp/B09T2LX3QV?tag=hillarypeil-20,BATHROOM Essentials,Amazon Creators API returned the product but no price
B09T2XZXC3,https://www.amazon.com/dp/B09T2XZXC3?tag=hillarypeil-20,AUTUMN Vibes,Amazon Creators API returned the product but no price
B09T337TRT,https://www.amazon.com/dp/B09T337TRT?tag=hillarypeil-20,ENTRYWAY. FOYER.,Amazon Creators API returned the product but no price
B09T35QPXS,https://www.amazon.com/dp/B09T35QPXS?tag=hillarypeil-20,GIFTS UNDER $25,Amazon Creators API returned the product but no price
B09TDXVSBB,https://www.amazon.com/dp/B09TDXVSBB?tag=hillarypeil-20,WALL DECOR - MIRRORS. ART. FRAMES.,Amazon Creators API returned the product but no price
B09TF37BVK,https://www.amazon.com/dp/B09TF37BVK?tag=hillarypeil-20,SKIMS LIKE BASICS,Amazon Creators API returned the product but no price
B09TG3H1NF,https://www.amazon.com/dp/B09TG3H1NF?tag=hillarypeil-20,BATHROOM Essentials,Amazon Creators API returned the product but no price
B09TG54KZS,https://www.amazon.com/dp/B09TG54KZS?tag=hillarypeil-20,COFFEE TABLES. SIDE TABLES. ACCENT TABLES,Amazon Creators API returned the product but no price
B09TG5CBJR,https://www.amazon.com/dp/B09TG5CBJR?tag=hillarypeil-20,LAMPS,Amazon Creators API returned the product but no price
B09TG5FQ91,https://www.amazon.com/dp/B09TG5FQ91?tag=hillarypeil-20,PILLOWS & THROWS,Amazon Creators API returned the product but no price
B09TG61VB2,https://www.amazon.com/dp/B09TG61VB2?tag=hillarypeil-20,PILLOWS & THROWS,Amazon Creators API returned the product but no price
B09TG6JTWH,https://www.amazon.com/dp/B09TG6JTWH?tag=hillarypeil-20,PILLOWS & THROWS,Amazon Creators API returned the product but no price
B09TG6WM7L,https://www.amazon.com/dp/B09TG6WM7L?tag=hillarypeil-20,PILLOWS & THROWS,Amazon Creators API returned the product but no price
B09TG79PS3,https://www.amazon.com/dp/B09TG79PS3?tag=hillarypeil-20,PILLOWS & THROWS,Amazon Creators API returned the product but no price
B09TG7K8VL,https://www.amazon.com/dp/B09TG7K8VL?tag=hillarypeil-20,PILLOWS & THROWS,Amazon Creators API returned the product but no price
B09TG7SZ5C,https://www.amazon.com/dp/B09TG7SZ5C?tag=hillarypeil-20,PILLOWS & THROWS,Amazon Creators API returned the product but no price
B09TJMLH96,https://www.amazon.com/dp/B09TJMLH96?tag=hillarypeil-20,AFFORDABLE DECOR,Amazon Creators API returned the product but no price
B09TKC7T1J,https://www.amazon.com/dp/B09TKC7T1J?tag=hillarypeil-20,FOR HER - HANDBAGS,Amazon Creators API returned the product but no price
B09TL86NX5,https://www.amazon.com/dp/B09TL86NX5?tag=hillarypeil-20,WALL DECOR - MIRRORS. ART. FRAMES.,Amazon Creators API returned the product but no price
B09TLFRY71,https://www.amazon.com/dp/B09TLFRY71?tag=hillarypeil-20,CABINETS. SIDEBOARDS. BUFFETS. CONSOLES.,Amazon Creators API returned the product but no price
B09TMN1NM3,https://www.amazon.com/dp/B09TMN1NM3?tag=hillarypeil-20,COFFEE TABLES. SIDE TABLES. ACCENT TABLES,Amazon Creators API returned the product but no price
B09TPJJW6W,https://www.amazon.com/dp/B09TPJJW6W?tag=hillarypeil-20,BEDS. DRESSERS. NIGHTSTANDS.,Amazon Creators API returned the product but no price
B09TQ7RPSF,https://www.amazon.com/dp/B09TQ7RPSF?tag=hillarypeil-20,SOFAS. ACCENT CHAIRS. OTTOMANS.,Amazon Creators API returned the product but no price
B09TRSNHRS,https://www.amazon.com/dp/B09TRSNHRS?tag=hillarypeil-20,CABINETS. SIDEBOARDS. BUFFETS. CONSOLES.,Amazon Creators API returned the product but no price
B09TSVT52Z,https://www.amazon.com/dp/B09TSVT52Z?tag=hillarypeil-20,BARCART,Amazon Creators API returned the product but no price
B09TVCWDY1,https://www.amazon.com/dp/B09TVCWDY1?tag=hillarypeil-20,CABINETS. SIDEBOARDS. BUFFETS. CONSOLES.,Amazon Creators API returned the product but no price
B09TZT1569,https://www.amazon.com/dp/B09TZT1569?tag=hillarypeil-20,BEDS. DRESSERS. NIGHTSTANDS.,Amazon Creators API returned the product but no price
B09V23DWYT,https://www.amazon.com/dp/B09V23DWYT?tag=hillarypeil-20,BATHROOM Essentials | WALL DECOR - MIRRORS. ART. FRAMES.,Amazon Creators API returned the product but no price
B09V2BCJG4,https://www.amazon.com/dp/B09V2BCJG4?tag=hillarypeil-20,RESORT WEAR FASHION,Amazon Creators API returned the product but no price
B09V4MZSWJ,https://www.amazon.com/dp/B09V4MZSWJ?tag=hillarypeil-20,TOP NOVEMBER DEALS,Amazon Creators API returned the product but no price
B09V5FPCN5,https://www.amazon.com/dp/B09V5FPCN5?tag=hillarypeil-20,COFFEE TABLES. SIDE TABLES. ACCENT TABLES,Amazon Creators API returned the product but no price
B09V72QNW7,https://www.amazon.com/dp/B09V72QNW7?tag=hillarypeil-20,BEDS. DRESSERS. NIGHTSTANDS.,Amazon Creators API returned the product but no price
B09VCN7TZX,https://www.amazon.com/dp/B09VCN7TZX?tag=hillarypeil-20,DINING ROOM,Amazon Creators API returned the product but no price
B09VG9XY19,https://www.amazon.com/dp/B09VG9XY19?tag=hillarypeil-20,DINING ROOM,Amazon Creators API returned the product but no price
B09VGB41ST,https://www.amazon.com/dp/B09VGB41ST?tag=hillarypeil-20,DINING ROOM,Amazon Creators API returned the product but no price
B09VGR9P3Q,https://www.amazon.com/dp/B09VGR9P3Q?tag=hillarypeil-20,DECEMBER Best Sellers,Amazon Creators API returned the product but no price
B09VK2QQ3D,https://www.amazon.com/dp/B09VK2QQ3D?tag=hillarypeil-20,HOLIDAY ON SALE,Amazon Creators API returned the product but no price
B09VK3Q6V9,https://www.amazon.com/dp/B09VK3Q6V9?tag=hillarypeil-20,PILLOWS & THROWS,Amazon Creators API returned the product but no price
B09VKDZ34F,https://www.amazon.com/dp/B09VKDZ34F?tag=hillarypeil-20,For the Hostess - GIFT GUIDE,Amazon Creators API returned the product but no price
B09VMCP3J3,https://www.amazon.com/dp/B09VMCP3J3?tag=hillarypeil-20,COFFEE TABLES. SIDE TABLES. ACCENT TABLES,Amazon Creators API returned the product but no price
B09VMJLKP3,https://www.amazon.com/dp/B09VMJLKP3?tag=hillarypeil-20,WALL DECOR - MIRRORS. ART. FRAMES.,Amazon Creators API returned the product but no price
B09VMM1L3J,https://www.amazon.com/dp/B09VMM1L3J?tag=hillarypeil-20,WALL DECOR - MIRRORS. ART. FRAMES.,Amazon Creators API returned the product but no price
B09VPH8QG6,https://www.amazon.com/dp/B09VPH8QG6?tag=hillarypeil-20,WALL DECOR - MIRRORS. ART. FRAMES.,Amazon Creators API returned the product but no price
B09VPN6WVF,https://www.amazon.com/dp/B09VPN6WVF?tag=hillarypeil-20,COFFEE TABLES. SIDE TABLES. ACCENT TABLES,Amazon Creators API returned the product but no price
B09VQY5HQJ,https://www.amazon.com/dp/B09VQY5HQJ?tag=hillarypeil-20,COFFEE TABLES. SIDE TABLES. ACCENT TABLES,Amazon Creators API returned the product but no price
B09W27J1SD,https://www.amazon.com/dp/B09W27J1SD?tag=hillarypeil-20,BEDS. DRESSERS. NIGHTSTANDS.,Amazon Creators API returned the product but no price
B09W2NWDJ3,https://www.amazon.com/dp/B09W2NWDJ3?tag=hillarypeil-20,The FALL EDIT | UNDER $50 FALL Capsule,Amazon Creators API returned the product but no price
B09W4K14YT,https://www.amazon.com/dp/B09W4K14YT?tag=hillarypeil-20,CAR ORGANIZATION,Amazon Creators API returned the product but no price
B09W4P59WP,https://www.amazon.com/dp/B09W4P59WP?tag=hillarypeil-20,EUROPEAN SUMMER,Amazon Creators API returned the product but no price
B09W5G3L8H,https://www.amazon.com/dp/B09W5G3L8H?tag=hillarypeil-20,KITCHEN Essentials,Amazon Creators API returned the product but no price
B09W9NMSQB,https://www.amazon.com/dp/B09W9NMSQB?tag=hillarypeil-20,TABLETOP MUST-HAVES,Amazon Creators API returned the product but no price
B09WBHVZJN,https://www.amazon.com/dp/B09WBHVZJN?tag=hillarypeil-20,DINING ROOM,Amazon Creators API returned the product but no price
B09WC7655S,https://www.amazon.com/dp/B09WC7655S?tag=hillarypeil-20,DINING ROOM,Amazon Creators API returned the product but no price
B09WDWLQ5J,https://www.amazon.com/dp/B09WDWLQ5J?tag=hillarypeil-20,JUST IN...My Newest OBSESSIONS,Amazon Creators API returned the product but no price
B09WF4GX5L,https://www.amazon.com/dp/B09WF4GX5L?tag=hillarypeil-20,KITCHEN Essentials,Amazon Creators API returned the product but no price
B09WF7P5VM,https://www.amazon.com/dp/B09WF7P5VM?tag=hillarypeil-20,CANDLE HOLDERS. CANDLE STICKS.,Amazon Creators API returned the product but no price
B09WHXFJ7P,https://www.amazon.com/dp/B09WHXFJ7P?tag=hillarypeil-20,BARCART,Amazon Creators API returned the product but no price
B09WJHJ193,https://www.amazon.com/dp/B09WJHJ193?tag=hillarypeil-20,COFFEE TABLES. SIDE TABLES. ACCENT TABLES,Amazon Creators API returned the product but no price
B09WJYFGDV,https://www.amazon.com/dp/B09WJYFGDV?tag=hillarypeil-20,ELEVATED KITCHEN Must-Haves | KITCHEN Organizing,Amazon Creators API returned the product but no price
B09WLMJFY3,https://www.amazon.com/dp/B09WLMJFY3?tag=hillarypeil-20,FOR HER - HANDBAGS,Amazon Creators API returned the product but no price
B09WNK39JN,https://www.amazon.com/dp/B09WNK39JN?tag=hillarypeil-20,TECH ESSENTIALS,Amazon Creators API returned the product but no price
B09WV5GMFP,https://www.amazon.com/dp/B09WV5GMFP?tag=hillarypeil-20,RESORT WEAR FASHION,Amazon Creators API returned the product but no price
B09X14L1KS,https://www.amazon.com/dp/B09X14L1KS?tag=hillarypeil-20,BEDS. DRESSERS. NIGHTSTANDS.,Amazon Creators API returned the product but no price
B09X1N7QY6,https://www.amazon.com/dp/B09X1N7QY6?tag=hillarypeil-20,BED & BATH FINDS,Amazon Creators API returned the product but no price
B09X5J4HDP,https://www.amazon.com/dp/B09X5J4HDP?tag=hillarypeil-20,PILATES PRINCESS,Amazon Creators API returned the product but no price
B09X9DPWR5,https://www.amazon.com/dp/B09X9DPWR5?tag=hillarypeil-20,LUXE JEWELRY & ACCESSORIES,Amazon Creators API returned the product but no price
B09XDSLK4K,https://www.amazon.com/dp/B09XDSLK4K?tag=hillarypeil-20,FOR HER - HANDBAGS,Amazon Creators API returned the product but no price
B09XG5GLZ5,https://www.amazon.com/dp/B09XG5GLZ5?tag=hillarypeil-20,KITCHEN Essentials,Amazon Creators API returned the product but no price
B09XHHZQRN,https://www.amazon.com/dp/B09XHHZQRN?tag=hillarypeil-20,RESORT WEAR FASHION,Amazon Creators API returned the product but no price
B09XHR6F53,https://www.amazon.com/dp/B09XHR6F53?tag=hillarypeil-20,WALL DECOR - MIRRORS. ART. FRAMES.,Amazon Creators API returned the product but no price
B09XM29B5D,https://www.amazon.com/dp/B09XM29B5D?tag=hillarypeil-20,CABINETS. SIDEBOARDS. BUFFETS. CONSOLES.,Amazon Creators API returned the product but no price
B09XMPQ9MS,https://www.amazon.com/dp/B09XMPQ9MS?tag=hillarypeil-20,SOFAS. ACCENT CHAIRS. OTTOMANS.,Amazon Creators API returned the product but no price
B09XPWDRJK,https://www.amazon.com/dp/B09XPWDRJK?tag=hillarypeil-20,For the Hostess - GIFT GUIDE,Amazon Creators API returned the product but no price
B09XR4LX82,https://www.amazon.com/dp/B09XR4LX82?tag=hillarypeil-20,CLOSET Organizing,Amazon Creators API returned the product but no price
B09XR6DHCD,https://www.amazon.com/dp/B09XR6DHCD?tag=hillarypeil-20,GIFTS UNDER $50,Amazon Creators API returned the product but no price
B09XRDRW3M,https://www.amazon.com/dp/B09XRDRW3M?tag=hillarypeil-20,PILATES PRINCESS,Amazon Creators API returned the product but no price
B09XTNMVZT,https://www.amazon.com/dp/B09XTNMVZT?tag=hillarypeil-20,PILLOWS & THROWS,Amazon Creators API returned the product but no price
B09XWHBYZ7,https://www.amazon.com/dp/B09XWHBYZ7?tag=hillarypeil-20,FEBRUARY Best Sellers | KITCHEN Essentials,Amazon Creators API returned the product but no price
B09Y19CNG7,https://www.amazon.com/dp/B09Y19CNG7?tag=hillarypeil-20,KITCHEN Essentials,Amazon Creators API returned the product but no price
B09Y1C3HDJ,https://www.amazon.com/dp/B09Y1C3HDJ?tag=hillarypeil-20,NO DRILL Home Improvement,Amazon Creators API returned the product but no price
B09Y1MNNY7,https://www.amazon.com/dp/B09Y1MNNY7?tag=hillarypeil-20,LIGHTING - Designer Inspired,Amazon Creators API returned the product but no price
B09Y2J13D9,https://www.amazon.com/dp/B09Y2J13D9?tag=hillarypeil-20,KITCHEN Essentials,Amazon Creators API returned the product but no price
B09Y3J8332,https://www.amazon.com/dp/B09Y3J8332?tag=hillarypeil-20,CABINETS. SIDEBOARDS. BUFFETS. CONSOLES.,Amazon Creators API returned the product but no price
B09Y3RCSZ4,https://www.amazon.com/dp/B09Y3RCSZ4?tag=hillarypeil-20,COFFEE TABLES. SIDE TABLES. ACCENT TABLES,Amazon Creators API returned the product but no price
B09YBRQWR1,https://www.amazon.com/dp/B09YBRQWR1?tag=hillarypeil-20,Outdoor PLANTERS,Amazon Creators API returned the product but no price
B09YBV8981,https://www.amazon.com/dp/B09YBV8981?tag=hillarypeil-20,SPORT MOM Style,Amazon Creators API returned the product but no price
B09YC1KKPR,https://www.amazon.com/dp/B09YC1KKPR?tag=hillarypeil-20,SPORT MOM Style,Amazon Creators API returned the product but no price
B09YD8C68J,https://www.amazon.com/dp/B09YD8C68J?tag=hillarypeil-20,RESORT WEAR FASHION,Amazon Creators API returned the product but no price
B09YDLJ6R6,https://www.amazon.com/dp/B09YDLJ6R6?tag=hillarypeil-20,APRIL Best Sellers | FRONT PORCH | Furniture Mover REEL | Outdoor PLANTERS,Amazon Creators API returned the product but no price
B09YDMQH48,https://www.amazon.com/dp/B09YDMQH48?tag=hillarypeil-20,Hillary's NEWEST Finds,Amazon Creators API returned the product but no price
B09YGPP72F,https://www.amazon.com/dp/B09YGPP72F?tag=hillarypeil-20,CABINETS. SIDEBOARDS. BUFFETS. CONSOLES.,Amazon Creators API returned the product but no price
B09YH89493,https://www.amazon.com/dp/B09YH89493?tag=hillarypeil-20,SPORT MOM Style,Amazon Creators API returned the product but no price
B09YHQFVZM,https://www.amazon.com/dp/B09YHQFVZM?tag=hillarypeil-20,CABINETS. SIDEBOARDS. BUFFETS. CONSOLES.,Amazon Creators API returned the product but no price
B09YHS8KYM,https://www.amazon.com/dp/B09YHS8KYM?tag=hillarypeil-20,CABINETS. SIDEBOARDS. BUFFETS. CONSOLES.,Amazon Creators API returned the product but no price
B09YHS9P5F,https://www.amazon.com/dp/B09YHS9P5F?tag=hillarypeil-20,CABINETS. SIDEBOARDS. BUFFETS. CONSOLES.,Amazon Creators API returned the product but no price
B09YJY4FXY,https://www.amazon.com/dp/B09YJY4FXY?tag=hillarypeil-20,HOME DECOR | LAMPS,Amazon Creators API returned the product but no price
B09YLVFJH4,https://www.amazon.com/dp/B09YLVFJH4?tag=hillarypeil-20,GIFTING | LUXE Gifting,Amazon Creators API returned the product but no price
B09YM998FS,https://www.amazon.com/dp/B09YM998FS?tag=hillarypeil-20,ORGANIZING Essentials,Amazon Creators API returned the product but no price
B09YNGXS7R,https://www.amazon.com/dp/B09YNGXS7R?tag=hillarypeil-20,FASHION,Amazon Creators API returned the product but no price
B09YP5F5ZL,https://www.amazon.com/dp/B09YP5F5ZL?tag=hillarypeil-20,FOR HER - HANDBAGS,Amazon Creators API returned the product but no price
B09YQ1WHLJ,https://www.amazon.com/dp/B09YQ1WHLJ?tag=hillarypeil-20,GIFTS UNDER $25,Amazon Creators API returned the product but no price
B09YRDB3J8,https://www.amazon.com/dp/B09YRDB3J8?tag=hillarypeil-20,OUTDOOR Oasis,Amazon Creators API returned the product but no price
B09YRKN9H4,https://www.amazon.com/dp/B09YRKN9H4?tag=hillarypeil-20,AFFORDABLE DECOR | CANDLE HOLDERS. CANDLE STICKS.,Amazon Creators API returned the product but no price
B09Z28W5CN,https://www.amazon.com/dp/B09Z28W5CN?tag=hillarypeil-20,For the Hostess - GIFT GUIDE,Amazon Creators API returned the product but no price
B09Z2SPP1F,https://www.amazon.com/dp/B09Z2SPP1F?tag=hillarypeil-20,WINTER FASHION,Amazon Creators API returned the product but no price
B09Z2X15GY,https://www.amazon.com/dp/B09Z2X15GY?tag=hillarypeil-20,Effortless Chic Home,Amazon Creators API returned the product but no price
B09ZWRZT5N,https://www.amazon.com/dp/B09ZWRZT5N?tag=hillarypeil-20,LIGHTING - Designer Inspired,Amazon Creators API returned the product but no price
B0B13QFM5X,https://www.amazon.com/dp/B0B13QFM5X?tag=hillarypeil-20,Effortless Chic Home,Amazon Creators API returned the product but no price
B0B174HDPR,https://www.amazon.com/dp/B0B174HDPR?tag=hillarypeil-20,Outdoor PLANTERS,Amazon Creators API returned the product but no price
B0B17CY8RD,https://www.amazon.com/dp/B0B17CY8RD?tag=hillarypeil-20,CABINETS. SIDEBOARDS. BUFFETS. CONSOLES.,Amazon Creators API returned the product but no price
B0B1DMGDVH,https://www.amazon.com/dp/B0B1DMGDVH?tag=hillarypeil-20,HOLIDAY COLOR CRUSHES 2025,Amazon Creators API returned the product but no price
B0B1FC665V,https://www.amazon.com/dp/B0B1FC665V?tag=hillarypeil-20,AUTUMN Vibes,Amazon Creators API returned the product but no price
B0B1LHJHYN,https://www.amazon.com/dp/B0B1LHJHYN?tag=hillarypeil-20,APRIL Best Sellers,Amazon Creators API returned the product but no price
B0B1QK6XCR,https://www.amazon.com/dp/B0B1QK6XCR?tag=hillarypeil-20,ELEVATED HOLIDAY FASHION,Amazon Creators API returned the product but no price
B0B1QNB6TR,https://www.amazon.com/dp/B0B1QNB6TR?tag=hillarypeil-20,Outdoor PLANTERS,Amazon Creators API returned the product but no price
B0B1T5Q3GW,https://www.amazon.com/dp/B0B1T5Q3GW?tag=hillarypeil-20,COFFEE TABLES. SIDE TABLES. ACCENT TABLES,Amazon Creators API returned the product but no price
B0B1V5VQTP,https://www.amazon.com/dp/B0B1V5VQTP?tag=hillarypeil-20,HOLIDAY THEMES 2025,Amazon Creators API returned the product but no price
B0B1V7KTKP,https://www.amazon.com/dp/B0B1V7KTKP?tag=hillarypeil-20,GIFTS UNDER $50,Amazon Creators API returned the product but no price
B0B1V8T2C1,https://www.amazon.com/dp/B0B1V8T2C1?tag=hillarypeil-20,COFFEE TABLES. SIDE TABLES. ACCENT TABLES,Amazon Creators API returned the product but no price
B0B1VK28ZX,https://www.amazon.com/dp/B0B1VK28ZX?tag=hillarypeil-20,CABINETS. SIDEBOARDS. BUFFETS. CONSOLES.,Amazon Creators API returned the product but no price
B0B25H1NYH,https://www.amazon.com/dp/B0B25H1NYH?tag=hillarypeil-20,TWEEN & TEEN - GIFT GUIDE,Amazon Creators API returned the product but no price
B0B25JTC5X,https://www.amazon.com/dp/B0B25JTC5X?tag=hillarypeil-20,AUTUMN Vibes,Amazon Creators API returned the product but no price
B0B27DM54F,https://www.amazon.com/dp/B0B27DM54F?tag=hillarypeil-20,OUTDOOR Oasis,Amazon Creators API returned the product but no price
B0B2C1XPTZ,https://www.amazon.com/dp/B0B2C1XPTZ?tag=hillarypeil-20,FOR HIM - GIFT GUIDE,Amazon Creators API returned the product but no price
B0B2CDBRSY,https://www.amazon.com/dp/B0B2CDBRSY?tag=hillarypeil-20,BATHROOM Essentials,Amazon Creators API returned the product but no price
B0B2D44D5G,https://www.amazon.com/dp/B0B2D44D5G?tag=hillarypeil-20,HALLOWEEN,Amazon Creators API returned the product but no price
B0B2F6HK11,https://www.amazon.com/dp/B0B2F6HK11?tag=hillarypeil-20,BEDDING: LUXURY finds in Our Home,Amazon Creators API returned the product but no price
B0B2JCJNQN,https://www.amazon.com/dp/B0B2JCJNQN?tag=hillarypeil-20,AUGUST TOP PICKS | AUTUMN Vibes,Amazon Creators API returned the product but no price
B0B2JR296F,https://www.amazon.com/dp/B0B2JR296F?tag=hillarypeil-20,HOLIDAY EVENING Looks | WINTER FASHION,Amazon Creators API returned the product but no price
B0B2KNL9P3,https://www.amazon.com/dp/B0B2KNL9P3?tag=hillarypeil-20,JANUARY Best Sellers,Amazon Creators API returned the product but no price
B0B2KXT124,https://www.amazon.com/dp/B0B2KXT124?tag=hillarypeil-20,RUGS,Amazon Creators API returned the product but no price
B0B2NTKYR8,https://www.amazon.com/dp/B0B2NTKYR8?tag=hillarypeil-20,OUTDOOR Oasis,Amazon Creators API returned the product but no price
B0B2P9YMFG,https://www.amazon.com/dp/B0B2P9YMFG?tag=hillarypeil-20,JANUARY Best Sellers,Amazon Creators API returned the product but no price
B0B2PYDHSW,https://www.amazon.com/dp/B0B2PYDHSW?tag=hillarypeil-20,LAST MINUTE GIFTS,Amazon Creators API returned the product but no price
B0B2Q7N54S,https://www.amazon.com/dp/B0B2Q7N54S?tag=hillarypeil-20,KITCHEN Essentials,Amazon Creators API returned the product but no price
B0B2RF12W8,https://www.amazon.com/dp/B0B2RF12W8?tag=hillarypeil-20,DECEMBER Best Sellers,Amazon Creators API returned the product but no price
B0B2RG14FH,https://www.amazon.com/dp/B0B2RG14FH?tag=hillarypeil-20,TRAVEL,Amazon Creators API returned the product but no price
B0B2ZPD64N,https://www.amazon.com/dp/B0B2ZPD64N?tag=hillarypeil-20,For the Hostess - GIFT GUIDE,Amazon Creators API returned the product but no price
B0B34HKTM4,https://www.amazon.com/dp/B0B34HKTM4?tag=hillarypeil-20,HOLIDAY THEMES 2025,Amazon Creators API returned the product but no price
B0B34M3ZL7,https://www.amazon.com/dp/B0B34M3ZL7?tag=hillarypeil-20,LAMPS,Amazon Creators API returned the product but no price
B0B386DYPQ,https://www.amazon.com/dp/B0B386DYPQ?tag=hillarypeil-20,TRAVEL,Amazon Creators API returned the product but no price
B0B38878QH,https://www.amazon.com/dp/B0B38878QH?tag=hillarypeil-20,CHIC 2-PIECE SETS,Amazon Creators API returned the product but no price
B0B3D549NS,https://www.amazon.com/dp/B0B3D549NS?tag=hillarypeil-20,LAST MINUTE GIFTS,Amazon Creators API returned the product but no price
B0B3KDJ2S5,https://www.amazon.com/dp/B0B3KDJ2S5?tag=hillarypeil-20,For the Hostess - GIFT GUIDE,Amazon Creators API returned the product but no price
B0B3LR3CG5,https://www.amazon.com/dp/B0B3LR3CG5?tag=hillarypeil-20,TWEEN & TEEN - GIFT GUIDE,Amazon Creators API returned the product but no price
B0B3N17VLL,https://www.amazon.com/dp/B0B3N17VLL?tag=hillarypeil-20,CABINETS. SIDEBOARDS. BUFFETS. CONSOLES.,Amazon Creators API returned the product but no price
B0B3QHDZ9B,https://www.amazon.com/dp/B0B3QHDZ9B?tag=hillarypeil-20,JUST IN...My Newest OBSESSIONS | TOP OCTOBER DEALS,Amazon Creators API returned the product but no price
B0B3X1KJLY,https://www.amazon.com/dp/B0B3X1KJLY?tag=hillarypeil-20,GIFTS UNDER $50 | LAST MINUTE GIFTS,Amazon Creators API returned the product but no price
B0B41WNXF8,https://www.amazon.com/dp/B0B41WNXF8?tag=hillarypeil-20,HAIR CARE,Amazon Creators API returned the product but no price
B0B46SJR4X,https://www.amazon.com/dp/B0B46SJR4X?tag=hillarypeil-20,SOFAS. ACCENT CHAIRS. OTTOMANS.,Amazon Creators API returned the product but no price
B0B46TCPFT,https://www.amazon.com/dp/B0B46TCPFT?tag=hillarypeil-20,CABINETS. SIDEBOARDS. BUFFETS. CONSOLES.,Amazon Creators API returned the product but no price
B0B46TN2XM,https://www.amazon.com/dp/B0B46TN2XM?tag=hillarypeil-20,ENTRYWAY. FOYER.,Amazon Creators API returned the product but no price
B0B4BQGG7B,https://www.amazon.com/dp/B0B4BQGG7B?tag=hillarypeil-20,CABINETS. SIDEBOARDS. BUFFETS. CONSOLES.,Amazon Creators API returned the product but no price
B0B4FZ5GDP,https://www.amazon.com/dp/B0B4FZ5GDP?tag=hillarypeil-20,FAUX & DRIED FLORALS,Amazon Creators API returned the product but no price
B0B4G8VVC7,https://www.amazon.com/dp/B0B4G8VVC7?tag=hillarypeil-20,COFFEE TABLES. SIDE TABLES. ACCENT TABLES,Amazon Creators API returned the product but no price
B0B4JP8QCP,https://www.amazon.com/dp/B0B4JP8QCP?tag=hillarypeil-20,TRANSITIONAL Fall Fashion,Amazon Creators API returned the product but no price
B0B4T6RTZ2,https://www.amazon.com/dp/B0B4T6RTZ2?tag=hillarypeil-20,LAST MINUTE GIFTS | LUXE Gifting | My Curated Gift Guide,Amazon Creators API returned the product but no price
B0B54D9GRD,https://www.amazon.com/dp/B0B54D9GRD?tag=hillarypeil-20,COFFEE TABLES. SIDE TABLES. ACCENT TABLES,Amazon Creators API returned the product but no price
B0B55VXHMH,https://www.amazon.com/dp/B0B55VXHMH?tag=hillarypeil-20,LAMPS,Amazon Creators API returned the product but no price
B0B56BW4XB,https://www.amazon.com/dp/B0B56BW4XB?tag=hillarypeil-20,RESORT WEAR FASHION,Amazon Creators API returned the product but no price
B0B56CDG7M,https://www.amazon.com/dp/B0B56CDG7M?tag=hillarypeil-20,WINTER FASHION,Amazon Creators API returned the product but no price
B0B56GZV81,https://www.amazon.com/dp/B0B56GZV81?tag=hillarypeil-20,FOR HER - HANDBAGS,Amazon Creators API returned the product but no price
B0B57V5D9S,https://www.amazon.com/dp/B0B57V5D9S?tag=hillarypeil-20,DECEMBER Best Sellers,Amazon Creators API returned the product but no price
B0B5CP9DWC,https://www.amazon.com/dp/B0B5CP9DWC?tag=hillarypeil-20,FOR HER - HANDBAGS,Amazon Creators API returned the product but no price
B0B5G96T83,https://www.amazon.com/dp/B0B5G96T83?tag=hillarypeil-20,KITCHEN Essentials,Amazon Creators API returned the product but no price
B0B5LDV8WN,https://www.amazon.com/dp/B0B5LDV8WN?tag=hillarypeil-20,NEW HOME FINDS,Amazon Creators API returned the product but no price
B0B5LYW5L4,https://www.amazon.com/dp/B0B5LYW5L4?tag=hillarypeil-20,LAST MINUTE GIFTS | LUXE Gifting | LUXE Holiday Home,Amazon Creators API returned the product but no price
B0B5P9H255,https://www.amazon.com/dp/B0B5P9H255?tag=hillarypeil-20,SPORT MOM Style,Amazon Creators API returned the product but no price
B0B5RCFW9S,https://www.amazon.com/dp/B0B5RCFW9S?tag=hillarypeil-20,FASHION,Amazon Creators API returned the product but no price
B0B5SKSDBD,https://www.amazon.com/dp/B0B5SKSDBD?tag=hillarypeil-20,TRAVEL,Amazon Creators API returned the product but no price
B0B5V52KW8,https://www.amazon.com/dp/B0B5V52KW8?tag=hillarypeil-20,CABINETS. SIDEBOARDS. BUFFETS. CONSOLES.,Amazon Creators API returned the product but no price
B0B5V57B7M,https://www.amazon.com/dp/B0B5V57B7M?tag=hillarypeil-20,CABINETS. SIDEBOARDS. BUFFETS. CONSOLES.,Amazon Creators API returned the product but no price
B0B5VTZJ6W,https://www.amazon.com/dp/B0B5VTZJ6W?tag=hillarypeil-20,COFFEE TABLES. SIDE TABLES. ACCENT TABLES,Amazon Creators API returned the product but no price
B0B5YFN9JH,https://www.amazon.com/dp/B0B5YFN9JH?tag=hillarypeil-20,WINTER FASHION,Amazon Creators API returned the product but no price
B0B5YL6PB8,https://www.amazon.com/dp/B0B5YL6PB8?tag=hillarypeil-20,AUTUMN Vibes,Amazon Creators API returned the product but no price
B0B63GZ676,https://www.amazon.com/dp/B0B63GZ676?tag=hillarypeil-20,FOR HER - HANDBAGS,Amazon Creators API returned the product but no price
B0B66DFQW9,https://www.amazon.com/dp/B0B66DFQW9?tag=hillarypeil-20,BED & BATH FINDS,Amazon Creators API returned the product but no price
B0B69GKX3N,https://www.amazon.com/dp/B0B69GKX3N?tag=hillarypeil-20,FOR HER - HANDBAGS,Amazon Creators API returned the product but no price
B0B69RFSB5,https://www.amazon.com/dp/B0B69RFSB5?tag=hillarypeil-20,CABINETS. SIDEBOARDS. BUFFETS. CONSOLES.,Amazon Creators API returned the product but no price
B0B6B88LT2,https://www.amazon.com/dp/B0B6B88LT2?tag=hillarypeil-20,WALL DECOR - MIRRORS. ART. FRAMES.,Amazon Creators API returned the product but no price
B0B6B8M9ZS,https://www.amazon.com/dp/B0B6B8M9ZS?tag=hillarypeil-20,WALL DECOR - MIRRORS. ART. FRAMES.,Amazon Creators API returned the product but no price
B0B6FNY58C,https://www.amazon.com/dp/B0B6FNY58C?tag=hillarypeil-20,FOR HER - HANDBAGS,Amazon Creators API returned the product but no price
B0B6FNY8QH,https://www.amazon.com/dp/B0B6FNY8QH?tag=hillarypeil-20,FOR HER - HANDBAGS,Amazon Creators API returned the product but no price
B0B6HDH7B4,https://www.amazon.com/dp/B0B6HDH7B4?tag=hillarypeil-20,WINTER FASHION,Amazon Creators API returned the product but no price
B0B6HDS7Z9,https://www.amazon.com/dp/B0B6HDS7Z9?tag=hillarypeil-20,NEW HOME FINDS,Amazon Creators API returned the product but no price
B0B6PF8SPL,https://www.amazon.com/dp/B0B6PF8SPL?tag=hillarypeil-20,SOFAS. ACCENT CHAIRS. OTTOMANS.,Amazon Creators API returned the product but no price
B0B6T66QL2,https://www.amazon.com/dp/B0B6T66QL2?tag=hillarypeil-20,LUXE Gifting,Amazon Creators API returned the product but no price
B0B74DMW6D,https://www.amazon.com/dp/B0B74DMW6D?tag=hillarypeil-20,DINING ROOM,Amazon Creators API returned the product but no price
B0B74JDSS3,https://www.amazon.com/dp/B0B74JDSS3?tag=hillarypeil-20,CHIC 2-PIECE SETS,Amazon Creators API returned the product but no price
B0B752CF6D,https://www.amazon.com/dp/B0B752CF6D?tag=hillarypeil-20,SOFAS. ACCENT CHAIRS. OTTOMANS.,Amazon Creators API returned the product but no price
B0B752G5B4,https://www.amazon.com/dp/B0B752G5B4?tag=hillarypeil-20,CABINETS. SIDEBOARDS. BUFFETS. CONSOLES.,Amazon Creators API returned the product but no price
B0B76NJW3B,https://www.amazon.com/dp/B0B76NJW3B?tag=hillarypeil-20,CABINETS. SIDEBOARDS. BUFFETS. CONSOLES. | SOFAS. ACCENT CHAIRS. OTTOMANS.,Amazon Creators API returned the product but no price
B0B79ZH4JD,https://www.amazon.com/dp/B0B79ZH4JD?tag=hillarypeil-20,APRIL Best Sellers,Amazon Creators API returned the product but no price
B0B7BFCWJY,https://www.amazon.com/dp/B0B7BFCWJY?tag=hillarypeil-20,TRAVEL,Amazon Creators API returned the product but no price
B0B7DVDTMQ,https://www.amazon.com/dp/B0B7DVDTMQ?tag=hillarypeil-20,FEBRUARY Best Sellers,Amazon Creators API returned the product but no price
B0B7GDVBL7,https://www.amazon.com/dp/B0B7GDVBL7?tag=hillarypeil-20,FEBRUARY Best Sellers | FOR HER - HANDBAGS | HILLARY'S BEACH Bag Essentials,Amazon Creators API returned the product but no price
B0B7J4JR6W,https://www.amazon.com/dp/B0B7J4JR6W?tag=hillarypeil-20,TOP NOVEMBER DEALS,Amazon Creators API returned the product but no price
B0B7J73DZ2,https://www.amazon.com/dp/B0B7J73DZ2?tag=hillarypeil-20,LAST MINUTE GIFTS,Amazon Creators API returned the product but no price
B0B7K5JDYT,https://www.amazon.com/dp/B0B7K5JDYT?tag=hillarypeil-20,COFFEE TABLES. SIDE TABLES. ACCENT TABLES,Amazon Creators API returned the product but no price
B0B7K8W1X7,https://www.amazon.com/dp/B0B7K8W1X7?tag=hillarypeil-20,TRAVEL,Amazon Creators API returned the product but no price
B0B7KH29FX,https://www.amazon.com/dp/B0B7KH29FX?tag=hillarypeil-20,JUNE TOP PICKS | LUXE Gifting,Amazon Creators API returned the product but no price
B0B7MN16ZB,https://www.amazon.com/dp/B0B7MN16ZB?tag=hillarypeil-20,GIFTS UNDER $50,Amazon Creators API returned the product but no price
B0B7R4376C,https://www.amazon.com/dp/B0B7R4376C?tag=hillarypeil-20,WALL DECOR - MIRRORS. ART. FRAMES.,Amazon Creators API returned the product but no price
B0B7RW2HFM,https://www.amazon.com/dp/B0B7RW2HFM?tag=hillarypeil-20,ENTRYWAY. FOYER.,Amazon Creators API returned the product but no price
B0B7SNGQM4,https://www.amazon.com/dp/B0B7SNGQM4?tag=hillarypeil-20,VIRAL Holiday Finds,Amazon Creators API returned the product but no price
B0B82C64VX,https://www.amazon.com/dp/B0B82C64VX?tag=hillarypeil-20,BEDS. DRESSERS. NIGHTSTANDS.,Amazon Creators API returned the product but no price
B0B84V3VMM,https://www.amazon.com/dp/B0B84V3VMM?tag=hillarypeil-20,LAST MINUTE GIFTS,Amazon Creators API returned the product but no price
B0B87RZXFV,https://www.amazon.com/dp/B0B87RZXFV?tag=hillarypeil-20,$50 WINTER FASHION,Amazon Creators API returned the product but no price
B0B87XX486,https://www.amazon.com/dp/B0B87XX486?tag=hillarypeil-20,LUXE JEWELRY & ACCESSORIES,Amazon Creators API returned the product but no price
B0B8C5L2FZ,https://www.amazon.com/dp/B0B8C5L2FZ?tag=hillarypeil-20,EUROPEAN SUMMER,Amazon Creators API returned the product but no price
B0B8F1Y3M1,https://www.amazon.com/dp/B0B8F1Y3M1?tag=hillarypeil-20,BEDDING: LUXURY finds in Our Home,Amazon Creators API returned the product but no price
B0B8FRKKVL,https://www.amazon.com/dp/B0B8FRKKVL?tag=hillarypeil-20,LUXE Gifting,Amazon Creators API returned the product but no price
B0B8FRY3BH,https://www.amazon.com/dp/B0B8FRY3BH?tag=hillarypeil-20,FOR HER - HANDBAGS | LAST MINUTE GIFTS,Amazon Creators API returned the product but no price
B0B8FTLP17,https://www.amazon.com/dp/B0B8FTLP17?tag=hillarypeil-20,FOR HER - HANDBAGS,Amazon Creators API returned the product but no price
B0B8H58X42,https://www.amazon.com/dp/B0B8H58X42?tag=hillarypeil-20,TOP SEPTEMBER DEALS | WINTER FASHION,Amazon Creators API returned the product but no price
B0B8J64GNR,https://www.amazon.com/dp/B0B8J64GNR?tag=hillarypeil-20,WINTER FASHION,Amazon Creators API returned the product but no price
B0B8J656HQ,https://www.amazon.com/dp/B0B8J656HQ?tag=hillarypeil-20,CABINETS. SIDEBOARDS. BUFFETS. CONSOLES.,Amazon Creators API returned the product but no price
B0B8P8W534,https://www.amazon.com/dp/B0B8P8W534?tag=hillarypeil-20,FOR HER - HANDBAGS,Amazon Creators API returned the product but no price
B0B8QTH86M,https://www.amazon.com/dp/B0B8QTH86M?tag=hillarypeil-20,COFFEE TABLES. SIDE TABLES. ACCENT TABLES,Amazon Creators API returned the product but no price
B0B8QXJV26,https://www.amazon.com/dp/B0B8QXJV26?tag=hillarypeil-20,OUTDOOR Oasis,Amazon Creators API returned the product but no price
B0B915MNDG,https://www.amazon.com/dp/B0B915MNDG?tag=hillarypeil-20,COFFEE TABLES. SIDE TABLES. ACCENT TABLES,Amazon Creators API returned the product but no price
B0B91R2PJ7,https://www.amazon.com/dp/B0B91R2PJ7?tag=hillarypeil-20,COFFEE TABLES. SIDE TABLES. ACCENT TABLES,Amazon Creators API returned the product but no price
B0B92JXRZL,https://www.amazon.com/dp/B0B92JXRZL?tag=hillarypeil-20,COFFEE TABLES. SIDE TABLES. ACCENT TABLES,Amazon Creators API returned the product but no price
B0B92RD6S7,https://www.amazon.com/dp/B0B92RD6S7?tag=hillarypeil-20,BEST SELLERS | TOP OCTOBER DEALS,Amazon Creators API returned the product but no price
B0B92XHTZW,https://www.amazon.com/dp/B0B92XHTZW?tag=hillarypeil-20,LAMPS,Amazon Creators API returned the product but no price
B0B92Y2YJQ,https://www.amazon.com/dp/B0B92Y2YJQ?tag=hillarypeil-20,CABINETS. SIDEBOARDS. BUFFETS. CONSOLES.,Amazon Creators API returned the product but no price
B0B94Q1259,https://www.amazon.com/dp/B0B94Q1259?tag=hillarypeil-20,CABINETS. SIDEBOARDS. BUFFETS. CONSOLES.,Amazon Creators API returned the product but no price
B0B97661QQ,https://www.amazon.com/dp/B0B97661QQ?tag=hillarypeil-20,DINING ROOM,Amazon Creators API returned the product but no price
B0B9928KC5,https://www.amazon.com/dp/B0B9928KC5?tag=hillarypeil-20,SOFAS. ACCENT CHAIRS. OTTOMANS.,Amazon Creators API returned the product but no price
B0B99K4S8H,https://www.amazon.com/dp/B0B99K4S8H?tag=hillarypeil-20,TOP SEPTEMBER DEALS,Amazon Creators API returned the product but no price
B0B99NR7M2,https://www.amazon.com/dp/B0B99NR7M2?tag=hillarypeil-20,AUTUMN Vibes,Amazon Creators API returned the product but no price
B0B9C36SCX,https://www.amazon.com/dp/B0B9C36SCX?tag=hillarypeil-20,COFFEE TABLES. SIDE TABLES. ACCENT TABLES,Amazon Creators API returned the product but no price
B0B9FPYJTT,https://www.amazon.com/dp/B0B9FPYJTT?tag=hillarypeil-20,KITCHEN Essentials,Amazon Creators API returned the product but no price
B0B9HVCMBB,https://www.amazon.com/dp/B0B9HVCMBB?tag=hillarypeil-20,BEAUTY & SKINCARE | FEBRUARY Best Sellers,Amazon Creators API returned the product but no price
B0B9MPY9T7,https://www.amazon.com/dp/B0B9MPY9T7?tag=hillarypeil-20,FAUX INDOOR/OUTDOOR,Amazon Creators API returned the product but no price
B0B9MQ82YR,https://www.amazon.com/dp/B0B9MQ82YR?tag=hillarypeil-20,FOR HER - HANDBAGS,Amazon Creators API returned the product but no price
B0B9RQJQLZ,https://www.amazon.com/dp/B0B9RQJQLZ?tag=hillarypeil-20,SOFAS. ACCENT CHAIRS. OTTOMANS.,Amazon Creators API returned the product but no price
B0B9VC917J,https://www.amazon.com/dp/B0B9VC917J?tag=hillarypeil-20,RH STYLE - Looks like a SPLURGE,Amazon Creators API returned the product but no price
B0B9WLDLX3,https://www.amazon.com/dp/B0B9WLDLX3?tag=hillarypeil-20,BOY'S Bathroom,Amazon Creators API returned the product but no price
B0B9ZSP5P3,https://www.amazon.com/dp/B0B9ZSP5P3?tag=hillarypeil-20,CAR ORGANIZATION,Amazon Creators API returned the product but no price
B0BB2V6B5R,https://www.amazon.com/dp/B0BB2V6B5R?tag=hillarypeil-20,DINING ROOM,Amazon Creators API returned the product but no price
B0BB2W6F5Y,https://www.amazon.com/dp/B0BB2W6F5Y?tag=hillarypeil-20,SOFAS. ACCENT CHAIRS. OTTOMANS.,Amazon Creators API returned the product but no price
B0BB2YM4FV,https://www.amazon.com/dp/B0BB2YM4FV?tag=hillarypeil-20,CABINETS. SIDEBOARDS. BUFFETS. CONSOLES.,Amazon Creators API returned the product but no price
B0BB2YM63N,https://www.amazon.com/dp/B0BB2YM63N?tag=hillarypeil-20,DINING ROOM,Amazon Creators API returned the product but no price
B0BB37GCLZ,https://www.amazon.com/dp/B0BB37GCLZ?tag=hillarypeil-20,SOFAS. ACCENT CHAIRS. OTTOMANS.,Amazon Creators API returned the product but no price
B0BB7T94PQ,https://www.amazon.com/dp/B0BB7T94PQ?tag=hillarypeil-20,BEDS. DRESSERS. NIGHTSTANDS.,Amazon Creators API returned the product but no price
B0BBL8TJLQ,https://www.amazon.com/dp/B0BBL8TJLQ?tag=hillarypeil-20,WINTER FASHION,Amazon Creators API returned the product but no price
B0BBLNX1Z2,https://www.amazon.com/dp/B0BBLNX1Z2?tag=hillarypeil-20,BEAUTY & SKINCARE,Amazon Creators API returned the product but no price
B0BBN5VBB8,https://www.amazon.com/dp/B0BBN5VBB8?tag=hillarypeil-20,CABINETS. SIDEBOARDS. BUFFETS. CONSOLES.,Amazon Creators API returned the product but no price
B0BBN98C7Z,https://www.amazon.com/dp/B0BBN98C7Z?tag=hillarypeil-20,BEDS. DRESSERS. NIGHTSTANDS.,Amazon Creators API returned the product but no price
B0BBQ7PX7P,https://www.amazon.com/dp/B0BBQ7PX7P?tag=hillarypeil-20,WINTER FASHION,Amazon Creators API returned the product but no price
B0BBRW2Q9V,https://www.amazon.com/dp/B0BBRW2Q9V?tag=hillarypeil-20,FOR HER - HANDBAGS,Amazon Creators API returned the product but no price
B0BBSMRF72,https://www.amazon.com/dp/B0BBSMRF72?tag=hillarypeil-20,VIRAL Holiday Finds,Amazon Creators API returned the product but no price
B0BBTYCDB8,https://www.amazon.com/dp/B0BBTYCDB8?tag=hillarypeil-20,COFFEE TABLES. SIDE TABLES. ACCENT TABLES,Amazon Creators API returned the product but no price
B0BBV2L8S6,https://www.amazon.com/dp/B0BBV2L8S6?tag=hillarypeil-20,COFFEE TABLES. SIDE TABLES. ACCENT TABLES,Amazon Creators API returned the product but no price
B0BBV3JBRN,https://www.amazon.com/dp/B0BBV3JBRN?tag=hillarypeil-20,HOLIDAY THEMES 2025,Amazon Creators API returned the product but no price
B0BBVHPXYF,https://www.amazon.com/dp/B0BBVHPXYF?tag=hillarypeil-20,KITCHEN Organizing,Amazon Creators API returned the product but no price
B0BBVY8MCJ,https://www.amazon.com/dp/B0BBVY8MCJ?tag=hillarypeil-20,CABINETS. SIDEBOARDS. BUFFETS. CONSOLES.,Amazon Creators API returned the product but no price
B0BBXWDXVR,https://www.amazon.com/dp/B0BBXWDXVR?tag=hillarypeil-20,CABINETS. SIDEBOARDS. BUFFETS. CONSOLES.,Amazon Creators API returned the product but no price
B0BC1NNPHZ,https://www.amazon.com/dp/B0BC1NNPHZ?tag=hillarypeil-20,LUXE Holiday Home,Amazon Creators API returned the product but no price
B0BC272PPC,https://www.amazon.com/dp/B0BC272PPC?tag=hillarypeil-20,BEDS. DRESSERS. NIGHTSTANDS.,Amazon Creators API returned the product but no price
B0BC5F2L8F,https://www.amazon.com/dp/B0BC5F2L8F?tag=hillarypeil-20,APRIL Best Sellers,Amazon Creators API returned the product but no price
B0BC5L1534,https://www.amazon.com/dp/B0BC5L1534?tag=hillarypeil-20,FOR HIM - GIFT GUIDE,Amazon Creators API returned the product but no price
B0BCJPGP4Q,https://www.amazon.com/dp/B0BCJPGP4Q?tag=hillarypeil-20,HOLIDAY EVENING Looks,Amazon Creators API returned the product but no price
B0BCNT1YPB,https://www.amazon.com/dp/B0BCNT1YPB?tag=hillarypeil-20,TRAVEL,Amazon Creators API returned the product but no price
B0BCQ1NY5F,https://www.amazon.com/dp/B0BCQ1NY5F?tag=hillarypeil-20,JANUARY Best Sellers,Amazon Creators API returned the product but no price
B0BCQLCHFQ,https://www.amazon.com/dp/B0BCQLCHFQ?tag=hillarypeil-20,AUTUMN Vibes,Amazon Creators API returned the product but no price
B0BCX5YCS2,https://www.amazon.com/dp/B0BCX5YCS2?tag=hillarypeil-20,LUXE Gifting,Amazon Creators API returned the product but no price
B0BD6MNCTX,https://www.amazon.com/dp/B0BD6MNCTX?tag=hillarypeil-20,TRAVEL,Amazon Creators API returned the product but no price
B0BDF96QH1,https://www.amazon.com/dp/B0BDF96QH1?tag=hillarypeil-20,CABINETS. SIDEBOARDS. BUFFETS. CONSOLES.,Amazon Creators API returned the product but no price
B0BDFRFBL6,https://www.amazon.com/dp/B0BDFRFBL6?tag=hillarypeil-20,LAMPS,Amazon Creators API returned the product but no price
B0BDFT1HX6,https://www.amazon.com/dp/B0BDFT1HX6?tag=hillarypeil-20,CABINETS. SIDEBOARDS. BUFFETS. CONSOLES.,Amazon Creators API returned the product but no price
B0BDGG5N8W,https://www.amazon.com/dp/B0BDGG5N8W?tag=hillarypeil-20,KITCHEN Essentials,Amazon Creators API returned the product but no price
B0BDHQD1CQ,https://www.amazon.com/dp/B0BDHQD1CQ?tag=hillarypeil-20,LAST MINUTE GIFTS,Amazon Creators API returned the product but no price
B0BDLLSD4F,https://www.amazon.com/dp/B0BDLLSD4F?tag=hillarypeil-20,JUNE TOP PICKS,Amazon Creators API returned the product but no price
B0BDP5JLTF,https://www.amazon.com/dp/B0BDP5JLTF?tag=hillarypeil-20,FOR HER - HANDBAGS,Amazon Creators API returned the product but no price
B0BDRPD2LZ,https://www.amazon.com/dp/B0BDRPD2LZ?tag=hillarypeil-20,BEDS. DRESSERS. NIGHTSTANDS.,Amazon Creators API returned the product but no price
B0BDS91F62,https://www.amazon.com/dp/B0BDS91F62?tag=hillarypeil-20,JUST IN...My Newest OBSESSIONS,Amazon Creators API returned the product but no price
B0BF45Q4SB,https://www.amazon.com/dp/B0BF45Q4SB?tag=hillarypeil-20,KITCHEN Essentials,Amazon Creators API returned the product but no price
B0BFB9G5CW,https://www.amazon.com/dp/B0BFB9G5CW?tag=hillarypeil-20,GIFTS UNDER $50,Amazon Creators API returned the product but no price
B0BFFBGNKD,https://www.amazon.com/dp/B0BFFBGNKD?tag=hillarypeil-20,TWEEN & TEEN - GIFT GUIDE,Amazon Creators API returned the product but no price
B0BFFH5BFS,https://www.amazon.com/dp/B0BFFH5BFS?tag=hillarypeil-20,GIFTING | JANUARY Best Sellers,Amazon Creators API returned the product but no price
B0BFKNSWDJ,https://www.amazon.com/dp/B0BFKNSWDJ?tag=hillarypeil-20,CABINETS. SIDEBOARDS. BUFFETS. CONSOLES.,Amazon Creators API returned the product but no price
B0BFKTZ9M3,https://www.amazon.com/dp/B0BFKTZ9M3?tag=hillarypeil-20,Spring Obsessed,Amazon Creators API returned the product but no price
B0BFL4GC82,https://www.amazon.com/dp/B0BFL4GC82?tag=hillarypeil-20,COFFEE TABLES. SIDE TABLES. ACCENT TABLES,Amazon Creators API returned the product but no price
B0BFP8BF7T,https://www.amazon.com/dp/B0BFP8BF7T?tag=hillarypeil-20,Outdoor PLANTERS,Amazon Creators API returned the product but no price
B0BFPNCBP6,https://www.amazon.com/dp/B0BFPNCBP6?tag=hillarypeil-20,ELEVATED HOLIDAY FASHION,Amazon Creators API returned the product but no price
B0BFRVZTKW,https://www.amazon.com/dp/B0BFRVZTKW?tag=hillarypeil-20,Effortless Chic Home | For the Hostess - GIFT GUIDE,Amazon Creators API returned the product but no price
B0BFVPW93M,https://www.amazon.com/dp/B0BFVPW93M?tag=hillarypeil-20,DECEMBER Best Sellers | TOP NOVEMBER DEALS | WINTER FASHION,Amazon Creators API returned the product but no price
B0BFVY27T8,https://www.amazon.com/dp/B0BFVY27T8?tag=hillarypeil-20,HOLIDAY COLOR CRUSHES 2025 | JUST IN...My Newest OBSESSIONS,Amazon Creators API returned the product but no price
B0BFWZ6TCS,https://www.amazon.com/dp/B0BFWZ6TCS?tag=hillarypeil-20,BED & BATH FINDS,Amazon Creators API returned the product but no price
B0BG2GQX1L,https://www.amazon.com/dp/B0BG2GQX1L?tag=hillarypeil-20,WINTER FASHION,Amazon Creators API returned the product but no price
B0BG2T3LKJ,https://www.amazon.com/dp/B0BG2T3LKJ?tag=hillarypeil-20,SOFAS. ACCENT CHAIRS. OTTOMANS.,Amazon Creators API returned the product but no price
B0BG6MBGT1,https://www.amazon.com/dp/B0BG6MBGT1?tag=hillarypeil-20,HOLIDAY THEMES 2025,Amazon Creators API returned the product but no price
B0BG6ZFTVJ,https://www.amazon.com/dp/B0BG6ZFTVJ?tag=hillarypeil-20,MARCH Best Sellers,Amazon Creators API returned the product but no price
B0BG7LHGQC,https://www.amazon.com/dp/B0BG7LHGQC?tag=hillarypeil-20,JUST IN...My Newest OBSESSIONS,Amazon Creators API returned the product but no price
B0BGF8PWQN,https://www.amazon.com/dp/B0BGF8PWQN?tag=hillarypeil-20,COFFEE TABLES. SIDE TABLES. ACCENT TABLES,Amazon Creators API returned the product but no price
B0BGHQ5678,https://www.amazon.com/dp/B0BGHQ5678?tag=hillarypeil-20,SOFAS. ACCENT CHAIRS. OTTOMANS.,Amazon Creators API returned the product but no price
B0BGQVVNDV,https://www.amazon.com/dp/B0BGQVVNDV?tag=hillarypeil-20,CABINETS. SIDEBOARDS. BUFFETS. CONSOLES.,Amazon Creators API returned the product but no price
B0BGR7QSDZ,https://www.amazon.com/dp/B0BGR7QSDZ?tag=hillarypeil-20,CABINETS. SIDEBOARDS. BUFFETS. CONSOLES.,Amazon Creators API returned the product but no price
B0BGT4YYV7,https://www.amazon.com/dp/B0BGT4YYV7?tag=hillarypeil-20,DINING ROOM,Amazon Creators API returned the product but no price
B0BGY23GQC,https://www.amazon.com/dp/B0BGY23GQC?tag=hillarypeil-20,BEDS. DRESSERS. NIGHTSTANDS.,Amazon Creators API returned the product but no price
B0BGYKLCDR,https://www.amazon.com/dp/B0BGYKLCDR?tag=hillarypeil-20,RUGS,Amazon Creators API returned the product but no price
B0BGYLQ8KK,https://www.amazon.com/dp/B0BGYLQ8KK?tag=hillarypeil-20,RUGS,Amazon Creators API returned the product but no price
B0BGZQT7TQ,https://www.amazon.com/dp/B0BGZQT7TQ?tag=hillarypeil-20,SOFAS. ACCENT CHAIRS. OTTOMANS.,Amazon Creators API returned the product but no price
B0BHL1VWG8,https://www.amazon.com/dp/B0BHL1VWG8?tag=hillarypeil-20,BED & BATH FINDS,Amazon Creators API returned the product but no price
B0BHL5JC3B,https://www.amazon.com/dp/B0BHL5JC3B?tag=hillarypeil-20,COFFEE TABLE BOOKS,Amazon Creators API returned the product but no price
B0BHLJLGJN,https://www.amazon.com/dp/B0BHLJLGJN?tag=hillarypeil-20,BEDS. DRESSERS. NIGHTSTANDS.,Amazon Creators API returned the product but no price
B0BHLNFR1S,https://www.amazon.com/dp/B0BHLNFR1S?tag=hillarypeil-20,BEDS. DRESSERS. NIGHTSTANDS.,Amazon Creators API returned the product but no price
B0BHNDHK8F,https://www.amazon.com/dp/B0BHNDHK8F?tag=hillarypeil-20,KITCHEN Essentials,Amazon Creators API returned the product but no price
B0BHNS7D7V,https://www.amazon.com/dp/B0BHNS7D7V?tag=hillarypeil-20,HEALTHY Living,Amazon Creators API returned the product but no price
B0BHVHCBSS,https://www.amazon.com/dp/B0BHVHCBSS?tag=hillarypeil-20,ATHEISURE,Amazon Creators API returned the product but no price
B0BHVMG22Z,https://www.amazon.com/dp/B0BHVMG22Z?tag=hillarypeil-20,BATHROOM Essentials,Amazon Creators API returned the product but no price
B0BHWJQDPF,https://www.amazon.com/dp/B0BHWJQDPF?tag=hillarypeil-20,CHIC 2-PIECE SETS | DECEMBER Best Sellers | TOP OCTOBER DEALS,Amazon Creators API returned the product but no price
B0BHZ3H7F7,https://www.amazon.com/dp/B0BHZ3H7F7?tag=hillarypeil-20,FOR HER - HANDBAGS,Amazon Creators API returned the product but no price
B0BHZ3QB4L,https://www.amazon.com/dp/B0BHZ3QB4L?tag=hillarypeil-20,SOFAS. ACCENT CHAIRS. OTTOMANS.,Amazon Creators API returned the product but no price
B0BJ1HBWV6,https://www.amazon.com/dp/B0BJ1HBWV6?tag=hillarypeil-20,LUXE Gifting,Amazon Creators API returned the product but no price
B0BJ2BQLWR,https://www.amazon.com/dp/B0BJ2BQLWR?tag=hillarypeil-20,TOP SEPTEMBER DEALS,Amazon Creators API returned the product but no price
B0BJ5X9LXZ,https://www.amazon.com/dp/B0BJ5X9LXZ?tag=hillarypeil-20,LAST MINUTE GIFTS,Amazon Creators API returned the product but no price
B0BJ65R4TX,https://www.amazon.com/dp/B0BJ65R4TX?tag=hillarypeil-20,LUXE JEWELRY & ACCESSORIES,Amazon Creators API returned the product but no price
B0BJ71GHM5,https://www.amazon.com/dp/B0BJ71GHM5?tag=hillarypeil-20,SOFAS. ACCENT CHAIRS. OTTOMANS.,Amazon Creators API returned the product but no price
B0BJKC3TDB,https://www.amazon.com/dp/B0BJKC3TDB?tag=hillarypeil-20,FEBRUARY Best Sellers,Amazon Creators API returned the product but no price
B0BJPMFWJB,https://www.amazon.com/dp/B0BJPMFWJB?tag=hillarypeil-20,WINTER FASHION,Amazon Creators API returned the product but no price
B0BJS2FGRQ,https://www.amazon.com/dp/B0BJS2FGRQ?tag=hillarypeil-20,KITCHEN Essentials,Amazon Creators API returned the product but no price
B0BJVQ76PP,https://www.amazon.com/dp/B0BJVQ76PP?tag=hillarypeil-20,BED & BATH FINDS,Amazon Creators API returned the product but no price
B0BJW8BJFP,https://www.amazon.com/dp/B0BJW8BJFP?tag=hillarypeil-20,SOFAS. ACCENT CHAIRS. OTTOMANS.,Amazon Creators API returned the product but no price
B0BJY1LGBB,https://www.amazon.com/dp/B0BJY1LGBB?tag=hillarypeil-20,DINING ROOM,Amazon Creators API returned the product but no price
B0BJZV56K5,https://www.amazon.com/dp/B0BJZV56K5?tag=hillarypeil-20,HOLIDAY ON SALE,Amazon Creators API returned the product but no price
B0BK4JLJML,https://www.amazon.com/dp/B0BK4JLJML?tag=hillarypeil-20,STOCKING STUFFERS,Amazon Creators API returned the product but no price
B0BK996KSP,https://www.amazon.com/dp/B0BK996KSP?tag=hillarypeil-20,FOR HER - HANDBAGS,Amazon Creators API returned the product but no price
B0BK9B5H2D,https://www.amazon.com/dp/B0BK9B5H2D?tag=hillarypeil-20,FOR HER - HANDBAGS,Amazon Creators API returned the product but no price
B0BK9KQPL8,https://www.amazon.com/dp/B0BK9KQPL8?tag=hillarypeil-20,SOFAS. ACCENT CHAIRS. OTTOMANS.,Amazon Creators API returned the product but no price
B0BK9LMCCY,https://www.amazon.com/dp/B0BK9LMCCY?tag=hillarypeil-20,BATHROOM Essentials,Amazon Creators API returned the product but no price
B0BKH5PBBN,https://www.amazon.com/dp/B0BKH5PBBN?tag=hillarypeil-20,LAST MINUTE GIFTS,Amazon Creators API returned the product but no price
B0BKPPWTLX,https://www.amazon.com/dp/B0BKPPWTLX?tag=hillarypeil-20,CABINETS. SIDEBOARDS. BUFFETS. CONSOLES.,Amazon Creators API returned the product but no price
B0BKR48YWR,https://www.amazon.com/dp/B0BKR48YWR?tag=hillarypeil-20,BARCART | FRONT PORCH | SHATTERPROOF Beverage Glasses,Amazon Creators API returned the product but no price
B0BKSS78LY,https://www.amazon.com/dp/B0BKSS78LY?tag=hillarypeil-20,TWEEN & TEEN - GIFT GUIDE,Amazon Creators API returned the product but no price
B0BKTRQ17F,https://www.amazon.com/dp/B0BKTRQ17F?tag=hillarypeil-20,LAMPS,Amazon Creators API returned the product but no price
B0BKTTWMST,https://www.amazon.com/dp/B0BKTTWMST?tag=hillarypeil-20,LAST MINUTE GIFTS | TWEEN & TEEN - GIFT GUIDE,Amazon Creators API returned the product but no price
B0BKV2WYZC,https://www.amazon.com/dp/B0BKV2WYZC?tag=hillarypeil-20,My Curated Gift Guide,Amazon Creators API returned the product but no price
B0BKZ8627K,https://www.amazon.com/dp/B0BKZ8627K?tag=hillarypeil-20,EARNED A SPOT FOR LIFE!,Amazon Creators API returned the product but no price
B0BL1NM5NF,https://www.amazon.com/dp/B0BL1NM5NF?tag=hillarypeil-20,CABINETS. SIDEBOARDS. BUFFETS. CONSOLES.,Amazon Creators API returned the product but no price
B0BL1RY8J2,https://www.amazon.com/dp/B0BL1RY8J2?tag=hillarypeil-20,CABINETS. SIDEBOARDS. BUFFETS. CONSOLES.,Amazon Creators API returned the product but no price
B0BL1Y7JGJ,https://www.amazon.com/dp/B0BL1Y7JGJ?tag=hillarypeil-20,AUTUMN Vibes,Amazon Creators API returned the product but no price
B0BL3MF3TC,https://www.amazon.com/dp/B0BL3MF3TC?tag=hillarypeil-20,COFFEE TABLES. SIDE TABLES. ACCENT TABLES,Amazon Creators API returned the product but no price
B0BL76Q1LD,https://www.amazon.com/dp/B0BL76Q1LD?tag=hillarypeil-20,JULY TOP PICKS,Amazon Creators API returned the product but no price
B0BLCXBT85,https://www.amazon.com/dp/B0BLCXBT85?tag=hillarypeil-20,PRESCHOOL LITTLES,Amazon Creators API returned the product but no price
B0BLD284MM,https://www.amazon.com/dp/B0BLD284MM?tag=hillarypeil-20,Effortless Chic Home,Amazon Creators API returned the product but no price
B0BLH7J6KY,https://www.amazon.com/dp/B0BLH7J6KY?tag=hillarypeil-20,TRAVEL,Amazon Creators API returned the product but no price
B0BLKD3H7V,https://www.amazon.com/dp/B0BLKD3H7V?tag=hillarypeil-20,TOP MOVING/ORGANIZING,Amazon Creators API returned the product but no price
B0BLKJQV1X,https://www.amazon.com/dp/B0BLKJQV1X?tag=hillarypeil-20,LAMPS | Subtle Luxury Home,Amazon Creators API returned the product but no price
B0BLMVVSMK,https://www.amazon.com/dp/B0BLMVVSMK?tag=hillarypeil-20,PILATES PRINCESS,Amazon Creators API returned the product but no price
B0BLND83HP,https://www.amazon.com/dp/B0BLND83HP?tag=hillarypeil-20,SOFAS. ACCENT CHAIRS. OTTOMANS.,Amazon Creators API returned the product but no price
B0BLQF32T6,https://www.amazon.com/dp/B0BLQF32T6?tag=hillarypeil-20,RESORT WEAR FASHION,Amazon Creators API returned the product but no price
B0BLRH2ZK1,https://www.amazon.com/dp/B0BLRH2ZK1?tag=hillarypeil-20,SOFAS. ACCENT CHAIRS. OTTOMANS.,Amazon Creators API returned the product but no price
B0BLRMVN6Z,https://www.amazon.com/dp/B0BLRMVN6Z?tag=hillarypeil-20,COFFEE TABLES. SIDE TABLES. ACCENT TABLES,Amazon Creators API returned the product but no price
B0BLT585K4,https://www.amazon.com/dp/B0BLT585K4?tag=hillarypeil-20,UNDER $50 FALL Capsule,Amazon Creators API returned the product but no price
B0BLVB7LNX,https://www.amazon.com/dp/B0BLVB7LNX?tag=hillarypeil-20,BEDS. DRESSERS. NIGHTSTANDS.,Amazon Creators API returned the product but no price
B0BLYH46MX,https://www.amazon.com/dp/B0BLYH46MX?tag=hillarypeil-20,SOFAS. ACCENT CHAIRS. OTTOMANS.,Amazon Creators API returned the product but no price
B0BLYQ4JRX,https://www.amazon.com/dp/B0BLYQ4JRX?tag=hillarypeil-20,BED & BATH FINDS,Amazon Creators API returned the product but no price
B0BM4DCVVP,https://www.amazon.com/dp/B0BM4DCVVP?tag=hillarypeil-20,AUTUMN Vibes,Amazon Creators API returned the product but no price
B0BM66VPZ7,https://www.amazon.com/dp/B0BM66VPZ7?tag=hillarypeil-20,CLOSET Organizing | MEMORIAL DAY SALE FOLLOWER FAVORITES,Amazon Creators API returned the product but no price
B0BMB31Q28,https://www.amazon.com/dp/B0BMB31Q28?tag=hillarypeil-20,For the Hostess - GIFT GUIDE | KITCHEN Essentials,Amazon Creators API returned the product but no price
B0BMF2GJGC,https://www.amazon.com/dp/B0BMF2GJGC?tag=hillarypeil-20,PRESCHOOL LITTLES,Amazon Creators API returned the product but no price
B0BMGYKCMF,https://www.amazon.com/dp/B0BMGYKCMF?tag=hillarypeil-20,TOP SEPTEMBER DEALS,Amazon Creators API returned the product but no price
B0BMKWY9JV,https://www.amazon.com/dp/B0BMKWY9JV?tag=hillarypeil-20,AUTUMN Vibes,Amazon Creators API returned the product but no price
B0BMM6PS7Z,https://www.amazon.com/dp/B0BMM6PS7Z?tag=hillarypeil-20,LIGHTING - Designer Inspired,Amazon Creators API returned the product but no price
B0BMP1YVS6,https://www.amazon.com/dp/B0BMP1YVS6?tag=hillarypeil-20,RESORT WEAR FASHION,Amazon Creators API returned the product but no price
B0BMQ7DBSB,https://www.amazon.com/dp/B0BMQ7DBSB?tag=hillarypeil-20,April Amazon Live,Amazon Creators API returned the product but no price
B0BN3CXJ5C,https://www.amazon.com/dp/B0BN3CXJ5C?tag=hillarypeil-20,CAR ORGANIZATION,Amazon Creators API returned the product but no price
B0BN4T7FXX,https://www.amazon.com/dp/B0BN4T7FXX?tag=hillarypeil-20,FOR HER - HANDBAGS,Amazon Creators API returned the product but no price
B0BN6QBCH5,https://www.amazon.com/dp/B0BN6QBCH5?tag=hillarypeil-20,COFFEE TABLES. SIDE TABLES. ACCENT TABLES,Amazon Creators API returned the product but no price
B0BN6QSSGD,https://www.amazon.com/dp/B0BN6QSSGD?tag=hillarypeil-20,CABINETS. SIDEBOARDS. BUFFETS. CONSOLES.,Amazon Creators API returned the product but no price
B0BN7FZL3W,https://www.amazon.com/dp/B0BN7FZL3W?tag=hillarypeil-20,BED & BATH FINDS,Amazon Creators API returned the product but no price
B0BN7SBG2Q,https://www.amazon.com/dp/B0BN7SBG2Q?tag=hillarypeil-20,PILATES PRINCESS,Amazon Creators API returned the product but no price
B0BN7Z2WYB,https://www.amazon.com/dp/B0BN7Z2WYB?tag=hillarypeil-20,HEALTHY Living,Amazon Creators API returned the product but no price
B0BNJ84YNN,https://www.amazon.com/dp/B0BNJ84YNN?tag=hillarypeil-20,HOLIDAY EVENING Looks,Amazon Creators API returned the product but no price
B0BNL3HF3G,https://www.amazon.com/dp/B0BNL3HF3G?tag=hillarypeil-20,SPORT MOM Style,Amazon Creators API returned the product but no price
B0BNLQ5MZW,https://www.amazon.com/dp/B0BNLQ5MZW?tag=hillarypeil-20,Subtle Luxury Home,Amazon Creators API returned the product but no price
B0BNLQBPCS,https://www.amazon.com/dp/B0BNLQBPCS?tag=hillarypeil-20,LAST MINUTE GIFTS,Amazon Creators API returned the product but no price
B0BNLWRF5V,https://www.amazon.com/dp/B0BNLWRF5V?tag=hillarypeil-20,TWEEN & TEEN - GIFT GUIDE,Amazon Creators API returned the product but no price
B0BNNGSWQS,https://www.amazon.com/dp/B0BNNGSWQS?tag=hillarypeil-20,DINING ROOM,Amazon Creators API returned the product but no price
B0BNPVQNWV,https://www.amazon.com/dp/B0BNPVQNWV?tag=hillarypeil-20,SOFAS. ACCENT CHAIRS. OTTOMANS.,Amazon Creators API returned the product but no price
B0BNTF6NT4,https://www.amazon.com/dp/B0BNTF6NT4?tag=hillarypeil-20,SUMMER HOSTING,Amazon Creators API returned the product but no price
B0BNVCTJBV,https://www.amazon.com/dp/B0BNVCTJBV?tag=hillarypeil-20,New Year's Must-Haves,Amazon Creators API returned the product but no price
B0BPD621QQ,https://www.amazon.com/dp/B0BPD621QQ?tag=hillarypeil-20,COFFEE TABLE BOOKS,Amazon Creators API returned the product but no price
B0BPGHLH36,https://www.amazon.com/dp/B0BPGHLH36?tag=hillarypeil-20,$50 WINTER FASHION,Amazon Creators API returned the product but no price
B0BPGSHWYB,https://www.amazon.com/dp/B0BPGSHWYB?tag=hillarypeil-20,LUXE Gifting,Amazon Creators API returned the product but no price
B0BPJJ1LB9,https://www.amazon.com/dp/B0BPJJ1LB9?tag=hillarypeil-20,LAST MINUTE GIFTS,Amazon Creators API returned the product but no price
B0BPJPQ519,https://www.amazon.com/dp/B0BPJPQ519?tag=hillarypeil-20,SOFAS. ACCENT CHAIRS. OTTOMANS.,Amazon Creators API returned the product but no price
B0BPLNX8L7,https://www.amazon.com/dp/B0BPLNX8L7?tag=hillarypeil-20,APRIL Best Sellers,Amazon Creators API returned the product but no price
B0BPLZZGLT,https://www.amazon.com/dp/B0BPLZZGLT?tag=hillarypeil-20,KITCHEN Essentials,Amazon Creators API returned the product but no price
B0BPM8QQD2,https://www.amazon.com/dp/B0BPM8QQD2?tag=hillarypeil-20,Hillary's NEWEST Finds,Amazon Creators API returned the product but no price
B0BPMZ3PQS,https://www.amazon.com/dp/B0BPMZ3PQS?tag=hillarypeil-20,Outdoor PLANTERS,Amazon Creators API returned the product but no price
B0BPQ34HYJ,https://www.amazon.com/dp/B0BPQ34HYJ?tag=hillarypeil-20,GIFTS UNDER $50,Amazon Creators API returned the product but no price
B0BPYGWK62,https://www.amazon.com/dp/B0BPYGWK62?tag=hillarypeil-20,PILATES PRINCESS,Amazon Creators API returned the product but no price
B0BQ2GWB2M,https://www.amazon.com/dp/B0BQ2GWB2M?tag=hillarypeil-20,2025 TOP SELLERS | Amazon Furniture in Our Home | EARNED A SPOT FOR LIFE! | FAUX & DRIED FLORALS | TOP 100 HOME PICKS,Amazon Creators API returned the product but no price
B0BQ31JSB9,https://www.amazon.com/dp/B0BQ31JSB9?tag=hillarypeil-20,TRAVEL,Amazon Creators API returned the product but no price
B0BQ4H6DYW,https://www.amazon.com/dp/B0BQ4H6DYW?tag=hillarypeil-20,BEDROOM STYLE | NEW Arrivals | RUGS,Amazon Creators API returned the product but no price
B0BQ7R3J4T,https://www.amazon.com/dp/B0BQ7R3J4T?tag=hillarypeil-20,WALL DECOR - MIRRORS. ART. FRAMES.,Amazon Creators API returned the product but no price
B0BQJNCBSY,https://www.amazon.com/dp/B0BQJNCBSY?tag=hillarypeil-20,ELEVATED KITCHEN Must-Haves,Amazon Creators API returned the product but no price
B0BQPRNK6N,https://www.amazon.com/dp/B0BQPRNK6N?tag=hillarypeil-20,PILLOWS & THROWS,Amazon Creators API returned the product but no price
B0BQRLRP64,https://www.amazon.com/dp/B0BQRLRP64?tag=hillarypeil-20,COFFEE TABLES. SIDE TABLES. ACCENT TABLES,Amazon Creators API returned the product but no price
B0BQRMCWKT,https://www.amazon.com/dp/B0BQRMCWKT?tag=hillarypeil-20,COFFEE TABLES. SIDE TABLES. ACCENT TABLES,Amazon Creators API returned the product but no price
B0BQVN71DY,https://www.amazon.com/dp/B0BQVN71DY?tag=hillarypeil-20,ORGANIZING Essentials,Amazon Creators API returned the product but no price
B0BQWKL3RR,https://www.amazon.com/dp/B0BQWKL3RR?tag=hillarypeil-20,RESORT WEAR FASHION,Amazon Creators API returned the product but no price
B0BQYQBT26,https://www.amazon.com/dp/B0BQYQBT26?tag=hillarypeil-20,SOFAS. ACCENT CHAIRS. OTTOMANS.,Amazon Creators API returned the product but no price
B0BR1527F1,https://www.amazon.com/dp/B0BR1527F1?tag=hillarypeil-20,RESORT WEAR FASHION,Amazon Creators API returned the product but no price
B0BR34R623,https://www.amazon.com/dp/B0BR34R623?tag=hillarypeil-20,SKIMS LIKE BASICS,Amazon Creators API returned the product but no price
B0BR3WW9CG,https://www.amazon.com/dp/B0BR3WW9CG?tag=hillarypeil-20,TRAVEL,Amazon Creators API returned the product but no price
B0BR65517B,https://www.amazon.com/dp/B0BR65517B?tag=hillarypeil-20,COFFEE TABLES. SIDE TABLES. ACCENT TABLES,Amazon Creators API returned the product but no price
B0BR7ZWXFV,https://www.amazon.com/dp/B0BR7ZWXFV?tag=hillarypeil-20,CABINETS. SIDEBOARDS. BUFFETS. CONSOLES.,Amazon Creators API returned the product but no price
B0BR81CYCX,https://www.amazon.com/dp/B0BR81CYCX?tag=hillarypeil-20,COFFEE TABLES. SIDE TABLES. ACCENT TABLES,Amazon Creators API returned the product but no price
B0BR8J1761,https://www.amazon.com/dp/B0BR8J1761?tag=hillarypeil-20,KITCHEN Essentials,Amazon Creators API returned the product but no price
B0BRCY696W,https://www.amazon.com/dp/B0BRCY696W?tag=hillarypeil-20,TRAVEL,Amazon Creators API returned the product but no price
B0BRFN7PB1,https://www.amazon.com/dp/B0BRFN7PB1?tag=hillarypeil-20,MARCH Best Sellers,Amazon Creators API returned the product but no price
B0BRN5YGQP,https://www.amazon.com/dp/B0BRN5YGQP?tag=hillarypeil-20,TRAVEL,Amazon Creators API returned the product but no price
B0BRNW7NBK,https://www.amazon.com/dp/B0BRNW7NBK?tag=hillarypeil-20,KITCHEN Essentials,Amazon Creators API returned the product but no price
B0BRQFLL9N,https://www.amazon.com/dp/B0BRQFLL9N?tag=hillarypeil-20,Effortless Chic Home,Amazon Creators API returned the product but no price
B0BRR3QVMZ,https://www.amazon.com/dp/B0BRR3QVMZ?tag=hillarypeil-20,LAST MINUTE GIFTS,Amazon Creators API returned the product but no price
B0BS178G6V,https://www.amazon.com/dp/B0BS178G6V?tag=hillarypeil-20,CABINETS. SIDEBOARDS. BUFFETS. CONSOLES.,Amazon Creators API returned the product but no price
B0BS1CVMYX,https://www.amazon.com/dp/B0BS1CVMYX?tag=hillarypeil-20,CABINETS. SIDEBOARDS. BUFFETS. CONSOLES.,Amazon Creators API returned the product but no price
B0BS1G9PML,https://www.amazon.com/dp/B0BS1G9PML?tag=hillarypeil-20,WINTER FASHION,Amazon Creators API returned the product but no price
B0BS3MH4S7,https://www.amazon.com/dp/B0BS3MH4S7?tag=hillarypeil-20,KITCHEN Essentials,Amazon Creators API returned the product but no price
B0BS567VQZ,https://www.amazon.com/dp/B0BS567VQZ?tag=hillarypeil-20,BATHROOM REMODEL,Amazon Creators API returned the product but no price
B0BS6ZNKTH,https://www.amazon.com/dp/B0BS6ZNKTH?tag=hillarypeil-20,NEW Arrivals,Amazon Creators API returned the product but no price
B0BS71W1FG,https://www.amazon.com/dp/B0BS71W1FG?tag=hillarypeil-20,SOFAS. ACCENT CHAIRS. OTTOMANS.,Amazon Creators API returned the product but no price
B0BS8N8MF8,https://www.amazon.com/dp/B0BS8N8MF8?tag=hillarypeil-20,RESORT WEAR FASHION,Amazon Creators API returned the product but no price
B0BSFMRZFN,https://www.amazon.com/dp/B0BSFMRZFN?tag=hillarypeil-20,CHIC WITHOUT THE SPLURGE TRAVEL | FOR HER - HANDBAGS,Amazon Creators API returned the product but no price
B0BSFN3XKZ,https://www.amazon.com/dp/B0BSFN3XKZ?tag=hillarypeil-20,MARCH Best Sellers,Amazon Creators API returned the product but no price
B0BSGFRSYH,https://www.amazon.com/dp/B0BSGFRSYH?tag=hillarypeil-20,WINTER FASHION,Amazon Creators API returned the product but no price
B0BSHFRHCD,https://www.amazon.com/dp/B0BSHFRHCD?tag=hillarypeil-20,BATHROOM REMODEL,Amazon Creators API returned the product but no price
B0BSLBVHDZ,https://www.amazon.com/dp/B0BSLBVHDZ?tag=hillarypeil-20,SOFAS. ACCENT CHAIRS. OTTOMANS.,Amazon Creators API returned the product but no price
B0BSMNPVY7,https://www.amazon.com/dp/B0BSMNPVY7?tag=hillarypeil-20,BEAUTY & SKINCARE,Amazon Creators API returned the product but no price
B0BSPHTCG3,https://www.amazon.com/dp/B0BSPHTCG3?tag=hillarypeil-20,OUTDOOR Oasis,Amazon Creators API returned the product but no price
B0BSPLM27N,https://www.amazon.com/dp/B0BSPLM27N?tag=hillarypeil-20,APRIL Best Sellers,Amazon Creators API returned the product but no price
B0BSZJ5XJ9,https://www.amazon.com/dp/B0BSZJ5XJ9?tag=hillarypeil-20,FOR HIM - GIFT GUIDE,Amazon Creators API returned the product but no price
B0BT9G8ZFN,https://www.amazon.com/dp/B0BT9G8ZFN?tag=hillarypeil-20,CABINETS. SIDEBOARDS. BUFFETS. CONSOLES.,Amazon Creators API returned the product but no price
B0BTDV5XV1,https://www.amazon.com/dp/B0BTDV5XV1?tag=hillarypeil-20,TABLETOP MUST-HAVES,Amazon Creators API returned the product but no price
B0BTFKJ8SF,https://www.amazon.com/dp/B0BTFKJ8SF?tag=hillarypeil-20,Spring Obsessed,Amazon Creators API returned the product but no price
B0BTHR92TS,https://www.amazon.com/dp/B0BTHR92TS?tag=hillarypeil-20,Spring Obsessed,Amazon Creators API returned the product but no price
B0BTJ9WHL9,https://www.amazon.com/dp/B0BTJ9WHL9?tag=hillarypeil-20,LAST MINUTE GIFTS,Amazon Creators API returned the product but no price
B0BTKKLSLP,https://www.amazon.com/dp/B0BTKKLSLP?tag=hillarypeil-20,UNDER $50 FALL Capsule,Amazon Creators API returned the product but no price
B0BTMVK7YL,https://www.amazon.com/dp/B0BTMVK7YL?tag=hillarypeil-20,DINING ROOM | SOFAS. ACCENT CHAIRS. OTTOMANS.,Amazon Creators API returned the product but no price
B0BTNBY9BX,https://www.amazon.com/dp/B0BTNBY9BX?tag=hillarypeil-20,HOME & BATH Essentials,Amazon Creators API returned the product but no price
B0BTSFVW53,https://www.amazon.com/dp/B0BTSFVW53?tag=hillarypeil-20,RESORT WEAR FASHION,Amazon Creators API returned the product but no price
B0BTTXMXZX,https://www.amazon.com/dp/B0BTTXMXZX?tag=hillarypeil-20,FOR HIM - GIFT GUIDE,Amazon Creators API returned the product but no price
B0BTYFMK8X,https://www.amazon.com/dp/B0BTYFMK8X?tag=hillarypeil-20,COFFEE TABLES. SIDE TABLES. ACCENT TABLES,Amazon Creators API returned the product but no price
B0BTYVZ3QD,https://www.amazon.com/dp/B0BTYVZ3QD?tag=hillarypeil-20,MARCH Best Sellers,Amazon Creators API returned the product but no price
B0BV3TZKH3,https://www.amazon.com/dp/B0BV3TZKH3?tag=hillarypeil-20,AFFORDABLE DECOR,Amazon Creators API returned the product but no price
B0BV41VGB4,https://www.amazon.com/dp/B0BV41VGB4?tag=hillarypeil-20,Spring Obsessed,Amazon Creators API returned the product but no price
B0BV44PRB3,https://www.amazon.com/dp/B0BV44PRB3?tag=hillarypeil-20,BEDDING. PILLOWS. THROWS. TOWELS.,Amazon Creators API returned the product but no price
B0BV4BFKBQ,https://www.amazon.com/dp/B0BV4BFKBQ?tag=hillarypeil-20,CABINETS. SIDEBOARDS. BUFFETS. CONSOLES.,Amazon Creators API returned the product but no price
B0BV78SHZ1,https://www.amazon.com/dp/B0BV78SHZ1?tag=hillarypeil-20,JUNE TOP PICKS,Amazon Creators API returned the product but no price
B0BV96Z95T,https://www.amazon.com/dp/B0BV96Z95T?tag=hillarypeil-20,JANUARY Best Sellers,Amazon Creators API returned the product but no price
B0BVDKT737,https://www.amazon.com/dp/B0BVDKT737?tag=hillarypeil-20,Vanity Organization,Amazon Creators API returned the product but no price
B0BVG2PVV2,https://www.amazon.com/dp/B0BVG2PVV2?tag=hillarypeil-20,CABINETS. SIDEBOARDS. BUFFETS. CONSOLES.,Amazon Creators API returned the product but no price
B0BVGWX7YG,https://www.amazon.com/dp/B0BVGWX7YG?tag=hillarypeil-20,HOME & BATH Essentials,Amazon Creators API returned the product but no price
B0BVK668K4,https://www.amazon.com/dp/B0BVK668K4?tag=hillarypeil-20,LIGHTING - Designer Inspired,Amazon Creators API returned the product but no price
B0BVQZ9P73,https://www.amazon.com/dp/B0BVQZ9P73?tag=hillarypeil-20,Our REMODEL HOME,Amazon Creators API returned the product but no price
B0BVYV2CLP,https://www.amazon.com/dp/B0BVYV2CLP?tag=hillarypeil-20,BEST SELLERS | ELEVATED HOLIDAY FASHION,Amazon Creators API returned the product but no price
B0BW35BK8Z,https://www.amazon.com/dp/B0BW35BK8Z?tag=hillarypeil-20,SOFAS. ACCENT CHAIRS. OTTOMANS.,Amazon Creators API returned the product but no price
B0BW4PGVLP,https://www.amazon.com/dp/B0BW4PGVLP?tag=hillarypeil-20,SOFAS. ACCENT CHAIRS. OTTOMANS.,Amazon Creators API returned the product but no price
B0BW4RGNVP,https://www.amazon.com/dp/B0BW4RGNVP?tag=hillarypeil-20,EARNED A SPOT FOR LIFE! | OUTDOOR Oasis | RH STYLE - Looks like a SPLURGE,Amazon Creators API returned the product but no price
B0BW4TG3QX,https://www.amazon.com/dp/B0BW4TG3QX?tag=hillarypeil-20,GIFTS UNDER $25,Amazon Creators API returned the product but no price
B0BW8393WL,https://www.amazon.com/dp/B0BW8393WL?tag=hillarypeil-20,RESORT WEAR FASHION,Amazon Creators API returned the product but no price
B0BWBQNM44,https://www.amazon.com/dp/B0BWBQNM44?tag=hillarypeil-20,AUTUMN Vibes,Amazon Creators API returned the product but no price
B0BWCVLJH9,https://www.amazon.com/dp/B0BWCVLJH9?tag=hillarypeil-20,HOLIDAY COLOR CRUSHES 2025 | TOP OCTOBER DEALS,Amazon Creators API returned the product but no price
B0BWJLZNDK,https://www.amazon.com/dp/B0BWJLZNDK?tag=hillarypeil-20,CAR ORGANIZATION,Amazon Creators API returned the product but no price
B0BWN33GMB,https://www.amazon.com/dp/B0BWN33GMB?tag=hillarypeil-20,PILLOWS & THROWS,Amazon Creators API returned the product but no price
B0BWN9W9R3,https://www.amazon.com/dp/B0BWN9W9R3?tag=hillarypeil-20,AUTUMN Vibes,Amazon Creators API returned the product but no price
B0BWQV8166,https://www.amazon.com/dp/B0BWQV8166?tag=hillarypeil-20,Spring Obsessed,Amazon Creators API returned the product but no price
B0BWVP7WSY,https://www.amazon.com/dp/B0BWVP7WSY?tag=hillarypeil-20,APRIL Best Sellers,Amazon Creators API returned the product but no price
B0BWY5G673,https://www.amazon.com/dp/B0BWY5G673?tag=hillarypeil-20,HOLIDAY THEMES 2025,Amazon Creators API returned the product but no price
B0BX2ZMLK6,https://www.amazon.com/dp/B0BX2ZMLK6?tag=hillarypeil-20,LAST MINUTE GIFTS,Amazon Creators API returned the product but no price
B0BX5Y2C7B,https://www.amazon.com/dp/B0BX5Y2C7B?tag=hillarypeil-20,CABINETS. SIDEBOARDS. BUFFETS. CONSOLES.,Amazon Creators API returned the product but no price
B0BX7DLYYC,https://www.amazon.com/dp/B0BX7DLYYC?tag=hillarypeil-20,SOFAS. ACCENT CHAIRS. OTTOMANS.,Amazon Creators API returned the product but no price
B0BX9GFRH3,https://www.amazon.com/dp/B0BX9GFRH3?tag=hillarypeil-20,LAST MINUTE GIFTS | My Curated Gift Guide | Vanity Organization,Amazon Creators API returned the product but no price
B0BX9SNVTW,https://www.amazon.com/dp/B0BX9SNVTW?tag=hillarypeil-20,CABINETS. SIDEBOARDS. BUFFETS. CONSOLES.,Amazon Creators API returned the product but no price
B0BX9Y9PKZ,https://www.amazon.com/dp/B0BX9Y9PKZ?tag=hillarypeil-20,CABINETS. SIDEBOARDS. BUFFETS. CONSOLES.,Amazon Creators API returned the product but no price
B0BXBJMWFB,https://www.amazon.com/dp/B0BXBJMWFB?tag=hillarypeil-20,BEAUTY & SKINCARE,Amazon Creators API returned the product but no price
B0BXD36W78,https://www.amazon.com/dp/B0BXD36W78?tag=hillarypeil-20,DECEMBER Best Sellers | ORGANIZING Essentials,Amazon Creators API returned the product but no price
B0BXD9KKC1,https://www.amazon.com/dp/B0BXD9KKC1?tag=hillarypeil-20,AUTUMN Vibes,Amazon Creators API returned the product but no price
B0BXDJW7QV,https://www.amazon.com/dp/B0BXDJW7QV?tag=hillarypeil-20,BEDDING. PILLOWS. THROWS. TOWELS.,Amazon Creators API returned the product but no price
B0BXKJ1FRQ,https://www.amazon.com/dp/B0BXKJ1FRQ?tag=hillarypeil-20,SOFAS. ACCENT CHAIRS. OTTOMANS.,Amazon Creators API returned the product but no price
B0BXL54BW5,https://www.amazon.com/dp/B0BXL54BW5?tag=hillarypeil-20,KITCHEN Essentials,Amazon Creators API returned the product but no price
B0BXLWJLK2,https://www.amazon.com/dp/B0BXLWJLK2?tag=hillarypeil-20,FOR HER - HANDBAGS,Amazon Creators API returned the product but no price
B0BXPDZGJZ,https://www.amazon.com/dp/B0BXPDZGJZ?tag=hillarypeil-20,ELEVATED HOLIDAY FASHION,Amazon Creators API returned the product but no price
B0BXPGTV2J,https://www.amazon.com/dp/B0BXPGTV2J?tag=hillarypeil-20,WINTER FASHION,Amazon Creators API returned the product but no price
B0BXSGHGY3,https://www.amazon.com/dp/B0BXSGHGY3?tag=hillarypeil-20,BED & BATH FINDS,Amazon Creators API returned the product but no price
B0BXW87FL8,https://www.amazon.com/dp/B0BXW87FL8?tag=hillarypeil-20,LIGHTING - Designer Inspired,Amazon Creators API returned the product but no price
B0BXYDB1LC,https://www.amazon.com/dp/B0BXYDB1LC?tag=hillarypeil-20,KITCHEN Organizing,Amazon Creators API returned the product but no price
B0BY1Y5MDX,https://www.amazon.com/dp/B0BY1Y5MDX?tag=hillarypeil-20,COFFEE TABLES. SIDE TABLES. ACCENT TABLES,Amazon Creators API returned the product but no price
B0BY3SRJVV,https://www.amazon.com/dp/B0BY3SRJVV?tag=hillarypeil-20,FOR HIM - GIFT GUIDE,Amazon Creators API returned the product but no price
B0BY7FZT5P,https://www.amazon.com/dp/B0BY7FZT5P?tag=hillarypeil-20,AUTUMN Vibes | SOFAS. ACCENT CHAIRS. OTTOMANS.,Amazon Creators API returned the product but no price
B0BY9M9296,https://www.amazon.com/dp/B0BY9M9296?tag=hillarypeil-20,HOME DECOR,Amazon Creators API returned the product but no price
B0BYDBMBYW,https://www.amazon.com/dp/B0BYDBMBYW?tag=hillarypeil-20,PILLOWS & THROWS,Amazon Creators API returned the product but no price
B0BYDKSLMW,https://www.amazon.com/dp/B0BYDKSLMW?tag=hillarypeil-20,DECEMBER Best Sellers,Amazon Creators API returned the product but no price
B0BYJC63HC,https://www.amazon.com/dp/B0BYJC63HC?tag=hillarypeil-20,COFFEE TABLES. SIDE TABLES. ACCENT TABLES,Amazon Creators API returned the product but no price
B0BYK8CJGC,https://www.amazon.com/dp/B0BYK8CJGC?tag=hillarypeil-20,ELEVATED Bathroom Must-Haves,Amazon Creators API returned the product but no price
B0BYMSDSX8,https://www.amazon.com/dp/B0BYMSDSX8?tag=hillarypeil-20,WALL DECOR - MIRRORS. ART. FRAMES.,Amazon Creators API returned the product but no price
B0BYP596PZ,https://www.amazon.com/dp/B0BYP596PZ?tag=hillarypeil-20,Spring Obsessed,Amazon Creators API returned the product but no price
B0BYRMNCMR,https://www.amazon.com/dp/B0BYRMNCMR?tag=hillarypeil-20,LAST MINUTE GIFTS,Amazon Creators API returned the product but no price
B0BYSL6M35,https://www.amazon.com/dp/B0BYSL6M35?tag=hillarypeil-20,COFFEE TABLES. SIDE TABLES. ACCENT TABLES,Amazon Creators API returned the product but no price
B0BYWWT7N1,https://www.amazon.com/dp/B0BYWWT7N1?tag=hillarypeil-20,COFFEE TABLES. SIDE TABLES. ACCENT TABLES,Amazon Creators API returned the product but no price
B0BYZ4DXHP,https://www.amazon.com/dp/B0BYZ4DXHP?tag=hillarypeil-20,GIFTING | LUXE Gifting,Amazon Creators API returned the product but no price
B0BYZNRF2X,https://www.amazon.com/dp/B0BYZNRF2X?tag=hillarypeil-20,HOLIDAY EVENING Looks,Amazon Creators API returned the product but no price
B0BZ39QPVP,https://www.amazon.com/dp/B0BZ39QPVP?tag=hillarypeil-20,KITCHEN Essentials,Amazon Creators API returned the product but no price
B0BZ3FP23R,https://www.amazon.com/dp/B0BZ3FP23R?tag=hillarypeil-20,BEDROOM STYLE,Amazon Creators API returned the product but no price
B0BZ3FYHN8,https://www.amazon.com/dp/B0BZ3FYHN8?tag=hillarypeil-20,KITCHEN Essentials,Amazon Creators API returned the product but no price
B0BZ8HBVC9,https://www.amazon.com/dp/B0BZ8HBVC9?tag=hillarypeil-20,SOFAS. ACCENT CHAIRS. OTTOMANS.,Amazon Creators API returned the product but no price
B0BZCM34SF,https://www.amazon.com/dp/B0BZCM34SF?tag=hillarypeil-20,My TOP Amazon Cleaning and Organizing,Amazon Creators API returned the product but no price
B0BZGJD7KX,https://www.amazon.com/dp/B0BZGJD7KX?tag=hillarypeil-20,AUGUST TOP PICKS,Amazon Creators API returned the product but no price
B0BZH1KLJ5,https://www.amazon.com/dp/B0BZH1KLJ5?tag=hillarypeil-20,TRANSITIONAL Fall Fashion | The FALL EDIT | UNDER $50 FALL Capsule,Amazon Creators API returned the product but no price
B0BZHP591K,https://www.amazon.com/dp/B0BZHP591K?tag=hillarypeil-20,TRAVEL,Amazon Creators API returned the product but no price
B0BZVNSHPJ,https://www.amazon.com/dp/B0BZVNSHPJ?tag=hillarypeil-20,ELEVATED KITCHEN Must-Haves,Amazon Creators API returned the product but no price
B0BZWRSRWV,https://www.amazon.com/dp/B0BZWRSRWV?tag=hillarypeil-20,TECH ESSENTIALS | TOP SEPTEMBER DEALS,Amazon Creators API returned the product but no price
B0BZYG3YFN,https://www.amazon.com/dp/B0BZYG3YFN?tag=hillarypeil-20,CANDLE HOLDERS. CANDLE STICKS.,Amazon Creators API returned the product but no price
B0C12P1Z9S,https://www.amazon.com/dp/B0C12P1Z9S?tag=hillarypeil-20,Subtle Luxury Home,Amazon Creators API returned the product but no price
B0C18TJKQL,https://www.amazon.com/dp/B0C18TJKQL?tag=hillarypeil-20,LAST MINUTE GIFTS,Amazon Creators API returned the product but no price
B0C1B86935,https://www.amazon.com/dp/B0C1B86935?tag=hillarypeil-20,TRAVEL,Amazon Creators API returned the product but no price
B0C1CRLMWF,https://www.amazon.com/dp/B0C1CRLMWF?tag=hillarypeil-20,Subtle Luxury Home,Amazon Creators API returned the product but no price
B0C1G5ZNJC,https://www.amazon.com/dp/B0C1G5ZNJC?tag=hillarypeil-20,FOR HIM - GIFT GUIDE,Amazon Creators API returned the product but no price
B0C1H95BBL,https://www.amazon.com/dp/B0C1H95BBL?tag=hillarypeil-20,PILATES PRINCESS,Amazon Creators API returned the product but no price
B0C1JFG7QV,https://www.amazon.com/dp/B0C1JFG7QV?tag=hillarypeil-20,BEDS. DRESSERS. NIGHTSTANDS. | FURNITURE In Our Home | JOCELYN'S Space,Amazon Creators API returned the product but no price
B0C1NRLDG7,https://www.amazon.com/dp/B0C1NRLDG7?tag=hillarypeil-20,WORK WEAR,Amazon Creators API returned the product but no price
B0C1YLPMXN,https://www.amazon.com/dp/B0C1YLPMXN?tag=hillarypeil-20,JANUARY Best Sellers,Amazon Creators API returned the product but no price
B0C23R2N7V,https://www.amazon.com/dp/B0C23R2N7V?tag=hillarypeil-20,VASES. TRAYS. BOXES.,Amazon Creators API returned the product but no price
B0C2466CBT,https://www.amazon.com/dp/B0C2466CBT?tag=hillarypeil-20,LUXE JEWELRY & ACCESSORIES,Amazon Creators API returned the product but no price
B0C2GYQTS4,https://www.amazon.com/dp/B0C2GYQTS4?tag=hillarypeil-20,LAST MINUTE GIFTS,Amazon Creators API returned the product but no price
B0C2JZJN6D,https://www.amazon.com/dp/B0C2JZJN6D?tag=hillarypeil-20,SPORT MOM Style,Amazon Creators API returned the product but no price
B0C2JZMCPC,https://www.amazon.com/dp/B0C2JZMCPC?tag=hillarypeil-20,SPORT MOM Style,Amazon Creators API returned the product but no price
B0C2Q577PL,https://www.amazon.com/dp/B0C2Q577PL?tag=hillarypeil-20,New Year's Must-Haves,Amazon Creators API returned the product but no price
B0C2Q65PDQ,https://www.amazon.com/dp/B0C2Q65PDQ?tag=hillarypeil-20,WINTER FASHION,Amazon Creators API returned the product but no price
B0C2Q79Y67,https://www.amazon.com/dp/B0C2Q79Y67?tag=hillarypeil-20,ELEVATED HOLIDAY FASHION,Amazon Creators API returned the product but no price
B0C2Q7QPSN,https://www.amazon.com/dp/B0C2Q7QPSN?tag=hillarypeil-20,New Year's Must-Haves,Amazon Creators API returned the product but no price
B0C2WXRM35,https://www.amazon.com/dp/B0C2WXRM35?tag=hillarypeil-20,SOFAS. ACCENT CHAIRS. OTTOMANS.,Amazon Creators API returned the product but no price
B0C2X3KH52,https://www.amazon.com/dp/B0C2X3KH52?tag=hillarypeil-20,SOFAS. ACCENT CHAIRS. OTTOMANS.,Amazon Creators API returned the product but no price
B0C37252NN,https://www.amazon.com/dp/B0C37252NN?tag=hillarypeil-20,ORGANIZING Essentials,Amazon Creators API returned the product but no price
B0C385TPKP,https://www.amazon.com/dp/B0C385TPKP?tag=hillarypeil-20,SOFAS. ACCENT CHAIRS. OTTOMANS.,Amazon Creators API returned the product but no price
B0C38NP82R,https://www.amazon.com/dp/B0C38NP82R?tag=hillarypeil-20,AUGUST TOP PICKS,Amazon Creators API returned the product but no price
B0C3B4KSBN,https://www.amazon.com/dp/B0C3B4KSBN?tag=hillarypeil-20,SOFAS. ACCENT CHAIRS. OTTOMANS.,Amazon Creators API returned the product but no price
B0C3CQSSW3,https://www.amazon.com/dp/B0C3CQSSW3?tag=hillarypeil-20,TRAVEL,Amazon Creators API returned the product but no price
B0C3FFDN3Y,https://www.amazon.com/dp/B0C3FFDN3Y?tag=hillarypeil-20,BATHROOM Essentials | BATHROOM Organization,Amazon Creators API returned the product but no price
B0C3HRKKDH,https://www.amazon.com/dp/B0C3HRKKDH?tag=hillarypeil-20,BATHROOM Essentials,Amazon Creators API returned the product but no price
B0C3M4PH9V,https://www.amazon.com/dp/B0C3M4PH9V?tag=hillarypeil-20,CABINETS. SIDEBOARDS. BUFFETS. CONSOLES.,Amazon Creators API returned the product but no price
B0C3QT1Y69,https://www.amazon.com/dp/B0C3QT1Y69?tag=hillarypeil-20,TOP OCTOBER DEALS,Amazon Creators API returned the product but no price
B0C3SB2P5G,https://www.amazon.com/dp/B0C3SB2P5G?tag=hillarypeil-20,DECEMBER Best Sellers | LUXE Gifting | STOCKING STUFFERS,Amazon Creators API returned the product but no price
B0C3VD59FR,https://www.amazon.com/dp/B0C3VD59FR?tag=hillarypeil-20,PILATES PRINCESS,Amazon Creators API returned the product but no price
B0C3VL4QW8,https://www.amazon.com/dp/B0C3VL4QW8?tag=hillarypeil-20,FEBRUARY Best Sellers,Amazon Creators API returned the product but no price
B0C3VL9NJS,https://www.amazon.com/dp/B0C3VL9NJS?tag=hillarypeil-20,RESORT WEAR FASHION,Amazon Creators API returned the product but no price
B0C3ZHYS81,https://www.amazon.com/dp/B0C3ZHYS81?tag=hillarypeil-20,LAST MINUTE GIFTS,Amazon Creators API returned the product but no price
B0C443HLZV,https://www.amazon.com/dp/B0C443HLZV?tag=hillarypeil-20,VANITY Must-Haves,Amazon Creators API returned the product but no price
B0C46HHJJZ,https://www.amazon.com/dp/B0C46HHJJZ?tag=hillarypeil-20,DECEMBER Best Sellers,Amazon Creators API returned the product but no price
B0C46R72QR,https://www.amazon.com/dp/B0C46R72QR?tag=hillarypeil-20,LIGHTING - Designer Inspired,Amazon Creators API returned the product but no price
B0C47Y66DP,https://www.amazon.com/dp/B0C47Y66DP?tag=hillarypeil-20,THE Littles - GIFT GUIDE,Amazon Creators API returned the product but no price
B0C48NWVGL,https://www.amazon.com/dp/B0C48NWVGL?tag=hillarypeil-20,OVER 40 & Fabulous HILLARY'S Capsule WARDROBE - Effortless & Chic,Amazon Creators API returned the product but no price
B0C4BKDRSP,https://www.amazon.com/dp/B0C4BKDRSP?tag=hillarypeil-20,COFFEE TABLES. SIDE TABLES. ACCENT TABLES,Amazon Creators API returned the product but no price
B0C4D42YQR,https://www.amazon.com/dp/B0C4D42YQR?tag=hillarypeil-20,SUMMER HOSTING,Amazon Creators API returned the product but no price
B0C4DCDFLL,https://www.amazon.com/dp/B0C4DCDFLL?tag=hillarypeil-20,DINING ROOM,Amazon Creators API returned the product but no price
B0C4DFPB1K,https://www.amazon.com/dp/B0C4DFPB1K?tag=hillarypeil-20,BARCART | FRONT PORCH,Amazon Creators API returned the product but no price
B0C4DQG2K6,https://www.amazon.com/dp/B0C4DQG2K6?tag=hillarypeil-20,TOP SEPTEMBER DEALS,Amazon Creators API returned the product but no price
B0C4DRHYGM,https://www.amazon.com/dp/B0C4DRHYGM?tag=hillarypeil-20,HEALTHY Living,Amazon Creators API returned the product but no price
B0C4GN1P7P,https://www.amazon.com/dp/B0C4GN1P7P?tag=hillarypeil-20,LAUNDRY Room Essentials,Amazon Creators API returned the product but no price
B0C4GSQ3FP,https://www.amazon.com/dp/B0C4GSQ3FP?tag=hillarypeil-20,Our SITTING ROOM,Amazon Creators API returned the product but no price
B0C4H21N46,https://www.amazon.com/dp/B0C4H21N46?tag=hillarypeil-20,ELEVATED Bathroom Must-Haves | JULY TOP PICKS,Amazon Creators API returned the product but no price
B0C4M16T8F,https://www.amazon.com/dp/B0C4M16T8F?tag=hillarypeil-20,WINTER FASHION,Amazon Creators API returned the product but no price
B0C4MQCMB6,https://www.amazon.com/dp/B0C4MQCMB6?tag=hillarypeil-20,PILATES PRINCESS,Amazon Creators API returned the product but no price
B0C4NFYB9M,https://www.amazon.com/dp/B0C4NFYB9M?tag=hillarypeil-20,LIGHTING - Designer Inspired,Amazon Creators API returned the product but no price
B0C4T8DZTZ,https://www.amazon.com/dp/B0C4T8DZTZ?tag=hillarypeil-20,WINTER FASHION,Amazon Creators API returned the product but no price
B0C4XXX4QZ,https://www.amazon.com/dp/B0C4XXX4QZ?tag=hillarypeil-20,SOFAS. ACCENT CHAIRS. OTTOMANS.,Amazon Creators API returned the product but no price
B0C51LZ7GH,https://www.amazon.com/dp/B0C51LZ7GH?tag=hillarypeil-20,WINTER FASHION,Amazon Creators API returned the product but no price
B0C52RBMRV,https://www.amazon.com/dp/B0C52RBMRV?tag=hillarypeil-20,JANUARY Best Sellers,Amazon Creators API returned the product but no price
B0C535M387,https://www.amazon.com/dp/B0C535M387?tag=hillarypeil-20,JANUARY Best Sellers,Amazon Creators API returned the product but no price
B0C542J416,https://www.amazon.com/dp/B0C542J416?tag=hillarypeil-20,SKIMS LIKE BASICS,Amazon Creators API returned the product but no price
B0C546MLQ3,https://www.amazon.com/dp/B0C546MLQ3?tag=hillarypeil-20,For the Big Kids,Amazon Creators API returned the product but no price
B0C5DCMWYH,https://www.amazon.com/dp/B0C5DCMWYH?tag=hillarypeil-20,TOP NOVEMBER DEALS | WINTER FASHION,Amazon Creators API returned the product but no price
B0C5DM6RL8,https://www.amazon.com/dp/B0C5DM6RL8?tag=hillarypeil-20,HOLIDAY ON SALE,Amazon Creators API returned the product but no price
B0C5HNZWXR,https://www.amazon.com/dp/B0C5HNZWXR?tag=hillarypeil-20,MARCH Best Sellers,Amazon Creators API returned the product but no price
B0C5JSJ7HK,https://www.amazon.com/dp/B0C5JSJ7HK?tag=hillarypeil-20,Outdoor PLANTERS,Amazon Creators API returned the product but no price
B0C5M7486X,https://www.amazon.com/dp/B0C5M7486X?tag=hillarypeil-20,EARLY Fall | JUST IN...My Newest OBSESSIONS,Amazon Creators API returned the product but no price
B0C5MRY8YJ,https://www.amazon.com/dp/B0C5MRY8YJ?tag=hillarypeil-20,SKIMS LIKE BASICS,Amazon Creators API returned the product but no price
B0C5Q3PMJQ,https://www.amazon.com/dp/B0C5Q3PMJQ?tag=hillarypeil-20,FEBRUARY Best Sellers,Amazon Creators API returned the product but no price
B0C5RYHKQ1,https://www.amazon.com/dp/B0C5RYHKQ1?tag=hillarypeil-20,KITCHEN Essentials,Amazon Creators API returned the product but no price
B0C5S22R9S,https://www.amazon.com/dp/B0C5S22R9S?tag=hillarypeil-20,COFFEE TABLES. SIDE TABLES. ACCENT TABLES,Amazon Creators API returned the product but no price
B0C5S6DYGF,https://www.amazon.com/dp/B0C5S6DYGF?tag=hillarypeil-20,CANDLE HOLDERS. CANDLE STICKS.,Amazon Creators API returned the product but no price
B0C5SYHFQ4,https://www.amazon.com/dp/B0C5SYHFQ4?tag=hillarypeil-20,FRONT PORCH,Amazon Creators API returned the product but no price
B0C5T19NX3,https://www.amazon.com/dp/B0C5T19NX3?tag=hillarypeil-20,SPORT MOM Style,Amazon Creators API returned the product but no price
B0C5X59DKP,https://www.amazon.com/dp/B0C5X59DKP?tag=hillarypeil-20,TRAVEL,Amazon Creators API returned the product but no price
B0C5YQ11MV,https://www.amazon.com/dp/B0C5YQ11MV?tag=hillarypeil-20,COFFEE TABLES. SIDE TABLES. ACCENT TABLES,Amazon Creators API returned the product but no price
B0C612WRSL,https://www.amazon.com/dp/B0C612WRSL?tag=hillarypeil-20,FOR HER - HANDBAGS | WINTER FASHION,Amazon Creators API returned the product but no price
B0C64J8WXZ,https://www.amazon.com/dp/B0C64J8WXZ?tag=hillarypeil-20,VASES. TRAYS. BOXES.,Amazon Creators API returned the product but no price
B0C65FNB35,https://www.amazon.com/dp/B0C65FNB35?tag=hillarypeil-20,HILLARY'S BEACH Bag Essentials | Your Currently MOST-LOVED,Amazon Creators API returned the product but no price
B0C66KBLZ6,https://www.amazon.com/dp/B0C66KBLZ6?tag=hillarypeil-20,SOFAS. ACCENT CHAIRS. OTTOMANS.,Amazon Creators API returned the product but no price
B0C6DCBBD9,https://www.amazon.com/dp/B0C6DCBBD9?tag=hillarypeil-20,For the Hostess - GIFT GUIDE | KITCHEN Organizing | LAST MINUTE GIFTS,Amazon Creators API returned the product but no price
B0C6KBZ1HT,https://www.amazon.com/dp/B0C6KBZ1HT?tag=hillarypeil-20,BEDDING. PILLOWS. THROWS. TOWELS.,Amazon Creators API returned the product but no price
B0C6LK82X9,https://www.amazon.com/dp/B0C6LK82X9?tag=hillarypeil-20,AUTUMN Vibes,Amazon Creators API returned the product but no price
B0C6M6C4M7,https://www.amazon.com/dp/B0C6M6C4M7?tag=hillarypeil-20,APRIL Best Sellers | April Amazon Live,Amazon Creators API returned the product but no price
B0C6TC6BJR,https://www.amazon.com/dp/B0C6TC6BJR?tag=hillarypeil-20,MARCH Best Sellers | OUTDOOR Oasis,Amazon Creators API returned the product but no price
B0C6WT9QFG,https://www.amazon.com/dp/B0C6WT9QFG?tag=hillarypeil-20,SOFAS. ACCENT CHAIRS. OTTOMANS.,Amazon Creators API returned the product but no price
B0C6X5HNXX,https://www.amazon.com/dp/B0C6X5HNXX?tag=hillarypeil-20,SOFAS. ACCENT CHAIRS. OTTOMANS.,Amazon Creators API returned the product but no price
B0C6X7TJ8C,https://www.amazon.com/dp/B0C6X7TJ8C?tag=hillarypeil-20,SOFAS. ACCENT CHAIRS. OTTOMANS.,Amazon Creators API returned the product but no price
B0C6XFQV7S,https://www.amazon.com/dp/B0C6XFQV7S?tag=hillarypeil-20,SOFAS. ACCENT CHAIRS. OTTOMANS.,Amazon Creators API returned the product but no price
B0C6XQ5TJT,https://www.amazon.com/dp/B0C6XQ5TJT?tag=hillarypeil-20,FOR HER - HANDBAGS,Amazon Creators API returned the product but no price
B0C745162K,https://www.amazon.com/dp/B0C745162K?tag=hillarypeil-20,COFFEE TABLES. SIDE TABLES. ACCENT TABLES,Amazon Creators API returned the product but no price
B0C77M5P64,https://www.amazon.com/dp/B0C77M5P64?tag=hillarypeil-20,HOLIDAY THEMES 2025,Amazon Creators API returned the product but no price
B0C7BMBM3K,https://www.amazon.com/dp/B0C7BMBM3K?tag=hillarypeil-20,LAST MINUTE GIFTS | LUXE JEWELRY & ACCESSORIES,Amazon Creators API returned the product but no price
B0C7G3GYPQ,https://www.amazon.com/dp/B0C7G3GYPQ?tag=hillarypeil-20,COFFEE TABLES. SIDE TABLES. ACCENT TABLES,Amazon Creators API returned the product but no price
B0C7KJLJ31,https://www.amazon.com/dp/B0C7KJLJ31?tag=hillarypeil-20,WINTER FASHION,Amazon Creators API returned the product but no price
B0C7KQTGQF,https://www.amazon.com/dp/B0C7KQTGQF?tag=hillarypeil-20,LIGHTING - Designer Inspired,Amazon Creators API returned the product but no price
B0C7L3Q6W7,https://www.amazon.com/dp/B0C7L3Q6W7?tag=hillarypeil-20,HOLIDAY EVENING Looks,Amazon Creators API returned the product but no price
B0C7LLZDB2,https://www.amazon.com/dp/B0C7LLZDB2?tag=hillarypeil-20,SOFAS. ACCENT CHAIRS. OTTOMANS.,Amazon Creators API returned the product but no price
B0C7LMRK1F,https://www.amazon.com/dp/B0C7LMRK1F?tag=hillarypeil-20,SOFAS. ACCENT CHAIRS. OTTOMANS.,Amazon Creators API returned the product but no price
B0C7RKFDC7,https://www.amazon.com/dp/B0C7RKFDC7?tag=hillarypeil-20,JUST IN...My Newest OBSESSIONS,Amazon Creators API returned the product but no price
B0C7TMZJ3K,https://www.amazon.com/dp/B0C7TMZJ3K?tag=hillarypeil-20,LAST MINUTE GIFTS,Amazon Creators API returned the product but no price
B0C7VVV3PD,https://www.amazon.com/dp/B0C7VVV3PD?tag=hillarypeil-20,ENTERTAINING Essentials,Amazon Creators API returned the product but no price
B0C83K3TXS,https://www.amazon.com/dp/B0C83K3TXS?tag=hillarypeil-20,TOP OCTOBER DEALS,Amazon Creators API returned the product but no price
B0C8611GZV,https://www.amazon.com/dp/B0C8611GZV?tag=hillarypeil-20,TOP OCTOBER DEALS,Amazon Creators API returned the product but no price
B0C869CMKD,https://www.amazon.com/dp/B0C869CMKD?tag=hillarypeil-20,LAUNDRY Room Essentials | PANTRY Organization,Amazon Creators API returned the product but no price
B0C894PP8B,https://www.amazon.com/dp/B0C894PP8B?tag=hillarypeil-20,JANUARY Best Sellers,Amazon Creators API returned the product but no price
B0C89B5S14,https://www.amazon.com/dp/B0C89B5S14?tag=hillarypeil-20,BATHROOM Essentials | ELEVATED Bathroom Must-Haves | JANUARY Best Sellers,Amazon Creators API returned the product but no price
B0C89RFCHT,https://www.amazon.com/dp/B0C89RFCHT?tag=hillarypeil-20,BEAUTY & SKINCARE | Vanity Organization,Amazon Creators API returned the product but no price
B0C89YCT7S,https://www.amazon.com/dp/B0C89YCT7S?tag=hillarypeil-20,SOFAS. ACCENT CHAIRS. OTTOMANS.,Amazon Creators API returned the product but no price
B0C8BZ7QG7,https://www.amazon.com/dp/B0C8BZ7QG7?tag=hillarypeil-20,JANUARY Best Sellers,Amazon Creators API returned the product but no price
B0C8H8HQHQ,https://www.amazon.com/dp/B0C8H8HQHQ?tag=hillarypeil-20,VIRAL Holiday Finds,Amazon Creators API returned the product but no price
B0C8J5YR7R,https://www.amazon.com/dp/B0C8J5YR7R?tag=hillarypeil-20,TRANSITIONAL Fall Fashion,Amazon Creators API returned the product but no price
B0C8KQLLF5,https://www.amazon.com/dp/B0C8KQLLF5?tag=hillarypeil-20,TRAVEL,Amazon Creators API returned the product but no price
B0C8KRDV12,https://www.amazon.com/dp/B0C8KRDV12?tag=hillarypeil-20,Outdoor PLANTERS,Amazon Creators API returned the product but no price
B0C8PJNJL9,https://www.amazon.com/dp/B0C8PJNJL9?tag=hillarypeil-20,JUST IN...My Newest OBSESSIONS,Amazon Creators API returned the product but no price
B0C8THCCFQ,https://www.amazon.com/dp/B0C8THCCFQ?tag=hillarypeil-20,In MY Travel Bag | TRAVEL | VANITY Must-Haves,Amazon Creators API returned the product but no price
B0C8VJ96YM,https://www.amazon.com/dp/B0C8VJ96YM?tag=hillarypeil-20,NEW HOME FINDS,Amazon Creators API returned the product but no price
B0C8VMH72J,https://www.amazon.com/dp/B0C8VMH72J?tag=hillarypeil-20,SOFAS. ACCENT CHAIRS. OTTOMANS.,Amazon Creators API returned the product but no price
B0C8ZZSFYR,https://www.amazon.com/dp/B0C8ZZSFYR?tag=hillarypeil-20,SOFAS. ACCENT CHAIRS. OTTOMANS.,Amazon Creators API returned the product but no price
B0C9DHQ92S,https://www.amazon.com/dp/B0C9DHQ92S?tag=hillarypeil-20,AFFORDABLE DECOR | CANDLE HOLDERS. CANDLE STICKS.,Amazon Creators API returned the product but no price
B0C9DMZYHX,https://www.amazon.com/dp/B0C9DMZYHX?tag=hillarypeil-20,HOLIDAY THEMES 2025,Amazon Creators API returned the product but no price
B0C9LJ7JHW,https://www.amazon.com/dp/B0C9LJ7JHW?tag=hillarypeil-20,Vanity Organization,Amazon Creators API returned the product but no price
B0C9Q3T3W6,https://www.amazon.com/dp/B0C9Q3T3W6?tag=hillarypeil-20,LAST MINUTE GIFTS,Amazon Creators API returned the product but no price
B0C9R6Y9GK,https://www.amazon.com/dp/B0C9R6Y9GK?tag=hillarypeil-20,FEBRUARY Best Sellers,Amazon Creators API returned the product but no price
B0C9RW4CDC,https://www.amazon.com/dp/B0C9RW4CDC?tag=hillarypeil-20,COFFEE TABLE BOOKS,Amazon Creators API returned the product but no price
B0C9SNYCS7,https://www.amazon.com/dp/B0C9SNYCS7?tag=hillarypeil-20,FURNITURE In Our Home,Amazon Creators API returned the product but no price
B0C9TCFRLH,https://www.amazon.com/dp/B0C9TCFRLH?tag=hillarypeil-20,TRAVEL,Amazon Creators API returned the product but no price
B0C9TGLV5C,https://www.amazon.com/dp/B0C9TGLV5C?tag=hillarypeil-20,PILATES PRINCESS,Amazon Creators API returned the product but no price
B0C9WT2JD1,https://www.amazon.com/dp/B0C9WT2JD1?tag=hillarypeil-20,TRAVEL,Amazon Creators API returned the product but no price
B0CB1HFWFQ,https://www.amazon.com/dp/B0CB1HFWFQ?tag=hillarypeil-20,LAST MINUTE GIFTS,Amazon Creators API returned the product but no price
B0CB2LSGL8,https://www.amazon.com/dp/B0CB2LSGL8?tag=hillarypeil-20,SOFAS. ACCENT CHAIRS. OTTOMANS.,Amazon Creators API returned the product but no price
B0CB5K7FJ8,https://www.amazon.com/dp/B0CB5K7FJ8?tag=hillarypeil-20,SUMMER HOSTING,Amazon Creators API returned the product but no price
B0CB69JS2Z,https://www.amazon.com/dp/B0CB69JS2Z?tag=hillarypeil-20,SOFAS. ACCENT CHAIRS. OTTOMANS.,Amazon Creators API returned the product but no price
B0CB8MV56D,https://www.amazon.com/dp/B0CB8MV56D?tag=hillarypeil-20,HOLIDAY COLOR CRUSHES 2025,Amazon Creators API returned the product but no price
B0CB8T6J1R,https://www.amazon.com/dp/B0CB8T6J1R?tag=hillarypeil-20,ENTERTAINING Essentials,Amazon Creators API returned the product but no price
B0CB9KT228,https://www.amazon.com/dp/B0CB9KT228?tag=hillarypeil-20,BEST SELLERS,Amazon Creators API returned the product but no price
B0CBFLQF9J,https://www.amazon.com/dp/B0CBFLQF9J?tag=hillarypeil-20,DECEMBER Best Sellers,Amazon Creators API returned the product but no price
B0CBG7LSNR,https://www.amazon.com/dp/B0CBG7LSNR?tag=hillarypeil-20,For the Hostess - GIFT GUIDE,Amazon Creators API returned the product but no price
B0CBGF2JD6,https://www.amazon.com/dp/B0CBGF2JD6?tag=hillarypeil-20,CABINETS. SIDEBOARDS. BUFFETS. CONSOLES.,Amazon Creators API returned the product but no price
B0CBM1LHTH,https://www.amazon.com/dp/B0CBM1LHTH?tag=hillarypeil-20,TRAVEL,Amazon Creators API returned the product but no price
B0CBNKNPJH,https://www.amazon.com/dp/B0CBNKNPJH?tag=hillarypeil-20,CABINETS. SIDEBOARDS. BUFFETS. CONSOLES.,Amazon Creators API returned the product but no price
B0CBW49GDH,https://www.amazon.com/dp/B0CBW49GDH?tag=hillarypeil-20,HALLOWEEN,Amazon Creators API returned the product but no price
B0CBW63X6P,https://www.amazon.com/dp/B0CBW63X6P?tag=hillarypeil-20,FEBRUARY Best Sellers,Amazon Creators API returned the product but no price
B0CC282G4V,https://www.amazon.com/dp/B0CC282G4V?tag=hillarypeil-20,Spring Obsessed,Amazon Creators API returned the product but no price
B0CC3XJF87,https://www.amazon.com/dp/B0CC3XJF87?tag=hillarypeil-20,CANDLE HOLDERS. CANDLE STICKS.,Amazon Creators API returned the product but no price
B0CC4NHXBV,https://www.amazon.com/dp/B0CC4NHXBV?tag=hillarypeil-20,WINTER FASHION,Amazon Creators API returned the product but no price
B0CC4VTSS1,https://www.amazon.com/dp/B0CC4VTSS1?tag=hillarypeil-20,VIRAL Holiday Finds,Amazon Creators API returned the product but no price
B0CC4WSCSV,https://www.amazon.com/dp/B0CC4WSCSV?tag=hillarypeil-20,MARCH Best Sellers,Amazon Creators API returned the product but no price
B0CC5S17W1,https://www.amazon.com/dp/B0CC5S17W1?tag=hillarypeil-20,HOLIDAY THEMES 2025,Amazon Creators API returned the product but no price
B0CCC8S3P1,https://www.amazon.com/dp/B0CCC8S3P1?tag=hillarypeil-20,SOFAS. ACCENT CHAIRS. OTTOMANS.,Amazon Creators API returned the product but no price
B0CCD18B67,https://www.amazon.com/dp/B0CCD18B67?tag=hillarypeil-20,COFFEE TABLES. SIDE TABLES. ACCENT TABLES,Amazon Creators API returned the product but no price
B0CCD2L626,https://www.amazon.com/dp/B0CCD2L626?tag=hillarypeil-20,JUST IN - Organizing & Home,Amazon Creators API returned the product but no price
B0CCDK9ZFX,https://www.amazon.com/dp/B0CCDK9ZFX?tag=hillarypeil-20,SOFAS. ACCENT CHAIRS. OTTOMANS.,Amazon Creators API returned the product but no price
B0CCG2PPG7,https://www.amazon.com/dp/B0CCG2PPG7?tag=hillarypeil-20,SOFAS. ACCENT CHAIRS. OTTOMANS.,Amazon Creators API returned the product but no price
B0CCGKX343,https://www.amazon.com/dp/B0CCGKX343?tag=hillarypeil-20,BEDDING. PILLOWS. THROWS. TOWELS.,Amazon Creators API returned the product but no price
B0CCLBZYBN,https://www.amazon.com/dp/B0CCLBZYBN?tag=hillarypeil-20,LAUNDRY Room Essentials,Amazon Creators API returned the product but no price
B0CCNQVZ1W,https://www.amazon.com/dp/B0CCNQVZ1W?tag=hillarypeil-20,KITCHEN Essentials | VIRAL Home Gadgets,Amazon Creators API returned the product but no price
B0CCQ3TX4S,https://www.amazon.com/dp/B0CCQ3TX4S?tag=hillarypeil-20,DECEMBER Best Sellers,Amazon Creators API returned the product but no price
B0CCR1NP2Y,https://www.amazon.com/dp/B0CCR1NP2Y?tag=hillarypeil-20,CHIC 2-PIECE SETS,Amazon Creators API returned the product but no price
B0CCR3CT48,https://www.amazon.com/dp/B0CCR3CT48?tag=hillarypeil-20,CHIC 2-PIECE SETS,Amazon Creators API returned the product but no price
B0CCS5GM81,https://www.amazon.com/dp/B0CCS5GM81?tag=hillarypeil-20,TOP SEPTEMBER DEALS,Amazon Creators API returned the product but no price
B0CCS5PPZ3,https://www.amazon.com/dp/B0CCS5PPZ3?tag=hillarypeil-20,AUGUST TOP PICKS,Amazon Creators API returned the product but no price
B0CCS6B28S,https://www.amazon.com/dp/B0CCS6B28S?tag=hillarypeil-20,AUGUST TOP PICKS,Amazon Creators API returned the product but no price
B0CCS6VM79,https://www.amazon.com/dp/B0CCS6VM79?tag=hillarypeil-20,BEST SELLERS | TOP SEPTEMBER DEALS,Amazon Creators API returned the product but no price
B0CCS9PD4L,https://www.amazon.com/dp/B0CCS9PD4L?tag=hillarypeil-20,SOFAS. ACCENT CHAIRS. OTTOMANS.,Amazon Creators API returned the product but no price
B0CCSNGBB5,https://www.amazon.com/dp/B0CCSNGBB5?tag=hillarypeil-20,VIRAL Holiday Finds,Amazon Creators API returned the product but no price
B0CCSSL8VS,https://www.amazon.com/dp/B0CCSSL8VS?tag=hillarypeil-20,JULY TOP PICKS,Amazon Creators API returned the product but no price
B0CCWX5DB1,https://www.amazon.com/dp/B0CCWX5DB1?tag=hillarypeil-20,HOME DECOR | SOFAS. ACCENT CHAIRS. OTTOMANS.,Amazon Creators API returned the product but no price
B0CCX5MCBJ,https://www.amazon.com/dp/B0CCX5MCBJ?tag=hillarypeil-20,SOFAS. ACCENT CHAIRS. OTTOMANS.,Amazon Creators API returned the product but no price
B0CCY4WNS1,https://www.amazon.com/dp/B0CCY4WNS1?tag=hillarypeil-20,HOLIDAY THEMES 2025,Amazon Creators API returned the product but no price
B0CD1NL7HW,https://www.amazon.com/dp/B0CD1NL7HW?tag=hillarypeil-20,TWEEN & TEEN - GIFT GUIDE,Amazon Creators API returned the product but no price
B0CD1XRY4M,https://www.amazon.com/dp/B0CD1XRY4M?tag=hillarypeil-20,MARCH Best Sellers,Amazon Creators API returned the product but no price
B0CD7CFXVB,https://www.amazon.com/dp/B0CD7CFXVB?tag=hillarypeil-20,HOLIDAY ON SALE,Amazon Creators API returned the product but no price
B0CD7JGFY9,https://www.amazon.com/dp/B0CD7JGFY9?tag=hillarypeil-20,BEST SELLERS,Amazon Creators API returned the product but no price
B0CD7SV3W5,https://www.amazon.com/dp/B0CD7SV3W5?tag=hillarypeil-20,WINTER FASHION,Amazon Creators API returned the product but no price
B0CD7TWML9,https://www.amazon.com/dp/B0CD7TWML9?tag=hillarypeil-20,SOFAS. ACCENT CHAIRS. OTTOMANS.,Amazon Creators API returned the product but no price
B0CD8YWN7M,https://www.amazon.com/dp/B0CD8YWN7M?tag=hillarypeil-20,HOME DECOR,Amazon Creators API returned the product but no price
B0CD94WG6F,https://www.amazon.com/dp/B0CD94WG6F?tag=hillarypeil-20,AFFORDABLE DECOR,Amazon Creators API returned the product but no price
B0CDBB2DPT,https://www.amazon.com/dp/B0CDBB2DPT?tag=hillarypeil-20,$50 WINTER FASHION,Amazon Creators API returned the product but no price
B0CDBVC4WK,https://www.amazon.com/dp/B0CDBVC4WK?tag=hillarypeil-20,MARCH Best Sellers,Amazon Creators API returned the product but no price
B0CDBZS73C,https://www.amazon.com/dp/B0CDBZS73C?tag=hillarypeil-20,$50 WINTER FASHION | WORK WEAR,Amazon Creators API returned the product but no price
B0CDBZWGSJ,https://www.amazon.com/dp/B0CDBZWGSJ?tag=hillarypeil-20,WINTER FASHION,Amazon Creators API returned the product but no price
B0CDC4LPW5,https://www.amazon.com/dp/B0CDC4LPW5?tag=hillarypeil-20,CHIC 2-PIECE SETS | FEBRUARY Best Sellers,Amazon Creators API returned the product but no price
B0CDFKJ11D,https://www.amazon.com/dp/B0CDFKJ11D?tag=hillarypeil-20,WINTER FASHION,Amazon Creators API returned the product but no price
B0CDH18H37,https://www.amazon.com/dp/B0CDH18H37?tag=hillarypeil-20,DECEMBER Best Sellers,Amazon Creators API returned the product but no price
B0CDKF8XPD,https://www.amazon.com/dp/B0CDKF8XPD?tag=hillarypeil-20,FRIDGE Organization | KITCHEN Organizing,Amazon Creators API returned the product but no price
B0CDKYW8FY,https://www.amazon.com/dp/B0CDKYW8FY?tag=hillarypeil-20,HOLIDAY THEMES 2025,Amazon Creators API returned the product but no price
B0CDLQFMNW,https://www.amazon.com/dp/B0CDLQFMNW?tag=hillarypeil-20,SKIMS LIKE BASICS,Amazon Creators API returned the product but no price
B0CDNZVQWV,https://www.amazon.com/dp/B0CDNZVQWV?tag=hillarypeil-20,FEBRUARY Best Sellers,Amazon Creators API returned the product but no price
B0CDPGLCNS,https://www.amazon.com/dp/B0CDPGLCNS?tag=hillarypeil-20,BEAUTY MUST-HAVES,Amazon Creators API returned the product but no price
B0CDPVRD79,https://www.amazon.com/dp/B0CDPVRD79?tag=hillarypeil-20,SOFAS. ACCENT CHAIRS. OTTOMANS.,Amazon Creators API returned the product but no price
B0CDQFK3NW,https://www.amazon.com/dp/B0CDQFK3NW?tag=hillarypeil-20,LIGHTING - Designer Inspired,Amazon Creators API returned the product but no price
B0CDZWWPQ2,https://www.amazon.com/dp/B0CDZWWPQ2?tag=hillarypeil-20,LAUNDRY Room Essentials,Amazon Creators API returned the product but no price
B0CF21CM7H,https://www.amazon.com/dp/B0CF21CM7H?tag=hillarypeil-20,JANUARY Best Sellers,Amazon Creators API returned the product but no price
B0CF3Y2MTT,https://www.amazon.com/dp/B0CF3Y2MTT?tag=hillarypeil-20,SOFAS. ACCENT CHAIRS. OTTOMANS.,Amazon Creators API returned the product but no price
B0CF841GPH,https://www.amazon.com/dp/B0CF841GPH?tag=hillarypeil-20,SOFAS. ACCENT CHAIRS. OTTOMANS.,Amazon Creators API returned the product but no price
B0CF9GJQZ8,https://www.amazon.com/dp/B0CF9GJQZ8?tag=hillarypeil-20,LAST MINUTE GIFTS,Amazon Creators API returned the product but no price
B0CFFBCZ3G,https://www.amazon.com/dp/B0CFFBCZ3G?tag=hillarypeil-20,JUST IN - Organizing & Home,Amazon Creators API returned the product but no price
B0CFG2K7YY,https://www.amazon.com/dp/B0CFG2K7YY?tag=hillarypeil-20,LAUNDRY Room Essentials,Amazon Creators API returned the product but no price
B0CFH4WCPS,https://www.amazon.com/dp/B0CFH4WCPS?tag=hillarypeil-20,THE DRESS SHOPPE - From BRUNCH to BLACK TIE,Amazon Creators API returned the product but no price
B0CFJ8X4KF,https://www.amazon.com/dp/B0CFJ8X4KF?tag=hillarypeil-20,HOLIDAY ON SALE,Amazon Creators API returned the product but no price
B0CFMC5RWJ,https://www.amazon.com/dp/B0CFMC5RWJ?tag=hillarypeil-20,CABINETS. SIDEBOARDS. BUFFETS. CONSOLES.,Amazon Creators API returned the product but no price
B0CFPVBJXD,https://www.amazon.com/dp/B0CFPVBJXD?tag=hillarypeil-20,FEBRUARY Best Sellers,Amazon Creators API returned the product but no price
B0CFQQQ4BH,https://www.amazon.com/dp/B0CFQQQ4BH?tag=hillarypeil-20,SOFAS. ACCENT CHAIRS. OTTOMANS.,Amazon Creators API returned the product but no price
B0CFQRMQZQ,https://www.amazon.com/dp/B0CFQRMQZQ?tag=hillarypeil-20,SOFAS. ACCENT CHAIRS. OTTOMANS.,Amazon Creators API returned the product but no price
B0CFQTS9G5,https://www.amazon.com/dp/B0CFQTS9G5?tag=hillarypeil-20,LAST MINUTE GIFTS,Amazon Creators API returned the product but no price
B0CFT1MN7K,https://www.amazon.com/dp/B0CFT1MN7K?tag=hillarypeil-20,Effortless Chic Home,Amazon Creators API returned the product but no price
B0CFT5MM7G,https://www.amazon.com/dp/B0CFT5MM7G?tag=hillarypeil-20,AFFORDABLE DECOR,Amazon Creators API returned the product but no price
B0CFT7NQ4V,https://www.amazon.com/dp/B0CFT7NQ4V?tag=hillarypeil-20,COFFEE TABLES. SIDE TABLES. ACCENT TABLES,Amazon Creators API returned the product but no price
B0CFTKD16J,https://www.amazon.com/dp/B0CFTKD16J?tag=hillarypeil-20,CAR ORGANIZATION,Amazon Creators API returned the product but no price
B0CFVHRNCM,https://www.amazon.com/dp/B0CFVHRNCM?tag=hillarypeil-20,WINTER FASHION,Amazon Creators API returned the product but no price
B0CFXGZNFQ,https://www.amazon.com/dp/B0CFXGZNFQ?tag=hillarypeil-20,HOLIDAY ESSENTIALS,Amazon Creators API returned the product but no price
B0CFYLGCY9,https://www.amazon.com/dp/B0CFYLGCY9?tag=hillarypeil-20,KITCHEN Essentials,Amazon Creators API returned the product but no price
B0CFYMNJW4,https://www.amazon.com/dp/B0CFYMNJW4?tag=hillarypeil-20,$50 WINTER FASHION | 2025 TOP SELLERS | 48 Yr Old Mom of 5 - What I am OBSESSED over! | AFFORDABLE DECOR | AMAZING NEW Home Finds | APRIL Best Sellers | ATHEISURE | ATHLETIC DRESSES | AUGUST TOP PICKS | AUTUMN Vibes | Amazon Furniture in Our Home | April Amazon Live | BARCART | BATHROOM Essentials | BATHROOM Organization | BATHROOM REMODEL | BEAUTY & SKINCARE | BEAUTY MUST-HAVES | BED & BATH FINDS | BEDDING. PILLOWS. THROWS. TOWELS. | BEDDING: LUXURY finds in Our Home | BEDROOM STYLE | BEDS. DRESSERS. NIGHTSTANDS. | BEST SELLERS | BOY'S Bathroom | BRIDE- Spoil Her for the Big Day! | BURGUNDY CRUSH | CABINETS. SIDEBOARDS. BUFFETS. CONSOLES. | CANDLE HOLDERS. CANDLE STICKS. | CAR ORGANIZATION | CARTS DON'T LIE — These were May's biggest hits. | CHIC 2-PIECE SETS | CHIC WITHOUT THE SPLURGE TRAVEL | CLOSET Organizing | COFFEE BAR Essentials | COFFEE TABLE BOOKS | COFFEE TABLES. SIDE TABLES. ACCENT TABLES | CREATOR Favorites | CURTAINS | CYBER HOLIDAY | DATE NIGHT FASHION | DECEMBER Best Sellers | DESIGNER INSPIRED | DINING ROOM | DORM ROOM ESSENTIALS | EARLY Fall | EARNED A SPOT FOR LIFE! | ELEMENTARY SCHOOL | ELEVATED Bathroom Must-Haves | ELEVATED HOLIDAY FASHION | ELEVATED KITCHEN Must-Haves | ELEVATED SWIMWEAR | ENTERTAINING Essentials | ENTRYWAY. FOYER. | EUROPEAN SUMMER | Effortless Chic Home | FALL LOUNGE SETS | FASHION | FAUX & DRIED FLORALS | FAUX INDOOR/OUTDOOR | FEBRUARY Best Sellers | FOR HER - HANDBAGS | FOR HIM - GIFT GUIDE | FRIDGE Organization | FRONT PORCH | FURNITURE In Our Home | For the Big Kids | For the Hostess - GIFT GUIDE | Furniture Mover REEL | GADGETS I CANNOT live WITHOUT | GIFTING | GIFTS UNDER $25 | GIFTS UNDER $50 | HAIR CARE | HALLOWEEN | HARDWARE & FINISHES | HEALTHY Living | HILLARY'S BEACH Bag Essentials | HOLIDAY BEST SELLERS | HOLIDAY COLOR CRUSHES 2025 | HOLIDAY ESSENTIALS | HOLIDAY EVENING Looks | HOLIDAY MUST-HAVES on AMAZON LIVE | HOLIDAY ON SALE | HOLIDAY THEMES 2025 | HOME & BATH Essentials | HOME DECOR | HOME OFFICE Essentials | Hillary's NEWEST Finds | Home UPGRADES | In MY Travel Bag | JANUARY Best Sellers | JOCELYN'S Space | JULY TOP PICKS | JUNE TOP PICKS | JUST IN - Organizing & Home | JUST IN...My Newest OBSESSIONS | January Best Sellers 2 | KITCHEN Essentials | KITCHEN Organizing | LAMPS | LAST MINUTE GIFTS | LAUNDRY Room Essentials | LIGHTING - Designer Inspired | LUXE Gifting | LUXE Holiday Home | LUXE JEWELRY & ACCESSORIES | LUXURY GIFTS | MARCH Best Sellers | MAXI DRESS EDIT | MEMORIAL DAY SALE FOLLOWER FAVORITES | MORE NEW FINDS | MUST-HAVE HOSTING | MY HOLIDAY Home | MY Holiday Styling List | MY TOP PRODUCTS FOR JULY | Moody Luxe Home | My Curated Gift Guide | My TOP Amazon Cleaning and Organizing | NEW Arrivals | NEW HOLIDAY Finds | NEW HOME FINDS | NIGHTSTAND Essentials | NO DRILL Home Improvement | New Year's Must-Haves | ORGANIZING Essentials | OUR Rental | OUTDOOR Oasis | OVER 40 & Fabulous HILLARY'S Capsule WARDROBE - Effortless & Chic | Our REMODEL HOME | Our SITTING ROOM | Outdoor PLANTERS | PANTRY Organization | PILATES PRINCESS | PILLOWS & THROWS | POWDER BATH | PRESCHOOL LITTLES | QUIET LUXURY/OLD MONEY | RESORT WEAR FASHION | RESTORATION VIBES | RH STYLE - Looks like a SPLURGE | RUGS | SHATTERPROOF Beverage Glasses | SHOP The Hillary Style | SHOPBOP Favorites | SKIMS LIKE BASICS | SOFAS. ACCENT CHAIRS. OTTOMANS. | SPORT MOM Style | STOCKING STUFFERS | SUMMER HOSTING | Spring Obsessed | Subtle Luxury Home | TABLETOP MUST-HAVES | TECH ESSENTIALS | TEEN GIRLIES | TEEN GUYS | THE DRESS SHOPPE - From BRUNCH to BLACK TIE | THE Little Black Dress | THE Littles - GIFT GUIDE | TOP 100 HOME PICKS | TOP 100 PRIME FASHION DEALS | TOP 100+ PRIME DEALS | TOP 50 BEAUTY | TOP MOVING/ORGANIZING | TOP NOVEMBER DEALS | TOP OCTOBER DEALS | TOP SEPTEMBER DEALS | TRANSITIONAL Fall Fashion | TRAVEL | TWEEN & TEEN - GIFT GUIDE | TWEEN BACK TO SCHOOL | The FALL EDIT | The Hillary Style Holiday | The STYLE EDIT - HOTTEST finds RIGHT NOW! | UNBOXING | UNDER $50 FALL Capsule | VANITY Must-Haves | VASES. TRAYS. BOXES. | VIRAL Holiday Finds | VIRAL Home Gadgets | Vanity Organization | WALL DECOR - MIRRORS. ART. FRAMES. | WINTER FASHION | WORK WEAR | Your Currently MOST-LOVED,Amazon Creators API returned the product but no price
B0CFYX3946,https://www.amazon.com/dp/B0CFYX3946?tag=hillarypeil-20,KITCHEN Essentials,Amazon Creators API returned the product but no price
B0CG1XY4KP,https://www.amazon.com/dp/B0CG1XY4KP?tag=hillarypeil-20,CHIC 2-PIECE SETS,Amazon Creators API returned the product but no price
B0CG3P7D97,https://www.amazon.com/dp/B0CG3P7D97?tag=hillarypeil-20,WINTER FASHION,Amazon Creators API returned the product but no price
B0CG4S65ZJ,https://www.amazon.com/dp/B0CG4S65ZJ?tag=hillarypeil-20,FRIDGE Organization | HOME & BATH Essentials,Amazon Creators API returned the product but no price
B0CG8Z8V8R,https://www.amazon.com/dp/B0CG8Z8V8R?tag=hillarypeil-20,ENTERTAINING Essentials | VIRAL Holiday Finds,Amazon Creators API returned the product but no price
B0CG91HGWZ,https://www.amazon.com/dp/B0CG91HGWZ?tag=hillarypeil-20,APRIL Best Sellers,Amazon Creators API returned the product but no price
B0CGJHKF34,https://www.amazon.com/dp/B0CGJHKF34?tag=hillarypeil-20,CLOSET Organizing,Amazon Creators API returned the product but no price
B0CGLXHLWN,https://www.amazon.com/dp/B0CGLXHLWN?tag=hillarypeil-20,DECEMBER Best Sellers,Amazon Creators API returned the product but no price
B0CGM2TJMX,https://www.amazon.com/dp/B0CGM2TJMX?tag=hillarypeil-20,BATHROOM Essentials,Amazon Creators API returned the product but no price
B0CGMGVQXR,https://www.amazon.com/dp/B0CGMGVQXR?tag=hillarypeil-20,FOR HIM - GIFT GUIDE,Amazon Creators API returned the product but no price
B0CGNPBNZZ,https://www.amazon.com/dp/B0CGNPBNZZ?tag=hillarypeil-20,BATHROOM Organization,Amazon Creators API returned the product but no price
B0CGNS1QC8,https://www.amazon.com/dp/B0CGNS1QC8?tag=hillarypeil-20,VIRAL Home Gadgets,Amazon Creators API returned the product but no price
B0CGT6NLY6,https://www.amazon.com/dp/B0CGT6NLY6?tag=hillarypeil-20,RESORT WEAR FASHION,Amazon Creators API returned the product but no price
B0CGTDZJLN,https://www.amazon.com/dp/B0CGTDZJLN?tag=hillarypeil-20,APRIL Best Sellers,Amazon Creators API returned the product but no price
B0CGTJ15LK,https://www.amazon.com/dp/B0CGTJ15LK?tag=hillarypeil-20,The FALL EDIT,Amazon Creators API returned the product but no price
B0CGTLV644,https://www.amazon.com/dp/B0CGTLV644?tag=hillarypeil-20,TRAVEL,Amazon Creators API returned the product but no price
B0CGTNC8H4,https://www.amazon.com/dp/B0CGTNC8H4?tag=hillarypeil-20,FAUX INDOOR/OUTDOOR,Amazon Creators API returned the product but no price
B0CGVF27RR,https://www.amazon.com/dp/B0CGVF27RR?tag=hillarypeil-20,NIGHTSTAND Essentials,Amazon Creators API returned the product but no price
B0CGW1ZFVB,https://www.amazon.com/dp/B0CGW1ZFVB?tag=hillarypeil-20,For the Hostess - GIFT GUIDE,Amazon Creators API returned the product but no price
B0CGW26VFL,https://www.amazon.com/dp/B0CGW26VFL?tag=hillarypeil-20,MORE NEW FINDS,Amazon Creators API returned the product but no price
B0CGY17ZHG,https://www.amazon.com/dp/B0CGY17ZHG?tag=hillarypeil-20,VASES. TRAYS. BOXES.,Amazon Creators API returned the product but no price
B0CGZT2GZZ,https://www.amazon.com/dp/B0CGZT2GZZ?tag=hillarypeil-20,JANUARY Best Sellers | LIGHTING - Designer Inspired,Amazon Creators API returned the product but no price
B0CH3V2VZR,https://www.amazon.com/dp/B0CH3V2VZR?tag=hillarypeil-20,DINING ROOM,Amazon Creators API returned the product but no price
B0CH4STQNT,https://www.amazon.com/dp/B0CH4STQNT?tag=hillarypeil-20,WINTER FASHION,Amazon Creators API returned the product but no price
B0CH5BRHVR,https://www.amazon.com/dp/B0CH5BRHVR?tag=hillarypeil-20,STOCKING STUFFERS,Amazon Creators API returned the product but no price
B0CHB2G96S,https://www.amazon.com/dp/B0CHB2G96S?tag=hillarypeil-20,LAST MINUTE GIFTS,Amazon Creators API returned the product but no price
B0CHB4HR3G,https://www.amazon.com/dp/B0CHB4HR3G?tag=hillarypeil-20,FOR HIM - GIFT GUIDE,Amazon Creators API returned the product but no price
B0CHBC8X3P,https://www.amazon.com/dp/B0CHBC8X3P?tag=hillarypeil-20,OVER 40 & Fabulous HILLARY'S Capsule WARDROBE - Effortless & Chic | SHOPBOP Favorites | TRANSITIONAL Fall Fashion | The FALL EDIT,Amazon Creators API returned the product but no price
B0CHBF4T35,https://www.amazon.com/dp/B0CHBF4T35?tag=hillarypeil-20,LAUNDRY Room Essentials,Amazon Creators API returned the product but no price
B0CHCCS46D,https://www.amazon.com/dp/B0CHCCS46D?tag=hillarypeil-20,ELEVATED Bathroom Must-Haves,Amazon Creators API returned the product but no price
B0CHMF11B7,https://www.amazon.com/dp/B0CHMF11B7?tag=hillarypeil-20,DECEMBER Best Sellers | GIFTING,Amazon Creators API returned the product but no price
B0CHNVVBV6,https://www.amazon.com/dp/B0CHNVVBV6?tag=hillarypeil-20,CABINETS. SIDEBOARDS. BUFFETS. CONSOLES.,Amazon Creators API returned the product but no price
B0CHP849RM,https://www.amazon.com/dp/B0CHP849RM?tag=hillarypeil-20,EARLY Fall,Amazon Creators API returned the product but no price
B0CHRDR5P1,https://www.amazon.com/dp/B0CHRDR5P1?tag=hillarypeil-20,GIFTS UNDER $50 | JOCELYN'S Space | TOP NOVEMBER DEALS,Amazon Creators API returned the product but no price
B0CHS79392,https://www.amazon.com/dp/B0CHS79392?tag=hillarypeil-20,BOY'S Bathroom,Amazon Creators API returned the product but no price
B0CHS8GLS9,https://www.amazon.com/dp/B0CHS8GLS9?tag=hillarypeil-20,BARCART | VASES. TRAYS. BOXES.,Amazon Creators API returned the product but no price
B0CHS93S12,https://www.amazon.com/dp/B0CHS93S12?tag=hillarypeil-20,BARCART,Amazon Creators API returned the product but no price
B0CHVP8T77,https://www.amazon.com/dp/B0CHVP8T77?tag=hillarypeil-20,WALL DECOR - MIRRORS. ART. FRAMES.,Amazon Creators API returned the product but no price
B0CHVPFR2S,https://www.amazon.com/dp/B0CHVPFR2S?tag=hillarypeil-20,COFFEE TABLES. SIDE TABLES. ACCENT TABLES,Amazon Creators API returned the product but no price
B0CHW2H14Q,https://www.amazon.com/dp/B0CHW2H14Q?tag=hillarypeil-20,WINTER FASHION,Amazon Creators API returned the product but no price
B0CHWWNV7G,https://www.amazon.com/dp/B0CHWWNV7G?tag=hillarypeil-20,2025 TOP SELLERS | CAR ORGANIZATION | DECEMBER Best Sellers,Amazon Creators API returned the product but no price
B0CHWYG96Z,https://www.amazon.com/dp/B0CHWYG96Z?tag=hillarypeil-20,TWEEN & TEEN - GIFT GUIDE,Amazon Creators API returned the product but no price
B0CHY3CN2S,https://www.amazon.com/dp/B0CHY3CN2S?tag=hillarypeil-20,DINING ROOM,Amazon Creators API returned the product but no price
B0CJ1LQCN9,https://www.amazon.com/dp/B0CJ1LQCN9?tag=hillarypeil-20,VIRAL Home Gadgets,Amazon Creators API returned the product but no price
B0CJ2RSMPJ,https://www.amazon.com/dp/B0CJ2RSMPJ?tag=hillarypeil-20,SKIMS LIKE BASICS,Amazon Creators API returned the product but no price
B0CJ3G54K3,https://www.amazon.com/dp/B0CJ3G54K3?tag=hillarypeil-20,48 Yr Old Mom of 5 - What I am OBSESSED over! | BEAUTY MUST-HAVES | LUXURY GIFTS,Amazon Creators API returned the product but no price
B0CJ7YYMK2,https://www.amazon.com/dp/B0CJ7YYMK2?tag=hillarypeil-20,HALLOWEEN,Amazon Creators API returned the product but no price
B0CJ8MKK9L,https://www.amazon.com/dp/B0CJ8MKK9L?tag=hillarypeil-20,FOR HIM - GIFT GUIDE,Amazon Creators API returned the product but no price
B0CJBBJ54L,https://www.amazon.com/dp/B0CJBBJ54L?tag=hillarypeil-20,JANUARY Best Sellers,Amazon Creators API returned the product but no price
B0CJBF2H9J,https://www.amazon.com/dp/B0CJBF2H9J?tag=hillarypeil-20,WINTER FASHION,Amazon Creators API returned the product but no price
B0CJCFBPKZ,https://www.amazon.com/dp/B0CJCFBPKZ?tag=hillarypeil-20,COFFEE TABLES. SIDE TABLES. ACCENT TABLES,Amazon Creators API returned the product but no price
B0CJF3VTNS,https://www.amazon.com/dp/B0CJF3VTNS?tag=hillarypeil-20,BURGUNDY CRUSH,Amazon Creators API returned the product but no price
B0CJF5L9K5,https://www.amazon.com/dp/B0CJF5L9K5?tag=hillarypeil-20,GIFTS UNDER $50,Amazon Creators API returned the product but no price
B0CJFFD993,https://www.amazon.com/dp/B0CJFFD993?tag=hillarypeil-20,JANUARY Best Sellers,Amazon Creators API returned the product but no price
B0CJFLVLTV,https://www.amazon.com/dp/B0CJFLVLTV?tag=hillarypeil-20,GIFTING | TRAVEL,Amazon Creators API returned the product but no price
B0CJK27K48,https://www.amazon.com/dp/B0CJK27K48?tag=hillarypeil-20,FOR HER - HANDBAGS,Amazon Creators API returned the product but no price
B0CJMGCC3M,https://www.amazon.com/dp/B0CJMGCC3M?tag=hillarypeil-20,AUTUMN Vibes,Amazon Creators API returned the product but no price
B0CJMW79JQ,https://www.amazon.com/dp/B0CJMW79JQ?tag=hillarypeil-20,DECEMBER Best Sellers,Amazon Creators API returned the product but no price
B0CJRK92HT,https://www.amazon.com/dp/B0CJRK92HT?tag=hillarypeil-20,TRAVEL,Amazon Creators API returned the product but no price
B0CJT8MTSW,https://www.amazon.com/dp/B0CJT8MTSW?tag=hillarypeil-20,SOFAS. ACCENT CHAIRS. OTTOMANS.,Amazon Creators API returned the product but no price
B0CJVFZV1F,https://www.amazon.com/dp/B0CJVFZV1F?tag=hillarypeil-20,AUGUST TOP PICKS,Amazon Creators API returned the product but no price
B0CJVPSPR9,https://www.amazon.com/dp/B0CJVPSPR9?tag=hillarypeil-20,Effortless Chic Home,Amazon Creators API returned the product but no price
B0CJXVHS97,https://www.amazon.com/dp/B0CJXVHS97?tag=hillarypeil-20,WINTER FASHION,Amazon Creators API returned the product but no price
B0CJXZQHML,https://www.amazon.com/dp/B0CJXZQHML?tag=hillarypeil-20,DINING ROOM,Amazon Creators API returned the product but no price
B0CJY34GBP,https://www.amazon.com/dp/B0CJY34GBP?tag=hillarypeil-20,AUGUST TOP PICKS,Amazon Creators API returned the product but no price
B0CJZYPV1X,https://www.amazon.com/dp/B0CJZYPV1X?tag=hillarypeil-20,BEST SELLERS | TOP SEPTEMBER DEALS,Amazon Creators API returned the product but no price
B0CKDM238K,https://www.amazon.com/dp/B0CKDM238K?tag=hillarypeil-20,LAUNDRY Room Essentials,Amazon Creators API returned the product but no price
B0CKFKM3MS,https://www.amazon.com/dp/B0CKFKM3MS?tag=hillarypeil-20,BARCART,Amazon Creators API returned the product but no price
B0CKJWW5JR,https://www.amazon.com/dp/B0CKJWW5JR?tag=hillarypeil-20,BARCART,Amazon Creators API returned the product but no price
B0CKMFT9JJ,https://www.amazon.com/dp/B0CKMFT9JJ?tag=hillarypeil-20,COFFEE TABLES. SIDE TABLES. ACCENT TABLES,Amazon Creators API returned the product but no price
B0CKP7GLYS,https://www.amazon.com/dp/B0CKP7GLYS?tag=hillarypeil-20,WINTER FASHION,Amazon Creators API returned the product but no price
B0CKR6F1RH,https://www.amazon.com/dp/B0CKR6F1RH?tag=hillarypeil-20,WINTER FASHION,Amazon Creators API returned the product but no price
B0CKRFFR8D,https://www.amazon.com/dp/B0CKRFFR8D?tag=hillarypeil-20,WINTER FASHION,Amazon Creators API returned the product but no price
B0CKVJ61RS,https://www.amazon.com/dp/B0CKVJ61RS?tag=hillarypeil-20,WINTER FASHION,Amazon Creators API returned the product but no price
B0CKVMX7L1,https://www.amazon.com/dp/B0CKVMX7L1?tag=hillarypeil-20,COFFEE TABLES. SIDE TABLES. ACCENT TABLES | JANUARY Best Sellers,Amazon Creators API returned the product but no price
B0CKW762JQ,https://www.amazon.com/dp/B0CKW762JQ?tag=hillarypeil-20,FRIDGE Organization,Amazon Creators API returned the product but no price
B0CKWDXPG7,https://www.amazon.com/dp/B0CKWDXPG7?tag=hillarypeil-20,COFFEE TABLES. SIDE TABLES. ACCENT TABLES,Amazon Creators API returned the product but no price
B0CKWKW2Q1,https://www.amazon.com/dp/B0CKWKW2Q1?tag=hillarypeil-20,LAMPS,Amazon Creators API returned the product but no price
B0CKXYTC5X,https://www.amazon.com/dp/B0CKXYTC5X?tag=hillarypeil-20,COFFEE TABLES. SIDE TABLES. ACCENT TABLES,Amazon Creators API returned the product but no price
B0CKZ1HYRP,https://www.amazon.com/dp/B0CKZ1HYRP?tag=hillarypeil-20,JUST IN...My Newest OBSESSIONS,Amazon Creators API returned the product but no price
B0CKZ63S89,https://www.amazon.com/dp/B0CKZ63S89?tag=hillarypeil-20,SPORT MOM Style,Amazon Creators API returned the product but no price
B0CKZK6LP4,https://www.amazon.com/dp/B0CKZK6LP4?tag=hillarypeil-20,LAST MINUTE GIFTS,Amazon Creators API returned the product but no price
B0CKZT3G15,https://www.amazon.com/dp/B0CKZT3G15?tag=hillarypeil-20,TRAVEL,Amazon Creators API returned the product but no price
B0CL4CF7WG,https://www.amazon.com/dp/B0CL4CF7WG?tag=hillarypeil-20,COFFEE TABLES. SIDE TABLES. ACCENT TABLES,Amazon Creators API returned the product but no price
B0CL4DR48J,https://www.amazon.com/dp/B0CL4DR48J?tag=hillarypeil-20,JANUARY Best Sellers,Amazon Creators API returned the product but no price
B0CL4T4HVV,https://www.amazon.com/dp/B0CL4T4HVV?tag=hillarypeil-20,KITCHEN Essentials,Amazon Creators API returned the product but no price
B0CL9CPW45,https://www.amazon.com/dp/B0CL9CPW45?tag=hillarypeil-20,TOP NOVEMBER DEALS,Amazon Creators API returned the product but no price
B0CLBTLW5D,https://www.amazon.com/dp/B0CLBTLW5D?tag=hillarypeil-20,LAST MINUTE GIFTS,Amazon Creators API returned the product but no price
B0CLD543QZ,https://www.amazon.com/dp/B0CLD543QZ?tag=hillarypeil-20,PILLOWS & THROWS,Amazon Creators API returned the product but no price
B0CLG77ZSB,https://www.amazon.com/dp/B0CLG77ZSB?tag=hillarypeil-20,CHIC 2-PIECE SETS,Amazon Creators API returned the product but no price
B0CLGJY44Q,https://www.amazon.com/dp/B0CLGJY44Q?tag=hillarypeil-20,BEDDING: LUXURY finds in Our Home | MARCH Best Sellers,Amazon Creators API returned the product but no price
B0CLGNM6W7,https://www.amazon.com/dp/B0CLGNM6W7?tag=hillarypeil-20,DINING ROOM,Amazon Creators API returned the product but no price
B0CLHJQMN9,https://www.amazon.com/dp/B0CLHJQMN9?tag=hillarypeil-20,HOLIDAY THEMES 2025 | VIRAL Holiday Finds,Amazon Creators API returned the product but no price
B0CLK5TKLL,https://www.amazon.com/dp/B0CLK5TKLL?tag=hillarypeil-20,PILATES PRINCESS,Amazon Creators API returned the product but no price
B0CLLJ94ZK,https://www.amazon.com/dp/B0CLLJ94ZK?tag=hillarypeil-20,GIFTS UNDER $25,Amazon Creators API returned the product but no price
B0CLLPQH54,https://www.amazon.com/dp/B0CLLPQH54?tag=hillarypeil-20,FRIDGE Organization,Amazon Creators API returned the product but no price
B0CLLVBQFB,https://www.amazon.com/dp/B0CLLVBQFB?tag=hillarypeil-20,COFFEE TABLES. SIDE TABLES. ACCENT TABLES,Amazon Creators API returned the product but no price
B0CLMJCCY2,https://www.amazon.com/dp/B0CLMJCCY2?tag=hillarypeil-20,NEW HOME FINDS,Amazon Creators API returned the product but no price
B0CLND5Y3H,https://www.amazon.com/dp/B0CLND5Y3H?tag=hillarypeil-20,RESORT WEAR FASHION,Amazon Creators API returned the product but no price
B0CLNXMZ71,https://www.amazon.com/dp/B0CLNXMZ71?tag=hillarypeil-20,COFFEE TABLES. SIDE TABLES. ACCENT TABLES,Amazon Creators API returned the product but no price
B0CLNYP4CP,https://www.amazon.com/dp/B0CLNYP4CP?tag=hillarypeil-20,COFFEE TABLES. SIDE TABLES. ACCENT TABLES,Amazon Creators API returned the product but no price
B0CLRX2W64,https://www.amazon.com/dp/B0CLRX2W64?tag=hillarypeil-20,WINTER FASHION,Amazon Creators API returned the product but no price
B0CLTLFXDC,https://www.amazon.com/dp/B0CLTLFXDC?tag=hillarypeil-20,LAMPS,Amazon Creators API returned the product but no price
B0CLTV2TN4,https://www.amazon.com/dp/B0CLTV2TN4?tag=hillarypeil-20,MY HOLIDAY Home,Amazon Creators API returned the product but no price
B0CLV9K816,https://www.amazon.com/dp/B0CLV9K816?tag=hillarypeil-20,WINTER FASHION,Amazon Creators API returned the product but no price
B0CLVH74HZ,https://www.amazon.com/dp/B0CLVH74HZ?tag=hillarypeil-20,LAMPS,Amazon Creators API returned the product but no price
B0CM2XHDWB,https://www.amazon.com/dp/B0CM2XHDWB?tag=hillarypeil-20,MORE NEW FINDS,Amazon Creators API returned the product but no price
B0CM6J5D6Y,https://www.amazon.com/dp/B0CM6J5D6Y?tag=hillarypeil-20,QUIET LUXURY/OLD MONEY,Amazon Creators API returned the product but no price
B0CM6SCGL8,https://www.amazon.com/dp/B0CM6SCGL8?tag=hillarypeil-20,JUNE TOP PICKS,Amazon Creators API returned the product but no price
B0CM6V2837,https://www.amazon.com/dp/B0CM6V2837?tag=hillarypeil-20,OUTDOOR Oasis,Amazon Creators API returned the product but no price
B0CM8BMZPR,https://www.amazon.com/dp/B0CM8BMZPR?tag=hillarypeil-20,FURNITURE In Our Home,Amazon Creators API returned the product but no price
B0CM8KXXHV,https://www.amazon.com/dp/B0CM8KXXHV?tag=hillarypeil-20,JUST IN...My Newest OBSESSIONS,Amazon Creators API returned the product but no price
B0CM95VDNB,https://www.amazon.com/dp/B0CM95VDNB?tag=hillarypeil-20,Spring Obsessed,Amazon Creators API returned the product but no price
B0CM9HV6XM,https://www.amazon.com/dp/B0CM9HV6XM?tag=hillarypeil-20,TOP NOVEMBER DEALS,Amazon Creators API returned the product but no price
B0CMHBZGJT,https://www.amazon.com/dp/B0CMHBZGJT?tag=hillarypeil-20,SOFAS. ACCENT CHAIRS. OTTOMANS.,Amazon Creators API returned the product but no price
B0CMHC5V9V,https://www.amazon.com/dp/B0CMHC5V9V?tag=hillarypeil-20,RESORT WEAR FASHION,Amazon Creators API returned the product but no price
B0CMHGQ1D3,https://www.amazon.com/dp/B0CMHGQ1D3?tag=hillarypeil-20,RESORT WEAR FASHION,Amazon Creators API returned the product but no price
B0CMR5L3Q7,https://www.amazon.com/dp/B0CMR5L3Q7?tag=hillarypeil-20,SOFAS. ACCENT CHAIRS. OTTOMANS.,Amazon Creators API returned the product but no price
B0CMTB3XZV,https://www.amazon.com/dp/B0CMTB3XZV?tag=hillarypeil-20,THE Littles - GIFT GUIDE,Amazon Creators API returned the product but no price
B0CMTMM66M,https://www.amazon.com/dp/B0CMTMM66M?tag=hillarypeil-20,COFFEE TABLES. SIDE TABLES. ACCENT TABLES,Amazon Creators API returned the product but no price
B0CMV6HX4Y,https://www.amazon.com/dp/B0CMV6HX4Y?tag=hillarypeil-20,DECEMBER Best Sellers | PILATES PRINCESS,Amazon Creators API returned the product but no price
B0CMWQC8BH,https://www.amazon.com/dp/B0CMWQC8BH?tag=hillarypeil-20,New Year's Must-Haves,Amazon Creators API returned the product but no price
B0CMZGK794,https://www.amazon.com/dp/B0CMZGK794?tag=hillarypeil-20,WORK WEAR,Amazon Creators API returned the product but no price
B0CMZYX9RP,https://www.amazon.com/dp/B0CMZYX9RP?tag=hillarypeil-20,The FALL EDIT,Amazon Creators API returned the product but no price
B0CN1PY2CG,https://www.amazon.com/dp/B0CN1PY2CG?tag=hillarypeil-20,January Best Sellers 2 | My TOP Amazon Cleaning and Organizing | ORGANIZING Essentials,Amazon Creators API returned the product but no price
B0CN1TKYZC,https://www.amazon.com/dp/B0CN1TKYZC?tag=hillarypeil-20,FEBRUARY Best Sellers,Amazon Creators API returned the product but no price
B0CN2DB99C,https://www.amazon.com/dp/B0CN2DB99C?tag=hillarypeil-20,SOFAS. ACCENT CHAIRS. OTTOMANS.,Amazon Creators API returned the product but no price
B0CN6NNGTD,https://www.amazon.com/dp/B0CN6NNGTD?tag=hillarypeil-20,SOFAS. ACCENT CHAIRS. OTTOMANS.,Amazon Creators API returned the product but no price
B0CN6QXQRL,https://www.amazon.com/dp/B0CN6QXQRL?tag=hillarypeil-20,SOFAS. ACCENT CHAIRS. OTTOMANS.,Amazon Creators API returned the product but no price
B0CN7C211F,https://www.amazon.com/dp/B0CN7C211F?tag=hillarypeil-20,STOCKING STUFFERS,Amazon Creators API returned the product but no price
B0CN8WW986,https://www.amazon.com/dp/B0CN8WW986?tag=hillarypeil-20,WALL DECOR - MIRRORS. ART. FRAMES.,Amazon Creators API returned the product but no price
B0CN98GZYT,https://www.amazon.com/dp/B0CN98GZYT?tag=hillarypeil-20,WINTER FASHION,Amazon Creators API returned the product but no price
B0CN9L422H,https://www.amazon.com/dp/B0CN9L422H?tag=hillarypeil-20,SOFAS. ACCENT CHAIRS. OTTOMANS.,Amazon Creators API returned the product but no price
B0CNDFMDWW,https://www.amazon.com/dp/B0CNDFMDWW?tag=hillarypeil-20,JUST IN...My Newest OBSESSIONS,Amazon Creators API returned the product but no price
B0CNG2LHVD,https://www.amazon.com/dp/B0CNG2LHVD?tag=hillarypeil-20,RESORT WEAR FASHION,Amazon Creators API returned the product but no price
B0CNGBN9J6,https://www.amazon.com/dp/B0CNGBN9J6?tag=hillarypeil-20,SOFAS. ACCENT CHAIRS. OTTOMANS.,Amazon Creators API returned the product but no price
B0CNJW9W2S,https://www.amazon.com/dp/B0CNJW9W2S?tag=hillarypeil-20,KITCHEN Essentials,Amazon Creators API returned the product but no price
B0CNKB4TRC,https://www.amazon.com/dp/B0CNKB4TRC?tag=hillarypeil-20,WINTER FASHION,Amazon Creators API returned the product but no price
B0CNKHMGC6,https://www.amazon.com/dp/B0CNKHMGC6?tag=hillarypeil-20,EUROPEAN SUMMER,Amazon Creators API returned the product but no price
B0CNLV79J8,https://www.amazon.com/dp/B0CNLV79J8?tag=hillarypeil-20,Hillary's NEWEST Finds,Amazon Creators API returned the product but no price
B0CNLVF4F2,https://www.amazon.com/dp/B0CNLVF4F2?tag=hillarypeil-20,CABINETS. SIDEBOARDS. BUFFETS. CONSOLES. | Our SITTING ROOM,Amazon Creators API returned the product but no price
B0CNLVYV11,https://www.amazon.com/dp/B0CNLVYV11?tag=hillarypeil-20,Hillary's NEWEST Finds,Amazon Creators API returned the product but no price
B0CNLW2185,https://www.amazon.com/dp/B0CNLW2185?tag=hillarypeil-20,CABINETS. SIDEBOARDS. BUFFETS. CONSOLES.,Amazon Creators API returned the product but no price
B0CNPPLZGL,https://www.amazon.com/dp/B0CNPPLZGL?tag=hillarypeil-20,LUXE JEWELRY & ACCESSORIES,Amazon Creators API returned the product but no price
B0CNQZ3X4H,https://www.amazon.com/dp/B0CNQZ3X4H?tag=hillarypeil-20,ATHEISURE,Amazon Creators API returned the product but no price
B0CNR2FYXR,https://www.amazon.com/dp/B0CNR2FYXR?tag=hillarypeil-20,Effortless Chic Home,Amazon Creators API returned the product but no price
B0CNRR87BF,https://www.amazon.com/dp/B0CNRR87BF?tag=hillarypeil-20,SOFAS. ACCENT CHAIRS. OTTOMANS.,Amazon Creators API returned the product but no price
B0CNSV4SS8,https://www.amazon.com/dp/B0CNSV4SS8?tag=hillarypeil-20,FOR HER - HANDBAGS,Amazon Creators API returned the product but no price
B0CNTHYTY7,https://www.amazon.com/dp/B0CNTHYTY7?tag=hillarypeil-20,CABINETS. SIDEBOARDS. BUFFETS. CONSOLES.,Amazon Creators API returned the product but no price
B0CNTYLG6J,https://www.amazon.com/dp/B0CNTYLG6J?tag=hillarypeil-20,BEAUTY & SKINCARE,Amazon Creators API returned the product but no price
B0CNW369JC,https://www.amazon.com/dp/B0CNW369JC?tag=hillarypeil-20,COFFEE TABLES. SIDE TABLES. ACCENT TABLES,Amazon Creators API returned the product but no price
B0CNW46ZZF,https://www.amazon.com/dp/B0CNW46ZZF?tag=hillarypeil-20,COFFEE TABLES. SIDE TABLES. ACCENT TABLES,Amazon Creators API returned the product but no price
B0CNX15GXV,https://www.amazon.com/dp/B0CNX15GXV?tag=hillarypeil-20,AUGUST TOP PICKS,Amazon Creators API returned the product but no price
B0CNYJR8L1,https://www.amazon.com/dp/B0CNYJR8L1?tag=hillarypeil-20,ELEVATED HOLIDAY FASHION,Amazon Creators API returned the product but no price
B0CP1W9VR4,https://www.amazon.com/dp/B0CP1W9VR4?tag=hillarypeil-20,FEBRUARY Best Sellers,Amazon Creators API returned the product but no price
B0CP25C4DC,https://www.amazon.com/dp/B0CP25C4DC?tag=hillarypeil-20,FOR HER - HANDBAGS,Amazon Creators API returned the product but no price
B0CP2BK8PT,https://www.amazon.com/dp/B0CP2BK8PT?tag=hillarypeil-20,SOFAS. ACCENT CHAIRS. OTTOMANS.,Amazon Creators API returned the product but no price
B0CP3MVWW3,https://www.amazon.com/dp/B0CP3MVWW3?tag=hillarypeil-20,MARCH Best Sellers,Amazon Creators API returned the product but no price
B0CP3NDSQ4,https://www.amazon.com/dp/B0CP3NDSQ4?tag=hillarypeil-20,CLOSET Organizing,Amazon Creators API returned the product but no price
B0CP42YBZ3,https://www.amazon.com/dp/B0CP42YBZ3?tag=hillarypeil-20,COFFEE TABLES. SIDE TABLES. ACCENT TABLES,Amazon Creators API returned the product but no price
B0CP597S5Q,https://www.amazon.com/dp/B0CP597S5Q?tag=hillarypeil-20,STOCKING STUFFERS,Amazon Creators API returned the product but no price
B0CP5Z3XTH,https://www.amazon.com/dp/B0CP5Z3XTH?tag=hillarypeil-20,GIFTS UNDER $50,Amazon Creators API returned the product but no price
B0CP6WD6SM,https://www.amazon.com/dp/B0CP6WD6SM?tag=hillarypeil-20,AUGUST TOP PICKS,Amazon Creators API returned the product but no price
B0CP7JPXKR,https://www.amazon.com/dp/B0CP7JPXKR?tag=hillarypeil-20,VASES. TRAYS. BOXES.,Amazon Creators API returned the product but no price
B0CP7ZMY3C,https://www.amazon.com/dp/B0CP7ZMY3C?tag=hillarypeil-20,Hillary's NEWEST Finds,Amazon Creators API returned the product but no price
B0CP8GVGX7,https://www.amazon.com/dp/B0CP8GVGX7?tag=hillarypeil-20,CABINETS. SIDEBOARDS. BUFFETS. CONSOLES.,Amazon Creators API returned the product but no price
B0CP9F8SLJ,https://www.amazon.com/dp/B0CP9F8SLJ?tag=hillarypeil-20,LUXE JEWELRY & ACCESSORIES,Amazon Creators API returned the product but no price
B0CP9MT6YJ,https://www.amazon.com/dp/B0CP9MT6YJ?tag=hillarypeil-20,COFFEE TABLES. SIDE TABLES. ACCENT TABLES,Amazon Creators API returned the product but no price
B0CPDN72SH,https://www.amazon.com/dp/B0CPDN72SH?tag=hillarypeil-20,Spring Obsessed,Amazon Creators API returned the product but no price
B0CPFYH5VQ,https://www.amazon.com/dp/B0CPFYH5VQ?tag=hillarypeil-20,GIFTING,Amazon Creators API returned the product but no price
B0CPP8XHZP,https://www.amazon.com/dp/B0CPP8XHZP?tag=hillarypeil-20,JANUARY Best Sellers,Amazon Creators API returned the product but no price
B0CPR6TTDK,https://www.amazon.com/dp/B0CPR6TTDK?tag=hillarypeil-20,CANDLE HOLDERS. CANDLE STICKS.,Amazon Creators API returned the product but no price
B0CPS164DY,https://www.amazon.com/dp/B0CPS164DY?tag=hillarypeil-20,Spring Obsessed,Amazon Creators API returned the product but no price
B0CPS81KBN,https://www.amazon.com/dp/B0CPS81KBN?tag=hillarypeil-20,AUGUST TOP PICKS,Amazon Creators API returned the product but no price
B0CPSQYFS8,https://www.amazon.com/dp/B0CPSQYFS8?tag=hillarypeil-20,RH STYLE - Looks like a SPLURGE,Amazon Creators API returned the product but no price
B0CPX96TGD,https://www.amazon.com/dp/B0CPX96TGD?tag=hillarypeil-20,Spring Obsessed,Amazon Creators API returned the product but no price
B0CPXQRFBB,https://www.amazon.com/dp/B0CPXQRFBB?tag=hillarypeil-20,SOFAS. ACCENT CHAIRS. OTTOMANS.,Amazon Creators API returned the product but no price
B0CPZL9ZZL,https://www.amazon.com/dp/B0CPZL9ZZL?tag=hillarypeil-20,TOP SEPTEMBER DEALS,Amazon Creators API returned the product but no price
B0CPZPLD87,https://www.amazon.com/dp/B0CPZPLD87?tag=hillarypeil-20,2025 TOP SELLERS,Amazon Creators API returned the product but no price
B0CQ1WZD93,https://www.amazon.com/dp/B0CQ1WZD93?tag=hillarypeil-20,HOME & BATH Essentials,Amazon Creators API returned the product but no price
B0CQ226D9Z,https://www.amazon.com/dp/B0CQ226D9Z?tag=hillarypeil-20,BEST SELLERS | JULY TOP PICKS,Amazon Creators API returned the product but no price
B0CQ2C67RK,https://www.amazon.com/dp/B0CQ2C67RK?tag=hillarypeil-20,Our REMODEL HOME,Amazon Creators API returned the product but no price
B0CQ2J4KQT,https://www.amazon.com/dp/B0CQ2J4KQT?tag=hillarypeil-20,Spring Obsessed,Amazon Creators API returned the product but no price
B0CQ4B4VSH,https://www.amazon.com/dp/B0CQ4B4VSH?tag=hillarypeil-20,LIGHTING - Designer Inspired,Amazon Creators API returned the product but no price
B0CQ4MFFNV,https://www.amazon.com/dp/B0CQ4MFFNV?tag=hillarypeil-20,BEST SELLERS,Amazon Creators API returned the product but no price
B0CQ4ZKQGQ,https://www.amazon.com/dp/B0CQ4ZKQGQ?tag=hillarypeil-20,JANUARY Best Sellers,Amazon Creators API returned the product but no price
B0CQ7HWCBD,https://www.amazon.com/dp/B0CQ7HWCBD?tag=hillarypeil-20,WINTER FASHION,Amazon Creators API returned the product but no price
B0CQ7S1HB2,https://www.amazon.com/dp/B0CQ7S1HB2?tag=hillarypeil-20,HOME DECOR,Amazon Creators API returned the product but no price
B0CQ817HRB,https://www.amazon.com/dp/B0CQ817HRB?tag=hillarypeil-20,JUST IN - Organizing & Home,Amazon Creators API returned the product but no price
B0CQ9KT429,https://www.amazon.com/dp/B0CQ9KT429?tag=hillarypeil-20,SOFAS. ACCENT CHAIRS. OTTOMANS.,Amazon Creators API returned the product but no price
B0CQDZCVVD,https://www.amazon.com/dp/B0CQDZCVVD?tag=hillarypeil-20,HOLIDAY EVENING Looks,Amazon Creators API returned the product but no price
B0CQJPL1K3,https://www.amazon.com/dp/B0CQJPL1K3?tag=hillarypeil-20,ELEVATED SWIMWEAR,Amazon Creators API returned the product but no price
B0CQJSLVF5,https://www.amazon.com/dp/B0CQJSLVF5?tag=hillarypeil-20,TRAVEL,Amazon Creators API returned the product but no price
B0CQJTR254,https://www.amazon.com/dp/B0CQJTR254?tag=hillarypeil-20,AFFORDABLE DECOR,Amazon Creators API returned the product but no price
B0CQJZ7WGS,https://www.amazon.com/dp/B0CQJZ7WGS?tag=hillarypeil-20,TOP 100+ PRIME DEALS,Amazon Creators API returned the product but no price
B0CQLN531Y,https://www.amazon.com/dp/B0CQLN531Y?tag=hillarypeil-20,HOME DECOR,Amazon Creators API returned the product but no price
B0CQM77VD5,https://www.amazon.com/dp/B0CQM77VD5?tag=hillarypeil-20,BATHROOM Essentials,Amazon Creators API returned the product but no price
B0CQNPRS9H,https://www.amazon.com/dp/B0CQNPRS9H?tag=hillarypeil-20,NEW Arrivals,Amazon Creators API returned the product but no price
B0CQPHY5XL,https://www.amazon.com/dp/B0CQPHY5XL?tag=hillarypeil-20,LUXE JEWELRY & ACCESSORIES,Amazon Creators API returned the product but no price
B0CQRCMKG6,https://www.amazon.com/dp/B0CQRCMKG6?tag=hillarypeil-20,In MY Travel Bag,Amazon Creators API returned the product but no price
B0CQRG62JM,https://www.amazon.com/dp/B0CQRG62JM?tag=hillarypeil-20,SOFAS. ACCENT CHAIRS. OTTOMANS.,Amazon Creators API returned the product but no price
B0CQRLY335,https://www.amazon.com/dp/B0CQRLY335?tag=hillarypeil-20,NEW HOME FINDS,Amazon Creators API returned the product but no price
B0CQTRNGGH,https://www.amazon.com/dp/B0CQTRNGGH?tag=hillarypeil-20,GIFTING,Amazon Creators API returned the product but no price
B0CQVN85VC,https://www.amazon.com/dp/B0CQVN85VC?tag=hillarypeil-20,MARCH Best Sellers | Spring Obsessed,Amazon Creators API returned the product but no price
B0CQVWT2NH,https://www.amazon.com/dp/B0CQVWT2NH?tag=hillarypeil-20,TWEEN & TEEN - GIFT GUIDE,Amazon Creators API returned the product but no price
B0CQX4V646,https://www.amazon.com/dp/B0CQX4V646?tag=hillarypeil-20,MARCH Best Sellers,Amazon Creators API returned the product but no price
B0CQX4XRMM,https://www.amazon.com/dp/B0CQX4XRMM?tag=hillarypeil-20,Spring Obsessed,Amazon Creators API returned the product but no price
B0CQY38B1C,https://www.amazon.com/dp/B0CQY38B1C?tag=hillarypeil-20,Spring Obsessed,Amazon Creators API returned the product but no price
B0CQZ8JRDQ,https://www.amazon.com/dp/B0CQZ8JRDQ?tag=hillarypeil-20,BRIDE- Spoil Her for the Big Day!,Amazon Creators API returned the product but no price
B0CR1J7SW3,https://www.amazon.com/dp/B0CR1J7SW3?tag=hillarypeil-20,SOFAS. ACCENT CHAIRS. OTTOMANS.,Amazon Creators API returned the product but no price
B0CR3BDWQ1,https://www.amazon.com/dp/B0CR3BDWQ1?tag=hillarypeil-20,FASHION,Amazon Creators API returned the product but no price
B0CR47FGBT,https://www.amazon.com/dp/B0CR47FGBT?tag=hillarypeil-20,HOME DECOR,Amazon Creators API returned the product but no price
B0CR6HCH2B,https://www.amazon.com/dp/B0CR6HCH2B?tag=hillarypeil-20,TOP NOVEMBER DEALS,Amazon Creators API returned the product but no price
B0CR9YTZH6,https://www.amazon.com/dp/B0CR9YTZH6?tag=hillarypeil-20,AUTUMN Vibes,Amazon Creators API returned the product but no price
B0CRDPY3HP,https://www.amazon.com/dp/B0CRDPY3HP?tag=hillarypeil-20,AFFORDABLE DECOR,Amazon Creators API returned the product but no price
B0CRGVVKP2,https://www.amazon.com/dp/B0CRGVVKP2?tag=hillarypeil-20,NEW Arrivals,Amazon Creators API returned the product but no price
B0CRHF2FBZ,https://www.amazon.com/dp/B0CRHF2FBZ?tag=hillarypeil-20,LUXE JEWELRY & ACCESSORIES,Amazon Creators API returned the product but no price
B0CRJWJ4WY,https://www.amazon.com/dp/B0CRJWJ4WY?tag=hillarypeil-20,CABINETS. SIDEBOARDS. BUFFETS. CONSOLES.,Amazon Creators API returned the product but no price
B0CRKPW3JQ,https://www.amazon.com/dp/B0CRKPW3JQ?tag=hillarypeil-20,JULY TOP PICKS,Amazon Creators API returned the product but no price
B0CRL5WY1H,https://www.amazon.com/dp/B0CRL5WY1H?tag=hillarypeil-20,RESORT WEAR FASHION,Amazon Creators API returned the product but no price
B0CRMY5BMK,https://www.amazon.com/dp/B0CRMY5BMK?tag=hillarypeil-20,MARCH Best Sellers,Amazon Creators API returned the product but no price
B0CRT3HF3B,https://www.amazon.com/dp/B0CRT3HF3B?tag=hillarypeil-20,WORK WEAR,Amazon Creators API returned the product but no price
B0CRWRH6TT,https://www.amazon.com/dp/B0CRWRH6TT?tag=hillarypeil-20,AUTUMN Vibes,Amazon Creators API returned the product but no price
B0CRYLDB6D,https://www.amazon.com/dp/B0CRYLDB6D?tag=hillarypeil-20,SOFAS. ACCENT CHAIRS. OTTOMANS.,Amazon Creators API returned the product but no price
B0CRYWRL7N,https://www.amazon.com/dp/B0CRYWRL7N?tag=hillarypeil-20,FEBRUARY Best Sellers,Amazon Creators API returned the product but no price
B0CS4GRL7G,https://www.amazon.com/dp/B0CS4GRL7G?tag=hillarypeil-20,BEAUTY & SKINCARE,Amazon Creators API returned the product but no price
B0CS9N1QYS,https://www.amazon.com/dp/B0CS9N1QYS?tag=hillarypeil-20,WALL DECOR - MIRRORS. ART. FRAMES.,Amazon Creators API returned the product but no price
B0CSCY5FLV,https://www.amazon.com/dp/B0CSCY5FLV?tag=hillarypeil-20,ELEVATED KITCHEN Must-Haves | Your Currently MOST-LOVED,Amazon Creators API returned the product but no price
B0CSD58PKW,https://www.amazon.com/dp/B0CSD58PKW?tag=hillarypeil-20,SKIMS LIKE BASICS,Amazon Creators API returned the product but no price
B0CSDCH6LC,https://www.amazon.com/dp/B0CSDCH6LC?tag=hillarypeil-20,THE Littles - GIFT GUIDE,Amazon Creators API returned the product but no price
B0CSFW9348,https://www.amazon.com/dp/B0CSFW9348?tag=hillarypeil-20,JANUARY Best Sellers,Amazon Creators API returned the product but no price
B0CSFX7XTQ,https://www.amazon.com/dp/B0CSFX7XTQ?tag=hillarypeil-20,BEST SELLERS,Amazon Creators API returned the product but no price
B0CSG16VHQ,https://www.amazon.com/dp/B0CSG16VHQ?tag=hillarypeil-20,PILLOWS & THROWS,Amazon Creators API returned the product but no price
B0CSJMY8SY,https://www.amazon.com/dp/B0CSJMY8SY?tag=hillarypeil-20,RESORT WEAR FASHION,Amazon Creators API returned the product but no price
B0CSN6R766,https://www.amazon.com/dp/B0CSN6R766?tag=hillarypeil-20,JULY TOP PICKS,Amazon Creators API returned the product but no price
B0CSPSNGF5,https://www.amazon.com/dp/B0CSPSNGF5?tag=hillarypeil-20,SUMMER HOSTING,Amazon Creators API returned the product but no price
B0CSRC9JP5,https://www.amazon.com/dp/B0CSRC9JP5?tag=hillarypeil-20,FOR HIM - GIFT GUIDE,Amazon Creators API returned the product but no price
B0CST11D1Z,https://www.amazon.com/dp/B0CST11D1Z?tag=hillarypeil-20,LIGHTING - Designer Inspired,Amazon Creators API returned the product but no price
B0CSVJ4Y3X,https://www.amazon.com/dp/B0CSVJ4Y3X?tag=hillarypeil-20,LIGHTING - Designer Inspired,Amazon Creators API returned the product but no price
B0CSVM532X,https://www.amazon.com/dp/B0CSVM532X?tag=hillarypeil-20,DECEMBER Best Sellers | MY TOP PRODUCTS FOR JULY | PILATES PRINCESS,Amazon Creators API returned the product but no price
B0CSZ47MH8,https://www.amazon.com/dp/B0CSZ47MH8?tag=hillarypeil-20,CABINETS. SIDEBOARDS. BUFFETS. CONSOLES.,Amazon Creators API returned the product but no price
B0CT25D8H2,https://www.amazon.com/dp/B0CT25D8H2?tag=hillarypeil-20,PILATES PRINCESS,Amazon Creators API returned the product but no price
B0CT2WVXMY,https://www.amazon.com/dp/B0CT2WVXMY?tag=hillarypeil-20,SUMMER HOSTING,Amazon Creators API returned the product but no price
B0CT4NHGBK,https://www.amazon.com/dp/B0CT4NHGBK?tag=hillarypeil-20,HOLIDAY THEMES 2025 | TOP OCTOBER DEALS,Amazon Creators API returned the product but no price
B0CT4ZNJSP,https://www.amazon.com/dp/B0CT4ZNJSP?tag=hillarypeil-20,FEBRUARY Best Sellers,Amazon Creators API returned the product but no price
B0CT5L9SN7,https://www.amazon.com/dp/B0CT5L9SN7?tag=hillarypeil-20,APRIL Best Sellers,Amazon Creators API returned the product but no price
B0CTCDYKWB,https://www.amazon.com/dp/B0CTCDYKWB?tag=hillarypeil-20,FASHION,Amazon Creators API returned the product but no price
B0CTCL78B8,https://www.amazon.com/dp/B0CTCL78B8?tag=hillarypeil-20,JULY TOP PICKS,Amazon Creators API returned the product but no price
B0CTFFDNNX,https://www.amazon.com/dp/B0CTFFDNNX?tag=hillarypeil-20,WINTER FASHION,Amazon Creators API returned the product but no price
B0CTG7PT8N,https://www.amazon.com/dp/B0CTG7PT8N?tag=hillarypeil-20,RESORT WEAR FASHION,Amazon Creators API returned the product but no price
B0CTHJRMF1,https://www.amazon.com/dp/B0CTHJRMF1?tag=hillarypeil-20,MARCH Best Sellers,Amazon Creators API returned the product but no price
B0CTHNYH31,https://www.amazon.com/dp/B0CTHNYH31?tag=hillarypeil-20,HOLIDAY EVENING Looks,Amazon Creators API returned the product but no price
B0CTK2SDTJ,https://www.amazon.com/dp/B0CTK2SDTJ?tag=hillarypeil-20,SOFAS. ACCENT CHAIRS. OTTOMANS.,Amazon Creators API returned the product but no price
B0CTKSQMMK,https://www.amazon.com/dp/B0CTKSQMMK?tag=hillarypeil-20,HOLIDAY EVENING Looks,Amazon Creators API returned the product but no price
B0CTKW21FT,https://www.amazon.com/dp/B0CTKW21FT?tag=hillarypeil-20,LUXE JEWELRY & ACCESSORIES,Amazon Creators API returned the product but no price
B0CTP6VTMN,https://www.amazon.com/dp/B0CTP6VTMN?tag=hillarypeil-20,BEAUTY & SKINCARE,Amazon Creators API returned the product but no price
B0CTQ44277,https://www.amazon.com/dp/B0CTQ44277?tag=hillarypeil-20,AUTUMN Vibes,Amazon Creators API returned the product but no price
B0CTQFCK1L,https://www.amazon.com/dp/B0CTQFCK1L?tag=hillarypeil-20,SOFAS. ACCENT CHAIRS. OTTOMANS.,Amazon Creators API returned the product but no price
B0CTSVFKC1,https://www.amazon.com/dp/B0CTSVFKC1?tag=hillarypeil-20,DECEMBER Best Sellers | JUNE TOP PICKS | JUST IN...My Newest OBSESSIONS,Amazon Creators API returned the product but no price
B0CV51PPM1,https://www.amazon.com/dp/B0CV51PPM1?tag=hillarypeil-20,HOLIDAY EVENING Looks,Amazon Creators API returned the product but no price
B0CV5MBTNZ,https://www.amazon.com/dp/B0CV5MBTNZ?tag=hillarypeil-20,OVER 40 & Fabulous HILLARY'S Capsule WARDROBE - Effortless & Chic,Amazon Creators API returned the product but no price
B0CV62K81F,https://www.amazon.com/dp/B0CV62K81F?tag=hillarypeil-20,AUGUST TOP PICKS,Amazon Creators API returned the product but no price
B0CV9F2Q5V,https://www.amazon.com/dp/B0CV9F2Q5V?tag=hillarypeil-20,TECH ESSENTIALS,Amazon Creators API returned the product but no price
B0CVL7W8NY,https://www.amazon.com/dp/B0CVL7W8NY?tag=hillarypeil-20,WALL DECOR - MIRRORS. ART. FRAMES.,Amazon Creators API returned the product but no price
B0CVN17HBX,https://www.amazon.com/dp/B0CVN17HBX?tag=hillarypeil-20,COFFEE TABLES. SIDE TABLES. ACCENT TABLES,Amazon Creators API returned the product but no price
B0CVQT4SDR,https://www.amazon.com/dp/B0CVQT4SDR?tag=hillarypeil-20,LUXE JEWELRY & ACCESSORIES,Amazon Creators API returned the product but no price
B0CVV5TS94,https://www.amazon.com/dp/B0CVV5TS94?tag=hillarypeil-20,VASES. TRAYS. BOXES.,Amazon Creators API returned the product but no price
B0CVVP897Y,https://www.amazon.com/dp/B0CVVP897Y?tag=hillarypeil-20,TOP SEPTEMBER DEALS,Amazon Creators API returned the product but no price
B0CVXF2K39,https://www.amazon.com/dp/B0CVXF2K39?tag=hillarypeil-20,FEBRUARY Best Sellers,Amazon Creators API returned the product but no price
B0CVXRSS1J,https://www.amazon.com/dp/B0CVXRSS1J?tag=hillarypeil-20,48 Yr Old Mom of 5 - What I am OBSESSED over!,Amazon Creators API returned the product but no price
B0CVYZ5TJZ,https://www.amazon.com/dp/B0CVYZ5TJZ?tag=hillarypeil-20,BEAUTY & SKINCARE,Amazon Creators API returned the product but no price
B0CVZ3L2G9,https://www.amazon.com/dp/B0CVZ3L2G9?tag=hillarypeil-20,RESORT WEAR FASHION,Amazon Creators API returned the product but no price
B0CVZK8SFP,https://www.amazon.com/dp/B0CVZK8SFP?tag=hillarypeil-20,BURGUNDY CRUSH,Amazon Creators API returned the product but no price
B0CW1SNQQ3,https://www.amazon.com/dp/B0CW1SNQQ3?tag=hillarypeil-20,QUIET LUXURY/OLD MONEY,Amazon Creators API returned the product but no price
B0CW2VS56N,https://www.amazon.com/dp/B0CW2VS56N?tag=hillarypeil-20,WINTER FASHION,Amazon Creators API returned the product but no price
B0CW92TDWH,https://www.amazon.com/dp/B0CW92TDWH?tag=hillarypeil-20,For the Hostess - GIFT GUIDE | TABLETOP MUST-HAVES,Amazon Creators API returned the product but no price
B0CW9KWFDM,https://www.amazon.com/dp/B0CW9KWFDM?tag=hillarypeil-20,HOME & BATH Essentials | KITCHEN Organizing,Amazon Creators API returned the product but no price
B0CW9QRH5W,https://www.amazon.com/dp/B0CW9QRH5W?tag=hillarypeil-20,SOFAS. ACCENT CHAIRS. OTTOMANS.,Amazon Creators API returned the product but no price
B0CWBM5Y41,https://www.amazon.com/dp/B0CWBM5Y41?tag=hillarypeil-20,AUTUMN Vibes,Amazon Creators API returned the product but no price
B0CWCSDDJG,https://www.amazon.com/dp/B0CWCSDDJG?tag=hillarypeil-20,RESORT WEAR FASHION,Amazon Creators API returned the product but no price
B0CWGFFYZN,https://www.amazon.com/dp/B0CWGFFYZN?tag=hillarypeil-20,WALL DECOR - MIRRORS. ART. FRAMES.,Amazon Creators API returned the product but no price
B0CWGXXCZS,https://www.amazon.com/dp/B0CWGXXCZS?tag=hillarypeil-20,CLOSET Organizing,Amazon Creators API returned the product but no price
B0CWK71B6D,https://www.amazon.com/dp/B0CWK71B6D?tag=hillarypeil-20,CHIC WITHOUT THE SPLURGE TRAVEL,Amazon Creators API returned the product but no price
B0CWL5FYKR,https://www.amazon.com/dp/B0CWL5FYKR?tag=hillarypeil-20,WINTER FASHION,Amazon Creators API returned the product but no price
B0CWL8RFNR,https://www.amazon.com/dp/B0CWL8RFNR?tag=hillarypeil-20,DATE NIGHT FASHION | WORK WEAR,Amazon Creators API returned the product but no price
B0CWLBNHJL,https://www.amazon.com/dp/B0CWLBNHJL?tag=hillarypeil-20,FRIDGE Organization,Amazon Creators API returned the product but no price
B0CWPBCVRM,https://www.amazon.com/dp/B0CWPBCVRM?tag=hillarypeil-20,TABLETOP MUST-HAVES,Amazon Creators API returned the product but no price
B0CWPWF7FN,https://www.amazon.com/dp/B0CWPWF7FN?tag=hillarypeil-20,DECEMBER Best Sellers,Amazon Creators API returned the product but no price
B0CWPWW6CK,https://www.amazon.com/dp/B0CWPWW6CK?tag=hillarypeil-20,KITCHEN Organizing,Amazon Creators API returned the product but no price
B0CWR9HQ1W,https://www.amazon.com/dp/B0CWR9HQ1W?tag=hillarypeil-20,HOLIDAY EVENING Looks,Amazon Creators API returned the product but no price
B0CWRFP5V7,https://www.amazon.com/dp/B0CWRFP5V7?tag=hillarypeil-20,HOLIDAY EVENING Looks,Amazon Creators API returned the product but no price
B0CWTYPTDG,https://www.amazon.com/dp/B0CWTYPTDG?tag=hillarypeil-20,DECEMBER Best Sellers,Amazon Creators API returned the product but no price
B0CWVD8MHH,https://www.amazon.com/dp/B0CWVD8MHH?tag=hillarypeil-20,HOLIDAY EVENING Looks,Amazon Creators API returned the product but no price
B0CWXNS552,https://www.amazon.com/dp/B0CWXNS552?tag=hillarypeil-20,FOR HIM - GIFT GUIDE,Amazon Creators API returned the product but no price
B0CX1L7DC5,https://www.amazon.com/dp/B0CX1L7DC5?tag=hillarypeil-20,MARCH Best Sellers,Amazon Creators API returned the product but no price
B0CX1LRLSK,https://www.amazon.com/dp/B0CX1LRLSK?tag=hillarypeil-20,HOLIDAY EVENING Looks,Amazon Creators API returned the product but no price
B0CX1N1LJR,https://www.amazon.com/dp/B0CX1N1LJR?tag=hillarypeil-20,ELEVATED HOLIDAY FASHION,Amazon Creators API returned the product but no price
B0CX4MGVRB,https://www.amazon.com/dp/B0CX4MGVRB?tag=hillarypeil-20,APRIL Best Sellers,Amazon Creators API returned the product but no price
B0CX7MWL2W,https://www.amazon.com/dp/B0CX7MWL2W?tag=hillarypeil-20,JUST IN...My Newest OBSESSIONS | VIRAL Holiday Finds,Amazon Creators API returned the product but no price
B0CX8M55K7,https://www.amazon.com/dp/B0CX8M55K7?tag=hillarypeil-20,CHIC WITHOUT THE SPLURGE TRAVEL,Amazon Creators API returned the product but no price
B0CXBHQ8SN,https://www.amazon.com/dp/B0CXBHQ8SN?tag=hillarypeil-20,BEST SELLERS,Amazon Creators API returned the product but no price
B0CXFBXX72,https://www.amazon.com/dp/B0CXFBXX72?tag=hillarypeil-20,JUST IN...My Newest OBSESSIONS,Amazon Creators API returned the product but no price
B0CXHJSB7V,https://www.amazon.com/dp/B0CXHJSB7V?tag=hillarypeil-20,COFFEE TABLES. SIDE TABLES. ACCENT TABLES,Amazon Creators API returned the product but no price
B0CXJ13MCB,https://www.amazon.com/dp/B0CXJ13MCB?tag=hillarypeil-20,OUTDOOR Oasis,Amazon Creators API returned the product but no price
B0CXQ6GPYG,https://www.amazon.com/dp/B0CXQ6GPYG?tag=hillarypeil-20,CLOSET Organizing,Amazon Creators API returned the product but no price
B0CXSN1T3D,https://www.amazon.com/dp/B0CXSN1T3D?tag=hillarypeil-20,COFFEE TABLES. SIDE TABLES. ACCENT TABLES,Amazon Creators API returned the product but no price
B0CXT9L8Q6,https://www.amazon.com/dp/B0CXT9L8Q6?tag=hillarypeil-20,FASHION | JUST IN...My Newest OBSESSIONS | OVER 40 & Fabulous HILLARY'S Capsule WARDROBE - Effortless & Chic | TRANSITIONAL Fall Fashion | UNDER $50 FALL Capsule,Amazon Creators API returned the product but no price
B0CXTMS4KL,https://www.amazon.com/dp/B0CXTMS4KL?tag=hillarypeil-20,BEAUTY & SKINCARE,Amazon Creators API returned the product but no price
B0CXX8VML5,https://www.amazon.com/dp/B0CXX8VML5?tag=hillarypeil-20,BEST SELLERS | JUST IN...My Newest OBSESSIONS,Amazon Creators API returned the product but no price
B0CY2JZD34,https://www.amazon.com/dp/B0CY2JZD34?tag=hillarypeil-20,EUROPEAN SUMMER,Amazon Creators API returned the product but no price
B0CY31CMR2,https://www.amazon.com/dp/B0CY31CMR2?tag=hillarypeil-20,LIGHTING - Designer Inspired,Amazon Creators API returned the product but no price
B0CY5183B6,https://www.amazon.com/dp/B0CY5183B6?tag=hillarypeil-20,COFFEE BAR Essentials,Amazon Creators API returned the product but no price
B0CY5FK8S5,https://www.amazon.com/dp/B0CY5FK8S5?tag=hillarypeil-20,CABINETS. SIDEBOARDS. BUFFETS. CONSOLES. | LUXE Holiday Home,Amazon Creators API returned the product but no price
B0CY9W3Q36,https://www.amazon.com/dp/B0CY9W3Q36?tag=hillarypeil-20,APRIL Best Sellers,Amazon Creators API returned the product but no price
B0CYC3RNTS,https://www.amazon.com/dp/B0CYC3RNTS?tag=hillarypeil-20,TRAVEL,Amazon Creators API returned the product but no price
B0CYC4NR5V,https://www.amazon.com/dp/B0CYC4NR5V?tag=hillarypeil-20,FAUX INDOOR/OUTDOOR | MARCH Best Sellers,Amazon Creators API returned the product but no price
B0CYFYPD6H,https://www.amazon.com/dp/B0CYFYPD6H?tag=hillarypeil-20,In MY Travel Bag | TRAVEL,Amazon Creators API returned the product but no price
B0CYGLVLYP,https://www.amazon.com/dp/B0CYGLVLYP?tag=hillarypeil-20,BARCART | SUMMER HOSTING,Amazon Creators API returned the product but no price
B0CYL81Q7Z,https://www.amazon.com/dp/B0CYL81Q7Z?tag=hillarypeil-20,Effortless Chic Home,Amazon Creators API returned the product but no price
B0CYLXFQ3Y,https://www.amazon.com/dp/B0CYLXFQ3Y?tag=hillarypeil-20,COFFEE TABLES. SIDE TABLES. ACCENT TABLES,Amazon Creators API returned the product but no price
B0CYPN8GM1,https://www.amazon.com/dp/B0CYPN8GM1?tag=hillarypeil-20,WORK WEAR,Amazon Creators API returned the product but no price
B0CYPQSRF5,https://www.amazon.com/dp/B0CYPQSRF5?tag=hillarypeil-20,ENTERTAINING Essentials,Amazon Creators API returned the product but no price
B0CYR4F76G,https://www.amazon.com/dp/B0CYR4F76G?tag=hillarypeil-20,TWEEN BACK TO SCHOOL,Amazon Creators API returned the product but no price
B0CYSZFDFV,https://www.amazon.com/dp/B0CYSZFDFV?tag=hillarypeil-20,JUST IN - Organizing & Home,Amazon Creators API returned the product but no price
B0CZ72WMJ6,https://www.amazon.com/dp/B0CZ72WMJ6?tag=hillarypeil-20,TOP SEPTEMBER DEALS,Amazon Creators API returned the product but no price
B0CZ7WTDZL,https://www.amazon.com/dp/B0CZ7WTDZL?tag=hillarypeil-20,APRIL Best Sellers,Amazon Creators API returned the product but no price
B0CZ7XZG4X,https://www.amazon.com/dp/B0CZ7XZG4X?tag=hillarypeil-20,OUTDOOR Oasis,Amazon Creators API returned the product but no price
B0CZDDDBZX,https://www.amazon.com/dp/B0CZDDDBZX?tag=hillarypeil-20,For the Hostess - GIFT GUIDE,Amazon Creators API returned the product but no price
B0CZL26LGN,https://www.amazon.com/dp/B0CZL26LGN?tag=hillarypeil-20,$50 WINTER FASHION,Amazon Creators API returned the product but no price
B0CZNYZPNN,https://www.amazon.com/dp/B0CZNYZPNN?tag=hillarypeil-20,Effortless Chic Home,Amazon Creators API returned the product but no price
B0CZNZZJPC,https://www.amazon.com/dp/B0CZNZZJPC?tag=hillarypeil-20,ORGANIZING Essentials,Amazon Creators API returned the product but no price
B0CZRD2B9J,https://www.amazon.com/dp/B0CZRD2B9J?tag=hillarypeil-20,PILATES PRINCESS,Amazon Creators API returned the product but no price
B0CZRRRXFY,https://www.amazon.com/dp/B0CZRRRXFY?tag=hillarypeil-20,In MY Travel Bag,Amazon Creators API returned the product but no price
B0CZSD4Q61,https://www.amazon.com/dp/B0CZSD4Q61?tag=hillarypeil-20,NEW Arrivals | RUGS,Amazon Creators API returned the product but no price
B0CZSDDS34,https://www.amazon.com/dp/B0CZSDDS34?tag=hillarypeil-20,BURGUNDY CRUSH,Amazon Creators API returned the product but no price
B0CZY1WXC1,https://www.amazon.com/dp/B0CZY1WXC1?tag=hillarypeil-20,HOME DECOR,Amazon Creators API returned the product but no price
B0D12GQKCL,https://www.amazon.com/dp/B0D12GQKCL?tag=hillarypeil-20,HOME & BATH Essentials,Amazon Creators API returned the product but no price
B0D12KNSKJ,https://www.amazon.com/dp/B0D12KNSKJ?tag=hillarypeil-20,RESORT WEAR FASHION,Amazon Creators API returned the product but no price
B0D13WF6WD,https://www.amazon.com/dp/B0D13WF6WD?tag=hillarypeil-20,ELEVATED KITCHEN Must-Haves,Amazon Creators API returned the product but no price
B0D14K97PC,https://www.amazon.com/dp/B0D14K97PC?tag=hillarypeil-20,KITCHEN Essentials,Amazon Creators API returned the product but no price
B0D155J4VR,https://www.amazon.com/dp/B0D155J4VR?tag=hillarypeil-20,CHIC WITHOUT THE SPLURGE TRAVEL | FEBRUARY Best Sellers,Amazon Creators API returned the product but no price
B0D172N49F,https://www.amazon.com/dp/B0D172N49F?tag=hillarypeil-20,JANUARY Best Sellers,Amazon Creators API returned the product but no price
B0D1G81YMG,https://www.amazon.com/dp/B0D1G81YMG?tag=hillarypeil-20,WALL DECOR - MIRRORS. ART. FRAMES.,Amazon Creators API returned the product but no price
B0D1JG8CRC,https://www.amazon.com/dp/B0D1JG8CRC?tag=hillarypeil-20,TECH ESSENTIALS,Amazon Creators API returned the product but no price
B0D1JYD5JD,https://www.amazon.com/dp/B0D1JYD5JD?tag=hillarypeil-20,2025 TOP SELLERS,Amazon Creators API returned the product but no price
B0D1KC16YP,https://www.amazon.com/dp/B0D1KC16YP?tag=hillarypeil-20,HOLIDAY COLOR CRUSHES 2025 | HOLIDAY THEMES 2025,Amazon Creators API returned the product but no price
B0D1L9GWRS,https://www.amazon.com/dp/B0D1L9GWRS?tag=hillarypeil-20,HOME DECOR,Amazon Creators API returned the product but no price
B0D1LG58HJ,https://www.amazon.com/dp/B0D1LG58HJ?tag=hillarypeil-20,TWEEN & TEEN - GIFT GUIDE,Amazon Creators API returned the product but no price
B0D1QQM26M,https://www.amazon.com/dp/B0D1QQM26M?tag=hillarypeil-20,HARDWARE & FINISHES,Amazon Creators API returned the product but no price
B0D1S6WK1G,https://www.amazon.com/dp/B0D1S6WK1G?tag=hillarypeil-20,For the Hostess - GIFT GUIDE | LAST MINUTE GIFTS,Amazon Creators API returned the product but no price
B0D1TXJB2C,https://www.amazon.com/dp/B0D1TXJB2C?tag=hillarypeil-20,CLOSET Organizing,Amazon Creators API returned the product but no price
B0D1Z2FVL2,https://www.amazon.com/dp/B0D1Z2FVL2?tag=hillarypeil-20,JUST IN - Organizing & Home,Amazon Creators API returned the product but no price
B0D21Z6T1C,https://www.amazon.com/dp/B0D21Z6T1C?tag=hillarypeil-20,MARCH Best Sellers,Amazon Creators API returned the product but no price
B0D22LJSRR,https://www.amazon.com/dp/B0D22LJSRR?tag=hillarypeil-20,TOP OCTOBER DEALS,Amazon Creators API returned the product but no price
B0D22R6KHD,https://www.amazon.com/dp/B0D22R6KHD?tag=hillarypeil-20,DECEMBER Best Sellers,Amazon Creators API returned the product but no price
B0D22Z338C,https://www.amazon.com/dp/B0D22Z338C?tag=hillarypeil-20,AUTUMN Vibes | JUST IN...My Newest OBSESSIONS,Amazon Creators API returned the product but no price
B0D23N9GSB,https://www.amazon.com/dp/B0D23N9GSB?tag=hillarypeil-20,STOCKING STUFFERS,Amazon Creators API returned the product but no price
B0D25GN7B8,https://www.amazon.com/dp/B0D25GN7B8?tag=hillarypeil-20,KITCHEN Essentials,Amazon Creators API returned the product but no price
B0D25LH9JH,https://www.amazon.com/dp/B0D25LH9JH?tag=hillarypeil-20,TABLETOP MUST-HAVES,Amazon Creators API returned the product but no price
B0D2CBVK1J,https://www.amazon.com/dp/B0D2CBVK1J?tag=hillarypeil-20,TRAVEL,Amazon Creators API returned the product but no price
B0D2KW1T3V,https://www.amazon.com/dp/B0D2KW1T3V?tag=hillarypeil-20,PILATES PRINCESS,Amazon Creators API returned the product but no price
B0D2L51QWF,https://www.amazon.com/dp/B0D2L51QWF?tag=hillarypeil-20,COFFEE TABLES. SIDE TABLES. ACCENT TABLES,Amazon Creators API returned the product but no price
B0D2M5SL3Z,https://www.amazon.com/dp/B0D2M5SL3Z?tag=hillarypeil-20,SHOPBOP Favorites,Amazon Creators API returned the product but no price
B0D2MN87W9,https://www.amazon.com/dp/B0D2MN87W9?tag=hillarypeil-20,MORE NEW FINDS,Amazon Creators API returned the product but no price
B0D2NYNV6L,https://www.amazon.com/dp/B0D2NYNV6L?tag=hillarypeil-20,Hillary's NEWEST Finds | NEW Arrivals | RESTORATION VIBES | RH STYLE - Looks like a SPLURGE,Amazon Creators API returned the product but no price
B0D2R4HHQV,https://www.amazon.com/dp/B0D2R4HHQV?tag=hillarypeil-20,ENTERTAINING Essentials | LUXE Holiday Home,Amazon Creators API returned the product but no price
B0D2R5H8Q2,https://www.amazon.com/dp/B0D2R5H8Q2?tag=hillarypeil-20,ENTERTAINING Essentials,Amazon Creators API returned the product but no price
B0D2SJ8594,https://www.amazon.com/dp/B0D2SJ8594?tag=hillarypeil-20,BEAUTY & SKINCARE,Amazon Creators API returned the product but no price
B0D2VT6J6T,https://www.amazon.com/dp/B0D2VT6J6T?tag=hillarypeil-20,SOFAS. ACCENT CHAIRS. OTTOMANS.,Amazon Creators API returned the product but no price
B0D2VWXT23,https://www.amazon.com/dp/B0D2VWXT23?tag=hillarypeil-20,WINTER FASHION,Amazon Creators API returned the product but no price
B0D2XYDPVG,https://www.amazon.com/dp/B0D2XYDPVG?tag=hillarypeil-20,BEST SELLERS | TOP SEPTEMBER DEALS,Amazon Creators API returned the product but no price
B0D322689B,https://www.amazon.com/dp/B0D322689B?tag=hillarypeil-20,EARLY Fall | NEW Arrivals | RESTORATION VIBES,Amazon Creators API returned the product but no price
B0D3F6PHYY,https://www.amazon.com/dp/B0D3F6PHYY?tag=hillarypeil-20,FEBRUARY Best Sellers,Amazon Creators API returned the product but no price
B0D3JHJNCS,https://www.amazon.com/dp/B0D3JHJNCS?tag=hillarypeil-20,The FALL EDIT,Amazon Creators API returned the product but no price
B0D3KR3LR4,https://www.amazon.com/dp/B0D3KR3LR4?tag=hillarypeil-20,HOLIDAY THEMES 2025,Amazon Creators API returned the product but no price
B0D3PJB669,https://www.amazon.com/dp/B0D3PJB669?tag=hillarypeil-20,HOLIDAY THEMES 2025,Amazon Creators API returned the product but no price
B0D3PR4N3Y,https://www.amazon.com/dp/B0D3PR4N3Y?tag=hillarypeil-20,CHIC WITHOUT THE SPLURGE TRAVEL,Amazon Creators API returned the product but no price
B0D3PXDLKV,https://www.amazon.com/dp/B0D3PXDLKV?tag=hillarypeil-20,AUTUMN Vibes,Amazon Creators API returned the product but no price
B0D3PYHVY2,https://www.amazon.com/dp/B0D3PYHVY2?tag=hillarypeil-20,LIGHTING - Designer Inspired,Amazon Creators API returned the product but no price
B0D3Q4KTFW,https://www.amazon.com/dp/B0D3Q4KTFW?tag=hillarypeil-20,CANDLE HOLDERS. CANDLE STICKS.,Amazon Creators API returned the product but no price
B0D3QHVNRG,https://www.amazon.com/dp/B0D3QHVNRG?tag=hillarypeil-20,HOME OFFICE Essentials,Amazon Creators API returned the product but no price
B0D3QJ3QYV,https://www.amazon.com/dp/B0D3QJ3QYV?tag=hillarypeil-20,DECEMBER Best Sellers | JANUARY Best Sellers,Amazon Creators API returned the product but no price
B0D3T9P441,https://www.amazon.com/dp/B0D3T9P441?tag=hillarypeil-20,HOLIDAY ON SALE,Amazon Creators API returned the product but no price
B0D3T9QP5T,https://www.amazon.com/dp/B0D3T9QP5T?tag=hillarypeil-20,Subtle Luxury Home,Amazon Creators API returned the product but no price
B0D3W6XKS4,https://www.amazon.com/dp/B0D3W6XKS4?tag=hillarypeil-20,Subtle Luxury Home,Amazon Creators API returned the product but no price
B0D3WLSVP6,https://www.amazon.com/dp/B0D3WLSVP6?tag=hillarypeil-20,GIFTING | LAST MINUTE GIFTS,Amazon Creators API returned the product but no price
B0D3WNQ1GT,https://www.amazon.com/dp/B0D3WNQ1GT?tag=hillarypeil-20,TOP OCTOBER DEALS,Amazon Creators API returned the product but no price
B0D3XK7XDD,https://www.amazon.com/dp/B0D3XK7XDD?tag=hillarypeil-20,JULY TOP PICKS,Amazon Creators API returned the product but no price
B0D419T2VS,https://www.amazon.com/dp/B0D419T2VS?tag=hillarypeil-20,PILLOWS & THROWS,Amazon Creators API returned the product but no price
B0D44V3QVG,https://www.amazon.com/dp/B0D44V3QVG?tag=hillarypeil-20,FEBRUARY Best Sellers,Amazon Creators API returned the product but no price
B0D4517144,https://www.amazon.com/dp/B0D4517144?tag=hillarypeil-20,JANUARY Best Sellers,Amazon Creators API returned the product but no price
B0D452NV1J,https://www.amazon.com/dp/B0D452NV1J?tag=hillarypeil-20,CARTS DON'T LIE — These were May's biggest hits. | ELEVATED KITCHEN Must-Haves,Amazon Creators API returned the product but no price
B0D45LH77N,https://www.amazon.com/dp/B0D45LH77N?tag=hillarypeil-20,JULY TOP PICKS,Amazon Creators API returned the product but no price
B0D4755QGJ,https://www.amazon.com/dp/B0D4755QGJ?tag=hillarypeil-20,SOFAS. ACCENT CHAIRS. OTTOMANS.,Amazon Creators API returned the product but no price
B0D47J29W5,https://www.amazon.com/dp/B0D47J29W5?tag=hillarypeil-20,SUMMER HOSTING,Amazon Creators API returned the product but no price
B0D484RLXB,https://www.amazon.com/dp/B0D484RLXB?tag=hillarypeil-20,WINTER FASHION,Amazon Creators API returned the product but no price
B0D48KTRCZ,https://www.amazon.com/dp/B0D48KTRCZ?tag=hillarypeil-20,AUTUMN Vibes,Amazon Creators API returned the product but no price
B0D4B9V8DJ,https://www.amazon.com/dp/B0D4B9V8DJ?tag=hillarypeil-20,TRAVEL,Amazon Creators API returned the product but no price
B0D4BDX9K5,https://www.amazon.com/dp/B0D4BDX9K5?tag=hillarypeil-20,HOLIDAY EVENING Looks,Amazon Creators API returned the product but no price
B0D4DZ1CSP,https://www.amazon.com/dp/B0D4DZ1CSP?tag=hillarypeil-20,FEBRUARY Best Sellers,Amazon Creators API returned the product but no price
B0D4F9WSNL,https://www.amazon.com/dp/B0D4F9WSNL?tag=hillarypeil-20,TOP SEPTEMBER DEALS,Amazon Creators API returned the product but no price
B0D4FDBD11,https://www.amazon.com/dp/B0D4FDBD11?tag=hillarypeil-20,GIFTS UNDER $50,Amazon Creators API returned the product but no price
B0D4JTNBST,https://www.amazon.com/dp/B0D4JTNBST?tag=hillarypeil-20,HEALTHY Living,Amazon Creators API returned the product but no price
B0D4M2B2YX,https://www.amazon.com/dp/B0D4M2B2YX?tag=hillarypeil-20,ELEVATED KITCHEN Must-Haves,Amazon Creators API returned the product but no price
B0D4M6FN1R,https://www.amazon.com/dp/B0D4M6FN1R?tag=hillarypeil-20,WINTER FASHION,Amazon Creators API returned the product but no price
B0D4M96DDS,https://www.amazon.com/dp/B0D4M96DDS?tag=hillarypeil-20,LIGHTING - Designer Inspired,Amazon Creators API returned the product but no price
B0D4MC2MJQ,https://www.amazon.com/dp/B0D4MC2MJQ?tag=hillarypeil-20,NEW HOME FINDS,Amazon Creators API returned the product but no price
B0D4NN2BMS,https://www.amazon.com/dp/B0D4NN2BMS?tag=hillarypeil-20,HOME & BATH Essentials,Amazon Creators API returned the product but no price
B0D4PV63K2,https://www.amazon.com/dp/B0D4PV63K2?tag=hillarypeil-20,JANUARY Best Sellers,Amazon Creators API returned the product but no price
B0D4R8TNCF,https://www.amazon.com/dp/B0D4R8TNCF?tag=hillarypeil-20,BATHROOM Organization | GADGETS I CANNOT live WITHOUT | Vanity Organization,Amazon Creators API returned the product but no price
B0D4R9WV15,https://www.amazon.com/dp/B0D4R9WV15?tag=hillarypeil-20,JANUARY Best Sellers,Amazon Creators API returned the product but no price
B0D4RBKHJ1,https://www.amazon.com/dp/B0D4RBKHJ1?tag=hillarypeil-20,TWEEN & TEEN - GIFT GUIDE,Amazon Creators API returned the product but no price
B0D4V74RBX,https://www.amazon.com/dp/B0D4V74RBX?tag=hillarypeil-20,FAUX INDOOR/OUTDOOR,Amazon Creators API returned the product but no price
B0D4VBTPFK,https://www.amazon.com/dp/B0D4VBTPFK?tag=hillarypeil-20,ORGANIZING Essentials,Amazon Creators API returned the product but no price
B0D4Y4RP69,https://www.amazon.com/dp/B0D4Y4RP69?tag=hillarypeil-20,TRANSITIONAL Fall Fashion,Amazon Creators API returned the product but no price
B0D4YMSSHG,https://www.amazon.com/dp/B0D4YMSSHG?tag=hillarypeil-20,AUGUST TOP PICKS,Amazon Creators API returned the product but no price
B0D4YTYFS1,https://www.amazon.com/dp/B0D4YTYFS1?tag=hillarypeil-20,TOP NOVEMBER DEALS,Amazon Creators API returned the product but no price
B0D54B9MQN,https://www.amazon.com/dp/B0D54B9MQN?tag=hillarypeil-20,FEBRUARY Best Sellers,Amazon Creators API returned the product but no price
B0D54JZTHY,https://www.amazon.com/dp/B0D54JZTHY?tag=hillarypeil-20,JANUARY Best Sellers | MARCH Best Sellers | VIRAL Home Gadgets,Amazon Creators API returned the product but no price
B0D5753TDN,https://www.amazon.com/dp/B0D5753TDN?tag=hillarypeil-20,WINTER FASHION,Amazon Creators API returned the product but no price
B0D5BB4S1Q,https://www.amazon.com/dp/B0D5BB4S1Q?tag=hillarypeil-20,HOLIDAY ESSENTIALS,Amazon Creators API returned the product but no price
B0D5DB2DNS,https://www.amazon.com/dp/B0D5DB2DNS?tag=hillarypeil-20,HOME & BATH Essentials | NO DRILL Home Improvement,Amazon Creators API returned the product but no price
B0D5GM73DH,https://www.amazon.com/dp/B0D5GM73DH?tag=hillarypeil-20,DECEMBER Best Sellers,Amazon Creators API returned the product but no price
B0D5LLWZLZ,https://www.amazon.com/dp/B0D5LLWZLZ?tag=hillarypeil-20,LIGHTING - Designer Inspired,Amazon Creators API returned the product but no price
B0D5NXMJSB,https://www.amazon.com/dp/B0D5NXMJSB?tag=hillarypeil-20,COFFEE TABLES. SIDE TABLES. ACCENT TABLES,Amazon Creators API returned the product but no price
B0D5QV29PN,https://www.amazon.com/dp/B0D5QV29PN?tag=hillarypeil-20,$50 WINTER FASHION,Amazon Creators API returned the product but no price
B0D5RCK25C,https://www.amazon.com/dp/B0D5RCK25C?tag=hillarypeil-20,JUST IN...My Newest OBSESSIONS,Amazon Creators API returned the product but no price
B0D5XRXGGH,https://www.amazon.com/dp/B0D5XRXGGH?tag=hillarypeil-20,EARLY Fall,Amazon Creators API returned the product but no price
B0D5XXKGJ7,https://www.amazon.com/dp/B0D5XXKGJ7?tag=hillarypeil-20,BURGUNDY CRUSH,Amazon Creators API returned the product but no price
B0D5YNDZZV,https://www.amazon.com/dp/B0D5YNDZZV?tag=hillarypeil-20,NEW HOME FINDS,Amazon Creators API returned the product but no price
B0D62N9JVT,https://www.amazon.com/dp/B0D62N9JVT?tag=hillarypeil-20,WINTER FASHION,Amazon Creators API returned the product but no price
B0D631JPNJ,https://www.amazon.com/dp/B0D631JPNJ?tag=hillarypeil-20,FAUX INDOOR/OUTDOOR,Amazon Creators API returned the product but no price
B0D634G8DB,https://www.amazon.com/dp/B0D634G8DB?tag=hillarypeil-20,WINTER FASHION,Amazon Creators API returned the product but no price
B0D6455V1G,https://www.amazon.com/dp/B0D6455V1G?tag=hillarypeil-20,PILATES PRINCESS,Amazon Creators API returned the product but no price
B0D6661YCQ,https://www.amazon.com/dp/B0D6661YCQ?tag=hillarypeil-20,SPORT MOM Style,Amazon Creators API returned the product but no price
B0D6DDFWR7,https://www.amazon.com/dp/B0D6DDFWR7?tag=hillarypeil-20,NEW HOME FINDS,Amazon Creators API returned the product but no price
B0D6FQRGTK,https://www.amazon.com/dp/B0D6FQRGTK?tag=hillarypeil-20,OUTDOOR Oasis,Amazon Creators API returned the product but no price
B0D6G582L5,https://www.amazon.com/dp/B0D6G582L5?tag=hillarypeil-20,MARCH Best Sellers,Amazon Creators API returned the product but no price
B0D6NF3RML,https://www.amazon.com/dp/B0D6NF3RML?tag=hillarypeil-20,ELEVATED KITCHEN Must-Haves | KITCHEN Organizing,Amazon Creators API returned the product but no price
B0D6R52GW7,https://www.amazon.com/dp/B0D6R52GW7?tag=hillarypeil-20,BATHROOM Organization,Amazon Creators API returned the product but no price
B0D6RHBT8B,https://www.amazon.com/dp/B0D6RHBT8B?tag=hillarypeil-20,BRIDE- Spoil Her for the Big Day!,Amazon Creators API returned the product but no price
B0D6RJ92L4,https://www.amazon.com/dp/B0D6RJ92L4?tag=hillarypeil-20,WORK WEAR,Amazon Creators API returned the product but no price
B0D6VFMZTK,https://www.amazon.com/dp/B0D6VFMZTK?tag=hillarypeil-20,HAIR CARE | My Curated Gift Guide | Vanity Organization,Amazon Creators API returned the product but no price
B0D6VS4SLX,https://www.amazon.com/dp/B0D6VS4SLX?tag=hillarypeil-20,LUXE Gifting,Amazon Creators API returned the product but no price
B0D6W4NXVM,https://www.amazon.com/dp/B0D6W4NXVM?tag=hillarypeil-20,JANUARY Best Sellers,Amazon Creators API returned the product but no price
B0D6W851LW,https://www.amazon.com/dp/B0D6W851LW?tag=hillarypeil-20,HOME OFFICE Essentials,Amazon Creators API returned the product but no price
B0D6W8X6L2,https://www.amazon.com/dp/B0D6W8X6L2?tag=hillarypeil-20,TECH ESSENTIALS,Amazon Creators API returned the product but no price
B0D6XK8F5K,https://www.amazon.com/dp/B0D6XK8F5K?tag=hillarypeil-20,VIRAL Holiday Finds,Amazon Creators API returned the product but no price
B0D6XT8YF3,https://www.amazon.com/dp/B0D6XT8YF3?tag=hillarypeil-20,CANDLE HOLDERS. CANDLE STICKS.,Amazon Creators API returned the product but no price
B0D6Y2MCYX,https://www.amazon.com/dp/B0D6Y2MCYX?tag=hillarypeil-20,TRAVEL,Amazon Creators API returned the product but no price
B0D6YSZXQ6,https://www.amazon.com/dp/B0D6YSZXQ6?tag=hillarypeil-20,TOP SEPTEMBER DEALS,Amazon Creators API returned the product but no price
B0D7224XPX,https://www.amazon.com/dp/B0D7224XPX?tag=hillarypeil-20,WINTER FASHION,Amazon Creators API returned the product but no price
B0D722KQPD,https://www.amazon.com/dp/B0D722KQPD?tag=hillarypeil-20,WINTER FASHION,Amazon Creators API returned the product but no price
B0D73CPB38,https://www.amazon.com/dp/B0D73CPB38?tag=hillarypeil-20,AFFORDABLE DECOR,Amazon Creators API returned the product but no price
B0D73JKFVD,https://www.amazon.com/dp/B0D73JKFVD?tag=hillarypeil-20,SKIMS LIKE BASICS,Amazon Creators API returned the product but no price
B0D74VRL52,https://www.amazon.com/dp/B0D74VRL52?tag=hillarypeil-20,For the Hostess - GIFT GUIDE | LAST MINUTE GIFTS,Amazon Creators API returned the product but no price
B0D76X7235,https://www.amazon.com/dp/B0D76X7235?tag=hillarypeil-20,BATHROOM Organization,Amazon Creators API returned the product but no price
B0D78HJWM4,https://www.amazon.com/dp/B0D78HJWM4?tag=hillarypeil-20,FEBRUARY Best Sellers,Amazon Creators API returned the product but no price
B0D78J98CT,https://www.amazon.com/dp/B0D78J98CT?tag=hillarypeil-20,HOME DECOR | MARCH Best Sellers,Amazon Creators API returned the product but no price
B0D795473T,https://www.amazon.com/dp/B0D795473T?tag=hillarypeil-20,WINTER FASHION,Amazon Creators API returned the product but no price
B0D79DM9TT,https://www.amazon.com/dp/B0D79DM9TT?tag=hillarypeil-20,NEW HOME FINDS,Amazon Creators API returned the product but no price
B0D79DQDJ3,https://www.amazon.com/dp/B0D79DQDJ3?tag=hillarypeil-20,NEW HOME FINDS,Amazon Creators API returned the product but no price
B0D7BH1X32,https://www.amazon.com/dp/B0D7BH1X32?tag=hillarypeil-20,LUXURY GIFTS,Amazon Creators API returned the product but no price
B0D7CLJ3M8,https://www.amazon.com/dp/B0D7CLJ3M8?tag=hillarypeil-20,LIGHTING - Designer Inspired,Amazon Creators API returned the product but no price
B0D7CPDN7M,https://www.amazon.com/dp/B0D7CPDN7M?tag=hillarypeil-20,HOME DECOR,Amazon Creators API returned the product but no price
B0D7D1Q2RC,https://www.amazon.com/dp/B0D7D1Q2RC?tag=hillarypeil-20,SPORT MOM Style,Amazon Creators API returned the product but no price
B0D7GDXR56,https://www.amazon.com/dp/B0D7GDXR56?tag=hillarypeil-20,JANUARY Best Sellers,Amazon Creators API returned the product but no price
B0D7HDK1WF,https://www.amazon.com/dp/B0D7HDK1WF?tag=hillarypeil-20,ELEVATED HOLIDAY FASHION,Amazon Creators API returned the product but no price
B0D7LZ6D8D,https://www.amazon.com/dp/B0D7LZ6D8D?tag=hillarypeil-20,WINTER FASHION,Amazon Creators API returned the product but no price
B0D7MKTGYH,https://www.amazon.com/dp/B0D7MKTGYH?tag=hillarypeil-20,GIFTING | LUXE Gifting,Amazon Creators API returned the product but no price
B0D7N1H1D2,https://www.amazon.com/dp/B0D7N1H1D2?tag=hillarypeil-20,NEW HOME FINDS,Amazon Creators API returned the product but no price
B0D7N285PN,https://www.amazon.com/dp/B0D7N285PN?tag=hillarypeil-20,Our REMODEL HOME,Amazon Creators API returned the product but no price
B0D7TQL6H3,https://www.amazon.com/dp/B0D7TQL6H3?tag=hillarypeil-20,PILATES PRINCESS,Amazon Creators API returned the product but no price
B0D7VL2QH7,https://www.amazon.com/dp/B0D7VL2QH7?tag=hillarypeil-20,BEST SELLERS,Amazon Creators API returned the product but no price
B0D7W7DJR7,https://www.amazon.com/dp/B0D7W7DJR7?tag=hillarypeil-20,TOP NOVEMBER DEALS,Amazon Creators API returned the product but no price
B0D7W86D62,https://www.amazon.com/dp/B0D7W86D62?tag=hillarypeil-20,APRIL Best Sellers,Amazon Creators API returned the product but no price
B0D7ZVP776,https://www.amazon.com/dp/B0D7ZVP776?tag=hillarypeil-20,JANUARY Best Sellers,Amazon Creators API returned the product but no price
B0D7ZZSFZD,https://www.amazon.com/dp/B0D7ZZSFZD?tag=hillarypeil-20,LIGHTING - Designer Inspired,Amazon Creators API returned the product but no price
B0D82HRBDR,https://www.amazon.com/dp/B0D82HRBDR?tag=hillarypeil-20,LUXE Gifting,Amazon Creators API returned the product but no price
B0D82J9QXC,https://www.amazon.com/dp/B0D82J9QXC?tag=hillarypeil-20,Spring Obsessed,Amazon Creators API returned the product but no price
B0D8382YRB,https://www.amazon.com/dp/B0D8382YRB?tag=hillarypeil-20,AUGUST TOP PICKS | BEST SELLERS,Amazon Creators API returned the product but no price
B0D83NLKP8,https://www.amazon.com/dp/B0D83NLKP8?tag=hillarypeil-20,FASHION,Amazon Creators API returned the product but no price
B0D84DQ8X8,https://www.amazon.com/dp/B0D84DQ8X8?tag=hillarypeil-20,TWEEN & TEEN - GIFT GUIDE,Amazon Creators API returned the product but no price
B0D875P9FZ,https://www.amazon.com/dp/B0D875P9FZ?tag=hillarypeil-20,JANUARY Best Sellers,Amazon Creators API returned the product but no price
B0D87FS89M,https://www.amazon.com/dp/B0D87FS89M?tag=hillarypeil-20,JANUARY Best Sellers,Amazon Creators API returned the product but no price
B0D87GJLQD,https://www.amazon.com/dp/B0D87GJLQD?tag=hillarypeil-20,TOP OCTOBER DEALS,Amazon Creators API returned the product but no price
B0D89Y7JXY,https://www.amazon.com/dp/B0D89Y7JXY?tag=hillarypeil-20,FAUX INDOOR/OUTDOOR | Outdoor PLANTERS,Amazon Creators API returned the product but no price
B0D8B31ZCQ,https://www.amazon.com/dp/B0D8B31ZCQ?tag=hillarypeil-20,2025 TOP SELLERS,Amazon Creators API returned the product but no price
B0D8FFKYF8,https://www.amazon.com/dp/B0D8FFKYF8?tag=hillarypeil-20,AUGUST TOP PICKS,Amazon Creators API returned the product but no price
B0D8HTKZ6M,https://www.amazon.com/dp/B0D8HTKZ6M?tag=hillarypeil-20,TWEEN & TEEN - GIFT GUIDE,Amazon Creators API returned the product but no price
B0D8J2KPKQ,https://www.amazon.com/dp/B0D8J2KPKQ?tag=hillarypeil-20,DECEMBER Best Sellers,Amazon Creators API returned the product but no price
B0D8K1YXST,https://www.amazon.com/dp/B0D8K1YXST?tag=hillarypeil-20,THE Littles - GIFT GUIDE,Amazon Creators API returned the product but no price
B0D8KQWYQH,https://www.amazon.com/dp/B0D8KQWYQH?tag=hillarypeil-20,HOLIDAY THEMES 2025,Amazon Creators API returned the product but no price
B0D8KV7RJR,https://www.amazon.com/dp/B0D8KV7RJR?tag=hillarypeil-20,HOME & BATH Essentials,Amazon Creators API returned the product but no price
B0D8KWPTVJ,https://www.amazon.com/dp/B0D8KWPTVJ?tag=hillarypeil-20,TOP SEPTEMBER DEALS,Amazon Creators API returned the product but no price
B0D8KYYVX7,https://www.amazon.com/dp/B0D8KYYVX7?tag=hillarypeil-20,NEW HOME FINDS,Amazon Creators API returned the product but no price
B0D8L1BCTH,https://www.amazon.com/dp/B0D8L1BCTH?tag=hillarypeil-20,DECEMBER Best Sellers,Amazon Creators API returned the product but no price
B0D8P4S38D,https://www.amazon.com/dp/B0D8P4S38D?tag=hillarypeil-20,HOLIDAY ON SALE,Amazon Creators API returned the product but no price
B0D8SXM8DR,https://www.amazon.com/dp/B0D8SXM8DR?tag=hillarypeil-20,TOP OCTOBER DEALS | WINTER FASHION,Amazon Creators API returned the product but no price
B0D8TXNM5X,https://www.amazon.com/dp/B0D8TXNM5X?tag=hillarypeil-20,SHOP The Hillary Style | VASES. TRAYS. BOXES.,Amazon Creators API returned the product but no price
B0D8V6YT94,https://www.amazon.com/dp/B0D8V6YT94?tag=hillarypeil-20,HOLIDAY MUST-HAVES on AMAZON LIVE,Amazon Creators API returned the product but no price
B0D8VCPQZT,https://www.amazon.com/dp/B0D8VCPQZT?tag=hillarypeil-20,OUTDOOR Oasis,Amazon Creators API returned the product but no price
B0D8VTQ9BT,https://www.amazon.com/dp/B0D8VTQ9BT?tag=hillarypeil-20,OVER 40 & Fabulous HILLARY'S Capsule WARDROBE - Effortless & Chic | The STYLE EDIT - HOTTEST finds RIGHT NOW!,Amazon Creators API returned the product but no price
B0D8VVWK1D,https://www.amazon.com/dp/B0D8VVWK1D?tag=hillarypeil-20,$50 WINTER FASHION,Amazon Creators API returned the product but no price
B0D91XJZRY,https://www.amazon.com/dp/B0D91XJZRY?tag=hillarypeil-20,AUGUST TOP PICKS,Amazon Creators API returned the product but no price
B0D93HDF4K,https://www.amazon.com/dp/B0D93HDF4K?tag=hillarypeil-20,WINTER FASHION,Amazon Creators API returned the product but no price
B0D93XX1GM,https://www.amazon.com/dp/B0D93XX1GM?tag=hillarypeil-20,For the Hostess - GIFT GUIDE,Amazon Creators API returned the product but no price
B0D94878SS,https://www.amazon.com/dp/B0D94878SS?tag=hillarypeil-20,NEW HOME FINDS,Amazon Creators API returned the product but no price
B0D951B4HJ,https://www.amazon.com/dp/B0D951B4HJ?tag=hillarypeil-20,January Best Sellers 2 | TECH ESSENTIALS,Amazon Creators API returned the product but no price
B0D95H6Y7J,https://www.amazon.com/dp/B0D95H6Y7J?tag=hillarypeil-20,TWEEN & TEEN - GIFT GUIDE,Amazon Creators API returned the product but no price
B0D979VB5W,https://www.amazon.com/dp/B0D979VB5W?tag=hillarypeil-20,$50 WINTER FASHION,Amazon Creators API returned the product but no price
B0D97LZC3H,https://www.amazon.com/dp/B0D97LZC3H?tag=hillarypeil-20,HOLIDAY EVENING Looks,Amazon Creators API returned the product but no price
B0D97XW943,https://www.amazon.com/dp/B0D97XW943?tag=hillarypeil-20,HOLIDAY THEMES 2025,Amazon Creators API returned the product but no price
B0D987GDRG,https://www.amazon.com/dp/B0D987GDRG?tag=hillarypeil-20,HOLIDAY ON SALE,Amazon Creators API returned the product but no price
B0D9B4VK6V,https://www.amazon.com/dp/B0D9B4VK6V?tag=hillarypeil-20,WINTER FASHION,Amazon Creators API returned the product but no price
B0D9B8X6KD,https://www.amazon.com/dp/B0D9B8X6KD?tag=hillarypeil-20,ELEVATED HOLIDAY FASHION | WORK WEAR,Amazon Creators API returned the product but no price
B0D9BG7SDX,https://www.amazon.com/dp/B0D9BG7SDX?tag=hillarypeil-20,TOP NOVEMBER DEALS,Amazon Creators API returned the product but no price
B0D9BH3WW7,https://www.amazon.com/dp/B0D9BH3WW7?tag=hillarypeil-20,DECEMBER Best Sellers | KITCHEN Organizing,Amazon Creators API returned the product but no price
B0D9BPN5H8,https://www.amazon.com/dp/B0D9BPN5H8?tag=hillarypeil-20,SOFAS. ACCENT CHAIRS. OTTOMANS.,Amazon Creators API returned the product but no price
B0D9CHG1PR,https://www.amazon.com/dp/B0D9CHG1PR?tag=hillarypeil-20,FEBRUARY Best Sellers,Amazon Creators API returned the product but no price
B0D9CJ6577,https://www.amazon.com/dp/B0D9CJ6577?tag=hillarypeil-20,NEW HOME FINDS,Amazon Creators API returned the product but no price
B0D9DTW6YV,https://www.amazon.com/dp/B0D9DTW6YV?tag=hillarypeil-20,DECEMBER Best Sellers | LAUNDRY Room Essentials,Amazon Creators API returned the product but no price
B0D9GJRR1C,https://www.amazon.com/dp/B0D9GJRR1C?tag=hillarypeil-20,COFFEE BAR Essentials,Amazon Creators API returned the product but no price
B0D9H8HYM9,https://www.amazon.com/dp/B0D9H8HYM9?tag=hillarypeil-20,New Year's Must-Haves,Amazon Creators API returned the product but no price
B0D9HSWGTQ,https://www.amazon.com/dp/B0D9HSWGTQ?tag=hillarypeil-20,SHOPBOP Favorites,Amazon Creators API returned the product but no price
B0D9HW843V,https://www.amazon.com/dp/B0D9HW843V?tag=hillarypeil-20,BEDDING. PILLOWS. THROWS. TOWELS.,Amazon Creators API returned the product but no price
B0D9HW9SF6,https://www.amazon.com/dp/B0D9HW9SF6?tag=hillarypeil-20,BEDDING. PILLOWS. THROWS. TOWELS.,Amazon Creators API returned the product but no price
B0D9HYD43G,https://www.amazon.com/dp/B0D9HYD43G?tag=hillarypeil-20,CYBER HOLIDAY | LUXE Holiday Home | MY Holiday Styling List | VIRAL Holiday Finds,Amazon Creators API returned the product but no price
B0D9JB4C8P,https://www.amazon.com/dp/B0D9JB4C8P?tag=hillarypeil-20,Subtle Luxury Home,Amazon Creators API returned the product but no price
B0D9JBW5F3,https://www.amazon.com/dp/B0D9JBW5F3?tag=hillarypeil-20,KITCHEN Essentials,Amazon Creators API returned the product but no price
B0D9JRT6R3,https://www.amazon.com/dp/B0D9JRT6R3?tag=hillarypeil-20,WALL DECOR - MIRRORS. ART. FRAMES.,Amazon Creators API returned the product but no price
B0D9N97LH1,https://www.amazon.com/dp/B0D9N97LH1?tag=hillarypeil-20,HOLIDAY EVENING Looks,Amazon Creators API returned the product but no price
B0D9NCPN8Y,https://www.amazon.com/dp/B0D9NCPN8Y?tag=hillarypeil-20,WINTER FASHION,Amazon Creators API returned the product but no price
B0D9NTP3RB,https://www.amazon.com/dp/B0D9NTP3RB?tag=hillarypeil-20,WINTER FASHION,Amazon Creators API returned the product but no price
B0D9Q5K42C,https://www.amazon.com/dp/B0D9Q5K42C?tag=hillarypeil-20,JANUARY Best Sellers,Amazon Creators API returned the product but no price
B0D9Q6DKMF,https://www.amazon.com/dp/B0D9Q6DKMF?tag=hillarypeil-20,MARCH Best Sellers,Amazon Creators API returned the product but no price
B0D9QD13S2,https://www.amazon.com/dp/B0D9QD13S2?tag=hillarypeil-20,GIFTING | LAST MINUTE GIFTS | LUXE Gifting,Amazon Creators API returned the product but no price
B0D9QL1V51,https://www.amazon.com/dp/B0D9QL1V51?tag=hillarypeil-20,DECEMBER Best Sellers,Amazon Creators API returned the product but no price
B0D9S86CPD,https://www.amazon.com/dp/B0D9S86CPD?tag=hillarypeil-20,TOP SEPTEMBER DEALS,Amazon Creators API returned the product but no price
B0D9VFVTXN,https://www.amazon.com/dp/B0D9VFVTXN?tag=hillarypeil-20,FOR HIM - GIFT GUIDE,Amazon Creators API returned the product but no price
B0D9ZWX9YV,https://www.amazon.com/dp/B0D9ZWX9YV?tag=hillarypeil-20,LAMPS,Amazon Creators API returned the product but no price
B0DB1TZS9T,https://www.amazon.com/dp/B0DB1TZS9T?tag=hillarypeil-20,FEBRUARY Best Sellers,Amazon Creators API returned the product but no price
B0DB1X3WRZ,https://www.amazon.com/dp/B0DB1X3WRZ?tag=hillarypeil-20,My Curated Gift Guide,Amazon Creators API returned the product but no price
B0DB28K7FK,https://www.amazon.com/dp/B0DB28K7FK?tag=hillarypeil-20,MORE NEW FINDS,Amazon Creators API returned the product but no price
B0DB61G8R9,https://www.amazon.com/dp/B0DB61G8R9?tag=hillarypeil-20,TOP 100 HOME PICKS,Amazon Creators API returned the product but no price
B0DB7FS4X9,https://www.amazon.com/dp/B0DB7FS4X9?tag=hillarypeil-20,HOLIDAY THEMES 2025,Amazon Creators API returned the product but no price
B0DB82PSB7,https://www.amazon.com/dp/B0DB82PSB7?tag=hillarypeil-20,HARDWARE & FINISHES | Our REMODEL HOME,Amazon Creators API returned the product but no price
B0DB84P6X7,https://www.amazon.com/dp/B0DB84P6X7?tag=hillarypeil-20,HOLIDAY THEMES 2025,Amazon Creators API returned the product but no price
B0DB8NS346,https://www.amazon.com/dp/B0DB8NS346?tag=hillarypeil-20,FEBRUARY Best Sellers,Amazon Creators API returned the product but no price
B0DBBG3FZ5,https://www.amazon.com/dp/B0DBBG3FZ5?tag=hillarypeil-20,TWEEN & TEEN - GIFT GUIDE,Amazon Creators API returned the product but no price
B0DBCFFGBH,https://www.amazon.com/dp/B0DBCFFGBH?tag=hillarypeil-20,DORM ROOM ESSENTIALS,Amazon Creators API returned the product but no price
B0DBHF1SPQ,https://www.amazon.com/dp/B0DBHF1SPQ?tag=hillarypeil-20,HOME OFFICE Essentials | Our REMODEL HOME,Amazon Creators API returned the product but no price
B0DBHN7WSN,https://www.amazon.com/dp/B0DBHN7WSN?tag=hillarypeil-20,FEBRUARY Best Sellers,Amazon Creators API returned the product but no price
B0DBLW18PD,https://www.amazon.com/dp/B0DBLW18PD?tag=hillarypeil-20,DECEMBER Best Sellers | LAST MINUTE GIFTS | TRAVEL,Amazon Creators API returned the product but no price
B0DBNCKM6Y,https://www.amazon.com/dp/B0DBNCKM6Y?tag=hillarypeil-20,AFFORDABLE DECOR,Amazon Creators API returned the product but no price
B0DBQ28STW,https://www.amazon.com/dp/B0DBQ28STW?tag=hillarypeil-20,EARLY Fall,Amazon Creators API returned the product but no price
B0DBQC4PM9,https://www.amazon.com/dp/B0DBQC4PM9?tag=hillarypeil-20,FEBRUARY Best Sellers,Amazon Creators API returned the product but no price
B0DBV2Z5BZ,https://www.amazon.com/dp/B0DBV2Z5BZ?tag=hillarypeil-20,QUIET LUXURY/OLD MONEY,Amazon Creators API returned the product but no price
B0DBWX1XR3,https://www.amazon.com/dp/B0DBWX1XR3?tag=hillarypeil-20,LUXE Gifting,Amazon Creators API returned the product but no price
B0DBYR7ZPV,https://www.amazon.com/dp/B0DBYR7ZPV?tag=hillarypeil-20,VIRAL Home Gadgets,Amazon Creators API returned the product but no price
B0DC3NNJD7,https://www.amazon.com/dp/B0DC3NNJD7?tag=hillarypeil-20,WINTER FASHION,Amazon Creators API returned the product but no price
B0DC9P4YQG,https://www.amazon.com/dp/B0DC9P4YQG?tag=hillarypeil-20,Spring Obsessed,Amazon Creators API returned the product but no price
B0DCBMDQ8T,https://www.amazon.com/dp/B0DCBMDQ8T?tag=hillarypeil-20,FEBRUARY Best Sellers,Amazon Creators API returned the product but no price
B0DCFLM87K,https://www.amazon.com/dp/B0DCFLM87K?tag=hillarypeil-20,DECEMBER Best Sellers,Amazon Creators API returned the product but no price
B0DCGLQWXL,https://www.amazon.com/dp/B0DCGLQWXL?tag=hillarypeil-20,BEST SELLERS | HOLIDAY COLOR CRUSHES 2025,Amazon Creators API returned the product but no price
B0DCJ5VJNJ,https://www.amazon.com/dp/B0DCJ5VJNJ?tag=hillarypeil-20,CANDLE HOLDERS. CANDLE STICKS. | DECEMBER Best Sellers,Amazon Creators API returned the product but no price
B0DCJZ997V,https://www.amazon.com/dp/B0DCJZ997V?tag=hillarypeil-20,WORK WEAR,Amazon Creators API returned the product but no price
B0DCMPYHKH,https://www.amazon.com/dp/B0DCMPYHKH?tag=hillarypeil-20,JANUARY Best Sellers,Amazon Creators API returned the product but no price
B0DCNC6YFR,https://www.amazon.com/dp/B0DCNC6YFR?tag=hillarypeil-20,HOLIDAY EVENING Looks,Amazon Creators API returned the product but no price
B0DCNJX2FJ,https://www.amazon.com/dp/B0DCNJX2FJ?tag=hillarypeil-20,LUXURY GIFTS,Amazon Creators API returned the product but no price
B0DCP9CHB3,https://www.amazon.com/dp/B0DCP9CHB3?tag=hillarypeil-20,LAUNDRY Room Essentials | MARCH Best Sellers,Amazon Creators API returned the product but no price
B0DCPNSZ1W,https://www.amazon.com/dp/B0DCPNSZ1W?tag=hillarypeil-20,CABINETS. SIDEBOARDS. BUFFETS. CONSOLES.,Amazon Creators API returned the product but no price
B0DCVC9MXD,https://www.amazon.com/dp/B0DCVC9MXD?tag=hillarypeil-20,HOME DECOR,Amazon Creators API returned the product but no price
B0DCWCRNRG,https://www.amazon.com/dp/B0DCWCRNRG?tag=hillarypeil-20,HOLIDAY THEMES 2025,Amazon Creators API returned the product but no price
B0DCXQXYKQ,https://www.amazon.com/dp/B0DCXQXYKQ?tag=hillarypeil-20,STOCKING STUFFERS,Amazon Creators API returned the product but no price
B0DCZ15SGD,https://www.amazon.com/dp/B0DCZ15SGD?tag=hillarypeil-20,BEAUTY & SKINCARE,Amazon Creators API returned the product but no price
B0DCZ2SXRQ,https://www.amazon.com/dp/B0DCZ2SXRQ?tag=hillarypeil-20,SOFAS. ACCENT CHAIRS. OTTOMANS.,Amazon Creators API returned the product but no price
B0DD28ZX62,https://www.amazon.com/dp/B0DD28ZX62?tag=hillarypeil-20,HOME DECOR | NEW HOME FINDS,Amazon Creators API returned the product but no price
B0DD7HLFCK,https://www.amazon.com/dp/B0DD7HLFCK?tag=hillarypeil-20,The FALL EDIT,Amazon Creators API returned the product but no price
B0DD85QRMD,https://www.amazon.com/dp/B0DD85QRMD?tag=hillarypeil-20,HOLIDAY COLOR CRUSHES 2025,Amazon Creators API returned the product but no price
B0DDCCQ8KS,https://www.amazon.com/dp/B0DDCCQ8KS?tag=hillarypeil-20,WINTER FASHION,Amazon Creators API returned the product but no price
B0DDKQY39N,https://www.amazon.com/dp/B0DDKQY39N?tag=hillarypeil-20,BEDROOM STYLE | NEW HOME FINDS,Amazon Creators API returned the product but no price
B0DDKX6F77,https://www.amazon.com/dp/B0DDKX6F77?tag=hillarypeil-20,FEBRUARY Best Sellers,Amazon Creators API returned the product but no price
B0DDNML31H,https://www.amazon.com/dp/B0DDNML31H?tag=hillarypeil-20,DECEMBER Best Sellers,Amazon Creators API returned the product but no price
B0DDQKH9W8,https://www.amazon.com/dp/B0DDQKH9W8?tag=hillarypeil-20,FEBRUARY Best Sellers,Amazon Creators API returned the product but no price
B0DDYH78YX,https://www.amazon.com/dp/B0DDYH78YX?tag=hillarypeil-20,ENTERTAINING Essentials,Amazon Creators API returned the product but no price
B0DDYYNZLF,https://www.amazon.com/dp/B0DDYYNZLF?tag=hillarypeil-20,EARLY Fall | JULY TOP PICKS,Amazon Creators API returned the product but no price
B0DDYZPJBC,https://www.amazon.com/dp/B0DDYZPJBC?tag=hillarypeil-20,ENTERTAINING Essentials,Amazon Creators API returned the product but no price
B0DF1BXKXM,https://www.amazon.com/dp/B0DF1BXKXM?tag=hillarypeil-20,APRIL Best Sellers | April Amazon Live,Amazon Creators API returned the product but no price
B0DF22L91K,https://www.amazon.com/dp/B0DF22L91K?tag=hillarypeil-20,APRIL Best Sellers,Amazon Creators API returned the product but no price
B0DF49W8SN,https://www.amazon.com/dp/B0DF49W8SN?tag=hillarypeil-20,FOR HIM - GIFT GUIDE,Amazon Creators API returned the product but no price
B0DF6Y8SLB,https://www.amazon.com/dp/B0DF6Y8SLB?tag=hillarypeil-20,JUST IN - Organizing & Home,Amazon Creators API returned the product but no price
B0DF92KZG6,https://www.amazon.com/dp/B0DF92KZG6?tag=hillarypeil-20,OVER 40 & Fabulous HILLARY'S Capsule WARDROBE - Effortless & Chic,Amazon Creators API returned the product but no price
B0DFCKTY18,https://www.amazon.com/dp/B0DFCKTY18?tag=hillarypeil-20,CAR ORGANIZATION | JANUARY Best Sellers,Amazon Creators API returned the product but no price
B0DFF1TCF9,https://www.amazon.com/dp/B0DFF1TCF9?tag=hillarypeil-20,Our REMODEL HOME,Amazon Creators API returned the product but no price
B0DFF2DDXN,https://www.amazon.com/dp/B0DFF2DDXN?tag=hillarypeil-20,OVER 40 & Fabulous HILLARY'S Capsule WARDROBE - Effortless & Chic,Amazon Creators API returned the product but no price
B0DFGFP1SN,https://www.amazon.com/dp/B0DFGFP1SN?tag=hillarypeil-20,Our REMODEL HOME | Spring Obsessed,Amazon Creators API returned the product but no price
B0DFHSTSVM,https://www.amazon.com/dp/B0DFHSTSVM?tag=hillarypeil-20,LUXE Holiday Home,Amazon Creators API returned the product but no price
B0DFLXYQ8W,https://www.amazon.com/dp/B0DFLXYQ8W?tag=hillarypeil-20,APRIL Best Sellers,Amazon Creators API returned the product but no price
B0DFPN4V71,https://www.amazon.com/dp/B0DFPN4V71?tag=hillarypeil-20,The STYLE EDIT - HOTTEST finds RIGHT NOW!,Amazon Creators API returned the product but no price
B0DFTJNFS7,https://www.amazon.com/dp/B0DFTJNFS7?tag=hillarypeil-20,DECEMBER Best Sellers,Amazon Creators API returned the product but no price
B0DFVXRM36,https://www.amazon.com/dp/B0DFVXRM36?tag=hillarypeil-20,LUXE JEWELRY & ACCESSORIES,Amazon Creators API returned the product but no price
B0DFY2JTMJ,https://www.amazon.com/dp/B0DFY2JTMJ?tag=hillarypeil-20,Our REMODEL HOME,Amazon Creators API returned the product but no price
B0DFY7XWJ4,https://www.amazon.com/dp/B0DFY7XWJ4?tag=hillarypeil-20,PILATES PRINCESS,Amazon Creators API returned the product but no price
B0DG248R59,https://www.amazon.com/dp/B0DG248R59?tag=hillarypeil-20,SOFAS. ACCENT CHAIRS. OTTOMANS.,Amazon Creators API returned the product but no price
B0DG3Q5BJW,https://www.amazon.com/dp/B0DG3Q5BJW?tag=hillarypeil-20,LUXE Gifting,Amazon Creators API returned the product but no price
B0DG3VZ49Z,https://www.amazon.com/dp/B0DG3VZ49Z?tag=hillarypeil-20,BEDROOM STYLE | HOME DECOR | RUGS,Amazon Creators API returned the product but no price
B0DG5C5JLJ,https://www.amazon.com/dp/B0DG5C5JLJ?tag=hillarypeil-20,APRIL Best Sellers,Amazon Creators API returned the product but no price
B0DG5Z31TQ,https://www.amazon.com/dp/B0DG5Z31TQ?tag=hillarypeil-20,$50 WINTER FASHION | Effortless Chic Home,Amazon Creators API returned the product but no price
B0DG8JCW72,https://www.amazon.com/dp/B0DG8JCW72?tag=hillarypeil-20,BEST SELLERS,Amazon Creators API returned the product but no price
B0DG9PD7PQ,https://www.amazon.com/dp/B0DG9PD7PQ?tag=hillarypeil-20,APRIL Best Sellers,Amazon Creators API returned the product but no price
B0DGB8M65X,https://www.amazon.com/dp/B0DGB8M65X?tag=hillarypeil-20,APRIL Best Sellers | BEDROOM STYLE | CYBER HOLIDAY | EARNED A SPOT FOR LIFE! | HOME DECOR | Our REMODEL HOME | SHOP The Hillary Style | Spring Obsessed | Subtle Luxury Home | The Hillary Style Holiday | VASES. TRAYS. BOXES. | Your Currently MOST-LOVED,Amazon Creators API returned the product but no price
B0DGB8P1F6,https://www.amazon.com/dp/B0DGB8P1F6?tag=hillarypeil-20,TRANSITIONAL Fall Fashion | The FALL EDIT,Amazon Creators API returned the product but no price
B0DGGLR6FQ,https://www.amazon.com/dp/B0DGGLR6FQ?tag=hillarypeil-20,TOP NOVEMBER DEALS,Amazon Creators API returned the product but no price
B0DGJ3S117,https://www.amazon.com/dp/B0DGJ3S117?tag=hillarypeil-20,LAST MINUTE GIFTS | LUXE Gifting,Amazon Creators API returned the product but no price
B0DGJCTKXF,https://www.amazon.com/dp/B0DGJCTKXF?tag=hillarypeil-20,LAST MINUTE GIFTS,Amazon Creators API returned the product but no price
B0DGJGS493,https://www.amazon.com/dp/B0DGJGS493?tag=hillarypeil-20,FOR HIM - GIFT GUIDE,Amazon Creators API returned the product but no price
B0DGJQRGGC,https://www.amazon.com/dp/B0DGJQRGGC?tag=hillarypeil-20,AFFORDABLE DECOR | FAUX & DRIED FLORALS | SHOP The Hillary Style,Amazon Creators API returned the product but no price
B0DGPQL7TN,https://www.amazon.com/dp/B0DGPQL7TN?tag=hillarypeil-20,HOLIDAY THEMES 2025,Amazon Creators API returned the product but no price
B0DGSQJMZS,https://www.amazon.com/dp/B0DGSQJMZS?tag=hillarypeil-20,LUXE Gifting,Amazon Creators API returned the product but no price
B0DGSR9WFF,https://www.amazon.com/dp/B0DGSR9WFF?tag=hillarypeil-20,The STYLE EDIT - HOTTEST finds RIGHT NOW!,Amazon Creators API returned the product but no price
B0DGTCWLLC,https://www.amazon.com/dp/B0DGTCWLLC?tag=hillarypeil-20,WINTER FASHION,Amazon Creators API returned the product but no price
B0DGV1MVQH,https://www.amazon.com/dp/B0DGV1MVQH?tag=hillarypeil-20,FAUX & DRIED FLORALS | JANUARY Best Sellers,Amazon Creators API returned the product but no price
B0DGV2929Q,https://www.amazon.com/dp/B0DGV2929Q?tag=hillarypeil-20,CARTS DON'T LIE — These were May's biggest hits.,Amazon Creators API returned the product but no price
B0DGX84RWW,https://www.amazon.com/dp/B0DGX84RWW?tag=hillarypeil-20,LUXE Holiday Home,Amazon Creators API returned the product but no price
B0DH24JG4B,https://www.amazon.com/dp/B0DH24JG4B?tag=hillarypeil-20,JUST IN...My Newest OBSESSIONS,Amazon Creators API returned the product but no price
B0DH944CD6,https://www.amazon.com/dp/B0DH944CD6?tag=hillarypeil-20,HOME DECOR,Amazon Creators API returned the product but no price
B0DHCLZQG8,https://www.amazon.com/dp/B0DHCLZQG8?tag=hillarypeil-20,CABINETS. SIDEBOARDS. BUFFETS. CONSOLES.,Amazon Creators API returned the product but no price
B0DHCTXMCM,https://www.amazon.com/dp/B0DHCTXMCM?tag=hillarypeil-20,MARCH Best Sellers,Amazon Creators API returned the product but no price
B0DHG6TDRG,https://www.amazon.com/dp/B0DHG6TDRG?tag=hillarypeil-20,AUGUST TOP PICKS,Amazon Creators API returned the product but no price
B0DHGP8TZ2,https://www.amazon.com/dp/B0DHGP8TZ2?tag=hillarypeil-20,BEAUTY MUST-HAVES | TOP 100+ PRIME DEALS | TOP 50 BEAUTY,Amazon Creators API returned the product but no price
B0DHLG4Z2P,https://www.amazon.com/dp/B0DHLG4Z2P?tag=hillarypeil-20,EARLY Fall | JULY TOP PICKS,Amazon Creators API returned the product but no price
B0DHN5KX4F,https://www.amazon.com/dp/B0DHN5KX4F?tag=hillarypeil-20,MARCH Best Sellers,Amazon Creators API returned the product but no price
B0DHV7L32M,https://www.amazon.com/dp/B0DHV7L32M?tag=hillarypeil-20,LUXE JEWELRY & ACCESSORIES,Amazon Creators API returned the product but no price
B0DHW9MPW8,https://www.amazon.com/dp/B0DHW9MPW8?tag=hillarypeil-20,MORE NEW FINDS,Amazon Creators API returned the product but no price
B0DHW9TZPF,https://www.amazon.com/dp/B0DHW9TZPF?tag=hillarypeil-20,OUTDOOR Oasis,Amazon Creators API returned the product but no price
B0DHWBRZQR,https://www.amazon.com/dp/B0DHWBRZQR?tag=hillarypeil-20,APRIL Best Sellers | MEMORIAL DAY SALE FOLLOWER FAVORITES | NEW Arrivals | OUTDOOR Oasis | RUGS,Amazon Creators API returned the product but no price
B0DHXD4C3Q,https://www.amazon.com/dp/B0DHXD4C3Q?tag=hillarypeil-20,APRIL Best Sellers | JUST IN...My Newest OBSESSIONS,Amazon Creators API returned the product but no price
B0DHXZLWB7,https://www.amazon.com/dp/B0DHXZLWB7?tag=hillarypeil-20,FEBRUARY Best Sellers,Amazon Creators API returned the product but no price
B0DHYHGJHX,https://www.amazon.com/dp/B0DHYHGJHX?tag=hillarypeil-20,APRIL Best Sellers | Furniture Mover REEL,Amazon Creators API returned the product but no price
B0DHYJQZYV,https://www.amazon.com/dp/B0DHYJQZYV?tag=hillarypeil-20,RUGS,Amazon Creators API returned the product but no price
B0DHZ6P7B3,https://www.amazon.com/dp/B0DHZ6P7B3?tag=hillarypeil-20,EUROPEAN SUMMER,Amazon Creators API returned the product but no price
B0DJ1C2ZBC,https://www.amazon.com/dp/B0DJ1C2ZBC?tag=hillarypeil-20,OVER 40 & Fabulous HILLARY'S Capsule WARDROBE - Effortless & Chic,Amazon Creators API returned the product but no price
B0DJ24YJ7Z,https://www.amazon.com/dp/B0DJ24YJ7Z?tag=hillarypeil-20,SHOPBOP Favorites,Amazon Creators API returned the product but no price
B0DJ9HN7FX,https://www.amazon.com/dp/B0DJ9HN7FX?tag=hillarypeil-20,HOLIDAY ON SALE | HOLIDAY THEMES 2025,Amazon Creators API returned the product but no price
B0DJFKKS1S,https://www.amazon.com/dp/B0DJFKKS1S?tag=hillarypeil-20,FASHION,Amazon Creators API returned the product but no price
B0DJH5KZT4,https://www.amazon.com/dp/B0DJH5KZT4?tag=hillarypeil-20,OVER 40 & Fabulous HILLARY'S Capsule WARDROBE - Effortless & Chic,Amazon Creators API returned the product but no price
B0DJHJD3P4,https://www.amazon.com/dp/B0DJHJD3P4?tag=hillarypeil-20,Furniture Mover REEL | MY HOLIDAY Home | MY Holiday Styling List | SHOP The Hillary Style | The Hillary Style Holiday | VIRAL Holiday Finds,Amazon Creators API returned the product but no price
B0DJHJSLXZ,https://www.amazon.com/dp/B0DJHJSLXZ?tag=hillarypeil-20,AFFORDABLE DECOR | HOLIDAY THEMES 2025 | JUST IN...My Newest OBSESSIONS | SHOP The Hillary Style | Subtle Luxury Home | The Hillary Style Holiday | VASES. TRAYS. BOXES. | VIRAL Holiday Finds,Amazon Creators API returned the product but no price
B0DJJNK5M2,https://www.amazon.com/dp/B0DJJNK5M2?tag=hillarypeil-20,HOME & BATH Essentials,Amazon Creators API returned the product but no price
B0DJJT6PQC,https://www.amazon.com/dp/B0DJJT6PQC?tag=hillarypeil-20,JANUARY Best Sellers,Amazon Creators API returned the product but no price
B0DJK48VJF,https://www.amazon.com/dp/B0DJK48VJF?tag=hillarypeil-20,JANUARY Best Sellers,Amazon Creators API returned the product but no price
B0DJLDVTQM,https://www.amazon.com/dp/B0DJLDVTQM?tag=hillarypeil-20,CABINETS. SIDEBOARDS. BUFFETS. CONSOLES.,Amazon Creators API returned the product but no price
B0DJMC9TVM,https://www.amazon.com/dp/B0DJMC9TVM?tag=hillarypeil-20,JANUARY Best Sellers,Amazon Creators API returned the product but no price
B0DJMDPKW1,https://www.amazon.com/dp/B0DJMDPKW1?tag=hillarypeil-20,ORGANIZING Essentials,Amazon Creators API returned the product but no price
B0DJMWG259,https://www.amazon.com/dp/B0DJMWG259?tag=hillarypeil-20,HOLIDAY MUST-HAVES on AMAZON LIVE | SHOP The Hillary Style | VASES. TRAYS. BOXES. | VIRAL Holiday Finds,Amazon Creators API returned the product but no price
B0DJMWNQNH,https://www.amazon.com/dp/B0DJMWNQNH?tag=hillarypeil-20,HOLIDAY MUST-HAVES on AMAZON LIVE | HOLIDAY THEMES 2025 | MY HOLIDAY Home | SHOP The Hillary Style | VASES. TRAYS. BOXES.,Amazon Creators API returned the product but no price
B0DJN37H3M,https://www.amazon.com/dp/B0DJN37H3M?tag=hillarypeil-20,UNDER $50 FALL Capsule,Amazon Creators API returned the product but no price
B0DJPQKMMS,https://www.amazon.com/dp/B0DJPQKMMS?tag=hillarypeil-20,BEDROOM STYLE | HOME DECOR | NEW Arrivals | Our REMODEL HOME,Amazon Creators API returned the product but no price
B0DJTTH9T1,https://www.amazon.com/dp/B0DJTTH9T1?tag=hillarypeil-20,CHIC WITHOUT THE SPLURGE TRAVEL | FASHION,Amazon Creators API returned the product but no price
B0DJTYC2H4,https://www.amazon.com/dp/B0DJTYC2H4?tag=hillarypeil-20,AFFORDABLE DECOR | BEDROOM STYLE | HOLIDAY THEMES 2025 | HOME DECOR | SHOP The Hillary Style | Spring Obsessed | VASES. TRAYS. BOXES.,Amazon Creators API returned the product but no price
B0DJTYCXX5,https://www.amazon.com/dp/B0DJTYCXX5?tag=hillarypeil-20,AFFORDABLE DECOR | SHOP The Hillary Style | The Hillary Style Holiday,Amazon Creators API returned the product but no price
B0DJTYN7NJ,https://www.amazon.com/dp/B0DJTYN7NJ?tag=hillarypeil-20,AFFORDABLE DECOR | SHOP The Hillary Style | The Hillary Style Holiday,Amazon Creators API returned the product but no price
B0DJV1YMS5,https://www.amazon.com/dp/B0DJV1YMS5?tag=hillarypeil-20,SHOP The Hillary Style,Amazon Creators API returned the product but no price
B0DJV6MR2M,https://www.amazon.com/dp/B0DJV6MR2M?tag=hillarypeil-20,FASHION,Amazon Creators API returned the product but no price
B0DJVC92S8,https://www.amazon.com/dp/B0DJVC92S8?tag=hillarypeil-20,LAST MINUTE GIFTS | LUXE Gifting,Amazon Creators API returned the product but no price
B0DJW4CKRS,https://www.amazon.com/dp/B0DJW4CKRS?tag=hillarypeil-20,APRIL Best Sellers,Amazon Creators API returned the product but no price
B0DJWL4JF9,https://www.amazon.com/dp/B0DJWL4JF9?tag=hillarypeil-20,JUST IN...My Newest OBSESSIONS,Amazon Creators API returned the product but no price
B0DJWLGYJ5,https://www.amazon.com/dp/B0DJWLGYJ5?tag=hillarypeil-20,HOLIDAY MUST-HAVES on AMAZON LIVE | TOP 100 PRIME FASHION DEALS,Amazon Creators API returned the product but no price
B0DJWM3CX3,https://www.amazon.com/dp/B0DJWM3CX3?tag=hillarypeil-20,HOLIDAY THEMES 2025 | VIRAL Holiday Finds,Amazon Creators API returned the product but no price
B0DJWPSJH8,https://www.amazon.com/dp/B0DJWPSJH8?tag=hillarypeil-20,SHOP The Hillary Style | VIRAL Holiday Finds,Amazon Creators API returned the product but no price
B0DJY7P6KN,https://www.amazon.com/dp/B0DJY7P6KN?tag=hillarypeil-20,KITCHEN Essentials,Amazon Creators API returned the product but no price
B0DK16WLGR,https://www.amazon.com/dp/B0DK16WLGR?tag=hillarypeil-20,AUGUST TOP PICKS,Amazon Creators API returned the product but no price
B0DK2C7VNT,https://www.amazon.com/dp/B0DK2C7VNT?tag=hillarypeil-20,ENTERTAINING Essentials,Amazon Creators API returned the product but no price
B0DK2CYG8M,https://www.amazon.com/dp/B0DK2CYG8M?tag=hillarypeil-20,SHOP The Hillary Style | VIRAL Holiday Finds,Amazon Creators API returned the product but no price
B0DK2D8BJ5,https://www.amazon.com/dp/B0DK2D8BJ5?tag=hillarypeil-20,TABLETOP MUST-HAVES,Amazon Creators API returned the product but no price
B0DK2DFNCS,https://www.amazon.com/dp/B0DK2DFNCS?tag=hillarypeil-20,The Hillary Style Holiday,Amazon Creators API returned the product but no price
B0DK2FYXH3,https://www.amazon.com/dp/B0DK2FYXH3?tag=hillarypeil-20,HOLIDAY COLOR CRUSHES 2025,Amazon Creators API returned the product but no price
B0DK2G268C,https://www.amazon.com/dp/B0DK2G268C?tag=hillarypeil-20,BATHROOM REMODEL | GIFTS UNDER $50 | Our REMODEL HOME | SHOP The Hillary Style,Amazon Creators API returned the product but no price
B0DK2GCRCF,https://www.amazon.com/dp/B0DK2GCRCF?tag=hillarypeil-20,HOLIDAY THEMES 2025 | LUXE Holiday Home | MY Holiday Styling List | SHOP The Hillary Style | The Hillary Style Holiday | VIRAL Holiday Finds,Amazon Creators API returned the product but no price
B0DK2GW7WP,https://www.amazon.com/dp/B0DK2GW7WP?tag=hillarypeil-20,NIGHTSTAND Essentials,Amazon Creators API returned the product but no price
B0DK2HFSZ8,https://www.amazon.com/dp/B0DK2HFSZ8?tag=hillarypeil-20,ELEVATED KITCHEN Must-Haves | For the Hostess - GIFT GUIDE | KITCHEN Essentials | SHOP The Hillary Style,Amazon Creators API returned the product but no price
B0DK2HT1Q3,https://www.amazon.com/dp/B0DK2HT1Q3?tag=hillarypeil-20,SHOP The Hillary Style,Amazon Creators API returned the product but no price
B0DK2J1P4D,https://www.amazon.com/dp/B0DK2J1P4D?tag=hillarypeil-20,SHOP The Hillary Style | VASES. TRAYS. BOXES.,Amazon Creators API returned the product but no price
B0DK2J3HHT,https://www.amazon.com/dp/B0DK2J3HHT?tag=hillarypeil-20,SHOP The Hillary Style,Amazon Creators API returned the product but no price
B0DK2JHN1H,https://www.amazon.com/dp/B0DK2JHN1H?tag=hillarypeil-20,SHOP The Hillary Style,Amazon Creators API returned the product but no price
B0DK2V5XR3,https://www.amazon.com/dp/B0DK2V5XR3?tag=hillarypeil-20,HOME DECOR,Amazon Creators API returned the product but no price
B0DK2YP2ZB,https://www.amazon.com/dp/B0DK2YP2ZB?tag=hillarypeil-20,RH STYLE - Looks like a SPLURGE,Amazon Creators API returned the product but no price
B0DK4Y5SLN,https://www.amazon.com/dp/B0DK4Y5SLN?tag=hillarypeil-20,HOME DECOR,Amazon Creators API returned the product but no price
B0DK51W9HF,https://www.amazon.com/dp/B0DK51W9HF?tag=hillarypeil-20,BATHROOM REMODEL,Amazon Creators API returned the product but no price
B0DK51ZKCD,https://www.amazon.com/dp/B0DK51ZKCD?tag=hillarypeil-20,ELEVATED HOLIDAY FASHION,Amazon Creators API returned the product but no price
B0DK5K256Y,https://www.amazon.com/dp/B0DK5K256Y?tag=hillarypeil-20,WINTER FASHION,Amazon Creators API returned the product but no price
B0DK6HVR2N,https://www.amazon.com/dp/B0DK6HVR2N?tag=hillarypeil-20,HOLIDAY THEMES 2025,Amazon Creators API returned the product but no price
B0DK6XPK8F,https://www.amazon.com/dp/B0DK6XPK8F?tag=hillarypeil-20,DECEMBER Best Sellers,Amazon Creators API returned the product but no price
B0DK79MLD8,https://www.amazon.com/dp/B0DK79MLD8?tag=hillarypeil-20,LAST MINUTE GIFTS,Amazon Creators API returned the product but no price
B0DK7NCJJV,https://www.amazon.com/dp/B0DK7NCJJV?tag=hillarypeil-20,BATHROOM REMODEL,Amazon Creators API returned the product but no price
B0DK8Z1TV6,https://www.amazon.com/dp/B0DK8Z1TV6?tag=hillarypeil-20,FEBRUARY Best Sellers,Amazon Creators API returned the product but no price
B0DKD3GZXW,https://www.amazon.com/dp/B0DKD3GZXW?tag=hillarypeil-20,SOFAS. ACCENT CHAIRS. OTTOMANS.,Amazon Creators API returned the product but no price
B0DKDVHNV7,https://www.amazon.com/dp/B0DKDVHNV7?tag=hillarypeil-20,RH STYLE - Looks like a SPLURGE,Amazon Creators API returned the product but no price
B0DKHBF2N8,https://www.amazon.com/dp/B0DKHBF2N8?tag=hillarypeil-20,LIGHTING - Designer Inspired,Amazon Creators API returned the product but no price
B0DKK62HPF,https://www.amazon.com/dp/B0DKK62HPF?tag=hillarypeil-20,TOP MOVING/ORGANIZING,Amazon Creators API returned the product but no price
B0DKN1KGZR,https://www.amazon.com/dp/B0DKN1KGZR?tag=hillarypeil-20,AFFORDABLE DECOR,Amazon Creators API returned the product but no price
B0DKTJRMYC,https://www.amazon.com/dp/B0DKTJRMYC?tag=hillarypeil-20,FEBRUARY Best Sellers,Amazon Creators API returned the product but no price
B0DKVGPWC3,https://www.amazon.com/dp/B0DKVGPWC3?tag=hillarypeil-20,HOLIDAY THEMES 2025,Amazon Creators API returned the product but no price
B0DKWJRBV9,https://www.amazon.com/dp/B0DKWJRBV9?tag=hillarypeil-20,SHOP The Hillary Style | The Hillary Style Holiday,Amazon Creators API returned the product but no price
B0DKXF4FDW,https://www.amazon.com/dp/B0DKXF4FDW?tag=hillarypeil-20,HEALTHY Living,Amazon Creators API returned the product but no price
B0DKZZ4YJV,https://www.amazon.com/dp/B0DKZZ4YJV?tag=hillarypeil-20,HOLIDAY COLOR CRUSHES 2025,Amazon Creators API returned the product but no price
B0DL41WSPY,https://www.amazon.com/dp/B0DL41WSPY?tag=hillarypeil-20,DATE NIGHT FASHION,Amazon Creators API returned the product but no price
B0DL5H3F5N,https://www.amazon.com/dp/B0DL5H3F5N?tag=hillarypeil-20,CABINETS. SIDEBOARDS. BUFFETS. CONSOLES.,Amazon Creators API returned the product but no price
B0DL81JBHG,https://www.amazon.com/dp/B0DL81JBHG?tag=hillarypeil-20,CYBER HOLIDAY | EARNED A SPOT FOR LIFE! | HOLIDAY MUST-HAVES on AMAZON LIVE | JUST IN...My Newest OBSESSIONS | SHOP The Hillary Style | VASES. TRAYS. BOXES.,Amazon Creators API returned the product but no price
B0DL9ZZ4L8,https://www.amazon.com/dp/B0DL9ZZ4L8?tag=hillarypeil-20,GIFTS UNDER $50,Amazon Creators API returned the product but no price
B0DLB9YSNH,https://www.amazon.com/dp/B0DLB9YSNH?tag=hillarypeil-20,RESORT WEAR FASHION,Amazon Creators API returned the product but no price
B0DLBBTR6B,https://www.amazon.com/dp/B0DLBBTR6B?tag=hillarypeil-20,UNDER $50 FALL Capsule,Amazon Creators API returned the product but no price
B0DLBBYKW2,https://www.amazon.com/dp/B0DLBBYKW2?tag=hillarypeil-20,UNDER $50 FALL Capsule,Amazon Creators API returned the product but no price
B0DLBPTFQK,https://www.amazon.com/dp/B0DLBPTFQK?tag=hillarypeil-20,SHOP The Hillary Style | VASES. TRAYS. BOXES.,Amazon Creators API returned the product but no price
B0DLBQ39JJ,https://www.amazon.com/dp/B0DLBQ39JJ?tag=hillarypeil-20,BURGUNDY CRUSH | CYBER HOLIDAY | EARNED A SPOT FOR LIFE! | HOME DECOR | SHOP The Hillary Style | Spring Obsessed | Subtle Luxury Home | VASES. TRAYS. BOXES. | Your Currently MOST-LOVED,Amazon Creators API returned the product but no price
B0DLG8GCT9,https://www.amazon.com/dp/B0DLG8GCT9?tag=hillarypeil-20,HOME & BATH Essentials | KITCHEN Essentials,Amazon Creators API returned the product but no price
B0DLGMPBZK,https://www.amazon.com/dp/B0DLGMPBZK?tag=hillarypeil-20,EUROPEAN SUMMER,Amazon Creators API returned the product but no price
B0DLKXZ219,https://www.amazon.com/dp/B0DLKXZ219?tag=hillarypeil-20,BEST SELLERS,Amazon Creators API returned the product but no price
B0DLL9TK6Z,https://www.amazon.com/dp/B0DLL9TK6Z?tag=hillarypeil-20,HOLIDAY ESSENTIALS,Amazon Creators API returned the product but no price
B0DLLKNTWW,https://www.amazon.com/dp/B0DLLKNTWW?tag=hillarypeil-20,CARTS DON'T LIE — These were May's biggest hits. | EARNED A SPOT FOR LIFE! | ELEVATED KITCHEN Must-Haves | FAUX & DRIED FLORALS | HOME DECOR | KITCHEN Essentials | SHOP The Hillary Style | The Hillary Style Holiday,Amazon Creators API returned the product but no price
B0DLMBCFG5,https://www.amazon.com/dp/B0DLMBCFG5?tag=hillarypeil-20,FASHION,Amazon Creators API returned the product but no price
B0DLXD2XQ7,https://www.amazon.com/dp/B0DLXD2XQ7?tag=hillarypeil-20,QUIET LUXURY/OLD MONEY,Amazon Creators API returned the product but no price
B0DLXGDHBX,https://www.amazon.com/dp/B0DLXGDHBX?tag=hillarypeil-20,TOP 100+ PRIME DEALS,Amazon Creators API returned the product but no price
B0DM1XJ9GD,https://www.amazon.com/dp/B0DM1XJ9GD?tag=hillarypeil-20,FASHION,Amazon Creators API returned the product but no price
B0DM2PXLZB,https://www.amazon.com/dp/B0DM2PXLZB?tag=hillarypeil-20,SHOP The Hillary Style,Amazon Creators API returned the product but no price
B0DM2S7KSN,https://www.amazon.com/dp/B0DM2S7KSN?tag=hillarypeil-20,SHOP The Hillary Style,Amazon Creators API returned the product but no price
B0DM5GQRFD,https://www.amazon.com/dp/B0DM5GQRFD?tag=hillarypeil-20,FEBRUARY Best Sellers | JULY TOP PICKS | MARCH Best Sellers,Amazon Creators API returned the product but no price
B0DM6FM2B6,https://www.amazon.com/dp/B0DM6FM2B6?tag=hillarypeil-20,For the Hostess - GIFT GUIDE | SHOP The Hillary Style,Amazon Creators API returned the product but no price
B0DM6H8P5V,https://www.amazon.com/dp/B0DM6H8P5V?tag=hillarypeil-20,SHOP The Hillary Style,Amazon Creators API returned the product but no price
B0DM6H94L4,https://www.amazon.com/dp/B0DM6H94L4?tag=hillarypeil-20,ENTERTAINING Essentials | SHOP The Hillary Style,Amazon Creators API returned the product but no price
B0DM7H7HJG,https://www.amazon.com/dp/B0DM7H7HJG?tag=hillarypeil-20,JUST IN - Organizing & Home,Amazon Creators API returned the product but no price
B0DM9LKDDB,https://www.amazon.com/dp/B0DM9LKDDB?tag=hillarypeil-20,AFFORDABLE DECOR,Amazon Creators API returned the product but no price
B0DMCS6TFS,https://www.amazon.com/dp/B0DMCS6TFS?tag=hillarypeil-20,APRIL Best Sellers,Amazon Creators API returned the product but no price
B0DMCTV6L6,https://www.amazon.com/dp/B0DMCTV6L6?tag=hillarypeil-20,The STYLE EDIT - HOTTEST finds RIGHT NOW!,Amazon Creators API returned the product but no price
B0DMNT9XVH,https://www.amazon.com/dp/B0DMNT9XVH?tag=hillarypeil-20,MARCH Best Sellers,Amazon Creators API returned the product but no price
B0DMTHHLJV,https://www.amazon.com/dp/B0DMTHHLJV?tag=hillarypeil-20,TWEEN BACK TO SCHOOL,Amazon Creators API returned the product but no price
B0DMV8M779,https://www.amazon.com/dp/B0DMV8M779?tag=hillarypeil-20,SHOP The Hillary Style,Amazon Creators API returned the product but no price
B0DMVK69BZ,https://www.amazon.com/dp/B0DMVK69BZ?tag=hillarypeil-20,SHOP The Hillary Style,Amazon Creators API returned the product but no price
B0DMVKC98H,https://www.amazon.com/dp/B0DMVKC98H?tag=hillarypeil-20,SHOP The Hillary Style | VANITY Must-Haves,Amazon Creators API returned the product but no price
B0DMW9KS74,https://www.amazon.com/dp/B0DMW9KS74?tag=hillarypeil-20,Hillary's NEWEST Finds | MORE NEW FINDS | TOP 100+ PRIME DEALS,Amazon Creators API returned the product but no price
B0DN1JC97Y,https://www.amazon.com/dp/B0DN1JC97Y?tag=hillarypeil-20,TOP SEPTEMBER DEALS,Amazon Creators API returned the product but no price
B0DN1KBQ8K,https://www.amazon.com/dp/B0DN1KBQ8K?tag=hillarypeil-20,DATE NIGHT FASHION | WORK WEAR,Amazon Creators API returned the product but no price
B0DN1YGYGD,https://www.amazon.com/dp/B0DN1YGYGD?tag=hillarypeil-20,COFFEE BAR Essentials | LAUNDRY Room Essentials | MY TOP PRODUCTS FOR JULY,Amazon Creators API returned the product but no price
B0DN4JQ4XG,https://www.amazon.com/dp/B0DN4JQ4XG?tag=hillarypeil-20,PILATES PRINCESS,Amazon Creators API returned the product but no price
B0DN6B5WHT,https://www.amazon.com/dp/B0DN6B5WHT?tag=hillarypeil-20,CABINETS. SIDEBOARDS. BUFFETS. CONSOLES.,Amazon Creators API returned the product but no price
B0DN78SFLT,https://www.amazon.com/dp/B0DN78SFLT?tag=hillarypeil-20,CYBER HOLIDAY,Amazon Creators API returned the product but no price
B0DN7H5DXJ,https://www.amazon.com/dp/B0DN7H5DXJ?tag=hillarypeil-20,BEST SELLERS | HOLIDAY COLOR CRUSHES 2025 | SHOP The Hillary Style,Amazon Creators API returned the product but no price
B0DNCPKKKZ,https://www.amazon.com/dp/B0DNCPKKKZ?tag=hillarypeil-20,OVER 40 & Fabulous HILLARY'S Capsule WARDROBE - Effortless & Chic,Amazon Creators API returned the product but no price
B0DNCT9XRP,https://www.amazon.com/dp/B0DNCT9XRP?tag=hillarypeil-20,WORK WEAR,Amazon Creators API returned the product but no price
B0DNDFQB2W,https://www.amazon.com/dp/B0DNDFQB2W?tag=hillarypeil-20,BEST SELLERS | JUST IN...My Newest OBSESSIONS | Our REMODEL HOME,Amazon Creators API returned the product but no price
B0DNFYBRM1,https://www.amazon.com/dp/B0DNFYBRM1?tag=hillarypeil-20,HOLIDAY COLOR CRUSHES 2025,Amazon Creators API returned the product but no price
B0DNJKTHMP,https://www.amazon.com/dp/B0DNJKTHMP?tag=hillarypeil-20,LIGHTING - Designer Inspired | Our REMODEL HOME,Amazon Creators API returned the product but no price
B0DNK44PZQ,https://www.amazon.com/dp/B0DNK44PZQ?tag=hillarypeil-20,CHIC WITHOUT THE SPLURGE TRAVEL,Amazon Creators API returned the product but no price
B0DNKN1G27,https://www.amazon.com/dp/B0DNKN1G27?tag=hillarypeil-20,FOR HER - HANDBAGS,Amazon Creators API returned the product but no price
B0DNLBKLW6,https://www.amazon.com/dp/B0DNLBKLW6?tag=hillarypeil-20,SHOP The Hillary Style,Amazon Creators API returned the product but no price
B0DNLP41JD,https://www.amazon.com/dp/B0DNLP41JD?tag=hillarypeil-20,SHOP The Hillary Style,Amazon Creators API returned the product but no price
B0DNM119L3,https://www.amazon.com/dp/B0DNM119L3?tag=hillarypeil-20,FEBRUARY Best Sellers,Amazon Creators API returned the product but no price
B0DNM7KCN4,https://www.amazon.com/dp/B0DNM7KCN4?tag=hillarypeil-20,APRIL Best Sellers,Amazon Creators API returned the product but no price
B0DNMG94D1,https://www.amazon.com/dp/B0DNMG94D1?tag=hillarypeil-20,Your Currently MOST-LOVED,Amazon Creators API returned the product but no price
B0DNQ2RGFC,https://www.amazon.com/dp/B0DNQ2RGFC?tag=hillarypeil-20,JUST IN - Organizing & Home,Amazon Creators API returned the product but no price
B0DNQ3SV25,https://www.amazon.com/dp/B0DNQ3SV25?tag=hillarypeil-20,OVER 40 & Fabulous HILLARY'S Capsule WARDROBE - Effortless & Chic,Amazon Creators API returned the product but no price
B0DNQK99YY,https://www.amazon.com/dp/B0DNQK99YY?tag=hillarypeil-20,JULY TOP PICKS,Amazon Creators API returned the product but no price
B0DNRJ33YC,https://www.amazon.com/dp/B0DNRJ33YC?tag=hillarypeil-20,Hillary's NEWEST Finds,Amazon Creators API returned the product but no price
B0DNRR7PRS,https://www.amazon.com/dp/B0DNRR7PRS?tag=hillarypeil-20,NEW Arrivals | SHOP The Hillary Style,Amazon Creators API returned the product but no price
B0DNV2SZD4,https://www.amazon.com/dp/B0DNV2SZD4?tag=hillarypeil-20,The Hillary Style Holiday,Amazon Creators API returned the product but no price
B0DNYPH6H1,https://www.amazon.com/dp/B0DNYPH6H1?tag=hillarypeil-20,LIGHTING - Designer Inspired,Amazon Creators API returned the product but no price
B0DNYRN77M,https://www.amazon.com/dp/B0DNYRN77M?tag=hillarypeil-20,LIGHTING - Designer Inspired,Amazon Creators API returned the product but no price
B0DP1JVWFF,https://www.amazon.com/dp/B0DP1JVWFF?tag=hillarypeil-20,The Hillary Style Holiday,Amazon Creators API returned the product but no price
B0DP21QWM7,https://www.amazon.com/dp/B0DP21QWM7?tag=hillarypeil-20,FOR HER - HANDBAGS,Amazon Creators API returned the product but no price
B0DP2BJH72,https://www.amazon.com/dp/B0DP2BJH72?tag=hillarypeil-20,FEBRUARY Best Sellers,Amazon Creators API returned the product but no price
B0DP4CJYNC,https://www.amazon.com/dp/B0DP4CJYNC?tag=hillarypeil-20,HOLIDAY BEST SELLERS,Amazon Creators API returned the product but no price
B0DP5XXQ7T,https://www.amazon.com/dp/B0DP5XXQ7T?tag=hillarypeil-20,2025 TOP SELLERS,Amazon Creators API returned the product but no price
B0DP5YQ2HY,https://www.amazon.com/dp/B0DP5YQ2HY?tag=hillarypeil-20,CARTS DON'T LIE — These were May's biggest hits.,Amazon Creators API returned the product but no price
B0DP6H79LJ,https://www.amazon.com/dp/B0DP6H79LJ?tag=hillarypeil-20,LUXE JEWELRY & ACCESSORIES,Amazon Creators API returned the product but no price
B0DP6Q951Q,https://www.amazon.com/dp/B0DP6Q951Q?tag=hillarypeil-20,HOME & BATH Essentials | KITCHEN Essentials,Amazon Creators API returned the product but no price
B0DP8JZ2HM,https://www.amazon.com/dp/B0DP8JZ2HM?tag=hillarypeil-20,JUST IN...My Newest OBSESSIONS,Amazon Creators API returned the product but no price
B0DP8N29JV,https://www.amazon.com/dp/B0DP8N29JV?tag=hillarypeil-20,JUST IN - Organizing & Home,Amazon Creators API returned the product but no price
B0DP96G1YP,https://www.amazon.com/dp/B0DP96G1YP?tag=hillarypeil-20,AFFORDABLE DECOR | TOP 100 HOME PICKS,Amazon Creators API returned the product but no price
B0DP9LRFFJ,https://www.amazon.com/dp/B0DP9LRFFJ?tag=hillarypeil-20,WALL DECOR - MIRRORS. ART. FRAMES.,Amazon Creators API returned the product but no price
B0DPFXZ95R,https://www.amazon.com/dp/B0DPFXZ95R?tag=hillarypeil-20,NEW HOME FINDS,Amazon Creators API returned the product but no price
B0DPGF7538,https://www.amazon.com/dp/B0DPGF7538?tag=hillarypeil-20,AFFORDABLE DECOR | MORE NEW FINDS,Amazon Creators API returned the product but no price
B0DPP9DB7H,https://www.amazon.com/dp/B0DPP9DB7H?tag=hillarypeil-20,AUGUST TOP PICKS,Amazon Creators API returned the product but no price
B0DPQN98C9,https://www.amazon.com/dp/B0DPQN98C9?tag=hillarypeil-20,VIRAL Home Gadgets,Amazon Creators API returned the product but no price
B0DPR7F63S,https://www.amazon.com/dp/B0DPR7F63S?tag=hillarypeil-20,NEW Arrivals | RH STYLE - Looks like a SPLURGE | TOP 100 HOME PICKS,Amazon Creators API returned the product but no price
B0DPRGGPQS,https://www.amazon.com/dp/B0DPRGGPQS?tag=hillarypeil-20,48 Yr Old Mom of 5 - What I am OBSESSED over! | BEAUTY MUST-HAVES | JULY TOP PICKS | JUNE TOP PICKS | LUXE Gifting | TOP 100+ PRIME DEALS | TOP 50 BEAUTY,Amazon Creators API returned the product but no price
B0DPS37Y1T,https://www.amazon.com/dp/B0DPS37Y1T?tag=hillarypeil-20,TWEEN BACK TO SCHOOL,Amazon Creators API returned the product but no price
B0DPS8JTD6,https://www.amazon.com/dp/B0DPS8JTD6?tag=hillarypeil-20,MORE NEW FINDS,Amazon Creators API returned the product but no price
B0DPXX7TM7,https://www.amazon.com/dp/B0DPXX7TM7?tag=hillarypeil-20,CABINETS. SIDEBOARDS. BUFFETS. CONSOLES.,Amazon Creators API returned the product but no price
B0DPYWZ56W,https://www.amazon.com/dp/B0DPYWZ56W?tag=hillarypeil-20,JUST IN - Organizing & Home,Amazon Creators API returned the product but no price
B0DQ4TWH85,https://www.amazon.com/dp/B0DQ4TWH85?tag=hillarypeil-20,CABINETS. SIDEBOARDS. BUFFETS. CONSOLES.,Amazon Creators API returned the product but no price
B0DQ57B72L,https://www.amazon.com/dp/B0DQ57B72L?tag=hillarypeil-20,HOME DECOR,Amazon Creators API returned the product but no price
B0DQ6WJG1B,https://www.amazon.com/dp/B0DQ6WJG1B?tag=hillarypeil-20,BEAUTY & SKINCARE,Amazon Creators API returned the product but no price
B0DQ878NJM,https://www.amazon.com/dp/B0DQ878NJM?tag=hillarypeil-20,The FALL EDIT,Amazon Creators API returned the product but no price
B0DQ9GVV36,https://www.amazon.com/dp/B0DQ9GVV36?tag=hillarypeil-20,GIFTING,Amazon Creators API returned the product but no price
B0DQ9LMRJ5,https://www.amazon.com/dp/B0DQ9LMRJ5?tag=hillarypeil-20,LUXE Holiday Home | The Hillary Style Holiday | VIRAL Holiday Finds,Amazon Creators API returned the product but no price
B0DQ9T92KZ,https://www.amazon.com/dp/B0DQ9T92KZ?tag=hillarypeil-20,SHOP The Hillary Style | Subtle Luxury Home,Amazon Creators API returned the product but no price
B0DQCYJ71H,https://www.amazon.com/dp/B0DQCYJ71H?tag=hillarypeil-20,APRIL Best Sellers,Amazon Creators API returned the product but no price
B0DQDRJ1YX,https://www.amazon.com/dp/B0DQDRJ1YX?tag=hillarypeil-20,APRIL Best Sellers | OUTDOOR Oasis | Outdoor PLANTERS,Amazon Creators API returned the product but no price
B0DQFZWD6G,https://www.amazon.com/dp/B0DQFZWD6G?tag=hillarypeil-20,AFFORDABLE DECOR,Amazon Creators API returned the product but no price
B0DQKGK1K6,https://www.amazon.com/dp/B0DQKGK1K6?tag=hillarypeil-20,FEBRUARY Best Sellers,Amazon Creators API returned the product but no price
B0DQS8M8M7,https://www.amazon.com/dp/B0DQS8M8M7?tag=hillarypeil-20,OVER 40 & Fabulous HILLARY'S Capsule WARDROBE - Effortless & Chic,Amazon Creators API returned the product but no price
B0DQSGG4MW,https://www.amazon.com/dp/B0DQSGG4MW?tag=hillarypeil-20,NEW HOME FINDS,Amazon Creators API returned the product but no price
B0DQXZDL1F,https://www.amazon.com/dp/B0DQXZDL1F?tag=hillarypeil-20,APRIL Best Sellers,Amazon Creators API returned the product but no price
B0DR2Y9NK2,https://www.amazon.com/dp/B0DR2Y9NK2?tag=hillarypeil-20,APRIL Best Sellers | April Amazon Live,Amazon Creators API returned the product but no price
B0DR2YJ9LQ,https://www.amazon.com/dp/B0DR2YJ9LQ?tag=hillarypeil-20,APRIL Best Sellers | April Amazon Live,Amazon Creators API returned the product but no price
B0DR2ZY5Q3,https://www.amazon.com/dp/B0DR2ZY5Q3?tag=hillarypeil-20,JUST IN...My Newest OBSESSIONS,Amazon Creators API returned the product but no price
B0DR31JV9G,https://www.amazon.com/dp/B0DR31JV9G?tag=hillarypeil-20,April Amazon Live,Amazon Creators API returned the product but no price
B0DR32JTQQ,https://www.amazon.com/dp/B0DR32JTQQ?tag=hillarypeil-20,APRIL Best Sellers | April Amazon Live,Amazon Creators API returned the product but no price
B0DR349W7Z,https://www.amazon.com/dp/B0DR349W7Z?tag=hillarypeil-20,APRIL Best Sellers | April Amazon Live,Amazon Creators API returned the product but no price
B0DR3B4FRR,https://www.amazon.com/dp/B0DR3B4FRR?tag=hillarypeil-20,SOFAS. ACCENT CHAIRS. OTTOMANS.,Amazon Creators API returned the product but no price
B0DR5TQKGN,https://www.amazon.com/dp/B0DR5TQKGN?tag=hillarypeil-20,Spring Obsessed,Amazon Creators API returned the product but no price
B0DR7YL44C,https://www.amazon.com/dp/B0DR7YL44C?tag=hillarypeil-20,BEST SELLERS,Amazon Creators API returned the product but no price
B0DR7Z2SBZ,https://www.amazon.com/dp/B0DR7Z2SBZ?tag=hillarypeil-20,TOP OCTOBER DEALS,Amazon Creators API returned the product but no price
B0DR84FN9V,https://www.amazon.com/dp/B0DR84FN9V?tag=hillarypeil-20,ELEVATED KITCHEN Must-Haves | Your Currently MOST-LOVED,Amazon Creators API returned the product but no price
B0DR8SMMSX,https://www.amazon.com/dp/B0DR8SMMSX?tag=hillarypeil-20,LIGHTING - Designer Inspired,Amazon Creators API returned the product but no price
B0DR8SYB9S,https://www.amazon.com/dp/B0DR8SYB9S?tag=hillarypeil-20,The STYLE EDIT - HOTTEST finds RIGHT NOW!,Amazon Creators API returned the product but no price
B0DR9LSSWS,https://www.amazon.com/dp/B0DR9LSSWS?tag=hillarypeil-20,LUXE Gifting | TOP OCTOBER DEALS,Amazon Creators API returned the product but no price
B0DRD3C53Q,https://www.amazon.com/dp/B0DRD3C53Q?tag=hillarypeil-20,CABINETS. SIDEBOARDS. BUFFETS. CONSOLES.,Amazon Creators API returned the product but no price
B0DRFJFPZW,https://www.amazon.com/dp/B0DRFJFPZW?tag=hillarypeil-20,FASHION,Amazon Creators API returned the product but no price
B0DRG7PH72,https://www.amazon.com/dp/B0DRG7PH72?tag=hillarypeil-20,OUTDOOR Oasis,Amazon Creators API returned the product but no price
B0DRHRV7VJ,https://www.amazon.com/dp/B0DRHRV7VJ?tag=hillarypeil-20,RESORT WEAR FASHION,Amazon Creators API returned the product but no price
B0DRL8YCKX,https://www.amazon.com/dp/B0DRL8YCKX?tag=hillarypeil-20,NEW Arrivals | RH STYLE - Looks like a SPLURGE,Amazon Creators API returned the product but no price
B0DRWHLC7Q,https://www.amazon.com/dp/B0DRWHLC7Q?tag=hillarypeil-20,MARCH Best Sellers,Amazon Creators API returned the product but no price
B0DS1LFKRM,https://www.amazon.com/dp/B0DS1LFKRM?tag=hillarypeil-20,LUXE Gifting,Amazon Creators API returned the product but no price
B0DS5VL7GT,https://www.amazon.com/dp/B0DS5VL7GT?tag=hillarypeil-20,GIFTING,Amazon Creators API returned the product but no price
B0DS6L1GDH,https://www.amazon.com/dp/B0DS6L1GDH?tag=hillarypeil-20,OVER 40 & Fabulous HILLARY'S Capsule WARDROBE - Effortless & Chic,Amazon Creators API returned the product but no price
B0DSBCFV3D,https://www.amazon.com/dp/B0DSBCFV3D?tag=hillarypeil-20,LUXE JEWELRY & ACCESSORIES,Amazon Creators API returned the product but no price
B0DSC5BXHY,https://www.amazon.com/dp/B0DSC5BXHY?tag=hillarypeil-20,JULY TOP PICKS,Amazon Creators API returned the product but no price
B0DSCMVM3C,https://www.amazon.com/dp/B0DSCMVM3C?tag=hillarypeil-20,AUTUMN Vibes | FAUX & DRIED FLORALS | JUST IN...My Newest OBSESSIONS | POWDER BATH | SHOP The Hillary Style,Amazon Creators API returned the product but no price
B0DSCMYN5Y,https://www.amazon.com/dp/B0DSCMYN5Y?tag=hillarypeil-20,FAUX & DRIED FLORALS | SHOP The Hillary Style,Amazon Creators API returned the product but no price
B0DSCNH7LL,https://www.amazon.com/dp/B0DSCNH7LL?tag=hillarypeil-20,FAUX & DRIED FLORALS | SHOP The Hillary Style,Amazon Creators API returned the product but no price
B0DSCNQSHS,https://www.amazon.com/dp/B0DSCNQSHS?tag=hillarypeil-20,APRIL Best Sellers | EARNED A SPOT FOR LIFE! | FAUX & DRIED FLORALS | SHOP The Hillary Style,Amazon Creators API returned the product but no price
B0DSCP1244,https://www.amazon.com/dp/B0DSCP1244?tag=hillarypeil-20,FAUX & DRIED FLORALS | RESTORATION VIBES | SHOP The Hillary Style,Amazon Creators API returned the product but no price
B0DSFD2XKB,https://www.amazon.com/dp/B0DSFD2XKB?tag=hillarypeil-20,April Amazon Live,Amazon Creators API returned the product but no price
B0DSFWYJS2,https://www.amazon.com/dp/B0DSFWYJS2?tag=hillarypeil-20,NEW Arrivals,Amazon Creators API returned the product but no price
B0DSGNYJ81,https://www.amazon.com/dp/B0DSGNYJ81?tag=hillarypeil-20,EARNED A SPOT FOR LIFE! | FAUX & DRIED FLORALS | FAUX INDOOR/OUTDOOR | HOME DECOR | NEW Arrivals | SHOP The Hillary Style | Spring Obsessed | Your Currently MOST-LOVED,Amazon Creators API returned the product but no price
B0DSGP8QN4,https://www.amazon.com/dp/B0DSGP8QN4?tag=hillarypeil-20,SHOP The Hillary Style,Amazon Creators API returned the product but no price
B0DSGQ3B7P,https://www.amazon.com/dp/B0DSGQ3B7P?tag=hillarypeil-20,SHOP The Hillary Style,Amazon Creators API returned the product but no price
B0DSJYVM6Y,https://www.amazon.com/dp/B0DSJYVM6Y?tag=hillarypeil-20,SHOP The Hillary Style,Amazon Creators API returned the product but no price
B0DSK1D66X,https://www.amazon.com/dp/B0DSK1D66X?tag=hillarypeil-20,SHOP The Hillary Style,Amazon Creators API returned the product but no price
B0DSLC38RQ,https://www.amazon.com/dp/B0DSLC38RQ?tag=hillarypeil-20,MARCH Best Sellers,Amazon Creators API returned the product but no price
B0DSQM9NS5,https://www.amazon.com/dp/B0DSQM9NS5?tag=hillarypeil-20,AUGUST TOP PICKS,Amazon Creators API returned the product but no price
B0DSR19G8S,https://www.amazon.com/dp/B0DSR19G8S?tag=hillarypeil-20,The FALL EDIT,Amazon Creators API returned the product but no price
B0DSSYFYQ3,https://www.amazon.com/dp/B0DSSYFYQ3?tag=hillarypeil-20,TOP SEPTEMBER DEALS,Amazon Creators API returned the product but no price
B0DSVLGDNP,https://www.amazon.com/dp/B0DSVLGDNP?tag=hillarypeil-20,LIGHTING - Designer Inspired,Amazon Creators API returned the product but no price
B0DSZQ59S7,https://www.amazon.com/dp/B0DSZQ59S7?tag=hillarypeil-20,JULY TOP PICKS,Amazon Creators API returned the product but no price
B0DT1NBSHB,https://www.amazon.com/dp/B0DT1NBSHB?tag=hillarypeil-20,AUGUST TOP PICKS,Amazon Creators API returned the product but no price
B0DT2DCK2P,https://www.amazon.com/dp/B0DT2DCK2P?tag=hillarypeil-20,MORE NEW FINDS,Amazon Creators API returned the product but no price
B0DT45F7TM,https://www.amazon.com/dp/B0DT45F7TM?tag=hillarypeil-20,LIGHTING - Designer Inspired,Amazon Creators API returned the product but no price
B0DT473WV2,https://www.amazon.com/dp/B0DT473WV2?tag=hillarypeil-20,BATHROOM REMODEL | LIGHTING - Designer Inspired,Amazon Creators API returned the product but no price
B0DT5QPH46,https://www.amazon.com/dp/B0DT5QPH46?tag=hillarypeil-20,FAUX INDOOR/OUTDOOR,Amazon Creators API returned the product but no price
B0DT5YSHLR,https://www.amazon.com/dp/B0DT5YSHLR?tag=hillarypeil-20,JUST IN - Organizing & Home,Amazon Creators API returned the product but no price
B0DT8ZKL38,https://www.amazon.com/dp/B0DT8ZKL38?tag=hillarypeil-20,JUST IN - Organizing & Home,Amazon Creators API returned the product but no price
B0DTHYDBWF,https://www.amazon.com/dp/B0DTHYDBWF?tag=hillarypeil-20,SOFAS. ACCENT CHAIRS. OTTOMANS.,Amazon Creators API returned the product but no price
B0DTJRS7XW,https://www.amazon.com/dp/B0DTJRS7XW?tag=hillarypeil-20,QUIET LUXURY/OLD MONEY,Amazon Creators API returned the product but no price
B0DVH6W4H2,https://www.amazon.com/dp/B0DVH6W4H2?tag=hillarypeil-20,NEW HOME FINDS,Amazon Creators API returned the product but no price
B0DVJ3HHDC,https://www.amazon.com/dp/B0DVJ3HHDC?tag=hillarypeil-20,BATHROOM REMODEL | NEW Arrivals,Amazon Creators API returned the product but no price
B0DW2FBN88,https://www.amazon.com/dp/B0DW2FBN88?tag=hillarypeil-20,SHOPBOP Favorites,Amazon Creators API returned the product but no price
B0DWD3C3TT,https://www.amazon.com/dp/B0DWD3C3TT?tag=hillarypeil-20,BEST SELLERS | TOP OCTOBER DEALS,Amazon Creators API returned the product but no price
B0DWMQ3B92,https://www.amazon.com/dp/B0DWMQ3B92?tag=hillarypeil-20,FASHION,Amazon Creators API returned the product but no price
B0DWNGWKPL,https://www.amazon.com/dp/B0DWNGWKPL?tag=hillarypeil-20,NEW Arrivals,Amazon Creators API returned the product but no price
B0DWSM72KP,https://www.amazon.com/dp/B0DWSM72KP?tag=hillarypeil-20,TOP SEPTEMBER DEALS,Amazon Creators API returned the product but no price
B0DWSV392X,https://www.amazon.com/dp/B0DWSV392X?tag=hillarypeil-20,TOP SEPTEMBER DEALS,Amazon Creators API returned the product but no price
B0DWVQ75N3,https://www.amazon.com/dp/B0DWVQ75N3?tag=hillarypeil-20,JULY TOP PICKS,Amazon Creators API returned the product but no price
B0DX3TB62S,https://www.amazon.com/dp/B0DX3TB62S?tag=hillarypeil-20,OUTDOOR Oasis,Amazon Creators API returned the product but no price
B0DX4VDXW7,https://www.amazon.com/dp/B0DX4VDXW7?tag=hillarypeil-20,FOR HIM - GIFT GUIDE,Amazon Creators API returned the product but no price
B0DXFBT237,https://www.amazon.com/dp/B0DXFBT237?tag=hillarypeil-20,$50 WINTER FASHION | Effortless Chic Home | FASHION,Amazon Creators API returned the product but no price
B0DXFYMRZB,https://www.amazon.com/dp/B0DXFYMRZB?tag=hillarypeil-20,OVER 40 & Fabulous HILLARY'S Capsule WARDROBE - Effortless & Chic | QUIET LUXURY/OLD MONEY,Amazon Creators API returned the product but no price
B0DXFYXPKV,https://www.amazon.com/dp/B0DXFYXPKV?tag=hillarypeil-20,OVER 40 & Fabulous HILLARY'S Capsule WARDROBE - Effortless & Chic,Amazon Creators API returned the product but no price
B0DXFZ1125,https://www.amazon.com/dp/B0DXFZ1125?tag=hillarypeil-20,The FALL EDIT,Amazon Creators API returned the product but no price
B0DXJ252K5,https://www.amazon.com/dp/B0DXJ252K5?tag=hillarypeil-20,JUST IN...My Newest OBSESSIONS,Amazon Creators API returned the product but no price
B0DXKW8MZK,https://www.amazon.com/dp/B0DXKW8MZK?tag=hillarypeil-20,The FALL EDIT,Amazon Creators API returned the product but no price
B0DXL2QRBJ,https://www.amazon.com/dp/B0DXL2QRBJ?tag=hillarypeil-20,JUST IN - Organizing & Home,Amazon Creators API returned the product but no price
B0DY1JXCPC,https://www.amazon.com/dp/B0DY1JXCPC?tag=hillarypeil-20,HOME DECOR,Amazon Creators API returned the product but no price
B0DY2K74NG,https://www.amazon.com/dp/B0DY2K74NG?tag=hillarypeil-20,HOLIDAY MUST-HAVES on AMAZON LIVE,Amazon Creators API returned the product but no price
B0DY4BPGVY,https://www.amazon.com/dp/B0DY4BPGVY?tag=hillarypeil-20,BEST SELLERS,Amazon Creators API returned the product but no price
B0DY8C6XBR,https://www.amazon.com/dp/B0DY8C6XBR?tag=hillarypeil-20,AUGUST TOP PICKS,Amazon Creators API returned the product but no price
B0DYDNYX86,https://www.amazon.com/dp/B0DYDNYX86?tag=hillarypeil-20,NEW Arrivals,Amazon Creators API returned the product but no price
B0DYK89YXD,https://www.amazon.com/dp/B0DYK89YXD?tag=hillarypeil-20,APRIL Best Sellers | Hillary's NEWEST Finds,Amazon Creators API returned the product but no price
B0DZ2FK13X,https://www.amazon.com/dp/B0DZ2FK13X?tag=hillarypeil-20,SPORT MOM Style,Amazon Creators API returned the product but no price
B0DZ2JF3BQ,https://www.amazon.com/dp/B0DZ2JF3BQ?tag=hillarypeil-20,JUST IN - Organizing & Home,Amazon Creators API returned the product but no price
B0DZ6GZ791,https://www.amazon.com/dp/B0DZ6GZ791?tag=hillarypeil-20,JULY TOP PICKS,Amazon Creators API returned the product but no price
B0DZ9VX4PR,https://www.amazon.com/dp/B0DZ9VX4PR?tag=hillarypeil-20,OVER 40 & Fabulous HILLARY'S Capsule WARDROBE - Effortless & Chic,Amazon Creators API returned the product but no price
B0DZBVKLGR,https://www.amazon.com/dp/B0DZBVKLGR?tag=hillarypeil-20,CHIC 2-PIECE SETS,Amazon Creators API returned the product but no price
B0DZCHNFW1,https://www.amazon.com/dp/B0DZCHNFW1?tag=hillarypeil-20,HOME & BATH Essentials,Amazon Creators API returned the product but no price
B0DZH3J6GX,https://www.amazon.com/dp/B0DZH3J6GX?tag=hillarypeil-20,$50 WINTER FASHION,Amazon Creators API returned the product but no price
B0DZHQY5WW,https://www.amazon.com/dp/B0DZHQY5WW?tag=hillarypeil-20,JUST IN - Organizing & Home,Amazon Creators API returned the product but no price
B0DZX5HN1F,https://www.amazon.com/dp/B0DZX5HN1F?tag=hillarypeil-20,HOME DECOR,Amazon Creators API returned the product but no price
B0F14VV96B,https://www.amazon.com/dp/B0F14VV96B?tag=hillarypeil-20,DINING ROOM,Amazon Creators API returned the product but no price
B0F1D76DVF,https://www.amazon.com/dp/B0F1D76DVF?tag=hillarypeil-20,JUST IN - Organizing & Home,Amazon Creators API returned the product but no price
B0F1H9CTPQ,https://www.amazon.com/dp/B0F1H9CTPQ?tag=hillarypeil-20,TECH ESSENTIALS,Amazon Creators API returned the product but no price
B0F1TSWZ3Z,https://www.amazon.com/dp/B0F1TSWZ3Z?tag=hillarypeil-20,HEALTHY Living,Amazon Creators API returned the product but no price
B0F1Y348YP,https://www.amazon.com/dp/B0F1Y348YP?tag=hillarypeil-20,JUST IN - Organizing & Home,Amazon Creators API returned the product but no price
B0F219JKZQ,https://www.amazon.com/dp/B0F219JKZQ?tag=hillarypeil-20,HOLIDAY BEST SELLERS,Amazon Creators API returned the product but no price
B0F21CFLQ4,https://www.amazon.com/dp/B0F21CFLQ4?tag=hillarypeil-20,HOLIDAY BEST SELLERS,Amazon Creators API returned the product but no price
B0F21W3F4C,https://www.amazon.com/dp/B0F21W3F4C?tag=hillarypeil-20,FASHION,Amazon Creators API returned the product but no price
B0F23ZXNB8,https://www.amazon.com/dp/B0F23ZXNB8?tag=hillarypeil-20,GIFTS UNDER $50 | LUXE Gifting,Amazon Creators API returned the product but no price
B0F2412F6F,https://www.amazon.com/dp/B0F2412F6F?tag=hillarypeil-20,TRANSITIONAL Fall Fashion | The FALL EDIT,Amazon Creators API returned the product but no price
B0F246D5LD,https://www.amazon.com/dp/B0F246D5LD?tag=hillarypeil-20,BEDDING: LUXURY finds in Our Home | BEST SELLERS | EARNED A SPOT FOR LIFE! | Our REMODEL HOME,Amazon Creators API returned the product but no price
B0F24FQ85W,https://www.amazon.com/dp/B0F24FQ85W?tag=hillarypeil-20,BEST SELLERS | TOP SEPTEMBER DEALS,Amazon Creators API returned the product but no price
B0F26PZCNS,https://www.amazon.com/dp/B0F26PZCNS?tag=hillarypeil-20,SKIMS LIKE BASICS,Amazon Creators API returned the product but no price
B0F28K8Q55,https://www.amazon.com/dp/B0F28K8Q55?tag=hillarypeil-20,$50 WINTER FASHION,Amazon Creators API returned the product but no price
B0F28M8T5K,https://www.amazon.com/dp/B0F28M8T5K?tag=hillarypeil-20,CHIC WITHOUT THE SPLURGE TRAVEL,Amazon Creators API returned the product but no price
B0F28XZLV4,https://www.amazon.com/dp/B0F28XZLV4?tag=hillarypeil-20,HOME DECOR,Amazon Creators API returned the product but no price
B0F29JPKWK,https://www.amazon.com/dp/B0F29JPKWK?tag=hillarypeil-20,OUTDOOR Oasis,Amazon Creators API returned the product but no price
B0F2FGPHLR,https://www.amazon.com/dp/B0F2FGPHLR?tag=hillarypeil-20,PILATES PRINCESS,Amazon Creators API returned the product but no price
B0F2GMCCY2,https://www.amazon.com/dp/B0F2GMCCY2?tag=hillarypeil-20,LIGHTING - Designer Inspired,Amazon Creators API returned the product but no price
B0F2HLSNRN,https://www.amazon.com/dp/B0F2HLSNRN?tag=hillarypeil-20,CHIC 2-PIECE SETS,Amazon Creators API returned the product but no price
B0F2W395X2,https://www.amazon.com/dp/B0F2W395X2?tag=hillarypeil-20,UNDER $50 FALL Capsule,Amazon Creators API returned the product but no price
B0F3849H8X,https://www.amazon.com/dp/B0F3849H8X?tag=hillarypeil-20,JUST IN - Organizing & Home,Amazon Creators API returned the product but no price
B0F3TQDPSV,https://www.amazon.com/dp/B0F3TQDPSV?tag=hillarypeil-20,JUST IN - Organizing & Home,Amazon Creators API returned the product but no price
B0F41TLJT7,https://www.amazon.com/dp/B0F41TLJT7?tag=hillarypeil-20,HOME DECOR,Amazon Creators API returned the product but no price
B0F473GSVS,https://www.amazon.com/dp/B0F473GSVS?tag=hillarypeil-20,PILATES PRINCESS,Amazon Creators API returned the product but no price
B0F4C2X1YX,https://www.amazon.com/dp/B0F4C2X1YX?tag=hillarypeil-20,FASHION,Amazon Creators API returned the product but no price
B0F4D9HRXH,https://www.amazon.com/dp/B0F4D9HRXH?tag=hillarypeil-20,BEST SELLERS | TOP SEPTEMBER DEALS,Amazon Creators API returned the product but no price
B0F4DKFB89,https://www.amazon.com/dp/B0F4DKFB89?tag=hillarypeil-20,HOLIDAY COLOR CRUSHES 2025,Amazon Creators API returned the product but no price
B0F4JYZ6SS,https://www.amazon.com/dp/B0F4JYZ6SS?tag=hillarypeil-20,JUST IN - Organizing & Home,Amazon Creators API returned the product but no price
B0F4KMPXCQ,https://www.amazon.com/dp/B0F4KMPXCQ?tag=hillarypeil-20,VIRAL Home Gadgets,Amazon Creators API returned the product but no price
B0F53Z1PVL,https://www.amazon.com/dp/B0F53Z1PVL?tag=hillarypeil-20,HOME DECOR,Amazon Creators API returned the product but no price
B0F5WXLSNY,https://www.amazon.com/dp/B0F5WXLSNY?tag=hillarypeil-20,LIGHTING - Designer Inspired | Our REMODEL HOME,Amazon Creators API returned the product but no price
B0F66Z9JPX,https://www.amazon.com/dp/B0F66Z9JPX?tag=hillarypeil-20,JUST IN - Organizing & Home,Amazon Creators API returned the product but no price
B0F68L4P1S,https://www.amazon.com/dp/B0F68L4P1S?tag=hillarypeil-20,SPORT MOM Style,Amazon Creators API returned the product but no price
B0F6CQRK6D,https://www.amazon.com/dp/B0F6CQRK6D?tag=hillarypeil-20,PILATES PRINCESS,Amazon Creators API returned the product but no price
B0F6CTH82M,https://www.amazon.com/dp/B0F6CTH82M?tag=hillarypeil-20,JUST IN - Organizing & Home,Amazon Creators API returned the product but no price
B0F6L1MT26,https://www.amazon.com/dp/B0F6L1MT26?tag=hillarypeil-20,BEAUTY MUST-HAVES,Amazon Creators API returned the product but no price
B0F6T4RLC6,https://www.amazon.com/dp/B0F6T4RLC6?tag=hillarypeil-20,AUGUST TOP PICKS,Amazon Creators API returned the product but no price
B0F6TTDY48,https://www.amazon.com/dp/B0F6TTDY48?tag=hillarypeil-20,48 Yr Old Mom of 5 - What I am OBSESSED over! | ELEVATED KITCHEN Must-Haves,Amazon Creators API returned the product but no price
B0F6V4HNVL,https://www.amazon.com/dp/B0F6V4HNVL?tag=hillarypeil-20,TOP 100 HOME PICKS,Amazon Creators API returned the product but no price
B0F6VQN7V4,https://www.amazon.com/dp/B0F6VQN7V4?tag=hillarypeil-20,ELEMENTARY SCHOOL,Amazon Creators API returned the product but no price
B0F6VT935N,https://www.amazon.com/dp/B0F6VT935N?tag=hillarypeil-20,PRESCHOOL LITTLES,Amazon Creators API returned the product but no price
B0F7JRGGL4,https://www.amazon.com/dp/B0F7JRGGL4?tag=hillarypeil-20,AUTUMN Vibes,Amazon Creators API returned the product but no price
B0F7M4GJDP,https://www.amazon.com/dp/B0F7M4GJDP?tag=hillarypeil-20,FOR HIM - GIFT GUIDE,Amazon Creators API returned the product but no price
B0F7QHZDPK,https://www.amazon.com/dp/B0F7QHZDPK?tag=hillarypeil-20,$50 WINTER FASHION,Amazon Creators API returned the product but no price
B0F7R5NG9F,https://www.amazon.com/dp/B0F7R5NG9F?tag=hillarypeil-20,TOP SEPTEMBER DEALS,Amazon Creators API returned the product but no price
B0F7R973WD,https://www.amazon.com/dp/B0F7R973WD?tag=hillarypeil-20,HOLIDAY THEMES 2025,Amazon Creators API returned the product but no price
B0F7ZWM66P,https://www.amazon.com/dp/B0F7ZWM66P?tag=hillarypeil-20,BEST SELLERS,Amazon Creators API returned the product but no price
B0F837B8CG,https://www.amazon.com/dp/B0F837B8CG?tag=hillarypeil-20,FOR HIM - GIFT GUIDE,Amazon Creators API returned the product but no price
B0F869L6RK,https://www.amazon.com/dp/B0F869L6RK?tag=hillarypeil-20,BURGUNDY CRUSH,Amazon Creators API returned the product but no price
B0F8QN3FXH,https://www.amazon.com/dp/B0F8QN3FXH?tag=hillarypeil-20,JUST IN - Organizing & Home,Amazon Creators API returned the product but no price
B0F8QTXS3R,https://www.amazon.com/dp/B0F8QTXS3R?tag=hillarypeil-20,JUST IN - Organizing & Home,Amazon Creators API returned the product but no price
B0F92P7VD4,https://www.amazon.com/dp/B0F92P7VD4?tag=hillarypeil-20,HOLIDAY COLOR CRUSHES 2025,Amazon Creators API returned the product but no price
B0F93DJBM6,https://www.amazon.com/dp/B0F93DJBM6?tag=hillarypeil-20,AFFORDABLE DECOR,Amazon Creators API returned the product but no price
B0F952ZX3H,https://www.amazon.com/dp/B0F952ZX3H?tag=hillarypeil-20,JUST IN...My Newest OBSESSIONS,Amazon Creators API returned the product but no price
B0F995ZVN1,https://www.amazon.com/dp/B0F995ZVN1?tag=hillarypeil-20,HALLOWEEN,Amazon Creators API returned the product but no price
B0F9FB7VCH,https://www.amazon.com/dp/B0F9FB7VCH?tag=hillarypeil-20,The STYLE EDIT - HOTTEST finds RIGHT NOW!,Amazon Creators API returned the product but no price
B0F9FJQ62P,https://www.amazon.com/dp/B0F9FJQ62P?tag=hillarypeil-20,EARLY Fall | RH STYLE - Looks like a SPLURGE,Amazon Creators API returned the product but no price
B0F9K844H8,https://www.amazon.com/dp/B0F9K844H8?tag=hillarypeil-20,PILATES PRINCESS,Amazon Creators API returned the product but no price
B0F9NCJNP5,https://www.amazon.com/dp/B0F9NCJNP5?tag=hillarypeil-20,TOP OCTOBER DEALS,Amazon Creators API returned the product but no price
B0F9NHQ9C1,https://www.amazon.com/dp/B0F9NHQ9C1?tag=hillarypeil-20,$50 WINTER FASHION | FASHION | TOP NOVEMBER DEALS,Amazon Creators API returned the product but no price
B0F9NY5TKF,https://www.amazon.com/dp/B0F9NY5TKF?tag=hillarypeil-20,HOLIDAY THEMES 2025,Amazon Creators API returned the product but no price
B0F9NZ2L83,https://www.amazon.com/dp/B0F9NZ2L83?tag=hillarypeil-20,The FALL EDIT,Amazon Creators API returned the product but no price
B0F9P5W1LR,https://www.amazon.com/dp/B0F9P5W1LR?tag=hillarypeil-20,JUST IN - Organizing & Home,Amazon Creators API returned the product but no price
B0F9SPZ33X,https://www.amazon.com/dp/B0F9SPZ33X?tag=hillarypeil-20,HOLIDAY THEMES 2025,Amazon Creators API returned the product but no price
B0F9SVSDK4,https://www.amazon.com/dp/B0F9SVSDK4?tag=hillarypeil-20,The STYLE EDIT - HOTTEST finds RIGHT NOW!,Amazon Creators API returned the product but no price
B0F9W8VPXC,https://www.amazon.com/dp/B0F9W8VPXC?tag=hillarypeil-20,EARLY Fall | JULY TOP PICKS,Amazon Creators API returned the product but no price
B0F9WRVKKJ,https://www.amazon.com/dp/B0F9WRVKKJ?tag=hillarypeil-20,TWEEN & TEEN - GIFT GUIDE,Amazon Creators API returned the product but no price
B0F9WWPRQW,https://www.amazon.com/dp/B0F9WWPRQW?tag=hillarypeil-20,$50 WINTER FASHION,Amazon Creators API returned the product but no price
B0F9Y679J5,https://www.amazon.com/dp/B0F9Y679J5?tag=hillarypeil-20,BEST SELLERS | JUST IN...My Newest OBSESSIONS,Amazon Creators API returned the product but no price
B0F9YX6B21,https://www.amazon.com/dp/B0F9YX6B21?tag=hillarypeil-20,TOP 100 HOME PICKS,Amazon Creators API returned the product but no price
B0FB3C8J4C,https://www.amazon.com/dp/B0FB3C8J4C?tag=hillarypeil-20,SPORT MOM Style,Amazon Creators API returned the product but no price
B0FB4VKC6V,https://www.amazon.com/dp/B0FB4VKC6V?tag=hillarypeil-20,DATE NIGHT FASHION,Amazon Creators API returned the product but no price
B0FB4Y2WVG,https://www.amazon.com/dp/B0FB4Y2WVG?tag=hillarypeil-20,TRANSITIONAL Fall Fashion,Amazon Creators API returned the product but no price
B0FB88YD17,https://www.amazon.com/dp/B0FB88YD17?tag=hillarypeil-20,Hillary's NEWEST Finds,Amazon Creators API returned the product but no price
B0FBGCS9YH,https://www.amazon.com/dp/B0FBGCS9YH?tag=hillarypeil-20,NEW HOME FINDS,Amazon Creators API returned the product but no price
B0FBH17JJH,https://www.amazon.com/dp/B0FBH17JJH?tag=hillarypeil-20,BEST SELLERS,Amazon Creators API returned the product but no price
B0FBRQRPLX,https://www.amazon.com/dp/B0FBRQRPLX?tag=hillarypeil-20,ELEVATED KITCHEN Must-Haves,Amazon Creators API returned the product but no price
B0FBSFD7W7,https://www.amazon.com/dp/B0FBSFD7W7?tag=hillarypeil-20,GIFTS UNDER $50,Amazon Creators API returned the product but no price
B0FBV4MKX4,https://www.amazon.com/dp/B0FBV4MKX4?tag=hillarypeil-20,LUXURY GIFTS,Amazon Creators API returned the product but no price
B0FBWR3XKJ,https://www.amazon.com/dp/B0FBWR3XKJ?tag=hillarypeil-20,HOLIDAY COLOR CRUSHES 2025,Amazon Creators API returned the product but no price
B0FBWYX3XF,https://www.amazon.com/dp/B0FBWYX3XF?tag=hillarypeil-20,HEALTHY Living,Amazon Creators API returned the product but no price
B0FC1N4R8M,https://www.amazon.com/dp/B0FC1N4R8M?tag=hillarypeil-20,DINING ROOM,Amazon Creators API returned the product but no price
B0FC5ZK5Y2,https://www.amazon.com/dp/B0FC5ZK5Y2?tag=hillarypeil-20,JULY TOP PICKS,Amazon Creators API returned the product but no price
B0FCF7XSN8,https://www.amazon.com/dp/B0FCF7XSN8?tag=hillarypeil-20,LIGHTING - Designer Inspired,Amazon Creators API returned the product but no price
B0FCLRWFB7,https://www.amazon.com/dp/B0FCLRWFB7?tag=hillarypeil-20,$50 WINTER FASHION,Amazon Creators API returned the product but no price
B0FCLRZ15G,https://www.amazon.com/dp/B0FCLRZ15G?tag=hillarypeil-20,AUGUST TOP PICKS,Amazon Creators API returned the product but no price
B0FCMM95KY,https://www.amazon.com/dp/B0FCMM95KY?tag=hillarypeil-20,HOLIDAY THEMES 2025,Amazon Creators API returned the product but no price
B0FCRPXXRS,https://www.amazon.com/dp/B0FCRPXXRS?tag=hillarypeil-20,BEST SELLERS | HOLIDAY BEST SELLERS,Amazon Creators API returned the product but no price
B0FCY2ZT13,https://www.amazon.com/dp/B0FCY2ZT13?tag=hillarypeil-20,THE DRESS SHOPPE - From BRUNCH to BLACK TIE,Amazon Creators API returned the product but no price
B0FD2J6Z8X,https://www.amazon.com/dp/B0FD2J6Z8X?tag=hillarypeil-20,LIGHTING - Designer Inspired,Amazon Creators API returned the product but no price
B0FD2SQGTY,https://www.amazon.com/dp/B0FD2SQGTY?tag=hillarypeil-20,Our REMODEL HOME,Amazon Creators API returned the product but no price
B0FDB1D57H,https://www.amazon.com/dp/B0FDB1D57H?tag=hillarypeil-20,AUGUST TOP PICKS,Amazon Creators API returned the product but no price
B0FDF38L6C,https://www.amazon.com/dp/B0FDF38L6C?tag=hillarypeil-20,BEST SELLERS | HOLIDAY COLOR CRUSHES 2025,Amazon Creators API returned the product but no price
B0FDGP67SX,https://www.amazon.com/dp/B0FDGP67SX?tag=hillarypeil-20,TOP NOVEMBER DEALS,Amazon Creators API returned the product but no price
B0FDKJH9RT,https://www.amazon.com/dp/B0FDKJH9RT?tag=hillarypeil-20,HOME OFFICE Essentials,Amazon Creators API returned the product but no price
B0FDPWJ6XJ,https://www.amazon.com/dp/B0FDPWJ6XJ?tag=hillarypeil-20,BATHROOM Essentials,Amazon Creators API returned the product but no price
B0FDQFGGYF,https://www.amazon.com/dp/B0FDQFGGYF?tag=hillarypeil-20,UNDER $50 FALL Capsule,Amazon Creators API returned the product but no price
B0FDQGV5K7,https://www.amazon.com/dp/B0FDQGV5K7?tag=hillarypeil-20,BEDROOM STYLE | JUST IN...My Newest OBSESSIONS | Our REMODEL HOME | WALL DECOR - MIRRORS. ART. FRAMES.,Amazon Creators API returned the product but no price
B0FDQH1KNH,https://www.amazon.com/dp/B0FDQH1KNH?tag=hillarypeil-20,HOLIDAY COLOR CRUSHES 2025,Amazon Creators API returned the product but no price
B0FDQJ1VKH,https://www.amazon.com/dp/B0FDQJ1VKH?tag=hillarypeil-20,HOME DECOR,Amazon Creators API returned the product but no price
B0FDR9GL7Z,https://www.amazon.com/dp/B0FDR9GL7Z?tag=hillarypeil-20,RH STYLE - Looks like a SPLURGE,Amazon Creators API returned the product but no price
B0FDVX32RL,https://www.amazon.com/dp/B0FDVX32RL?tag=hillarypeil-20,LIGHTING - Designer Inspired,Amazon Creators API returned the product but no price
B0FDW7CBL8,https://www.amazon.com/dp/B0FDW7CBL8?tag=hillarypeil-20,JUST IN - Organizing & Home,Amazon Creators API returned the product but no price
B0FDWJKBD7,https://www.amazon.com/dp/B0FDWJKBD7?tag=hillarypeil-20,HOLIDAY COLOR CRUSHES 2025 | HOLIDAY THEMES 2025 | JUST IN...My Newest OBSESSIONS,Amazon Creators API returned the product but no price
B0FDWNJ8H9,https://www.amazon.com/dp/B0FDWNJ8H9?tag=hillarypeil-20,JUST IN - Organizing & Home,Amazon Creators API returned the product but no price
B0FFFWSHMQ,https://www.amazon.com/dp/B0FFFWSHMQ?tag=hillarypeil-20,TOP OCTOBER DEALS,Amazon Creators API returned the product but no price
B0FFFZWJDQ,https://www.amazon.com/dp/B0FFFZWJDQ?tag=hillarypeil-20,JUST IN - Organizing & Home,Amazon Creators API returned the product but no price
B0FFGDFQY6,https://www.amazon.com/dp/B0FFGDFQY6?tag=hillarypeil-20,JUST IN - Organizing & Home,Amazon Creators API returned the product but no price
B0FFGNMFMX,https://www.amazon.com/dp/B0FFGNMFMX?tag=hillarypeil-20,HOLIDAY COLOR CRUSHES 2025,Amazon Creators API returned the product but no price
B0FFGX9B1C,https://www.amazon.com/dp/B0FFGX9B1C?tag=hillarypeil-20,FOR HIM - GIFT GUIDE,Amazon Creators API returned the product but no price
B0FFHBS4HW,https://www.amazon.com/dp/B0FFHBS4HW?tag=hillarypeil-20,FASHION,Amazon Creators API returned the product but no price
B0FFJFMF75,https://www.amazon.com/dp/B0FFJFMF75?tag=hillarypeil-20,QUIET LUXURY/OLD MONEY,Amazon Creators API returned the product but no price
B0FFLYQ8LQ,https://www.amazon.com/dp/B0FFLYQ8LQ?tag=hillarypeil-20,TOP SEPTEMBER DEALS,Amazon Creators API returned the product but no price
B0FFMRKNVN,https://www.amazon.com/dp/B0FFMRKNVN?tag=hillarypeil-20,JUST IN - Organizing & Home,Amazon Creators API returned the product but no price
B0FFN1SB2J,https://www.amazon.com/dp/B0FFN1SB2J?tag=hillarypeil-20,For the Hostess - GIFT GUIDE,Amazon Creators API returned the product but no price
B0FGJD9F9C,https://www.amazon.com/dp/B0FGJD9F9C?tag=hillarypeil-20,JUST IN - Organizing & Home,Amazon Creators API returned the product but no price
B0FGTWTB5T,https://www.amazon.com/dp/B0FGTWTB5T?tag=hillarypeil-20,LIGHTING - Designer Inspired,Amazon Creators API returned the product but no price
B0FH12MGB3,https://www.amazon.com/dp/B0FH12MGB3?tag=hillarypeil-20,MORE NEW FINDS,Amazon Creators API returned the product but no price
B0FH27CCV4,https://www.amazon.com/dp/B0FH27CCV4?tag=hillarypeil-20,SOFAS. ACCENT CHAIRS. OTTOMANS.,Amazon Creators API returned the product but no price
B0FH4NM831,https://www.amazon.com/dp/B0FH4NM831?tag=hillarypeil-20,EARLY Fall | HALLOWEEN,Amazon Creators API returned the product but no price
B0FH6RKN5R,https://www.amazon.com/dp/B0FH6RKN5R?tag=hillarypeil-20,FASHION,Amazon Creators API returned the product but no price
B0FH9S552J,https://www.amazon.com/dp/B0FH9S552J?tag=hillarypeil-20,HOLIDAY COLOR CRUSHES 2025,Amazon Creators API returned the product but no price
B0FHB597GS,https://www.amazon.com/dp/B0FHB597GS?tag=hillarypeil-20,JUST IN - Organizing & Home,Amazon Creators API returned the product but no price
B0FHHVF4Z5,https://www.amazon.com/dp/B0FHHVF4Z5?tag=hillarypeil-20,TWEEN & TEEN - GIFT GUIDE,Amazon Creators API returned the product but no price
B0FHJ9VKH4,https://www.amazon.com/dp/B0FHJ9VKH4?tag=hillarypeil-20,STOCKING STUFFERS | TWEEN & TEEN - GIFT GUIDE,Amazon Creators API returned the product but no price
B0FHJXZ1WG,https://www.amazon.com/dp/B0FHJXZ1WG?tag=hillarypeil-20,2025 TOP SELLERS,Amazon Creators API returned the product but no price
B0FHJYXX2T,https://www.amazon.com/dp/B0FHJYXX2T?tag=hillarypeil-20,UNDER $50 FALL Capsule,Amazon Creators API returned the product but no price
B0FHK4GWQG,https://www.amazon.com/dp/B0FHK4GWQG?tag=hillarypeil-20,The STYLE EDIT - HOTTEST finds RIGHT NOW!,Amazon Creators API returned the product but no price
B0FHQ2ZHPP,https://www.amazon.com/dp/B0FHQ2ZHPP?tag=hillarypeil-20,JUST IN - Organizing & Home,Amazon Creators API returned the product but no price
B0FHQ5JG2Z,https://www.amazon.com/dp/B0FHQ5JG2Z?tag=hillarypeil-20,The STYLE EDIT - HOTTEST finds RIGHT NOW!,Amazon Creators API returned the product but no price
B0FHRWF9JZ,https://www.amazon.com/dp/B0FHRWF9JZ?tag=hillarypeil-20,RESORT WEAR FASHION,Amazon Creators API returned the product but no price
B0FHVZHXL7,https://www.amazon.com/dp/B0FHVZHXL7?tag=hillarypeil-20,JUST IN...My Newest OBSESSIONS,Amazon Creators API returned the product but no price
B0FHW8XHBT,https://www.amazon.com/dp/B0FHW8XHBT?tag=hillarypeil-20,HOLIDAY COLOR CRUSHES 2025,Amazon Creators API returned the product but no price
B0FJFD6ZVL,https://www.amazon.com/dp/B0FJFD6ZVL?tag=hillarypeil-20,RESORT WEAR FASHION,Amazon Creators API returned the product but no price
B0FJFVHT94,https://www.amazon.com/dp/B0FJFVHT94?tag=hillarypeil-20,LUXURY GIFTS,Amazon Creators API returned the product but no price
B0FJLYD1VV,https://www.amazon.com/dp/B0FJLYD1VV?tag=hillarypeil-20,HOLIDAY COLOR CRUSHES 2025,Amazon Creators API returned the product but no price
B0FJM118JC,https://www.amazon.com/dp/B0FJM118JC?tag=hillarypeil-20,ENTERTAINING Essentials,Amazon Creators API returned the product but no price
B0FJM96P5R,https://www.amazon.com/dp/B0FJM96P5R?tag=hillarypeil-20,ELEVATED HOLIDAY FASHION,Amazon Creators API returned the product but no price
B0FK5HR7W6,https://www.amazon.com/dp/B0FK5HR7W6?tag=hillarypeil-20,The STYLE EDIT - HOTTEST finds RIGHT NOW!,Amazon Creators API returned the product but no price
B0FK6C83YW,https://www.amazon.com/dp/B0FK6C83YW?tag=hillarypeil-20,BEDDING. PILLOWS. THROWS. TOWELS.,Amazon Creators API returned the product but no price
B0FKGGDNVN,https://www.amazon.com/dp/B0FKGGDNVN?tag=hillarypeil-20,JUST IN - Organizing & Home,Amazon Creators API returned the product but no price
B0FKGV346G,https://www.amazon.com/dp/B0FKGV346G?tag=hillarypeil-20,JUST IN - Organizing & Home,Amazon Creators API returned the product but no price
B0FL2B3WSG,https://www.amazon.com/dp/B0FL2B3WSG?tag=hillarypeil-20,The STYLE EDIT - HOTTEST finds RIGHT NOW!,Amazon Creators API returned the product but no price
B0FL4RQG6M,https://www.amazon.com/dp/B0FL4RQG6M?tag=hillarypeil-20,SHOP The Hillary Style,Amazon Creators API returned the product but no price
B0FL87TG5D,https://www.amazon.com/dp/B0FL87TG5D?tag=hillarypeil-20,TOP OCTOBER DEALS,Amazon Creators API returned the product but no price
B0FLCDY3WJ,https://www.amazon.com/dp/B0FLCDY3WJ?tag=hillarypeil-20,BEST SELLERS,Amazon Creators API returned the product but no price
B0FLKLL49B,https://www.amazon.com/dp/B0FLKLL49B?tag=hillarypeil-20,EARNED A SPOT FOR LIFE! | NEW Arrivals | RH STYLE - Looks like a SPLURGE,Amazon Creators API returned the product but no price
B0FLPW7PML,https://www.amazon.com/dp/B0FLPW7PML?tag=hillarypeil-20,The STYLE EDIT - HOTTEST finds RIGHT NOW!,Amazon Creators API returned the product but no price
B0FLQB54CX,https://www.amazon.com/dp/B0FLQB54CX?tag=hillarypeil-20,TOP NOVEMBER DEALS,Amazon Creators API returned the product but no price
B0FMD89ZHQ,https://www.amazon.com/dp/B0FMD89ZHQ?tag=hillarypeil-20,MORE NEW FINDS,Amazon Creators API returned the product but no price
B0FMDS6BF4,https://www.amazon.com/dp/B0FMDS6BF4?tag=hillarypeil-20,CABINETS. SIDEBOARDS. BUFFETS. CONSOLES.,Amazon Creators API returned the product but no price
B0FMM4H6GQ,https://www.amazon.com/dp/B0FMM4H6GQ?tag=hillarypeil-20,EUROPEAN SUMMER | RESORT WEAR FASHION,Amazon Creators API returned the product but no price
B0FMR9JQYC,https://www.amazon.com/dp/B0FMR9JQYC?tag=hillarypeil-20,HOLIDAY THEMES 2025,Amazon Creators API returned the product but no price
B0FMTJV5Y3,https://www.amazon.com/dp/B0FMTJV5Y3?tag=hillarypeil-20,For the Big Kids,Amazon Creators API returned the product but no price
B0FMXZPD3N,https://www.amazon.com/dp/B0FMXZPD3N?tag=hillarypeil-20,HOME & BATH Essentials | HOME DECOR,Amazon Creators API returned the product but no price
B0FN7537DQ,https://www.amazon.com/dp/B0FN7537DQ?tag=hillarypeil-20,OUTDOOR Oasis,Amazon Creators API returned the product but no price
B0FNMSGPSL,https://www.amazon.com/dp/B0FNMSGPSL?tag=hillarypeil-20,JUST IN - Organizing & Home,Amazon Creators API returned the product but no price
B0FP2VL5LN,https://www.amazon.com/dp/B0FP2VL5LN?tag=hillarypeil-20,HALLOWEEN,Amazon Creators API returned the product but no price
B0FP57RJLH,https://www.amazon.com/dp/B0FP57RJLH?tag=hillarypeil-20,LUXE Gifting,Amazon Creators API returned the product but no price
B0FPBJZRDL,https://www.amazon.com/dp/B0FPBJZRDL?tag=hillarypeil-20,AFFORDABLE DECOR,Amazon Creators API returned the product but no price
B0FPD6VNDW,https://www.amazon.com/dp/B0FPD6VNDW?tag=hillarypeil-20,ELEMENTARY SCHOOL | TWEEN BACK TO SCHOOL,Amazon Creators API returned the product but no price
B0FPFFNLSB,https://www.amazon.com/dp/B0FPFFNLSB?tag=hillarypeil-20,JUST IN...My Newest OBSESSIONS,Amazon Creators API returned the product but no price
B0FPWW9LD6,https://www.amazon.com/dp/B0FPWW9LD6?tag=hillarypeil-20,UNDER $50 FALL Capsule,Amazon Creators API returned the product but no price
B0FPXJW3JB,https://www.amazon.com/dp/B0FPXJW3JB?tag=hillarypeil-20,OVER 40 & Fabulous HILLARY'S Capsule WARDROBE - Effortless & Chic,Amazon Creators API returned the product but no price
B0FPXJXY3L,https://www.amazon.com/dp/B0FPXJXY3L?tag=hillarypeil-20,TOP 100 PRIME FASHION DEALS,Amazon Creators API returned the product but no price
B0FPYX8HXT,https://www.amazon.com/dp/B0FPYX8HXT?tag=hillarypeil-20,FOR HIM - GIFT GUIDE,Amazon Creators API returned the product but no price
B0FQ7PKRLP,https://www.amazon.com/dp/B0FQ7PKRLP?tag=hillarypeil-20,PRESCHOOL LITTLES,Amazon Creators API returned the product but no price
B0FQ9W9976,https://www.amazon.com/dp/B0FQ9W9976?tag=hillarypeil-20,JUST IN - Organizing & Home,Amazon Creators API returned the product but no price
B0FQBF8V7S,https://www.amazon.com/dp/B0FQBF8V7S?tag=hillarypeil-20,The STYLE EDIT - HOTTEST finds RIGHT NOW!,Amazon Creators API returned the product but no price
B0FQBV38D5,https://www.amazon.com/dp/B0FQBV38D5?tag=hillarypeil-20,The STYLE EDIT - HOTTEST finds RIGHT NOW!,Amazon Creators API returned the product but no price
B0FQFWKTYK,https://www.amazon.com/dp/B0FQFWKTYK?tag=hillarypeil-20,FOR HIM - GIFT GUIDE,Amazon Creators API returned the product but no price
B0FQP51MST,https://www.amazon.com/dp/B0FQP51MST?tag=hillarypeil-20,TOP 100 PRIME FASHION DEALS,Amazon Creators API returned the product but no price
B0FQVJ19KS,https://www.amazon.com/dp/B0FQVJ19KS?tag=hillarypeil-20,JUST IN - Organizing & Home,Amazon Creators API returned the product but no price
B0FQXRMG9M,https://www.amazon.com/dp/B0FQXRMG9M?tag=hillarypeil-20,CYBER HOLIDAY | HOLIDAY COLOR CRUSHES 2025 | HOLIDAY MUST-HAVES on AMAZON LIVE | JUST IN...My Newest OBSESSIONS | MY HOLIDAY Home | The Hillary Style Holiday,Amazon Creators API returned the product but no price
B0FQYCJMPC,https://www.amazon.com/dp/B0FQYCJMPC?tag=hillarypeil-20,2025 TOP SELLERS | BEDDING: LUXURY finds in Our Home,Amazon Creators API returned the product but no price
B0FQYRMBP5,https://www.amazon.com/dp/B0FQYRMBP5?tag=hillarypeil-20,CYBER HOLIDAY | MY HOLIDAY Home | The Hillary Style Holiday,Amazon Creators API returned the product but no price
B0FQYV4SLJ,https://www.amazon.com/dp/B0FQYV4SLJ?tag=hillarypeil-20,The Hillary Style Holiday,Amazon Creators API returned the product but no price
B0FQYXJR1Q,https://www.amazon.com/dp/B0FQYXJR1Q?tag=hillarypeil-20,The Hillary Style Holiday,Amazon Creators API returned the product but no price
B0FQZHGH51,https://www.amazon.com/dp/B0FQZHGH51?tag=hillarypeil-20,The Hillary Style Holiday | VIRAL Holiday Finds,Amazon Creators API returned the product but no price
B0FR29S9SR,https://www.amazon.com/dp/B0FR29S9SR?tag=hillarypeil-20,FASHION,Amazon Creators API returned the product but no price
B0FR46HX6P,https://www.amazon.com/dp/B0FR46HX6P?tag=hillarypeil-20,JUST IN - Organizing & Home,Amazon Creators API returned the product but no price
B0FR7C7BQS,https://www.amazon.com/dp/B0FR7C7BQS?tag=hillarypeil-20,HOLIDAY THEMES 2025,Amazon Creators API returned the product but no price
B0FR8P8JWF,https://www.amazon.com/dp/B0FR8P8JWF?tag=hillarypeil-20,HALLOWEEN,Amazon Creators API returned the product but no price
B0FRJ5T4D1,https://www.amazon.com/dp/B0FRJ5T4D1?tag=hillarypeil-20,HOLIDAY BEST SELLERS | NEW HOLIDAY Finds | The Hillary Style Holiday,Amazon Creators API returned the product but no price
B0FRK1BHFR,https://www.amazon.com/dp/B0FRK1BHFR?tag=hillarypeil-20,BEST SELLERS | HOLIDAY BEST SELLERS | MY HOLIDAY Home | The Hillary Style Holiday,Amazon Creators API returned the product but no price
B0FRNK99JB,https://www.amazon.com/dp/B0FRNK99JB?tag=hillarypeil-20,JUST IN - Organizing & Home,Amazon Creators API returned the product but no price
B0FS7H1CX7,https://www.amazon.com/dp/B0FS7H1CX7?tag=hillarypeil-20,The Hillary Style Holiday,Amazon Creators API returned the product but no price
B0FS7MKC33,https://www.amazon.com/dp/B0FS7MKC33?tag=hillarypeil-20,The Hillary Style Holiday,Amazon Creators API returned the product but no price
B0FS81X18L,https://www.amazon.com/dp/B0FS81X18L?tag=hillarypeil-20,TWEEN & TEEN - GIFT GUIDE,Amazon Creators API returned the product but no price
B0FSPQJWWH,https://www.amazon.com/dp/B0FSPQJWWH?tag=hillarypeil-20,EUROPEAN SUMMER,Amazon Creators API returned the product but no price
B0FSQ3H2DZ,https://www.amazon.com/dp/B0FSQ3H2DZ?tag=hillarypeil-20,QUIET LUXURY/OLD MONEY,Amazon Creators API returned the product but no price
B0FT4CKD2Y,https://www.amazon.com/dp/B0FT4CKD2Y?tag=hillarypeil-20,HOLIDAY ON SALE | NEW Arrivals,Amazon Creators API returned the product but no price
B0FTTDPGLM,https://www.amazon.com/dp/B0FTTDPGLM?tag=hillarypeil-20,QUIET LUXURY/OLD MONEY,Amazon Creators API returned the product but no price
B0FVVCPDMP,https://www.amazon.com/dp/B0FVVCPDMP?tag=hillarypeil-20,JUST IN - Organizing & Home,Amazon Creators API returned the product but no price
B0FVZDPKWF,https://www.amazon.com/dp/B0FVZDPKWF?tag=hillarypeil-20,CYBER HOLIDAY | HOLIDAY MUST-HAVES on AMAZON LIVE | MY HOLIDAY Home | The Hillary Style Holiday,Amazon Creators API returned the product but no price
B0FVZFGXKN,https://www.amazon.com/dp/B0FVZFGXKN?tag=hillarypeil-20,CYBER HOLIDAY | HOLIDAY BEST SELLERS | HOLIDAY MUST-HAVES on AMAZON LIVE | The Hillary Style Holiday,Amazon Creators API returned the product but no price
B0FWBKBH81,https://www.amazon.com/dp/B0FWBKBH81?tag=hillarypeil-20,RESTORATION VIBES | RH STYLE - Looks like a SPLURGE,Amazon Creators API returned the product but no price
B0FWC3ZXDG,https://www.amazon.com/dp/B0FWC3ZXDG?tag=hillarypeil-20,RH STYLE - Looks like a SPLURGE,Amazon Creators API returned the product but no price
B0FWHR38QW,https://www.amazon.com/dp/B0FWHR38QW?tag=hillarypeil-20,RESTORATION VIBES,Amazon Creators API returned the product but no price
B0FWK4WQ1D,https://www.amazon.com/dp/B0FWK4WQ1D?tag=hillarypeil-20,JUST IN - Organizing & Home,Amazon Creators API returned the product but no price
B0FWLRZ869,https://www.amazon.com/dp/B0FWLRZ869?tag=hillarypeil-20,HOME & BATH Essentials,Amazon Creators API returned the product but no price
B0FWPLRS8Z,https://www.amazon.com/dp/B0FWPLRS8Z?tag=hillarypeil-20,CYBER HOLIDAY,Amazon Creators API returned the product but no price
B0FWS6N57Q,https://www.amazon.com/dp/B0FWS6N57Q?tag=hillarypeil-20,BURGUNDY CRUSH | The Hillary Style Holiday,Amazon Creators API returned the product but no price
B0FWSF6HB8,https://www.amazon.com/dp/B0FWSF6HB8?tag=hillarypeil-20,For the Hostess - GIFT GUIDE,Amazon Creators API returned the product but no price
B0FWSJKXS4,https://www.amazon.com/dp/B0FWSJKXS4?tag=hillarypeil-20,CYBER HOLIDAY,Amazon Creators API returned the product but no price
B0FWSRXMDC,https://www.amazon.com/dp/B0FWSRXMDC?tag=hillarypeil-20,CYBER HOLIDAY,Amazon Creators API returned the product but no price
B0FWTF9BYH,https://www.amazon.com/dp/B0FWTF9BYH?tag=hillarypeil-20,CYBER HOLIDAY,Amazon Creators API returned the product but no price
B0FWTMZXWG,https://www.amazon.com/dp/B0FWTMZXWG?tag=hillarypeil-20,CYBER HOLIDAY | MY HOLIDAY Home,Amazon Creators API returned the product but no price
B0FX1SNG4Y,https://www.amazon.com/dp/B0FX1SNG4Y?tag=hillarypeil-20,NEW Arrivals | NEW HOME FINDS,Amazon Creators API returned the product but no price
B0FX1VMTQN,https://www.amazon.com/dp/B0FX1VMTQN?tag=hillarypeil-20,BEDROOM STYLE,Amazon Creators API returned the product but no price
B0FX93JBGP,https://www.amazon.com/dp/B0FX93JBGP?tag=hillarypeil-20,NEW HOME FINDS,Amazon Creators API returned the product but no price
B0FXGG2WYL,https://www.amazon.com/dp/B0FXGG2WYL?tag=hillarypeil-20,BEDROOM STYLE | NEW Arrivals,Amazon Creators API returned the product but no price
B0FY3G2ZC3,https://www.amazon.com/dp/B0FY3G2ZC3?tag=hillarypeil-20,NEW HOME FINDS,Amazon Creators API returned the product but no price
B0FYGLRD4J,https://www.amazon.com/dp/B0FYGLRD4J?tag=hillarypeil-20,JUST IN - Organizing & Home,Amazon Creators API returned the product but no price
B0FYPDFKZ8,https://www.amazon.com/dp/B0FYPDFKZ8?tag=hillarypeil-20,FASHION,Amazon Creators API returned the product but no price
B0FYX23DTB,https://www.amazon.com/dp/B0FYX23DTB?tag=hillarypeil-20,NEW Arrivals | NEW HOME FINDS,Amazon Creators API returned the product but no price
B0FZG6BD88,https://www.amazon.com/dp/B0FZG6BD88?tag=hillarypeil-20,THE DRESS SHOPPE - From BRUNCH to BLACK TIE,Amazon Creators API returned the product but no price
B0G15YX4MD,https://www.amazon.com/dp/B0G15YX4MD?tag=hillarypeil-20,LIGHTING - Designer Inspired,Amazon Creators API returned the product but no price
B0G1BXZLX2,https://www.amazon.com/dp/B0G1BXZLX2?tag=hillarypeil-20,EARLY Fall,Amazon Creators API returned the product but no price
B0G1LY39LK,https://www.amazon.com/dp/B0G1LY39LK?tag=hillarypeil-20,The STYLE EDIT - HOTTEST finds RIGHT NOW!,Amazon Creators API returned the product but no price
B0G1M2RPHN,https://www.amazon.com/dp/B0G1M2RPHN?tag=hillarypeil-20,The STYLE EDIT - HOTTEST finds RIGHT NOW!,Amazon Creators API returned the product but no price
B0G1QZRZ36,https://www.amazon.com/dp/B0G1QZRZ36?tag=hillarypeil-20,JUST IN - Organizing & Home,Amazon Creators API returned the product but no price
B0G1VWN8HK,https://www.amazon.com/dp/B0G1VWN8HK?tag=hillarypeil-20,EARLY Fall | RH STYLE - Looks like a SPLURGE,Amazon Creators API returned the product but no price
B0G25X4364,https://www.amazon.com/dp/B0G25X4364?tag=hillarypeil-20,RESTORATION VIBES,Amazon Creators API returned the product but no price
B0G2BY49NN,https://www.amazon.com/dp/B0G2BY49NN?tag=hillarypeil-20,NEW HOME FINDS,Amazon Creators API returned the product but no price
B0G3PVBBTJ,https://www.amazon.com/dp/B0G3PVBBTJ?tag=hillarypeil-20,LIGHTING - Designer Inspired,Amazon Creators API returned the product but no price
B0G437457Z,https://www.amazon.com/dp/B0G437457Z?tag=hillarypeil-20,NEW HOME FINDS,Amazon Creators API returned the product but no price
B0G4ZRN6FN,https://www.amazon.com/dp/B0G4ZRN6FN?tag=hillarypeil-20,The STYLE EDIT - HOTTEST finds RIGHT NOW!,Amazon Creators API returned the product but no price
B0G5LNL516,https://www.amazon.com/dp/B0G5LNL516?tag=hillarypeil-20,NEW HOME FINDS,Amazon Creators API returned the product but no price
B0G5PMSDFK,https://www.amazon.com/dp/B0G5PMSDFK?tag=hillarypeil-20,ELEMENTARY SCHOOL,Amazon Creators API returned the product but no price
B0G5WZ7L5L,https://www.amazon.com/dp/B0G5WZ7L5L?tag=hillarypeil-20,DORM ROOM ESSENTIALS,Amazon Creators API returned the product but no price
B0G5X8D6WW,https://www.amazon.com/dp/B0G5X8D6WW?tag=hillarypeil-20,NEW HOME FINDS,Amazon Creators API returned the product but no price
B0G5Z5H2GC,https://www.amazon.com/dp/B0G5Z5H2GC?tag=hillarypeil-20,TWEEN BACK TO SCHOOL,Amazon Creators API returned the product but no price
B0G6CRTYPS,https://www.amazon.com/dp/B0G6CRTYPS?tag=hillarypeil-20,ELEMENTARY SCHOOL,Amazon Creators API returned the product but no price
B0G6KP14K6,https://www.amazon.com/dp/B0G6KP14K6?tag=hillarypeil-20,JUST IN - Organizing & Home,Amazon Creators API returned the product but no price
B0G6ST4C1Z,https://www.amazon.com/dp/B0G6ST4C1Z?tag=hillarypeil-20,Hillary's NEWEST Finds,Amazon Creators API returned the product but no price
B0G75TP96S,https://www.amazon.com/dp/B0G75TP96S?tag=hillarypeil-20,NEW HOME FINDS,Amazon Creators API returned the product but no price
B0G7YHJ8GS,https://www.amazon.com/dp/B0G7YHJ8GS?tag=hillarypeil-20,Hillary's NEWEST Finds,Amazon Creators API returned the product but no price
B0GBVN464G,https://www.amazon.com/dp/B0GBVN464G?tag=hillarypeil-20,ELEMENTARY SCHOOL,Amazon Creators API returned the product but no price
B0GBYR2HC7,https://www.amazon.com/dp/B0GBYR2HC7?tag=hillarypeil-20,DATE NIGHT FASHION,Amazon Creators API returned the product but no price
B0GCBYTM6D,https://www.amazon.com/dp/B0GCBYTM6D?tag=hillarypeil-20,MORE NEW FINDS,Amazon Creators API returned the product but no price
B0GCCN6NQQ,https://www.amazon.com/dp/B0GCCN6NQQ?tag=hillarypeil-20,AFFORDABLE DECOR,Amazon Creators API returned the product but no price
B0GCNZN55K,https://www.amazon.com/dp/B0GCNZN55K?tag=hillarypeil-20,SPORT MOM Style,Amazon Creators API returned the product but no price
B0GCZ4R5V6,https://www.amazon.com/dp/B0GCZ4R5V6?tag=hillarypeil-20,TWEEN BACK TO SCHOOL,Amazon Creators API returned the product but no price
B0GD77XMXT,https://www.amazon.com/dp/B0GD77XMXT?tag=hillarypeil-20,TWEEN BACK TO SCHOOL,Amazon Creators API returned the product but no price
B0GDX49Q5V,https://www.amazon.com/dp/B0GDX49Q5V?tag=hillarypeil-20,FASHION,Amazon Creators API returned the product but no price
B0GF7PRKGF,https://www.amazon.com/dp/B0GF7PRKGF?tag=hillarypeil-20,RESTORATION VIBES,Amazon Creators API returned the product but no price
B0GF88R12W,https://www.amazon.com/dp/B0GF88R12W?tag=hillarypeil-20,HOME DECOR,Amazon Creators API returned the product but no price
B0GFCVTNC6,https://www.amazon.com/dp/B0GFCVTNC6?tag=hillarypeil-20,JUST IN - Organizing & Home,Amazon Creators API returned the product but no price
B0GGGVZM3H,https://www.amazon.com/dp/B0GGGVZM3H?tag=hillarypeil-20,Hillary's NEWEST Finds,Amazon Creators API returned the product but no price
B0GGLTP3FZ,https://www.amazon.com/dp/B0GGLTP3FZ?tag=hillarypeil-20,CHIC WITHOUT THE SPLURGE TRAVEL | OVER 40 & Fabulous HILLARY'S Capsule WARDROBE - Effortless & Chic,Amazon Creators API returned the product but no price
B0GH2TKTW2,https://www.amazon.com/dp/B0GH2TKTW2?tag=hillarypeil-20,OVER 40 & Fabulous HILLARY'S Capsule WARDROBE - Effortless & Chic | RESORT WEAR FASHION,Amazon Creators API returned the product but no price
B0GHQGV8X9,https://www.amazon.com/dp/B0GHQGV8X9?tag=hillarypeil-20,CHIC 2-PIECE SETS,Amazon Creators API returned the product but no price
B0GJS2TBTQ,https://www.amazon.com/dp/B0GJS2TBTQ?tag=hillarypeil-20,MORE NEW FINDS,Amazon Creators API returned the product but no price
B0GJSBGV71,https://www.amazon.com/dp/B0GJSBGV71?tag=hillarypeil-20,NEW HOME FINDS,Amazon Creators API returned the product but no price
B0GJSCWGCQ,https://www.amazon.com/dp/B0GJSCWGCQ?tag=hillarypeil-20,NEW HOME FINDS,Amazon Creators API returned the product but no price
B0GKG9RZXN,https://www.amazon.com/dp/B0GKG9RZXN?tag=hillarypeil-20,EARLY Fall | Hillary's NEWEST Finds | JUNE TOP PICKS | NEW Arrivals | RESTORATION VIBES,Amazon Creators API returned the product but no price
B0GKJ9KCRR,https://www.amazon.com/dp/B0GKJ9KCRR?tag=hillarypeil-20,TOP 100+ PRIME DEALS,Amazon Creators API returned the product but no price
B0GKQNM5GH,https://www.amazon.com/dp/B0GKQNM5GH?tag=hillarypeil-20,MORE NEW FINDS,Amazon Creators API returned the product but no price
B0GL3K93QG,https://www.amazon.com/dp/B0GL3K93QG?tag=hillarypeil-20,JUNE TOP PICKS | RESTORATION VIBES | UNBOXING,Amazon Creators API returned the product but no price
B0GL8KNL6G,https://www.amazon.com/dp/B0GL8KNL6G?tag=hillarypeil-20,HOME DECOR,Amazon Creators API returned the product but no price
B0GLMKDYZ5,https://www.amazon.com/dp/B0GLMKDYZ5?tag=hillarypeil-20,ELEVATED SWIMWEAR,Amazon Creators API returned the product but no price
B0GLYFG3HT,https://www.amazon.com/dp/B0GLYFG3HT?tag=hillarypeil-20,MORE NEW FINDS,Amazon Creators API returned the product but no price
B0GR9MG32X,https://www.amazon.com/dp/B0GR9MG32X?tag=hillarypeil-20,MORE NEW FINDS,Amazon Creators API returned the product but no price
B0GRCFSXPT,https://www.amazon.com/dp/B0GRCFSXPT?tag=hillarypeil-20,JUNE TOP PICKS | RH STYLE - Looks like a SPLURGE,Amazon Creators API returned the product but no price
B0GS8PCPCL,https://www.amazon.com/dp/B0GS8PCPCL?tag=hillarypeil-20,HOME DECOR,Amazon Creators API returned the product but no price
B0GS92TR5R,https://www.amazon.com/dp/B0GS92TR5R?tag=hillarypeil-20,EARLY Fall | Hillary's NEWEST Finds | RESTORATION VIBES | RH STYLE - Looks like a SPLURGE,Amazon Creators API returned the product but no price
B0GSLWQL65,https://www.amazon.com/dp/B0GSLWQL65?tag=hillarypeil-20,EARLY Fall,Amazon Creators API returned the product but no price
B0GSZ2NH3G,https://www.amazon.com/dp/B0GSZ2NH3G?tag=hillarypeil-20,Hillary's NEWEST Finds,Amazon Creators API returned the product but no price
B0GSZL8MVP,https://www.amazon.com/dp/B0GSZL8MVP?tag=hillarypeil-20,WORK WEAR,Amazon Creators API returned the product but no price
B0GT13PJJR,https://www.amazon.com/dp/B0GT13PJJR?tag=hillarypeil-20,MORE NEW FINDS,Amazon Creators API returned the product but no price
B0GTBZWQ15,https://www.amazon.com/dp/B0GTBZWQ15?tag=hillarypeil-20,Hillary's NEWEST Finds,Amazon Creators API returned the product but no price
B0GTNSZS6G,https://www.amazon.com/dp/B0GTNSZS6G?tag=hillarypeil-20,CHIC 2-PIECE SETS,Amazon Creators API returned the product but no price
B0GTQNYTQJ,https://www.amazon.com/dp/B0GTQNYTQJ?tag=hillarypeil-20,MORE NEW FINDS,Amazon Creators API returned the product but no price
B0GVDPTBRW,https://www.amazon.com/dp/B0GVDPTBRW?tag=hillarypeil-20,EUROPEAN SUMMER,Amazon Creators API returned the product but no price
B0GWHP3C1T,https://www.amazon.com/dp/B0GWHP3C1T?tag=hillarypeil-20,RESTORATION VIBES,Amazon Creators API returned the product but no price
B0GX6FD6TX,https://www.amazon.com/dp/B0GX6FD6TX?tag=hillarypeil-20,CHIC 2-PIECE SETS,Amazon Creators API returned the product but no price
B0GXQ7BPH8,https://www.amazon.com/dp/B0GXQ7BPH8?tag=hillarypeil-20,MORE NEW FINDS,Amazon Creators API returned the product but no price
B0GXZ3XPGX,https://www.amazon.com/dp/B0GXZ3XPGX?tag=hillarypeil-20,TWEEN BACK TO SCHOOL,Amazon Creators API returned the product but no price
B0GY9737C1,https://www.amazon.com/dp/B0GY9737C1?tag=hillarypeil-20,Hillary's NEWEST Finds,Amazon Creators API returned the product but no price
B0GYDC1LVV,https://www.amazon.com/dp/B0GYDC1LVV?tag=hillarypeil-20,CHIC 2-PIECE SETS,Amazon Creators API returned the product but no price
B0GYN6T3K1,https://www.amazon.com/dp/B0GYN6T3K1?tag=hillarypeil-20,RESTORATION VIBES,Amazon Creators API returned the product but no price
B0GYNP5NLG,https://www.amazon.com/dp/B0GYNP5NLG?tag=hillarypeil-20,HALLOWEEN,Amazon Creators API returned the product but no price
B0GYS9XP4S,https://www.amazon.com/dp/B0GYS9XP4S?tag=hillarypeil-20,EARNED A SPOT FOR LIFE!,Amazon Creators API returned the product but no price
B0GYX9VPLY,https://www.amazon.com/dp/B0GYX9VPLY?tag=hillarypeil-20,RESTORATION VIBES,Amazon Creators API returned the product but no price
B0H1M1Q9CT,https://www.amazon.com/dp/B0H1M1Q9CT?tag=hillarypeil-20,PRESCHOOL LITTLES,Amazon Creators API returned the product but no price
B0H1WY8G3Y,https://www.amazon.com/dp/B0H1WY8G3Y?tag=hillarypeil-20,HALLOWEEN,Amazon Creators API returned the product but no price
B0H281KCNY,https://www.amazon.com/dp/B0H281KCNY?tag=hillarypeil-20,LIGHTING - Designer Inspired,Amazon Creators API returned the product but no price
B0H2CSJDX3,https://www.amazon.com/dp/B0H2CSJDX3?tag=hillarypeil-20,EUROPEAN SUMMER,Amazon Creators API returned the product but no price
B0H2H93G7H,https://www.amazon.com/dp/B0H2H93G7H?tag=hillarypeil-20,HALLOWEEN,Amazon Creators API returned the product but no price
B0H38PTH3W,https://www.amazon.com/dp/B0H38PTH3W?tag=hillarypeil-20,FALL LOUNGE SETS,Amazon Creators API returned the product but no price
B0H5QZBBZ5,https://www.amazon.com/dp/B0H5QZBBZ5?tag=hillarypeil-20,CHIC 2-PIECE SETS,Amazon Creators API returned the product but no price
